<?xml version="1.0" encoding="UTF-8"?>
<gpx creator="Garmin Explore App" version="1.1" schemaLocation="http://www.topografix.com/GPX/1/1 http://www.topografix.com/GPX/1/1/gpx.xsd http://www.garmin.com/xmlschemas/GpxExtensions/v3 http://www.garmin.com/xmlschemas/GpxExtensionsv3.xsd http://www.garmin.com/xmlschemas/TrackPointExtension/v1 http://www.garmin.com/xmlschemas/TrackPointExtensionv1.xsd http://www.garmin.com/xmlschemas/PowerExtension/v1 http://www.garmin.com/xmlschemas/PowerExtensionv1.xsd http://www.topografix.com/GPX/gpx_style/0/2 http://www.topografix.com/GPX/gpx_style/0/2/gpx_style.xsd" xmlns="http://www.topografix.com/GPX/1/1" xmlns:xsi="http://www.w3.org/2001/XMLSchema-instance" xsi:schemaLocation="http://www.topografix.com/GPX/1/1 http://www.topografix.com/GPX/1/1/gpx.xsd http://www.garmin.com/xmlschemas/GpxExtensions/v3 http://www.garmin.com/xmlschemas/GpxExtensionsv3.xsd http://www.garmin.com/xmlschemas/TrackPointExtension/v1 http://www.garmin.com/xmlschemas/TrackPointExtensionv1.xsd http://www.garmin.com/xmlschemas/PowerExtension/v1 http://www.garmin.com/xmlschemas/PowerExtensionv1.xsd http://www.topografix.com/GPX/gpx_style/0/2 http://www.topografix.com/GPX/gpx_style/0/2/gpx_style.xsd" xmlns:gpxtpx="http://www.garmin.com/xmlschemas/TrackPointExtension/v1" xmlns:gpxx="http://www.garmin.com/xmlschemas/GpxExtensions/v3" xmlns:gpxpx="http://www.garmin.com/xmlschemas/PowerExtension/v1" xmlns:gpx_style="http://www.topografix.com/GPX/gpx_style/0/2">
  <metadata>
    <name>BUT-II</name>
    <author>
      <name>gpx.studio</name>
      <link href="https://gpx.studio"/>
    </author>
    <link href="http://www.garmin.com">
      <text>Garmin International</text>
    </link>
    <time>2026-02-18T10:02:41.000Z</time>
  </metadata>
  <trk>
    <name>BUT-II</name>
    <trkseg>
      <trkpt lat="46.440448" lon="12.968614">
        <ele>901.5278620276622</ele>
        <time>2025-03-30T13:19:19.256Z</time>
      </trkpt>
      <trkpt lat="46.440596" lon="12.968721">
        <ele>903.8161416409488</ele>
        <time>2025-03-30T13:19:33.689Z</time>
      </trkpt>
      <trkpt lat="46.440673" lon="12.968843">
        <ele>904.9206003232798</ele>
        <time>2025-03-30T13:19:43.640Z</time>
      </trkpt>
      <trkpt lat="46.440716" lon="12.969007">
        <ele>904.6724414686707</ele>
        <time>2025-03-30T13:19:54.194Z</time>
      </trkpt>
      <trkpt lat="46.440746" lon="12.969121">
        <ele>904.3657856381506</ele>
        <time>2025-03-30T13:20:01.534Z</time>
      </trkpt>
      <trkpt lat="46.440829" lon="12.969087">
        <ele>906.8625148330982</ele>
        <time>2025-03-30T13:20:09.062Z</time>
      </trkpt>
      <trkpt lat="46.440911" lon="12.969106">
        <ele>908.6503062794609</ele>
        <time>2025-03-30T13:20:16.310Z</time>
      </trkpt>
      <trkpt lat="46.441192" lon="12.96897">
        <ele>917.0769146163132</ele>
        <time>2025-03-30T13:20:42.166Z</time>
      </trkpt>
      <trkpt lat="46.441261" lon="12.969056">
        <ele>917.5289562508935</ele>
        <time>2025-03-30T13:20:50.105Z</time>
      </trkpt>
      <trkpt lat="46.441405" lon="12.969109">
        <ele>920.3034701245542</ele>
        <time>2025-03-30T13:21:03.072Z</time>
      </trkpt>
      <trkpt lat="46.441502" lon="12.969166">
        <ele>922.1045062071187</ele>
        <time>2025-03-30T13:21:12.206Z</time>
      </trkpt>
      <trkpt lat="46.441626" lon="12.969124">
        <ele>926.0298312939134</ele>
        <time>2025-03-30T13:21:23.320Z</time>
      </trkpt>
      <trkpt lat="46.441707" lon="12.969197">
        <ele>927.5704874602751</ele>
        <time>2025-03-30T13:21:31.643Z</time>
      </trkpt>
      <trkpt lat="46.441809" lon="12.969246">
        <ele>930.0379546872808</ele>
        <time>2025-03-30T13:21:41.021Z</time>
      </trkpt>
      <trkpt lat="46.441889" lon="12.969251">
        <ele>932.1791160409265</ele>
        <time>2025-03-30T13:21:48.010Z</time>
      </trkpt>
      <trkpt lat="46.441947" lon="12.969256">
        <ele>933.6739746749801</ele>
        <time>2025-03-30T13:21:53.081Z</time>
      </trkpt>
      <trkpt lat="46.442016" lon="12.969327">
        <ele>933.9861842469179</ele>
        <time>2025-03-30T13:22:00.464Z</time>
      </trkpt>
      <trkpt lat="46.442015" lon="12.969265">
        <ele>935.1689173637097</ele>
        <time>2025-03-30T13:22:04.194Z</time>
      </trkpt>
      <trkpt lat="46.442229" lon="12.969295">
        <ele>939.5339067498107</ele>
        <time>2025-03-30T13:22:22.961Z</time>
      </trkpt>
      <trkpt lat="46.442367" lon="12.969365">
        <ele>941.595670692766</ele>
        <time>2025-03-30T13:22:35.721Z</time>
      </trkpt>
      <trkpt lat="46.442477" lon="12.969453">
        <ele>942.7706980937186</ele>
        <time>2025-03-30T13:22:46.685Z</time>
      </trkpt>
      <trkpt lat="46.442592" lon="12.969589">
        <ele>943.616972021395</ele>
        <time>2025-03-30T13:22:59.634Z</time>
      </trkpt>
      <trkpt lat="46.442662" lon="12.969715">
        <ele>943.1667758617091</ele>
        <time>2025-03-30T13:23:09.369Z</time>
      </trkpt>
      <trkpt lat="46.442687" lon="12.96978">
        <ele>942.3073741232283</ele>
        <time>2025-03-30T13:23:13.846Z</time>
      </trkpt>
      <trkpt lat="46.442746" lon="12.969931">
        <ele>940.4775590994245</ele>
        <time>2025-03-30T13:23:24.287Z</time>
      </trkpt>
      <trkpt lat="46.442807" lon="12.970046">
        <ele>940.3633244852876</ele>
        <time>2025-03-30T13:23:33.047Z</time>
      </trkpt>
      <trkpt lat="46.44312755379212" lon="12.970505276165857">
        <ele>945.7020658111752</ele>
        <time>2025-03-30T13:24:12.508Z</time>
      </trkpt>
      <trkpt lat="46.44337868690491" lon="12.970869541168213">
        <ele>946.5735650924427</ele>
        <time>2025-03-30T13:24:53.870Z</time>
      </trkpt>
      <trkpt lat="46.44337868690491" lon="12.970869541168213">
        <ele>946.5735650924427</ele>
        <time>2025-03-30T13:24:53.870Z</time>
      </trkpt>
      <trkpt lat="46.44358932971954" lon="12.97098171710968">
        <ele>947.6166700852682</ele>
        <time>2025-03-30T13:25:10.871Z</time>
      </trkpt>
      <trkpt lat="46.44363713264465" lon="12.970970392227173">
        <ele>948.6171473865938</ele>
        <time>2025-03-30T13:25:14.871Z</time>
      </trkpt>
      <trkpt lat="46.4437575340271" lon="12.970856070518494">
        <ele>953.5530049591001</ele>
        <time>2025-03-30T13:25:25.871Z</time>
      </trkpt>
      <trkpt lat="46.44392442703247" lon="12.970770478248596">
        <ele>958.3834975586354</ele>
        <time>2025-03-30T13:25:38.871Z</time>
      </trkpt>
      <trkpt lat="46.443984627723694" lon="12.970569133758545">
        <ele>965.8327128037309</ele>
        <time>2025-03-30T13:25:49.871Z</time>
      </trkpt>
      <trkpt lat="46.44404137134552" lon="12.97051727771759">
        <ele>967.9582860861094</ele>
        <time>2025-03-30T13:25:55.871Z</time>
      </trkpt>
      <trkpt lat="46.444053173065186" lon="12.970965385437012">
        <ele>957.1821926498241</ele>
        <time>2025-03-30T13:26:21.871Z</time>
      </trkpt>
      <trkpt lat="46.44417226314545" lon="12.971274137496948">
        <ele>959.399081879898</ele>
        <time>2025-03-30T13:26:40.871Z</time>
      </trkpt>
      <trkpt lat="46.444196820259094" lon="12.971575617790222">
        <ele>959.0383313705089</ele>
        <time>2025-03-30T13:27:00.871Z</time>
      </trkpt>
      <trkpt lat="46.44432306289673" lon="12.971712708473206">
        <ele>962.6850740030417</ele>
        <time>2025-03-30T13:27:15.871Z</time>
      </trkpt>
      <trkpt lat="46.444515347480774" lon="12.971750497817993">
        <ele>969.2249559466295</ele>
        <time>2025-03-30T13:27:31.871Z</time>
      </trkpt>
      <trkpt lat="46.44457399845123" lon="12.972028613090515">
        <ele>969.9295796679335</ele>
        <time>2025-03-30T13:27:49.871Z</time>
      </trkpt>
      <trkpt lat="46.444780111312866" lon="12.972273230552673">
        <ele>977.0200818839846</ele>
        <time>2025-03-30T13:28:14.871Z</time>
      </trkpt>
      <trkpt lat="46.44472658634186" lon="12.972461700439453">
        <ele>975.3690027480018</ele>
        <time>2025-03-30T13:28:30.871Z</time>
      </trkpt>
      <trkpt lat="46.44476664066315" lon="12.972517848014832">
        <ele>976.5903748652908</ele>
        <time>2025-03-30T13:28:36.871Z</time>
      </trkpt>
      <trkpt lat="46.44491124153137" lon="12.972472071647644">
        <ele>980.4366559494074</ele>
        <time>2025-03-30T13:28:58.871Z</time>
      </trkpt>
      <trkpt lat="46.4450318813324" lon="12.972581505775452">
        <ele>981.3714450713032</ele>
        <time>2025-03-30T13:29:12.871Z</time>
      </trkpt>
      <trkpt lat="46.445082902908325" lon="12.97270393371582">
        <ele>979.7021138762443</ele>
        <time>2025-03-30T13:29:22.871Z</time>
      </trkpt>
      <trkpt lat="46.44513738155365" lon="12.972606539726257">
        <ele>981.6910456193486</ele>
        <time>2025-03-30T13:29:35.871Z</time>
      </trkpt>
      <trkpt lat="46.44529402256012" lon="12.972480177879333">
        <ele>985.6771367891164</ele>
        <time>2025-03-30T13:29:53.871Z</time>
      </trkpt>
      <trkpt lat="46.44536375999451" lon="12.972357034683228">
        <ele>990.6975421563096</ele>
        <time>2025-03-30T13:30:04.871Z</time>
      </trkpt>
      <trkpt lat="46.44544339179993" lon="12.972197771072388">
        <ele>998.3575037217316</ele>
        <time>2025-03-30T13:30:22.871Z</time>
      </trkpt>
      <trkpt lat="46.44534349441528" lon="12.971994161605835">
        <ele>999.5826718059841</ele>
        <time>2025-03-30T13:30:51.871Z</time>
      </trkpt>
      <trkpt lat="46.44543015956879" lon="12.971922755241394">
        <ele>1004.7319479216068</ele>
        <time>2025-03-30T13:31:06.871Z</time>
      </trkpt>
      <trkpt lat="46.44552552700043" lon="12.971747398376465">
        <ele>1011.5640869959424</ele>
        <time>2025-03-30T13:31:24.871Z</time>
      </trkpt>
      <trkpt lat="46.44561278820038" lon="12.971735835075378">
        <ele>1015.3543339847135</ele>
        <time>2025-03-30T13:31:41.871Z</time>
      </trkpt>
      <trkpt lat="46.44565570354462" lon="12.971584677696228">
        <ele>1019.5188936461877</ele>
        <time>2025-03-30T13:32:01.871Z</time>
      </trkpt>
      <trkpt lat="46.44571268558502" lon="12.971539378166199">
        <ele>1022.6911442967601</ele>
        <time>2025-03-30T13:32:12.871Z</time>
      </trkpt>
      <trkpt lat="46.445757269859314" lon="12.971620559692383">
        <ele>1023.2016896119715</ele>
        <time>2025-03-30T13:32:21.871Z</time>
      </trkpt>
      <trkpt lat="46.44589006900787" lon="12.971652269363403">
        <ele>1027.737020282319</ele>
        <time>2025-03-30T13:32:44.871Z</time>
      </trkpt>
      <trkpt lat="46.44617033004761" lon="12.971447467803955">
        <ele>1042.3127650032693</ele>
        <time>2025-03-30T13:33:20.871Z</time>
      </trkpt>
      <trkpt lat="46.44623267650604" lon="12.971467852592468">
        <ele>1044.6543675723756</ele>
        <time>2025-03-30T13:33:32.871Z</time>
      </trkpt>
      <trkpt lat="46.446252942085266" lon="12.971523761749268">
        <ele>1044.7456778283547</ele>
        <time>2025-03-30T13:33:43.871Z</time>
      </trkpt>
      <trkpt lat="46.446370363235474" lon="12.97135305404663">
        <ele>1052.505872781102</ele>
        <time>2025-03-30T13:34:02.871Z</time>
      </trkpt>
      <trkpt lat="46.446370363235474" lon="12.971268892288208">
        <ele>1053.742874575096</ele>
        <time>2025-03-30T13:34:10.871Z</time>
      </trkpt>
      <trkpt lat="46.44631767272949" lon="12.971190929412842">
        <ele>1052.8705329852314</ele>
        <time>2025-03-30T13:34:17.871Z</time>
      </trkpt>
      <trkpt lat="46.44619393348694" lon="12.971111416816711">
        <ele>1049.9197849213158</ele>
        <time>2025-03-30T13:34:28.871Z</time>
      </trkpt>
      <trkpt lat="46.446192502975464" lon="12.97101616859436">
        <ele>1052.5156216473797</ele>
        <time>2025-03-30T13:34:38.871Z</time>
      </trkpt>
      <trkpt lat="46.44621193408966" lon="12.970906615257263">
        <ele>1056.441955195885</ele>
        <time>2025-03-30T13:34:49.871Z</time>
      </trkpt>
      <trkpt lat="46.44610011577606" lon="12.970669984817505">
        <ele>1058.6248542075982</ele>
        <time>2025-03-30T13:35:11.871Z</time>
      </trkpt>
      <trkpt lat="46.44601321220398" lon="12.97029435634613">
        <ele>1064.248409286974</ele>
        <time>2025-03-30T13:35:36.871Z</time>
      </trkpt>
      <trkpt lat="46.445879101753235" lon="12.969905734062195">
        <ele>1064.7305338991132</ele>
        <time>2025-03-30T13:36:01.871Z</time>
      </trkpt>
      <trkpt lat="46.4457802772522" lon="12.969770789146423">
        <ele>1060.814700358688</ele>
        <time>2025-03-30T13:36:12.871Z</time>
      </trkpt>
      <trkpt lat="46.4457221031189" lon="12.96958041191101">
        <ele>1058.8532880707558</ele>
        <time>2025-03-30T13:36:22.871Z</time>
      </trkpt>
      <trkpt lat="46.44576859474182" lon="12.96915054321289">
        <ele>1059.7642866032202</ele>
        <time>2025-03-30T13:36:46.871Z</time>
      </trkpt>
      <trkpt lat="46.44566512107849" lon="12.969127893447876">
        <ele>1055.6560783957134</ele>
        <time>2025-03-30T13:36:58.871Z</time>
      </trkpt>
      <trkpt lat="46.44561731815338" lon="12.969056844711304">
        <ele>1053.6257719731896</ele>
        <time>2025-03-30T13:37:06.871Z</time>
      </trkpt>
      <trkpt lat="46.44566881656647" lon="12.968691110610962">
        <ele>1054.2730387702122</ele>
        <time>2025-03-30T13:37:28.871Z</time>
      </trkpt>
      <trkpt lat="46.44546186923981" lon="12.968438386917114">
        <ele>1047.3348052995427</ele>
        <time>2025-03-30T13:37:53.871Z</time>
      </trkpt>
      <trkpt lat="46.445467948913574" lon="12.968218922615051">
        <ele>1048.5328614194889</ele>
        <time>2025-03-30T13:38:07.871Z</time>
      </trkpt>
      <trkpt lat="46.445536732673645" lon="12.967788696289062">
        <ele>1056.8568673434665</ele>
        <time>2025-03-30T13:38:38.309Z</time>
      </trkpt>
      <trkpt lat="46.445519" lon="12.967799">
        <ele>1055.9247960467421</ele>
        <time>2025-03-30T13:38:40.219Z</time>
      </trkpt>
      <trkpt lat="46.445613" lon="12.96822">
        <ele>1055.3684402886902</ele>
        <time>2025-03-30T13:39:10.719Z</time>
      </trkpt>
      <trkpt lat="46.44564" lon="12.968257">
        <ele>1056.0844337982505</ele>
        <time>2025-03-30T13:39:14.433Z</time>
      </trkpt>
      <trkpt lat="46.445678" lon="12.968268">
        <ele>1057.473137323143</ele>
        <time>2025-03-30T13:39:18.308Z</time>
      </trkpt>
      <trkpt lat="46.445747" lon="12.968259">
        <ele>1060.2998931720085</ele>
        <time>2025-03-30T13:39:25.237Z</time>
      </trkpt>
      <trkpt lat="46.445794" lon="12.968265">
        <ele>1062.0348210761924</ele>
        <time>2025-03-30T13:39:29.950Z</time>
      </trkpt>
      <trkpt lat="46.445829" lon="12.968269">
        <ele>1063.372140342999</ele>
        <time>2025-03-30T13:39:33.457Z</time>
      </trkpt>
      <trkpt lat="46.445856" lon="12.96829">
        <ele>1064.12080959563</ele>
        <time>2025-03-30T13:39:36.517Z</time>
      </trkpt>
      <trkpt lat="46.445922" lon="12.968415">
        <ele>1065.362163706025</ele>
        <time>2025-03-30T13:39:47.356Z</time>
      </trkpt>
      <trkpt lat="46.445948" lon="12.968449">
        <ele>1066.424473623771</ele>
        <time>2025-03-30T13:39:50.852Z</time>
      </trkpt>
      <trkpt lat="46.446039" lon="12.968492">
        <ele>1071.1666710523755</ele>
        <time>2025-03-30T13:40:00.411Z</time>
      </trkpt>
      <trkpt lat="46.446072" lon="12.968556">
        <ele>1073.2845377541273</ele>
        <time>2025-03-30T13:40:05.912Z</time>
      </trkpt>
      <trkpt lat="46.446087" lon="12.968632">
        <ele>1074.5510628300406</ele>
        <time>2025-03-30T13:40:11.353Z</time>
      </trkpt>
      <trkpt lat="46.446118" lon="12.969121">
        <ele>1079.5954383161857</ele>
        <time>2025-03-30T13:40:45.152Z</time>
      </trkpt>
      <trkpt lat="46.446141" lon="12.969217">
        <ele>1081.212748659961</ele>
        <time>2025-03-30T13:40:52.147Z</time>
      </trkpt>
      <trkpt lat="46.446192" lon="12.969313">
        <ele>1083.9338656896016</ele>
        <time>2025-03-30T13:41:00.490Z</time>
      </trkpt>
      <trkpt lat="46.446667" lon="12.9699">
        <ele>1093.9394807602291</ele>
        <time>2025-03-30T13:42:02.810Z</time>
      </trkpt>
      <trkpt lat="46.446729" lon="12.969946">
        <ele>1095.5647748351107</ele>
        <time>2025-03-30T13:42:09.765Z</time>
      </trkpt>
      <trkpt lat="46.44685" lon="12.970002">
        <ele>1099.6767559007203</ele>
        <time>2025-03-30T13:42:22.451Z</time>
      </trkpt>
      <trkpt lat="46.446955" lon="12.970082">
        <ele>1102.7657172412505</ele>
        <time>2025-03-30T13:42:34.297Z</time>
      </trkpt>
      <trkpt lat="46.447157" lon="12.970292">
        <ele>1107.4425694768192</ele>
        <time>2025-03-30T13:42:59.118Z</time>
      </trkpt>
      <trkpt lat="46.447238" lon="12.970445">
        <ele>1108.3632853379495</ele>
        <time>2025-03-30T13:43:12.398Z</time>
      </trkpt>
      <trkpt lat="46.447369" lon="12.971025">
        <ele>1111.0760797081525</ele>
        <time>2025-03-30T13:43:54.408Z</time>
      </trkpt>
      <trkpt lat="46.447453" lon="12.971164">
        <ele>1113.6262208081152</ele>
        <time>2025-03-30T13:44:07.133Z</time>
      </trkpt>
      <trkpt lat="46.44753" lon="12.971196">
        <ele>1116.1675351802232</ele>
        <time>2025-03-30T13:44:15.133Z</time>
      </trkpt>
      <trkpt lat="46.447639" lon="12.971217">
        <ele>1119.285208640029</ele>
        <time>2025-03-30T13:44:26.116Z</time>
      </trkpt>
      <trkpt lat="46.449377" lon="12.971468">
        <ele>1147.9825066159024</ele>
        <time>2025-03-30T13:47:20.587Z</time>
      </trkpt>
      <trkpt lat="46.449482" lon="12.971458">
        <ele>1149.970366702244</ele>
        <time>2025-03-30T13:47:31.098Z</time>
      </trkpt>
      <trkpt lat="46.44963" lon="12.971412">
        <ele>1153.2242840470474</ele>
        <time>2025-03-30T13:47:46.217Z</time>
      </trkpt>
      <trkpt lat="46.449832" lon="12.971187">
        <ele>1164.1196640855708</ele>
        <time>2025-03-30T13:48:11.652Z</time>
      </trkpt>
      <trkpt lat="46.449907" lon="12.971115">
        <ele>1166.5885272589787</ele>
        <time>2025-03-30T13:48:20.634Z</time>
      </trkpt>
      <trkpt lat="46.449981" lon="12.97101">
        <ele>1169.9036574676306</ele>
        <time>2025-03-30T13:48:30.971Z</time>
      </trkpt>
      <trkpt lat="46.450286" lon="12.970435">
        <ele>1184.8102673386234</ele>
        <time>2025-03-30T13:49:20.914Z</time>
      </trkpt>
      <trkpt lat="46.450771" lon="12.969908">
        <ele>1196.3718902844582</ele>
        <time>2025-03-30T13:50:21.434Z</time>
      </trkpt>
      <trkpt lat="46.450874" lon="12.969694">
        <ele>1203.9376099339972</ele>
        <time>2025-03-30T13:50:39.400Z</time>
      </trkpt>
      <trkpt lat="46.450949" lon="12.969585">
        <ele>1207.5930143954236</ele>
        <time>2025-03-30T13:50:50.002Z</time>
      </trkpt>
      <trkpt lat="46.451095" lon="12.969547">
        <ele>1206.7354917460991</ele>
        <time>2025-03-30T13:51:04.819Z</time>
      </trkpt>
      <trkpt lat="46.451274" lon="12.969417">
        <ele>1209.8236224814898</ele>
        <time>2025-03-30T13:51:24.813Z</time>
      </trkpt>
      <trkpt lat="46.451343" lon="12.969389">
        <ele>1209.6991634673452</ele>
        <time>2025-03-30T13:51:31.969Z</time>
      </trkpt>
      <trkpt lat="46.451434" lon="12.969289">
        <ele>1211.6110074295723</ele>
        <time>2025-03-30T13:51:43.370Z</time>
      </trkpt>
      <trkpt lat="46.45152" lon="12.969125">
        <ele>1215.5394322283578</ele>
        <time>2025-03-30T13:51:57.554Z</time>
      </trkpt>
      <trkpt lat="46.451848" lon="12.968834">
        <ele>1217.7760980719954</ele>
        <time>2025-03-30T13:52:35.954Z</time>
      </trkpt>
      <trkpt lat="46.452118" lon="12.968555">
        <ele>1219.0231276939016</ele>
        <time>2025-03-30T13:53:09.061Z</time>
      </trkpt>
      <trkpt lat="46.452276" lon="12.968409">
        <ele>1218.4199401241272</ele>
        <time>2025-03-30T13:53:27.771Z</time>
      </trkpt>
      <trkpt lat="46.452477" lon="12.968263">
        <ele>1218.3665701836821</ele>
        <time>2025-03-30T13:53:50.223Z</time>
      </trkpt>
      <trkpt lat="46.452647" lon="12.96823">
        <ele>1216.3546482743511</ele>
        <time>2025-03-30T13:54:07.355Z</time>
      </trkpt>
      <trkpt lat="46.452744" lon="12.96819">
        <ele>1216.431031745145</ele>
        <time>2025-03-30T13:54:17.428Z</time>
      </trkpt>
      <trkpt lat="46.452879" lon="12.968059">
        <ele>1219.9646073855474</ele>
        <time>2025-03-30T13:54:33.649Z</time>
      </trkpt>
      <trkpt lat="46.453102" lon="12.967978">
        <ele>1221.968682407402</ele>
        <time>2025-03-30T13:54:56.612Z</time>
      </trkpt>
      <trkpt lat="46.453327" lon="12.968001">
        <ele>1219.776534333814</ele>
        <time>2025-03-30T13:55:19.143Z</time>
      </trkpt>
      <trkpt lat="46.453483" lon="12.967943">
        <ele>1221.8024127897422</ele>
        <time>2025-03-30T13:55:35.229Z</time>
      </trkpt>
      <trkpt lat="46.453929" lon="12.967878">
        <ele>1223.5575721635958</ele>
        <time>2025-03-30T13:56:20.005Z</time>
      </trkpt>
      <trkpt lat="46.454059" lon="12.967838">
        <ele>1224.9549476868474</ele>
        <time>2025-03-30T13:56:33.279Z</time>
      </trkpt>
      <trkpt lat="46.454509" lon="12.96758">
        <ele>1235.1469286814495</ele>
        <time>2025-03-30T13:57:21.610Z</time>
      </trkpt>
      <trkpt lat="46.454722" lon="12.96753">
        <ele>1235.4548581024333</ele>
        <time>2025-03-30T13:57:43.163Z</time>
      </trkpt>
      <trkpt lat="46.454963" lon="12.967371">
        <ele>1241.4000878188067</ele>
        <time>2025-03-30T13:58:09.607Z</time>
      </trkpt>
      <trkpt lat="46.45523" lon="12.9673">
        <ele>1241.5592041440573</ele>
        <time>2025-03-30T13:58:36.722Z</time>
      </trkpt>
      <trkpt lat="46.455359" lon="12.967171">
        <ele>1245.4664390569205</ele>
        <time>2025-03-30T13:58:52.370Z</time>
      </trkpt>
      <trkpt lat="46.455566" lon="12.96708">
        <ele>1245.1540498441009</ele>
        <time>2025-03-30T13:59:13.975Z</time>
      </trkpt>
      <trkpt lat="46.455678" lon="12.9671">
        <ele>1241.9022348081703</ele>
        <time>2025-03-30T13:59:25.247Z</time>
      </trkpt>
      <trkpt lat="46.456318" lon="12.966925">
        <ele>1242.9459982000064</ele>
        <time>2025-03-30T14:00:30.302Z</time>
      </trkpt>
      <trkpt lat="46.456516" lon="12.966888">
        <ele>1244.079080884433</ele>
        <time>2025-03-30T14:00:50.244Z</time>
      </trkpt>
      <trkpt lat="46.456677" lon="12.966871">
        <ele>1244.465646436809</ele>
        <time>2025-03-30T14:01:06.369Z</time>
      </trkpt>
      <trkpt lat="46.457006" lon="12.966777">
        <ele>1246.1342993184928</ele>
        <time>2025-03-30T14:01:39.864Z</time>
      </trkpt>
      <trkpt lat="46.457102" lon="12.966767">
        <ele>1245.4547740713388</ele>
        <time>2025-03-30T14:01:49.478Z</time>
      </trkpt>
      <trkpt lat="46.457436" lon="12.9666">
        <ele>1249.8284929232814</ele>
        <time>2025-03-30T14:02:24.766Z</time>
      </trkpt>
      <trkpt lat="46.457601" lon="12.966484">
        <ele>1254.2382443047836</ele>
        <time>2025-03-30T14:02:43.079Z</time>
      </trkpt>
      <trkpt lat="46.457747" lon="12.966496">
        <ele>1253.8130635302987</ele>
        <time>2025-03-30T14:02:57.686Z</time>
      </trkpt>
      <trkpt lat="46.457882" lon="12.966542">
        <ele>1252.9416666883703</ele>
        <time>2025-03-30T14:03:11.538Z</time>
      </trkpt>
      <trkpt lat="46.458012" lon="12.966605">
        <ele>1252.1018015503664</ele>
        <time>2025-03-30T14:03:25.228Z</time>
      </trkpt>
      <trkpt lat="46.458175" lon="12.96665">
        <ele>1253.1699439834504</ele>
        <time>2025-03-30T14:03:41.802Z</time>
      </trkpt>
      <trkpt lat="46.458346" lon="12.966712">
        <ele>1253.5356002093206</ele>
        <time>2025-03-30T14:03:59.408Z</time>
      </trkpt>
      <trkpt lat="46.458481" lon="12.966783">
        <ele>1252.5006831965366</ele>
        <time>2025-03-30T14:04:13.751Z</time>
      </trkpt>
      <trkpt lat="46.458612" lon="12.966802">
        <ele>1252.4766497704688</ele>
        <time>2025-03-30T14:04:26.902Z</time>
      </trkpt>
      <trkpt lat="46.458807" lon="12.966797">
        <ele>1250.3205008425948</ele>
        <time>2025-03-30T14:04:46.384Z</time>
      </trkpt>
      <trkpt lat="46.458888" lon="12.966769">
        <ele>1249.4019477083039</ele>
        <time>2025-03-30T14:04:54.701Z</time>
      </trkpt>
      <trkpt lat="46.458997" lon="12.966695">
        <ele>1248.9179573610431</ele>
        <time>2025-03-30T14:05:06.721Z</time>
      </trkpt>
      <trkpt lat="46.459069" lon="12.966614">
        <ele>1250.0589142318252</ele>
        <time>2025-03-30T14:05:15.820Z</time>
      </trkpt>
      <trkpt lat="46.45917" lon="12.966452">
        <ele>1254.7131617169669</ele>
        <time>2025-03-30T14:05:30.855Z</time>
      </trkpt>
      <trkpt lat="46.459443" lon="12.965931">
        <ele>1269.4150585441157</ele>
        <time>2025-03-30T14:06:15.899Z</time>
      </trkpt>
      <trkpt lat="46.459564" lon="12.965801">
        <ele>1270.6461647808098</ele>
        <time>2025-03-30T14:06:30.936Z</time>
      </trkpt>
      <trkpt lat="46.4598" lon="12.965518">
        <ele>1274.6453110423417</ele>
        <time>2025-03-30T14:07:01.513Z</time>
      </trkpt>
      <trkpt lat="46.459938" lon="12.965436">
        <ele>1277.0440983147212</ele>
        <time>2025-03-30T14:07:16.408Z</time>
      </trkpt>
      <trkpt lat="46.460751" lon="12.965127">
        <ele>1272.2185750005992</ele>
        <time>2025-03-30T14:08:40.358Z</time>
      </trkpt>
      <trkpt lat="46.460897" lon="12.96508">
        <ele>1267.291917322039</ele>
        <time>2025-03-30T14:08:55.296Z</time>
      </trkpt>
      <trkpt lat="46.461027" lon="12.964985">
        <ele>1264.503715645965</ele>
        <time>2025-03-30T14:09:09.834Z</time>
      </trkpt>
      <trkpt lat="46.461148" lon="12.964867">
        <ele>1263.9361397998703</ele>
        <time>2025-03-30T14:09:24.395Z</time>
      </trkpt>
      <trkpt lat="46.461251" lon="12.964682">
        <ele>1266.7886484125188</ele>
        <time>2025-03-30T14:09:40.763Z</time>
      </trkpt>
      <trkpt lat="46.46134" lon="12.964613">
        <ele>1267.4089743851268</ele>
        <time>2025-03-30T14:09:50.841Z</time>
      </trkpt>
      <trkpt lat="46.461456" lon="12.964577">
        <ele>1267.362364074164</ele>
        <time>2025-03-30T14:10:02.690Z</time>
      </trkpt>
      <trkpt lat="46.461522" lon="12.964535">
        <ele>1268.5243106970277</ele>
        <time>2025-03-30T14:10:09.888Z</time>
      </trkpt>
      <trkpt lat="46.461572" lon="12.964494">
        <ele>1269.8145359786554</ele>
        <time>2025-03-30T14:10:15.624Z</time>
      </trkpt>
      <trkpt lat="46.461635" lon="12.964384">
        <ele>1273.145178747692</ele>
        <time>2025-03-30T14:10:25.467Z</time>
      </trkpt>
      <trkpt lat="46.461773" lon="12.964314">
        <ele>1275.6545865498954</ele>
        <time>2025-03-30T14:10:40.069Z</time>
      </trkpt>
      <trkpt lat="46.46192" lon="12.964302">
        <ele>1276.9841214580902</ele>
        <time>2025-03-30T14:10:54.776Z</time>
      </trkpt>
      <trkpt lat="46.462191" lon="12.964222">
        <ele>1280.7264244915461</ele>
        <time>2025-03-30T14:11:22.401Z</time>
      </trkpt>
      <trkpt lat="46.462403" lon="12.964107">
        <ele>1285.0905955122014</ele>
        <time>2025-03-30T14:11:45.008Z</time>
      </trkpt>
      <trkpt lat="46.462475" lon="12.964093">
        <ele>1286.0713006785058</ele>
        <time>2025-03-30T14:11:52.264Z</time>
      </trkpt>
      <trkpt lat="46.46253" lon="12.964115">
        <ele>1286.2064799333002</ele>
        <time>2025-03-30T14:11:57.962Z</time>
      </trkpt>
      <trkpt lat="46.462605" lon="12.964164">
        <ele>1286.3653859456076</ele>
        <time>2025-03-30T14:12:06.177Z</time>
      </trkpt>
      <trkpt lat="46.462751" lon="12.964175">
        <ele>1289.3930478229738</ele>
        <time>2025-03-30T14:12:20.780Z</time>
      </trkpt>
      <trkpt lat="46.462881" lon="12.964258">
        <ele>1291.2777764488305</ele>
        <time>2025-03-30T14:12:34.966Z</time>
      </trkpt>
      <trkpt lat="46.462995" lon="12.964376">
        <ele>1291.3419951393503</ele>
        <time>2025-03-30T14:12:48.951Z</time>
      </trkpt>
      <trkpt lat="46.463544" lon="12.964731">
        <ele>1297.283141734745</ele>
        <time>2025-03-30T14:13:48.986Z</time>
      </trkpt>
      <trkpt lat="46.463636" lon="12.964704">
        <ele>1300.5958612781942</ele>
        <time>2025-03-30T14:13:58.362Z</time>
      </trkpt>
      <trkpt lat="46.46367" lon="12.964679">
        <ele>1302.162548448518</ele>
        <time>2025-03-30T14:14:02.169Z</time>
      </trkpt>
      <trkpt lat="46.463754" lon="12.96486">
        <ele>1299.2759204005833</ele>
        <time>2025-03-30T14:14:17.186Z</time>
      </trkpt>
      <trkpt lat="46.463895" lon="12.96509">
        <ele>1297.3881345755376</ele>
        <time>2025-03-30T14:14:38.371Z</time>
      </trkpt>
      <trkpt lat="46.463889" lon="12.965166">
        <ele>1295.3588532809638</ele>
        <time>2025-03-30T14:14:43.634Z</time>
      </trkpt>
      <trkpt lat="46.463833" lon="12.965273">
        <ele>1291.0208523881033</ele>
        <time>2025-03-30T14:14:52.880Z</time>
      </trkpt>
      <trkpt lat="46.463806" lon="12.965437">
        <ele>1286.5619597035404</ele>
        <time>2025-03-30T14:15:04.482Z</time>
      </trkpt>
      <trkpt lat="46.463835" lon="12.965509">
        <ele>1286.3287629210436</ele>
        <time>2025-03-30T14:15:10.220Z</time>
      </trkpt>
      <trkpt lat="46.463945" lon="12.96559">
        <ele>1290.2603334826351</ele>
        <time>2025-03-30T14:15:22.540Z</time>
      </trkpt>
      <trkpt lat="46.463969" lon="12.965655">
        <ele>1291.185888793033</ele>
        <time>2025-03-30T14:15:27.614Z</time>
      </trkpt>
      <trkpt lat="46.463979" lon="12.965708">
        <ele>1291.5831511530369</ele>
        <time>2025-03-30T14:15:31.395Z</time>
      </trkpt>
      <trkpt lat="46.463953" lon="12.96577">
        <ele>1290.0082916122433</ele>
        <time>2025-03-30T14:15:36.389Z</time>
      </trkpt>
      <trkpt lat="46.463905" lon="12.965812">
        <ele>1287.2957738882374</ele>
        <time>2025-03-30T14:15:41.987Z</time>
      </trkpt>
      <trkpt lat="46.463852" lon="12.965935">
        <ele>1283.9727380122524</ele>
        <time>2025-03-30T14:15:51.969Z</time>
      </trkpt>
      <trkpt lat="46.463815" lon="12.96611">
        <ele>1281.0098556545538</ele>
        <time>2025-03-30T14:16:04.564Z</time>
      </trkpt>
      <trkpt lat="46.463794" lon="12.966438">
        <ele>1277.0677459209853</ele>
        <time>2025-03-30T14:16:27.230Z</time>
      </trkpt>
      <trkpt lat="46.463798" lon="12.966738">
        <ele>1272.7147980541442</ele>
        <time>2025-03-30T14:16:47.876Z</time>
      </trkpt>
      <trkpt lat="46.463784" lon="12.96698">
        <ele>1266.8358695355255</ele>
        <time>2025-03-30T14:17:04.586Z</time>
      </trkpt>
      <trkpt lat="46.463761" lon="12.967136">
        <ele>1262.3114307881604</ele>
        <time>2025-03-30T14:17:15.563Z</time>
      </trkpt>
      <trkpt lat="46.463838" lon="12.967818">
        <ele>1254.4283297505685</ele>
        <time>2025-03-30T14:18:03.115Z</time>
      </trkpt>
      <trkpt lat="46.463852" lon="12.967942">
        <ele>1252.8330804202437</ele>
        <time>2025-03-30T14:18:11.760Z</time>
      </trkpt>
      <trkpt lat="46.463983" lon="12.968182">
        <ele>1252.3067152247768</ele>
        <time>2025-03-30T14:18:32.829Z</time>
      </trkpt>
      <trkpt lat="46.464122" lon="12.968521">
        <ele>1248.387281133568</ele>
        <time>2025-03-30T14:18:59.974Z</time>
      </trkpt>
      <trkpt lat="46.46423" lon="12.968644">
        <ele>1247.9698682104495</ele>
        <time>2025-03-30T14:19:13.685Z</time>
      </trkpt>
      <trkpt lat="46.464354" lon="12.968681">
        <ele>1248.1302164459146</ele>
        <time>2025-03-30T14:19:26.330Z</time>
      </trkpt>
      <trkpt lat="46.464423" lon="12.968577">
        <ele>1251.2011591462683</ele>
        <time>2025-03-30T14:19:36.265Z</time>
      </trkpt>
      <trkpt lat="46.46453" lon="12.968524">
        <ele>1250.5445775785902</ele>
        <time>2025-03-30T14:19:47.558Z</time>
      </trkpt>
      <trkpt lat="46.464725" lon="12.968258">
        <ele>1253.5121703127177</ele>
        <time>2025-03-30T14:20:14.286Z</time>
      </trkpt>
      <trkpt lat="46.464778" lon="12.968254">
        <ele>1253.06978986608</ele>
        <time>2025-03-30T14:20:19.587Z</time>
      </trkpt>
      <trkpt lat="46.464906" lon="12.968425">
        <ele>1249.0160706976362</ele>
        <time>2025-03-30T14:20:36.962Z</time>
      </trkpt>
      <trkpt lat="46.465118" lon="12.968394">
        <ele>1258.519611985363</ele>
        <time>2025-03-30T14:20:58.246Z</time>
      </trkpt>
      <trkpt lat="46.465148" lon="12.968494">
        <ele>1258.455307586257</ele>
        <time>2025-03-30T14:21:05.750Z</time>
      </trkpt>
      <trkpt lat="46.465158" lon="12.968648">
        <ele>1258.1055403539922</ele>
        <time>2025-03-30T14:21:16.392Z</time>
      </trkpt>
      <trkpt lat="46.464998" lon="12.968852">
        <ele>1247.8590803897448</ele>
        <time>2025-03-30T14:21:37.663Z</time>
      </trkpt>
      <trkpt lat="46.4649" lon="12.969023">
        <ele>1243.2875122827386</ele>
        <time>2025-03-30T14:21:52.968Z</time>
      </trkpt>
      <trkpt lat="46.464887" lon="12.969175">
        <ele>1243.94263275202</ele>
        <time>2025-03-30T14:22:03.506Z</time>
      </trkpt>
      <trkpt lat="46.464968" lon="12.969379">
        <ele>1251.7474408962387</ele>
        <time>2025-03-30T14:22:19.707Z</time>
      </trkpt>
      <trkpt lat="46.464917" lon="12.969632">
        <ele>1249.638934560961</ele>
        <time>2025-03-30T14:22:37.844Z</time>
      </trkpt>
      <trkpt lat="46.464979" lon="12.969816">
        <ele>1255.1377893608176</ele>
        <time>2025-03-30T14:22:51.937Z</time>
      </trkpt>
      <trkpt lat="46.465051" lon="12.969928">
        <ele>1260.7512485553195</ele>
        <time>2025-03-30T14:23:02.477Z</time>
      </trkpt>
      <trkpt lat="46.465049" lon="12.970063">
        <ele>1261.146063843684</ele>
        <time>2025-03-30T14:23:11.767Z</time>
      </trkpt>
      <trkpt lat="46.465023" lon="12.970167">
        <ele>1260.0215573487553</ele>
        <time>2025-03-30T14:23:19.379Z</time>
      </trkpt>
      <trkpt lat="46.465051" lon="12.970412">
        <ele>1262.5711773409785</ele>
        <time>2025-03-30T14:23:36.466Z</time>
      </trkpt>
      <trkpt lat="46.465118" lon="12.970591">
        <ele>1266.5031421684207</ele>
        <time>2025-03-30T14:23:50.483Z</time>
      </trkpt>
      <trkpt lat="46.465169" lon="12.970827">
        <ele>1269.6883410021198</ele>
        <time>2025-03-30T14:24:07.501Z</time>
      </trkpt>
      <trkpt lat="46.465161" lon="12.9711">
        <ele>1271.1878290190905</ele>
        <time>2025-03-30T14:24:26.301Z</time>
      </trkpt>
      <trkpt lat="46.465121" lon="12.971352">
        <ele>1271.4448377955282</ele>
        <time>2025-03-30T14:24:44.094Z</time>
      </trkpt>
      <trkpt lat="46.465099" lon="12.971805">
        <ele>1271.338407978497</ele>
        <time>2025-03-30T14:25:15.339Z</time>
      </trkpt>
      <trkpt lat="46.465163" lon="12.972047">
        <ele>1273.4947816541787</ele>
        <time>2025-03-30T14:25:33.174Z</time>
      </trkpt>
      <trkpt lat="46.46524" lon="12.972264">
        <ele>1277.1894323757092</ele>
        <time>2025-03-30T14:25:49.969Z</time>
      </trkpt>
      <trkpt lat="46.465479" lon="12.972557">
        <ele>1281.444290578692</ele>
        <time>2025-03-30T14:26:21.216Z</time>
      </trkpt>
      <trkpt lat="46.465883" lon="12.972598">
        <ele>1295.914179704661</ele>
        <time>2025-03-30T14:27:01.670Z</time>
      </trkpt>
      <trkpt lat="46.465909" lon="12.972654">
        <ele>1295.162349277437</ele>
        <time>2025-03-30T14:27:06.316Z</time>
      </trkpt>
      <trkpt lat="46.465909" lon="12.972724">
        <ele>1292.8821402748017</ele>
        <time>2025-03-30T14:27:11.132Z</time>
      </trkpt>
      <trkpt lat="46.465896" lon="12.972788">
        <ele>1290.2027941919469</ele>
        <time>2025-03-30T14:27:15.722Z</time>
      </trkpt>
      <trkpt lat="46.465805" lon="12.972993">
        <ele>1280.410659276415</ele>
        <time>2025-03-30T14:27:32.502Z</time>
      </trkpt>
      <trkpt lat="46.465753" lon="12.973271">
        <ele>1275.0772961381128</ele>
        <time>2025-03-30T14:27:52.322Z</time>
      </trkpt>
      <trkpt lat="46.465774" lon="12.973507">
        <ele>1275.3980687576745</ele>
        <time>2025-03-30T14:28:08.694Z</time>
      </trkpt>
      <trkpt lat="46.465825" lon="12.973851">
        <ele>1276.9468300662936</ele>
        <time>2025-03-30T14:28:32.904Z</time>
      </trkpt>
      <trkpt lat="46.465815" lon="12.974026">
        <ele>1277.1748766485612</ele>
        <time>2025-03-30T14:28:44.986Z</time>
      </trkpt>
      <trkpt lat="46.465666" lon="12.97418">
        <ele>1273.5235025256884</ele>
        <time>2025-03-30T14:29:03.256Z</time>
      </trkpt>
      <trkpt lat="46.465435" lon="12.974268">
        <ele>1267.5428075834727</ele>
        <time>2025-03-30T14:29:27.112Z</time>
      </trkpt>
      <trkpt lat="46.464875" lon="12.974658">
        <ele>1258.0966338452608</ele>
        <time>2025-03-30T14:30:29.154Z</time>
      </trkpt>
      <trkpt lat="46.464269" lon="12.975398">
        <ele>1250.703933086596</ele>
        <time>2025-03-30T14:31:48.253Z</time>
      </trkpt>
      <trkpt lat="46.463971" lon="12.975876">
        <ele>1248.2688155454741</ele>
        <time>2025-03-30T14:32:32.613Z</time>
      </trkpt>
      <trkpt lat="46.463667" lon="12.976199">
        <ele>1247.165997352265</ele>
        <time>2025-03-30T14:33:10.243Z</time>
      </trkpt>
      <trkpt lat="46.463477" lon="12.976579">
        <ele>1247.165411801171</ele>
        <time>2025-03-30T14:33:42.551Z</time>
      </trkpt>
      <trkpt lat="46.463007" lon="12.977291">
        <ele>1248.963487032125</ele>
        <time>2025-03-30T14:34:50.405Z</time>
      </trkpt>
      <trkpt lat="46.462827" lon="12.977728">
        <ele>1249.1785483657354</ele>
        <time>2025-03-30T14:35:25.439Z</time>
      </trkpt>
      <trkpt lat="46.462818" lon="12.977775">
        <ele>1249.5216480765973</ele>
        <time>2025-03-30T14:35:28.795Z</time>
      </trkpt>
      <trkpt lat="46.462808" lon="12.977833">
        <ele>1249.997061142251</ele>
        <time>2025-03-30T14:35:32.908Z</time>
      </trkpt>
      <trkpt lat="46.462661" lon="12.977751">
        <ele>1247.5790885683618</ele>
        <time>2025-03-30T14:35:48.638Z</time>
      </trkpt>
      <trkpt lat="46.46252" lon="12.977965">
        <ele>1249.3628248925324</ele>
        <time>2025-03-30T14:36:09.014Z</time>
      </trkpt>
      <trkpt lat="46.462302" lon="12.978067">
        <ele>1249.5980838179166</ele>
        <time>2025-03-30T14:36:31.893Z</time>
      </trkpt>
      <trkpt lat="46.462191" lon="12.978046">
        <ele>1248.6942051198682</ele>
        <time>2025-03-30T14:36:43.074Z</time>
      </trkpt>
      <trkpt lat="46.462069" lon="12.97789">
        <ele>1246.236435209788</ele>
        <time>2025-03-30T14:36:59.313Z</time>
      </trkpt>
      <trkpt lat="46.461862" lon="12.977783">
        <ele>1244.1559385416017</ele>
        <time>2025-03-30T14:37:21.262Z</time>
      </trkpt>
      <trkpt lat="46.461497" lon="12.977681">
        <ele>1241.165603543819</ele>
        <time>2025-03-30T14:37:58.391Z</time>
      </trkpt>
      <trkpt lat="46.461227" lon="12.97759">
        <ele>1238.02426106427</ele>
        <time>2025-03-30T14:38:26.078Z</time>
      </trkpt>
      <trkpt lat="46.460935" lon="12.977606">
        <ele>1233.1546955702277</ele>
        <time>2025-03-30T14:38:55.266Z</time>
      </trkpt>
      <trkpt lat="46.460754" lon="12.977531">
        <ele>1229.30828721333</ele>
        <time>2025-03-30T14:39:14.068Z</time>
      </trkpt>
      <trkpt lat="46.460606" lon="12.977365">
        <ele>1225.2963616426293</ele>
        <time>2025-03-30T14:39:32.750Z</time>
      </trkpt>
      <trkpt lat="46.460384" lon="12.977177">
        <ele>1219.0067958548086</ele>
        <time>2025-03-30T14:39:58.423Z</time>
      </trkpt>
      <trkpt lat="46.460174" lon="12.976962">
        <ele>1213.641744870044</ele>
        <time>2025-03-30T14:40:24.092Z</time>
      </trkpt>
      <trkpt lat="46.460078" lon="12.976742">
        <ele>1211.8279163131147</ele>
        <time>2025-03-30T14:40:42.012Z</time>
      </trkpt>
      <trkpt lat="46.459944" lon="12.976566">
        <ele>1210.292690699043</ele>
        <time>2025-03-30T14:41:00.062Z</time>
      </trkpt>
      <trkpt lat="46.459871" lon="12.976469">
        <ele>1209.5502283173837</ele>
        <time>2025-03-30T14:41:09.947Z</time>
      </trkpt>
      <trkpt lat="46.459741" lon="12.976345">
        <ele>1207.9366400195336</ele>
        <time>2025-03-30T14:41:25.485Z</time>
      </trkpt>
      <trkpt lat="46.459597" lon="12.97612">
        <ele>1205.4347497852798</ele>
        <time>2025-03-30T14:41:46.618Z</time>
      </trkpt>
      <trkpt lat="46.45925" lon="12.976002">
        <ele>1200.29870494779</ele>
        <time>2025-03-30T14:42:22.218Z</time>
      </trkpt>
      <trkpt lat="46.459039" lon="12.975857">
        <ele>1195.226655069871</ele>
        <time>2025-03-30T14:42:45.537Z</time>
      </trkpt>
      <trkpt lat="46.458991" lon="12.975766">
        <ele>1193.2474219528222</ele>
        <time>2025-03-30T14:42:53.423Z</time>
      </trkpt>
      <trkpt lat="46.458943" lon="12.975846">
        <ele>1192.6235269544159</ele>
        <time>2025-03-30T14:43:00.723Z</time>
      </trkpt>
      <trkpt lat="46.458869" lon="12.975691">
        <ele>1189.2797874836065</ele>
        <time>2025-03-30T14:43:13.699Z</time>
      </trkpt>
      <trkpt lat="46.458755" lon="12.975632">
        <ele>1185.092056059346</ele>
        <time>2025-03-30T14:43:25.788Z</time>
      </trkpt>
      <trkpt lat="46.458688" lon="12.975675">
        <ele>1182.6299246941708</ele>
        <time>2025-03-30T14:43:33.105Z</time>
      </trkpt>
      <trkpt lat="46.45864" lon="12.975798">
        <ele>1180.052663576292</ele>
        <time>2025-03-30T14:43:42.832Z</time>
      </trkpt>
      <trkpt lat="46.458562" lon="12.975809">
        <ele>1175.8337541509034</ele>
        <time>2025-03-30T14:43:50.660Z</time>
      </trkpt>
      <trkpt lat="46.4583" lon="12.975476">
        <ele>1163.8779215539262</ele>
        <time>2025-03-30T14:44:25.445Z</time>
      </trkpt>
      <trkpt lat="46.458271" lon="12.975337">
        <ele>1161.2016857386145</ele>
        <time>2025-03-30T14:44:35.439Z</time>
      </trkpt>
      <trkpt lat="46.458108" lon="12.975412">
        <ele>1154.985015082365</ele>
        <time>2025-03-30T14:44:52.519Z</time>
      </trkpt>
      <trkpt lat="46.457968" lon="12.975396">
        <ele>1148.9356670169059</ele>
        <time>2025-03-30T14:45:06.546Z</time>
      </trkpt>
      <trkpt lat="46.45789" lon="12.975519">
        <ele>1145.2942516338092</ele>
        <time>2025-03-30T14:45:18.050Z</time>
      </trkpt>
      <trkpt lat="46.457757" lon="12.975551">
        <ele>1139.1527378488859</ele>
        <time>2025-03-30T14:45:31.516Z</time>
      </trkpt>
      <trkpt lat="46.457687" lon="12.975643">
        <ele>1134.6632099864082</ele>
        <time>2025-03-30T14:45:40.948Z</time>
      </trkpt>
      <trkpt lat="46.457679" lon="12.975787">
        <ele>1131.0129972053523</ele>
        <time>2025-03-30T14:45:50.889Z</time>
      </trkpt>
      <trkpt lat="46.457417" lon="12.975541">
        <ele>1123.1403588133153</ele>
        <time>2025-03-30T14:46:22.057Z</time>
      </trkpt>
      <trkpt lat="46.457235" lon="12.975895">
        <ele>1109.2280992686246</ele>
        <time>2025-03-30T14:46:52.453Z</time>
      </trkpt>
      <trkpt lat="46.457158" lon="12.975782">
        <ele>1107.524896571041</ele>
        <time>2025-03-30T14:47:03.390Z</time>
      </trkpt>
      <trkpt lat="46.457065" lon="12.975782">
        <ele>1102.7253322983236</ele>
        <time>2025-03-30T14:47:12.679Z</time>
      </trkpt>
      <trkpt lat="46.457006" lon="12.975889">
        <ele>1097.8521136552758</ele>
        <time>2025-03-30T14:47:22.110Z</time>
      </trkpt>
      <trkpt lat="46.456877" lon="12.975879">
        <ele>1090.8166335897185</ele>
        <time>2025-03-30T14:47:35.014Z</time>
      </trkpt>
      <trkpt lat="46.456814" lon="12.975965">
        <ele>1085.836023350173</ele>
        <time>2025-03-30T14:47:43.652Z</time>
      </trkpt>
      <trkpt lat="46.456618" lon="12.975959">
        <ele>1074.5164819208576</ele>
        <time>2025-03-30T14:48:03.234Z</time>
      </trkpt>
      <trkpt lat="46.456522" lon="12.975906">
        <ele>1069.34407989201</ele>
        <time>2025-03-30T14:48:13.493Z</time>
      </trkpt>
      <trkpt lat="46.456463" lon="12.975959">
        <ele>1065.430919304615</ele>
        <time>2025-03-30T14:48:20.423Z</time>
      </trkpt>
      <trkpt lat="46.456371" lon="12.975959">
        <ele>1060.0606494454585</ele>
        <time>2025-03-30T14:48:29.612Z</time>
      </trkpt>
      <trkpt lat="46.456271" lon="12.976007">
        <ele>1054.1405674659459</ele>
        <time>2025-03-30T14:48:40.133Z</time>
      </trkpt>
      <trkpt lat="46.456201" lon="12.976163">
        <ele>1049.6998101880763</ele>
        <time>2025-03-30T14:48:52.944Z</time>
      </trkpt>
      <trkpt lat="46.456153" lon="12.976243">
        <ele>1047.0846004662988</ele>
        <time>2025-03-30T14:49:00.244Z</time>
      </trkpt>
      <trkpt lat="46.456031" lon="12.976217">
        <ele>1042.2521682987738</ele>
        <time>2025-03-30T14:49:12.561Z</time>
      </trkpt>
      <trkpt lat="46.455882" lon="12.976273">
        <ele>1036.6433433558923</ele>
        <time>2025-03-30T14:49:27.935Z</time>
      </trkpt>
      <trkpt lat="46.455768" lon="12.976077">
        <ele>1033.742954810523</ele>
        <time>2025-03-30T14:49:45.587Z</time>
      </trkpt>
      <trkpt lat="46.45569" lon="12.976058">
        <ele>1030.7950194317104</ele>
        <time>2025-03-30T14:49:53.487Z</time>
      </trkpt>
      <trkpt lat="46.455636" lon="12.976128">
        <ele>1028.4120347710336</ele>
        <time>2025-03-30T14:50:00.718Z</time>
      </trkpt>
      <trkpt lat="46.455653" lon="12.976169">
        <ele>1029.0398262096812</ele>
        <time>2025-03-30T14:50:04.011Z</time>
      </trkpt>
      <trkpt lat="46.455729" lon="12.976262">
        <ele>1031.4029389084135</ele>
        <time>2025-03-30T14:50:13.940Z</time>
      </trkpt>
      <trkpt lat="46.455828" lon="12.97646">
        <ele>1032.241981055068</ele>
        <time>2025-03-30T14:50:30.776Z</time>
      </trkpt>
      <trkpt lat="46.455924" lon="12.976589">
        <ele>1033.6908979662137</ele>
        <time>2025-03-30T14:50:43.843Z</time>
      </trkpt>
      <trkpt lat="46.455972" lon="12.976675">
        <ele>1034.1495191915621</ele>
        <time>2025-03-30T14:50:51.459Z</time>
      </trkpt>
      <trkpt lat="46.456031" lon="12.976828">
        <ele>1033.2824186988657</ele>
        <time>2025-03-30T14:51:03.525Z</time>
      </trkpt>
      <trkpt lat="46.456111" lon="12.976919">
        <ele>1034.035044648323</ele>
        <time>2025-03-30T14:51:13.677Z</time>
      </trkpt>
      <trkpt lat="46.456168" lon="12.977042">
        <ele>1031.2921300231703</ele>
        <time>2025-03-30T14:51:23.878Z</time>
      </trkpt>
      <trkpt lat="46.456245" lon="12.977294">
        <ele>1023.3886439642382</ele>
        <time>2025-03-30T14:51:42.848Z</time>
      </trkpt>
      <trkpt lat="46.456257" lon="12.977418">
        <ele>1020.0821055062929</ele>
        <time>2025-03-30T14:51:51.464Z</time>
      </trkpt>
      <trkpt lat="46.456246" lon="12.977463">
        <ele>1018.9642986625245</ele>
        <time>2025-03-30T14:51:54.749Z</time>
      </trkpt>
      <trkpt lat="46.456224" lon="12.977482">
        <ele>1018.1244044569612</ele>
        <time>2025-03-30T14:51:57.306Z</time>
      </trkpt>
      <trkpt lat="46.456196" lon="12.977473">
        <ele>1017.4476989837494</ele>
        <time>2025-03-30T14:52:00.170Z</time>
      </trkpt>
      <trkpt lat="46.456128" lon="12.977359">
        <ele>1017.3369914939055</ele>
        <time>2025-03-30T14:52:10.547Z</time>
      </trkpt>
      <trkpt lat="46.456044" lon="12.977274">
        <ele>1017.057182769752</ele>
        <time>2025-03-30T14:52:20.775Z</time>
      </trkpt>
      <trkpt lat="46.455972" lon="12.977238">
        <ele>1015.9043832393952</ele>
        <time>2025-03-30T14:52:28.381Z</time>
      </trkpt>
      <trkpt lat="46.455827" lon="12.977207">
        <ele>1012.1949382402796</ele>
        <time>2025-03-30T14:52:43.021Z</time>
      </trkpt>
      <trkpt lat="46.455632" lon="12.977203">
        <ele>1007.125315060725</ele>
        <time>2025-03-30T14:53:02.501Z</time>
      </trkpt>
      <trkpt lat="46.455486" lon="12.977125">
        <ele>1002.2683900416716</ele>
        <time>2025-03-30T14:53:18.041Z</time>
      </trkpt>
      <trkpt lat="46.455334" lon="12.977011">
        <ele>996.5006860178074</ele>
        <time>2025-03-30T14:53:35.131Z</time>
      </trkpt>
      <trkpt lat="46.455169" lon="12.976966">
        <ele>991.5697244878107</ele>
        <time>2025-03-30T14:53:51.901Z</time>
      </trkpt>
      <trkpt lat="46.455142" lon="12.976959">
        <ele>990.8294114348959</ele>
        <time>2025-03-30T14:53:54.640Z</time>
      </trkpt>
      <trkpt lat="46.455022" lon="12.976887">
        <ele>986.5040636811668</ele>
        <time>2025-03-30T14:54:07.610Z</time>
      </trkpt>
      <trkpt lat="46.454869" lon="12.976822">
        <ele>980.7079411115651</ele>
        <time>2025-03-30T14:54:23.534Z</time>
      </trkpt>
      <trkpt lat="46.454663" lon="12.976777">
        <ele>974.5797689236306</ele>
        <time>2025-03-30T14:54:44.343Z</time>
      </trkpt>
      <trkpt lat="46.454487" lon="12.976679">
        <ele>969.8386774825753</ele>
        <time>2025-03-30T14:55:03.172Z</time>
      </trkpt>
      <trkpt lat="46.454418" lon="12.976659">
        <ele>968.386539835772</ele>
        <time>2025-03-30T14:55:10.200Z</time>
      </trkpt>
      <trkpt lat="46.454198" lon="12.976683">
        <ele>965.1923523141446</ele>
        <time>2025-03-30T14:55:32.237Z</time>
      </trkpt>
      <trkpt lat="46.454139" lon="12.976682">
        <ele>964.1009678448193</ele>
        <time>2025-03-30T14:55:38.130Z</time>
      </trkpt>
      <trkpt lat="46.454113" lon="12.97667">
        <ele>963.308481726679</ele>
        <time>2025-03-30T14:55:40.855Z</time>
      </trkpt>
      <trkpt lat="46.454006" lon="12.976728">
        <ele>962.7992927701916</ele>
        <time>2025-03-30T14:55:52.264Z</time>
      </trkpt>
      <trkpt lat="46.453879" lon="12.976745">
        <ele>961.2365699378781</ele>
        <time>2025-03-30T14:56:05.003Z</time>
      </trkpt>
      <trkpt lat="46.453631" lon="12.976708">
        <ele>957.6615899417087</ele>
        <time>2025-03-30T14:56:29.906Z</time>
      </trkpt>
      <trkpt lat="46.453427" lon="12.976717">
        <ele>956.6228941955662</ele>
        <time>2025-03-30T14:56:50.292Z</time>
      </trkpt>
      <trkpt lat="46.453271" lon="12.976751">
        <ele>955.8445761110829</ele>
        <time>2025-03-30T14:57:06.049Z</time>
      </trkpt>
      <trkpt lat="46.453055" lon="12.976887">
        <ele>955.7414938156035</ele>
        <time>2025-03-30T14:57:29.567Z</time>
      </trkpt>
      <trkpt lat="46.452874" lon="12.977047">
        <ele>957.2279450750228</ele>
        <time>2025-03-30T14:57:50.736Z</time>
      </trkpt>
      <trkpt lat="46.452705" lon="12.977228">
        <ele>961.2151857222894</ele>
        <time>2025-03-30T14:58:11.715Z</time>
      </trkpt>
      <trkpt lat="46.452569" lon="12.977478">
        <ele>970.3873779480227</ele>
        <time>2025-03-30T14:58:33.636Z</time>
      </trkpt>
      <trkpt lat="46.452492" lon="12.977572">
        <ele>972.8202065626165</ele>
        <time>2025-03-30T14:58:43.686Z</time>
      </trkpt>
      <trkpt lat="46.452367" lon="12.977691">
        <ele>976.0969175147619</ele>
        <time>2025-03-30T14:58:58.618Z</time>
      </trkpt>
      <trkpt lat="46.452318" lon="12.977715">
        <ele>976.4182355672128</ele>
        <time>2025-03-30T14:59:03.783Z</time>
      </trkpt>
      <trkpt lat="46.451997" lon="12.977738">
        <ele>968.1897666051832</ele>
        <time>2025-03-30T14:59:35.886Z</time>
      </trkpt>
      <trkpt lat="46.451959" lon="12.977749">
        <ele>966.761287113636</ele>
        <time>2025-03-30T14:59:39.756Z</time>
      </trkpt>
      <trkpt lat="46.45192" lon="12.97778">
        <ele>965.6218161267233</ele>
        <time>2025-03-30T14:59:44.197Z</time>
      </trkpt>
      <trkpt lat="46.451903" lon="12.977814">
        <ele>965.4327895730742</ele>
        <time>2025-03-30T14:59:47.088Z</time>
      </trkpt>
      <trkpt lat="46.451893" lon="12.977871">
        <ele>966.0178630851896</ele>
        <time>2025-03-30T14:59:51.135Z</time>
      </trkpt>
      <trkpt lat="46.451906" lon="12.978173">
        <ele>972.4661918788439</ele>
        <time>2025-03-30T15:00:11.959Z</time>
      </trkpt>
      <trkpt lat="46.45192" lon="12.97828">
        <ele>975.3644350214877</ele>
        <time>2025-03-30T15:00:19.454Z</time>
      </trkpt>
      <trkpt lat="46.451921" lon="12.978352">
        <ele>976.8711470377114</ele>
        <time>2025-03-30T15:00:24.410Z</time>
      </trkpt>
      <trkpt lat="46.451894" lon="12.978391">
        <ele>976.4584674637555</ele>
        <time>2025-03-30T15:00:28.214Z</time>
      </trkpt>
      <trkpt lat="46.451843" lon="12.978393">
        <ele>974.2877194205787</ele>
        <time>2025-03-30T15:00:33.310Z</time>
      </trkpt>
      <trkpt lat="46.451762" lon="12.978378">
        <ele>970.6056619152899</ele>
        <time>2025-03-30T15:00:41.466Z</time>
      </trkpt>
      <trkpt lat="46.451657" lon="12.978383">
        <ele>966.4002899703175</ele>
        <time>2025-03-30T15:00:51.960Z</time>
      </trkpt>
      <trkpt lat="46.451597" lon="12.978418">
        <ele>964.848534154535</ele>
        <time>2025-03-30T15:00:58.419Z</time>
      </trkpt>
      <trkpt lat="46.451561" lon="12.978485">
        <ele>965.3684177859038</ele>
        <time>2025-03-30T15:01:04.266Z</time>
      </trkpt>
      <trkpt lat="46.451553" lon="12.978659">
        <ele>970.7996224704416</ele>
        <time>2025-03-30T15:01:16.267Z</time>
      </trkpt>
      <trkpt lat="46.451535" lon="12.978731">
        <ele>972.8670768985876</ele>
        <time>2025-03-30T15:01:21.538Z</time>
      </trkpt>
      <trkpt lat="46.451479" lon="12.978844">
        <ele>975.882843900135</ele>
        <time>2025-03-30T15:01:31.117Z</time>
      </trkpt>
      <trkpt lat="46.451394" lon="12.978943">
        <ele>978.7893244796442</ele>
        <time>2025-03-30T15:01:42.003Z</time>
      </trkpt>
      <trkpt lat="46.451305" lon="12.979002">
        <ele>980.4855466432489</ele>
        <time>2025-03-30T15:01:51.776Z</time>
      </trkpt>
      <trkpt lat="46.451163" lon="12.979002">
        <ele>979.3586447169055</ele>
        <time>2025-03-30T15:02:05.960Z</time>
      </trkpt>
      <trkpt lat="46.451046" lon="12.978963">
        <ele>977.1130239434572</ele>
        <time>2025-03-30T15:02:17.951Z</time>
      </trkpt>
      <trkpt lat="46.450965" lon="12.978971">
        <ele>976.3137582374272</ele>
        <time>2025-03-30T15:02:26.060Z</time>
      </trkpt>
      <trkpt lat="46.450924" lon="12.979022">
        <ele>976.8105062468733</ele>
        <time>2025-03-30T15:02:31.453Z</time>
      </trkpt>
      <trkpt lat="46.450865" lon="12.979151">
        <ele>978.1321309124957</ele>
        <time>2025-03-30T15:02:42.109Z</time>
      </trkpt>
      <trkpt lat="46.45066" lon="12.979726">
        <ele>982.5674355086946</ele>
        <time>2025-03-30T15:03:26.665Z</time>
      </trkpt>
      <trkpt lat="46.450537" lon="12.979969">
        <ele>982.0984723156095</ele>
        <time>2025-03-30T15:03:47.416Z</time>
      </trkpt>
      <trkpt lat="46.45046" lon="12.980078">
        <ele>981.5956404098779</ele>
        <time>2025-03-30T15:03:58.160Z</time>
      </trkpt>
      <trkpt lat="46.450275" lon="12.980232">
        <ele>980.80949418334</ele>
        <time>2025-03-30T15:04:19.463Z</time>
      </trkpt>
      <trkpt lat="46.450133" lon="12.980201">
        <ele>979.0638026098359</ele>
        <time>2025-03-30T15:04:33.806Z</time>
      </trkpt>
      <trkpt lat="46.449315" lon="12.979817">
        <ele>966.8133497447711</ele>
        <time>2025-03-30T15:05:59.683Z</time>
      </trkpt>
      <trkpt lat="46.449034" lon="12.979721">
        <ele>962.4077257269995</ele>
        <time>2025-03-30T15:06:28.519Z</time>
      </trkpt>
      <trkpt lat="46.448983" lon="12.979693">
        <ele>961.2633522047205</ele>
        <time>2025-03-30T15:06:33.965Z</time>
      </trkpt>
      <trkpt lat="46.448898" lon="12.97967">
        <ele>959.2381654879084</ele>
        <time>2025-03-30T15:06:42.601Z</time>
      </trkpt>
      <trkpt lat="46.448812" lon="12.979663">
        <ele>956.9936571107713</ele>
        <time>2025-03-30T15:06:51.205Z</time>
      </trkpt>
      <trkpt lat="46.448763" lon="12.979681">
        <ele>955.6713419088544</ele>
        <time>2025-03-30T15:06:56.253Z</time>
      </trkpt>
      <trkpt lat="46.448721" lon="12.979715">
        <ele>954.6771194898694</ele>
        <time>2025-03-30T15:07:01.056Z</time>
      </trkpt>
      <trkpt lat="46.448669" lon="12.979775">
        <ele>953.6428959678632</ele>
        <time>2025-03-30T15:07:07.691Z</time>
      </trkpt>
      <trkpt lat="46.448587" lon="12.979945">
        <ele>952.4652376755055</ele>
        <time>2025-03-30T15:07:21.973Z</time>
      </trkpt>
      <trkpt lat="46.448531" lon="12.980104">
        <ele>951.2120409507098</ele>
        <time>2025-03-30T15:07:34.262Z</time>
      </trkpt>
      <trkpt lat="46.448529" lon="12.980138">
        <ele>951.1636362862996</ele>
        <time>2025-03-30T15:07:36.610Z</time>
      </trkpt>
      <trkpt lat="46.448551" lon="12.980207">
        <ele>951.9081127175158</ele>
        <time>2025-03-30T15:07:41.842Z</time>
      </trkpt>
      <trkpt lat="46.448615" lon="12.980288">
        <ele>953.9909899333966</ele>
        <time>2025-03-30T15:07:50.324Z</time>
      </trkpt>
      <trkpt lat="46.448688" lon="12.980429">
        <ele>956.3693412732821</ele>
        <time>2025-03-30T15:08:02.462Z</time>
      </trkpt>
      <trkpt lat="46.448727" lon="12.980769">
        <ele>957.7285869150487</ele>
        <time>2025-03-30T15:08:26.184Z</time>
      </trkpt>
      <trkpt lat="46.448717" lon="12.980867">
        <ele>957.7660417607752</ele>
        <time>2025-03-30T15:08:33.002Z</time>
      </trkpt>
      <trkpt lat="46.448695" lon="12.980917">
        <ele>957.3321559771986</ele>
        <time>2025-03-30T15:08:37.085Z</time>
      </trkpt>
      <trkpt lat="46.448655" lon="12.980951">
        <ele>956.5642485616341</ele>
        <time>2025-03-30T15:08:41.715Z</time>
      </trkpt>
      <trkpt lat="46.448595" lon="12.980953">
        <ele>955.5974387122778</ele>
        <time>2025-03-30T15:08:47.709Z</time>
      </trkpt>
      <trkpt lat="46.448549" lon="12.980937">
        <ele>955.0468780116908</ele>
        <time>2025-03-30T15:08:52.434Z</time>
      </trkpt>
      <trkpt lat="46.448439" lon="12.980875">
        <ele>954.3089796174108</ele>
        <time>2025-03-30T15:09:04.221Z</time>
      </trkpt>
      <trkpt lat="46.44837" lon="12.980867">
        <ele>954.5765718888583</ele>
        <time>2025-03-30T15:09:11.135Z</time>
      </trkpt>
      <trkpt lat="46.448337" lon="12.980888">
        <ele>955.5541840909747</ele>
        <time>2025-03-30T15:09:14.734Z</time>
      </trkpt>
      <trkpt lat="46.448284" lon="12.980962">
        <ele>958.3982319940108</ele>
        <time>2025-03-30T15:09:22.080Z</time>
      </trkpt>
      <trkpt lat="46.448255" lon="12.980976">
        <ele>958.9450723509887</ele>
        <time>2025-03-30T15:09:25.132Z</time>
      </trkpt>
      <trkpt lat="46.448214" lon="12.980976">
        <ele>958.7601099846274</ele>
        <time>2025-03-30T15:09:29.227Z</time>
      </trkpt>
      <trkpt lat="46.448131" lon="12.980936">
        <ele>955.9660307487495</ele>
        <time>2025-03-30T15:09:37.962Z</time>
      </trkpt>
      <trkpt lat="46.448096" lon="12.980937">
        <ele>955.4603532351153</ele>
        <time>2025-03-30T15:09:41.458Z</time>
      </trkpt>
      <trkpt lat="46.448062" lon="12.980964">
        <ele>955.9872023277924</ele>
        <time>2025-03-30T15:09:45.329Z</time>
      </trkpt>
      <trkpt lat="46.448044" lon="12.980993">
        <ele>956.9058802842171</ele>
        <time>2025-03-30T15:09:48.015Z</time>
      </trkpt>
      <trkpt lat="46.447934" lon="12.981241">
        <ele>967.1584113331111</ele>
        <time>2025-03-30T15:10:08.314Z</time>
      </trkpt>
      <trkpt lat="46.447857" lon="12.98135">
        <ele>972.3674688486793</ele>
        <time>2025-03-30T15:10:19.058Z</time>
      </trkpt>
      <trkpt lat="46.447808" lon="12.981374">
        <ele>973.8022854895221</ele>
        <time>2025-03-30T15:10:24.223Z</time>
      </trkpt>
      <trkpt lat="46.447759" lon="12.98137">
        <ele>974.0362498789281</ele>
        <time>2025-03-30T15:10:29.125Z</time>
      </trkpt>
      <trkpt lat="46.447718" lon="12.981334">
        <ele>972.6612611820148</ele>
        <time>2025-03-30T15:10:33.911Z</time>
      </trkpt>
      <trkpt lat="46.447617" lon="12.981076">
        <ele>963.6362764354135</ele>
        <time>2025-03-30T15:10:54.334Z</time>
      </trkpt>
      <trkpt lat="46.447457" lon="12.980805">
        <ele>961.6880328789712</ele>
        <time>2025-03-30T15:11:18.896Z</time>
      </trkpt>
      <trkpt lat="46.447324" lon="12.980737">
        <ele>962.4992635254109</ele>
        <time>2025-03-30T15:11:32.981Z</time>
      </trkpt>
      <trkpt lat="46.447126" lon="12.980721">
        <ele>964.3186143927283</ele>
        <time>2025-03-30T15:11:52.789Z</time>
      </trkpt>
      <trkpt lat="46.446352" lon="12.980389">
        <ele>964.1444326604376</ele>
        <time>2025-03-30T15:13:13.409Z</time>
      </trkpt>
      <trkpt lat="46.445549" lon="12.980122">
        <ele>960.7121002318058</ele>
        <time>2025-03-30T15:14:35.698Z</time>
      </trkpt>
      <trkpt lat="46.445116" lon="12.980094">
        <ele>961.5630100134298</ele>
        <time>2025-03-30T15:15:18.993Z</time>
      </trkpt>
      <trkpt lat="46.444935" lon="12.980134">
        <ele>961.9138471156298</ele>
        <time>2025-03-30T15:15:37.281Z</time>
      </trkpt>
      <trkpt lat="46.444737" lon="12.980214">
        <ele>963.307763245818</ele>
        <time>2025-03-30T15:15:57.811Z</time>
      </trkpt>
      <trkpt lat="46.4447381" lon="12.98022">
        <ele>963.3963044378063</ele>
        <time>2025-03-30T15:15:58.220Z</time>
      </trkpt>
      <trkpt lat="46.4447937" lon="12.980167">
        <ele>962.3662517508693</ele>
        <time>2025-03-30T15:15:59.220Z</time>
      </trkpt>
      <trkpt lat="46.4448502" lon="12.9801219">
        <ele>961.6664503472325</ele>
        <time>2025-03-30T15:16:00.220Z</time>
      </trkpt>
      <trkpt lat="46.4449124" lon="12.9800783">
        <ele>961.0440959487721</ele>
        <time>2025-03-30T15:16:01.220Z</time>
      </trkpt>
      <trkpt lat="46.4449805" lon="12.9800342">
        <ele>960.38303159195</ele>
        <time>2025-03-30T15:16:02.220Z</time>
      </trkpt>
      <trkpt lat="46.4451174" lon="12.9799644">
        <ele>959.309954474588</ele>
        <time>2025-03-30T15:16:04.220Z</time>
      </trkpt>
      <trkpt lat="46.4452319" lon="12.9799087">
        <ele>958.2867620261861</ele>
        <time>2025-03-30T15:16:06.220Z</time>
      </trkpt>
      <trkpt lat="46.4452828" lon="12.9798918">
        <ele>957.8143653402112</ele>
        <time>2025-03-30T15:16:07.220Z</time>
      </trkpt>
      <trkpt lat="46.4453243" lon="12.9798774">
        <ele>957.3825542211594</ele>
        <time>2025-03-30T15:16:08.220Z</time>
      </trkpt>
      <trkpt lat="46.445359" lon="12.9798621">
        <ele>956.9732113595213</ele>
        <time>2025-03-30T15:16:09.220Z</time>
      </trkpt>
      <trkpt lat="46.4454223" lon="12.9798027">
        <ele>955.5621995369906</ele>
        <time>2025-03-30T15:16:12.220Z</time>
      </trkpt>
      <trkpt lat="46.445442" lon="12.9797952">
        <ele>955.3066252565945</ele>
        <time>2025-03-30T15:16:15.220Z</time>
      </trkpt>
      <trkpt lat="46.4454654" lon="12.9797509">
        <ele>954.4257745590066</ele>
        <time>2025-03-30T15:23:50.220Z</time>
      </trkpt>
      <trkpt lat="46.4454659" lon="12.979741">
        <ele>954.2552441346932</ele>
        <time>2025-03-30T15:23:53.220Z</time>
      </trkpt>
      <trkpt lat="46.44548" lon="12.9796889">
        <ele>953.2493656033657</ele>
        <time>2025-03-30T15:23:55.220Z</time>
      </trkpt>
      <trkpt lat="46.4455367" lon="12.9795228">
        <ele>950.3087838174306</ele>
        <time>2025-03-30T15:23:59.220Z</time>
      </trkpt>
      <trkpt lat="46.4455671" lon="12.9794406">
        <ele>949.2666400122773</ele>
        <time>2025-03-30T15:24:01.220Z</time>
      </trkpt>
      <trkpt lat="46.4456035" lon="12.9793473">
        <ele>948.5473572199246</ele>
        <time>2025-03-30T15:24:03.220Z</time>
      </trkpt>
      <trkpt lat="46.4456465" lon="12.9792453">
        <ele>948.1761886112864</ele>
        <time>2025-03-30T15:24:05.220Z</time>
      </trkpt>
      <trkpt lat="46.4456688" lon="12.9791987">
        <ele>948.0889839831088</ele>
        <time>2025-03-30T15:24:06.220Z</time>
      </trkpt>
      <trkpt lat="46.4456952" lon="12.9791539">
        <ele>948.0001264995481</ele>
        <time>2025-03-30T15:24:07.220Z</time>
      </trkpt>
      <trkpt lat="46.4457279" lon="12.9791114">
        <ele>947.8497380109777</ele>
        <time>2025-03-30T15:24:08.220Z</time>
      </trkpt>
      <trkpt lat="46.4457896" lon="12.9790199">
        <ele>947.3407871134998</ele>
        <time>2025-03-30T15:24:10.220Z</time>
      </trkpt>
      <trkpt lat="46.445825" lon="12.9789335">
        <ele>946.4653554264933</ele>
        <time>2025-03-30T15:24:12.220Z</time>
      </trkpt>
      <trkpt lat="46.4458396" lon="12.978886">
        <ele>945.8805728116025</ele>
        <time>2025-03-30T15:24:13.220Z</time>
      </trkpt>
      <trkpt lat="46.4458562" lon="12.9788283">
        <ele>944.6958204816107</ele>
        <time>2025-03-30T15:24:14.220Z</time>
      </trkpt>
      <trkpt lat="46.4458764" lon="12.978766">
        <ele>943.2900154879342</ele>
        <time>2025-03-30T15:24:15.220Z</time>
      </trkpt>
      <trkpt lat="46.4458984" lon="12.9787047">
        <ele>941.7835099676947</ele>
        <time>2025-03-30T15:24:16.220Z</time>
      </trkpt>
      <trkpt lat="46.4459404" lon="12.9786031">
        <ele>939.3090509993006</ele>
        <time>2025-03-30T15:24:18.220Z</time>
      </trkpt>
      <trkpt lat="46.445955" lon="12.9785558">
        <ele>938.2554027002867</ele>
        <time>2025-03-30T15:24:19.220Z</time>
      </trkpt>
      <trkpt lat="46.4459717" lon="12.9785006">
        <ele>937.1161207934206</ele>
        <time>2025-03-30T15:24:20.220Z</time>
      </trkpt>
      <trkpt lat="46.4459759" lon="12.9783857">
        <ele>934.9859542000744</ele>
        <time>2025-03-30T15:24:22.220Z</time>
      </trkpt>
      <trkpt lat="46.44598" lon="12.9783292">
        <ele>933.839246139917</ele>
        <time>2025-03-30T15:24:23.220Z</time>
      </trkpt>
      <trkpt lat="46.446012" lon="12.978231">
        <ele>931.742658767943</ele>
        <time>2025-03-30T15:24:25.220Z</time>
      </trkpt>
      <trkpt lat="46.4461083" lon="12.9781375">
        <ele>929.0415723150604</ele>
        <time>2025-03-30T15:24:27.220Z</time>
      </trkpt>
      <trkpt lat="46.4462191" lon="12.9780083">
        <ele>924.2859071736481</ele>
        <time>2025-03-30T15:24:30.220Z</time>
      </trkpt>
      <trkpt lat="46.4462472" lon="12.9779602">
        <ele>922.4866091005327</ele>
        <time>2025-03-30T15:24:32.220Z</time>
      </trkpt>
      <trkpt lat="46.4462546" lon="12.9779688">
        <ele>922.5671052312429</ele>
        <time>2025-03-30T15:24:33.220Z</time>
      </trkpt>
      <trkpt lat="46.4462763" lon="12.9779902">
        <ele>922.6571537149798</ele>
        <time>2025-03-30T15:24:35.220Z</time>
      </trkpt>
      <trkpt lat="46.4462966" lon="12.9780085">
        <ele>922.6807780535537</ele>
        <time>2025-03-30T15:24:37.220Z</time>
      </trkpt>
      <trkpt lat="46.4463485" lon="12.9780307">
        <ele>922.092142972304</ele>
        <time>2025-03-30T15:24:40.220Z</time>
      </trkpt>
      <trkpt lat="46.4463743" lon="12.978068">
        <ele>922.4810844021854</ele>
        <time>2025-03-30T15:24:42.220Z</time>
      </trkpt>
      <trkpt lat="46.4464025" lon="12.9781235">
        <ele>923.28376934894</ele>
        <time>2025-03-30T15:24:44.220Z</time>
      </trkpt>
      <trkpt lat="46.4464307" lon="12.9781513">
        <ele>923.3764515144761</ele>
        <time>2025-03-30T15:24:45.220Z</time>
      </trkpt>
      <trkpt lat="46.4464731" lon="12.9781808">
        <ele>923.2165000062562</ele>
        <time>2025-03-30T15:24:47.220Z</time>
      </trkpt>
      <trkpt lat="46.4464917" lon="12.9781833">
        <ele>922.8761930936216</ele>
        <time>2025-03-30T15:24:48.220Z</time>
      </trkpt>
      <trkpt lat="46.4465925" lon="12.9782174">
        <ele>921.0384798327935</ele>
        <time>2025-03-30T15:24:53.220Z</time>
      </trkpt>
      <trkpt lat="46.4466695" lon="12.9782214">
        <ele>918.5797015304256</ele>
        <time>2025-03-30T15:24:55.220Z</time>
      </trkpt>
      <trkpt lat="46.4467584" lon="12.9782223">
        <ele>914.5992447489557</ele>
        <time>2025-03-30T15:24:58.220Z</time>
      </trkpt>
      <trkpt lat="46.4468354" lon="12.9782255">
        <ele>910.6072932905518</ele>
        <time>2025-03-30T15:25:01.220Z</time>
      </trkpt>
      <trkpt lat="46.4469011" lon="12.978243">
        <ele>907.1693879020302</ele>
        <time>2025-03-30T15:25:03.220Z</time>
      </trkpt>
      <trkpt lat="46.4469557" lon="12.9782456">
        <ele>903.6281530787229</ele>
        <time>2025-03-30T15:25:05.220Z</time>
      </trkpt>
      <trkpt lat="46.4469876" lon="12.9782439">
        <ele>901.3953408963985</ele>
        <time>2025-03-30T15:25:06.220Z</time>
      </trkpt>
      <trkpt lat="46.4470042" lon="12.9782425">
        <ele>900.2069872502242</ele>
        <time>2025-03-30T15:25:07.220Z</time>
      </trkpt>
      <trkpt lat="46.4470189" lon="12.9782367">
        <ele>899.0324491802141</ele>
        <time>2025-03-30T15:25:08.220Z</time>
      </trkpt>
      <trkpt lat="46.4470332" lon="12.9782103">
        <ele>897.3336248771061</ele>
        <time>2025-03-30T15:25:10.220Z</time>
      </trkpt>
      <trkpt lat="46.4470437" lon="12.978164">
        <ele>895.2642023089381</ele>
        <time>2025-03-30T15:25:12.220Z</time>
      </trkpt>
      <trkpt lat="46.4470717" lon="12.9780935">
        <ele>891.334710331211</ele>
        <time>2025-03-30T15:25:15.220Z</time>
      </trkpt>
      <trkpt lat="46.4470832" lon="12.9780655">
        <ele>889.7703033605422</ele>
        <time>2025-03-30T15:25:17.220Z</time>
      </trkpt>
      <trkpt lat="46.4470921" lon="12.9780432">
        <ele>888.6151416555398</ele>
        <time>2025-03-30T15:25:18.220Z</time>
      </trkpt>
      <trkpt lat="46.4470857" lon="12.977998">
        <ele>887.5578382942092</ele>
        <time>2025-03-30T15:25:19.220Z</time>
      </trkpt>
      <trkpt lat="46.4470996" lon="12.9779783">
        <ele>886.1840573738045</ele>
        <time>2025-03-30T15:25:20.220Z</time>
      </trkpt>
      <trkpt lat="46.447149" lon="12.9779557">
        <ele>882.9809989075494</ele>
        <time>2025-03-30T15:25:22.220Z</time>
      </trkpt>
      <trkpt lat="46.4471879" lon="12.9779534">
        <ele>881.2475157192374</ele>
        <time>2025-03-30T15:25:24.220Z</time>
      </trkpt>
      <trkpt lat="46.4472069" lon="12.9779627">
        <ele>880.7321057826299</ele>
        <time>2025-03-30T15:25:25.220Z</time>
      </trkpt>
      <trkpt lat="46.4472208" lon="12.977966">
        <ele>880.3805800018775</ele>
        <time>2025-03-30T15:25:26.220Z</time>
      </trkpt>
      <trkpt lat="46.4472321" lon="12.9779601">
        <ele>879.8824307628277</ele>
        <time>2025-03-30T15:25:27.220Z</time>
      </trkpt>
      <trkpt lat="46.4472417" lon="12.9779264">
        <ele>878.806483924559</ele>
        <time>2025-03-30T15:25:29.220Z</time>
      </trkpt>
      <trkpt lat="46.4472364" lon="12.9778968">
        <ele>878.2989463610419</ele>
        <time>2025-03-30T15:25:30.220Z</time>
      </trkpt>
      <trkpt lat="46.4472328" lon="12.9778665">
        <ele>877.7129404765839</ele>
        <time>2025-03-30T15:25:31.220Z</time>
      </trkpt>
      <trkpt lat="46.4472402" lon="12.9778326">
        <ele>876.7690544486829</ele>
        <time>2025-03-30T15:25:34.220Z</time>
      </trkpt>
      <trkpt lat="46.4472437" lon="12.9778192">
        <ele>876.3908541826015</ele>
        <time>2025-03-30T15:25:40.220Z</time>
      </trkpt>
      <trkpt lat="46.4472591" lon="12.9778278">
        <ele>876.2164334690016</ele>
        <time>2025-03-30T15:25:43.220Z</time>
      </trkpt>
      <trkpt lat="46.4472635" lon="12.9778303">
        <ele>876.1915599722687</ele>
        <time>2025-03-30T15:25:45.220Z</time>
      </trkpt>
      <trkpt lat="46.4472704" lon="12.9778311">
        <ele>876.1140077972353</ele>
        <time>2025-03-30T15:25:48.220Z</time>
      </trkpt>
      <trkpt lat="46.4472758" lon="12.9778267">
        <ele>875.9518976132051</ele>
        <time>2025-03-30T15:25:52.220Z</time>
      </trkpt>
      <trkpt lat="46.4472758" lon="12.9778275">
        <ele>875.967967694244</ele>
        <time>2025-03-30T15:25:54.220Z</time>
      </trkpt>
      <trkpt lat="46.4472665" lon="12.9778253">
        <ele>876.0475573786692</ele>
        <time>2025-03-30T15:25:57.220Z</time>
      </trkpt>
      <trkpt lat="46.447258" lon="12.9778253">
        <ele>876.1895479825854</ele>
        <time>2025-03-30T15:25:59.220Z</time>
      </trkpt>
      <trkpt lat="46.4472576" lon="12.9778192">
        <ele>876.0698342887753</ele>
        <time>2025-03-30T15:26:00.220Z</time>
      </trkpt>
      <trkpt lat="46.4472475" lon="12.9778149">
        <ele>876.2095245334875</ele>
        <time>2025-03-30T15:26:04.220Z</time>
      </trkpt>
      <trkpt lat="46.447238" lon="12.9777921">
        <ele>875.9175783900122</ele>
        <time>2025-03-30T15:26:08.220Z</time>
      </trkpt>
      <trkpt lat="46.4472336" lon="12.9777905">
        <ele>875.9760181011334</ele>
        <time>2025-03-30T15:26:09.220Z</time>
      </trkpt>
      <trkpt lat="46.4472246" lon="12.9777688">
        <ele>875.6773833791899</ele>
        <time>2025-03-30T15:26:14.220Z</time>
      </trkpt>
      <trkpt lat="46.4472084" lon="12.9777621">
        <ele>875.8654077304855</ele>
        <time>2025-03-30T15:26:18.220Z</time>
      </trkpt>
      <trkpt lat="46.4472076" lon="12.9777566">
        <ele>875.767756790247</ele>
        <time>2025-03-30T15:26:19.220Z</time>
      </trkpt>
      <trkpt lat="46.4472063" lon="12.9777135">
        <ele>874.9008029184145</ele>
        <time>2025-03-30T15:26:23.220Z</time>
      </trkpt>
      <trkpt lat="46.4472028" lon="12.9777073">
        <ele>874.8301482300558</ele>
        <time>2025-03-30T15:26:25.220Z</time>
      </trkpt>
      <trkpt lat="46.4471951" lon="12.9776945">
        <ele>874.7394653506502</ele>
        <time>2025-03-30T15:26:29.220Z</time>
      </trkpt>
      <trkpt lat="46.4471895" lon="12.9776838">
        <ele>874.650196198296</ele>
        <time>2025-03-30T15:26:32.220Z</time>
      </trkpt>
      <trkpt lat="46.4471811" lon="12.9776443">
        <ele>874.1095766346418</ele>
        <time>2025-03-30T15:26:38.220Z</time>
      </trkpt>
      <trkpt lat="46.4471769" lon="12.9776093">
        <ele>873.5356893802606</ele>
        <time>2025-03-30T15:26:40.220Z</time>
      </trkpt>
      <trkpt lat="46.4471868" lon="12.9775248">
        <ele>872.2557327027586</ele>
        <time>2025-03-30T15:26:45.220Z</time>
      </trkpt>
      <trkpt lat="46.4471662" lon="12.9774978">
        <ele>872.348214436792</ele>
        <time>2025-03-30T15:26:49.220Z</time>
      </trkpt>
      <trkpt lat="46.4471558" lon="12.9774984">
        <ele>872.5000881199038</ele>
        <time>2025-03-30T15:26:51.220Z</time>
      </trkpt>
      <trkpt lat="46.4471512" lon="12.9774899">
        <ele>872.5106968505734</ele>
        <time>2025-03-30T15:26:52.220Z</time>
      </trkpt>
      <trkpt lat="46.4471369" lon="12.9774569">
        <ele>872.5011312216072</ele>
        <time>2025-03-30T15:26:55.220Z</time>
      </trkpt>
      <trkpt lat="46.4471294" lon="12.9774419">
        <ele>872.5237228583865</ele>
        <time>2025-03-30T15:26:56.220Z</time>
      </trkpt>
      <trkpt lat="46.447106" lon="12.977398">
        <ele>872.8943632990448</ele>
        <time>2025-03-30T15:26:59.220Z</time>
      </trkpt>
      <trkpt lat="46.4470773" lon="12.9773879">
        <ele>873.3824691525864</ele>
        <time>2025-03-30T15:27:02.220Z</time>
      </trkpt>
      <trkpt lat="46.4470688" lon="12.9773908">
        <ele>873.5684049933958</ele>
        <time>2025-03-30T15:27:03.220Z</time>
      </trkpt>
      <trkpt lat="46.4470607" lon="12.9773951">
        <ele>873.746984105569</ele>
        <time>2025-03-30T15:27:04.220Z</time>
      </trkpt>
      <trkpt lat="46.4470327" lon="12.9773937">
        <ele>874.371879298966</ele>
        <time>2025-03-30T15:27:07.220Z</time>
      </trkpt>
      <trkpt lat="46.447023" lon="12.9773773">
        <ele>874.5787535426014</ele>
        <time>2025-03-30T15:27:09.220Z</time>
      </trkpt>
      <trkpt lat="46.4470216" lon="12.9773604">
        <ele>874.597189618656</ele>
        <time>2025-03-30T15:27:10.220Z</time>
      </trkpt>
      <trkpt lat="46.4470222" lon="12.9773014">
        <ele>874.9354392356914</ele>
        <time>2025-03-30T15:27:15.220Z</time>
      </trkpt>
      <trkpt lat="46.4470215" lon="12.9772316">
        <ele>875.9116350732335</ele>
        <time>2025-03-30T15:27:21.220Z</time>
      </trkpt>
      <trkpt lat="46.4470205" lon="12.9772242">
        <ele>876.0921877934728</ele>
        <time>2025-03-30T15:27:22.220Z</time>
      </trkpt>
      <trkpt lat="46.4470209" lon="12.9771982">
        <ele>876.6515564018326</ele>
        <time>2025-03-30T15:27:27.220Z</time>
      </trkpt>
      <trkpt lat="46.4470195" lon="12.9771888">
        <ele>876.8779052273225</ele>
        <time>2025-03-30T15:27:28.220Z</time>
      </trkpt>
      <trkpt lat="46.4470164" lon="12.9771333">
        <ele>878.5054857228604</ele>
        <time>2025-03-30T15:27:34.220Z</time>
      </trkpt>
      <trkpt lat="46.4470149" lon="12.9771304">
        <ele>878.6121380626694</ele>
        <time>2025-03-30T15:27:35.220Z</time>
      </trkpt>
      <trkpt lat="46.4469981" lon="12.9770833">
        <ele>880.1990644627433</ele>
        <time>2025-03-30T15:27:41.220Z</time>
      </trkpt>
      <trkpt lat="46.4469914" lon="12.9770689">
        <ele>880.7460633066394</ele>
        <time>2025-03-30T15:27:42.220Z</time>
      </trkpt>
      <trkpt lat="46.4469844" lon="12.9770592">
        <ele>881.106668707681</ele>
        <time>2025-03-30T15:27:44.220Z</time>
      </trkpt>
      <trkpt lat="46.4469682" lon="12.9770494">
        <ele>881.4624609063194</ele>
        <time>2025-03-30T15:27:48.220Z</time>
      </trkpt>
      <trkpt lat="46.4469525" lon="12.9770392">
        <ele>881.8903072074771</ele>
        <time>2025-03-30T15:27:49.220Z</time>
      </trkpt>
      <trkpt lat="46.4468924" lon="12.9769969">
        <ele>883.4999928787108</ele>
        <time>2025-03-30T15:27:53.220Z</time>
      </trkpt>
      <trkpt lat="46.4468707" lon="12.9769987">
        <ele>883.6726154130859</ele>
        <time>2025-03-30T15:27:54.220Z</time>
      </trkpt>
      <trkpt lat="46.4468038" lon="12.9768997">
        <ele>886.6093002900631</ele>
        <time>2025-03-30T15:28:00.220Z</time>
      </trkpt>
      <trkpt lat="46.4468017" lon="12.9768879">
        <ele>886.9211207831311</ele>
        <time>2025-03-30T15:28:01.220Z</time>
      </trkpt>
      <trkpt lat="46.4467967" lon="12.9768671">
        <ele>887.4746211915686</ele>
        <time>2025-03-30T15:28:03.220Z</time>
      </trkpt>
      <trkpt lat="46.4467621" lon="12.9768246">
        <ele>888.7613471391617</ele>
        <time>2025-03-30T15:28:07.220Z</time>
      </trkpt>
      <trkpt lat="46.4467443" lon="12.9768018">
        <ele>889.5458380074717</ele>
        <time>2025-03-30T15:28:11.220Z</time>
      </trkpt>
      <trkpt lat="46.4467331" lon="12.9767908">
        <ele>889.9419889411902</ele>
        <time>2025-03-30T15:28:12.220Z</time>
      </trkpt>
      <trkpt lat="46.4466716" lon="12.9767723">
        <ele>891.0274189359924</ele>
        <time>2025-03-30T15:28:18.220Z</time>
      </trkpt>
      <trkpt lat="46.4466237" lon="12.9767749">
        <ele>891.3609826616486</ele>
        <time>2025-03-30T15:28:24.220Z</time>
      </trkpt>
      <trkpt lat="46.4465855" lon="12.9767859">
        <ele>891.3775301538096</ele>
        <time>2025-03-30T15:28:27.220Z</time>
      </trkpt>
      <trkpt lat="46.4465753" lon="12.9767858">
        <ele>891.4669043235365</ele>
        <time>2025-03-30T15:28:28.220Z</time>
      </trkpt>
      <trkpt lat="46.4465631" lon="12.9767764">
        <ele>891.8159336461803</ele>
        <time>2025-03-30T15:28:29.220Z</time>
      </trkpt>
      <trkpt lat="46.4465503" lon="12.9767557">
        <ele>892.4454258999596</ele>
        <time>2025-03-30T15:28:30.220Z</time>
      </trkpt>
      <trkpt lat="46.4465013" lon="12.9766908">
        <ele>894.6164846941911</ele>
        <time>2025-03-30T15:28:34.220Z</time>
      </trkpt>
      <trkpt lat="46.4464836" lon="12.9766891">
        <ele>894.6715373941231</ele>
        <time>2025-03-30T15:28:35.220Z</time>
      </trkpt>
      <trkpt lat="46.4464496" lon="12.9766717">
        <ele>895.2096019269851</ele>
        <time>2025-03-30T15:28:38.220Z</time>
      </trkpt>
      <trkpt lat="46.446427" lon="12.9766668">
        <ele>895.2891481143866</ele>
        <time>2025-03-30T15:28:40.220Z</time>
      </trkpt>
      <trkpt lat="46.4464124" lon="12.9766513">
        <ele>895.687592071761</ele>
        <time>2025-03-30T15:28:43.220Z</time>
      </trkpt>
      <trkpt lat="46.4463974" lon="12.9766263">
        <ele>896.5839872166521</ele>
        <time>2025-03-30T15:28:46.220Z</time>
      </trkpt>
      <trkpt lat="46.4463576" lon="12.9765795">
        <ele>898.0398752386191</ele>
        <time>2025-03-30T15:28:51.220Z</time>
      </trkpt>
      <trkpt lat="46.4463407" lon="12.9765816">
        <ele>897.6750074379386</ele>
        <time>2025-03-30T15:28:54.220Z</time>
      </trkpt>
      <trkpt lat="46.4462901" lon="12.9766228">
        <ele>895.0588226805224</ele>
        <time>2025-03-30T15:29:00.220Z</time>
      </trkpt>
      <trkpt lat="46.446278" lon="12.9766213">
        <ele>894.8432779567712</ele>
        <time>2025-03-30T15:29:03.220Z</time>
      </trkpt>
      <trkpt lat="46.4462571" lon="12.9765991">
        <ele>895.2238457807352</ele>
        <time>2025-03-30T15:29:05.220Z</time>
      </trkpt>
      <trkpt lat="46.4462367" lon="12.9765846">
        <ele>895.2519323837176</ele>
        <time>2025-03-30T15:29:07.220Z</time>
      </trkpt>
      <trkpt lat="46.4462186" lon="12.9765742">
        <ele>895.1549254486774</ele>
        <time>2025-03-30T15:29:10.220Z</time>
      </trkpt>
      <trkpt lat="46.4462111" lon="12.9765713">
        <ele>895.0577168929651</ele>
        <time>2025-03-30T15:29:11.220Z</time>
      </trkpt>
      <trkpt lat="46.4461946" lon="12.9765638">
        <ele>894.9375037302126</ele>
        <time>2025-03-30T15:29:13.220Z</time>
      </trkpt>
      <trkpt lat="46.4461743" lon="12.9765449">
        <ele>895.1912949557577</ele>
        <time>2025-03-30T15:29:15.220Z</time>
      </trkpt>
      <trkpt lat="46.4461397" lon="12.9765178">
        <ele>895.3332319698588</ele>
        <time>2025-03-30T15:29:19.220Z</time>
      </trkpt>
      <trkpt lat="46.4461236" lon="12.9765154">
        <ele>894.9394149458767</ele>
        <time>2025-03-30T15:29:20.220Z</time>
      </trkpt>
      <trkpt lat="46.4460973" lon="12.976511">
        <ele>894.3094666345044</ele>
        <time>2025-03-30T15:29:22.220Z</time>
      </trkpt>
      <trkpt lat="46.4460456" lon="12.9764785">
        <ele>894.0271688578187</ele>
        <time>2025-03-30T15:29:27.220Z</time>
      </trkpt>
      <trkpt lat="46.4459845" lon="12.9764082">
        <ele>895.2074481021378</ele>
        <time>2025-03-30T15:29:32.220Z</time>
      </trkpt>
      <trkpt lat="46.4459491" lon="12.9763713">
        <ele>895.8329560689253</ele>
        <time>2025-03-30T15:29:35.220Z</time>
      </trkpt>
      <trkpt lat="46.4459214" lon="12.9763488">
        <ele>896.0009838016484</ele>
        <time>2025-03-30T15:29:37.220Z</time>
      </trkpt>
      <trkpt lat="46.4458961" lon="12.9763402">
        <ele>895.5429157786881</ele>
        <time>2025-03-30T15:29:39.220Z</time>
      </trkpt>
      <trkpt lat="46.4458556" lon="12.9763248">
        <ele>894.9940790156332</ele>
        <time>2025-03-30T15:29:42.220Z</time>
      </trkpt>
      <trkpt lat="46.4457991" lon="12.9762998">
        <ele>894.4616089757183</ele>
        <time>2025-03-30T15:29:46.220Z</time>
      </trkpt>
      <trkpt lat="46.4457706" lon="12.9762942">
        <ele>893.893181982748</ele>
        <time>2025-03-30T15:29:48.220Z</time>
      </trkpt>
      <trkpt lat="46.4457006" lon="12.9762609">
        <ele>893.4226765458149</ele>
        <time>2025-03-30T15:29:53.220Z</time>
      </trkpt>
      <trkpt lat="46.4456843" lon="12.9762599">
        <ele>892.9689613052711</ele>
        <time>2025-03-30T15:29:54.220Z</time>
      </trkpt>
      <trkpt lat="46.4456458" lon="12.9762366">
        <ele>892.728056013184</ele>
        <time>2025-03-30T15:29:57.220Z</time>
      </trkpt>
      <trkpt lat="46.445608" lon="12.976195">
        <ele>893.2036583371015</ele>
        <time>2025-03-30T15:30:01.220Z</time>
      </trkpt>
      <trkpt lat="46.4455936" lon="12.9761854">
        <ele>893.0495646393863</ele>
        <time>2025-03-30T15:30:02.220Z</time>
      </trkpt>
      <trkpt lat="46.4455431" lon="12.9761078">
        <ele>893.884244091142</ele>
        <time>2025-03-30T15:30:06.220Z</time>
      </trkpt>
      <trkpt lat="46.4455273" lon="12.9760681">
        <ele>894.602597739275</ele>
        <time>2025-03-30T15:30:08.220Z</time>
      </trkpt>
      <trkpt lat="46.4454905" lon="12.9760154">
        <ele>894.7252326680158</ele>
        <time>2025-03-30T15:30:12.220Z</time>
      </trkpt>
      <trkpt lat="46.445466" lon="12.9759939">
        <ele>894.2773034867973</ele>
        <time>2025-03-30T15:30:14.220Z</time>
      </trkpt>
      <trkpt lat="46.4454211" lon="12.9759419">
        <ele>893.7206652135199</ele>
        <time>2025-03-30T15:30:18.220Z</time>
      </trkpt>
      <trkpt lat="46.4453973" lon="12.9759065">
        <ele>893.5983896390802</ele>
        <time>2025-03-30T15:30:20.220Z</time>
      </trkpt>
      <trkpt lat="46.4453652" lon="12.9758554">
        <ele>893.4217000210584</ele>
        <time>2025-03-30T15:30:23.220Z</time>
      </trkpt>
      <trkpt lat="46.4453408" lon="12.9758109">
        <ele>893.3529838088331</ele>
        <time>2025-03-30T15:30:26.220Z</time>
      </trkpt>
      <trkpt lat="46.4453185" lon="12.9757755">
        <ele>893.0267193332584</ele>
        <time>2025-03-30T15:30:29.220Z</time>
      </trkpt>
      <trkpt lat="46.4453112" lon="12.9757643">
        <ele>892.8872166760411</ele>
        <time>2025-03-30T15:30:30.220Z</time>
      </trkpt>
      <trkpt lat="46.4453034" lon="12.9757496">
        <ele>892.8039257389665</ele>
        <time>2025-03-30T15:30:31.220Z</time>
      </trkpt>
      <trkpt lat="46.4452591" lon="12.9756691">
        <ele>892.214377951089</ele>
        <time>2025-03-30T15:30:37.220Z</time>
      </trkpt>
      <trkpt lat="46.4452534" lon="12.9756436">
        <ele>892.4842674765348</ele>
        <time>2025-03-30T15:30:38.220Z</time>
      </trkpt>
      <trkpt lat="46.4452039" lon="12.9754809">
        <ele>893.6167096052211</ele>
        <time>2025-03-30T15:30:44.220Z</time>
      </trkpt>
      <trkpt lat="46.4451506" lon="12.9753836">
        <ele>892.96653093295</ele>
        <time>2025-03-30T15:30:48.220Z</time>
      </trkpt>
      <trkpt lat="46.4451325" lon="12.9752718">
        <ele>895.200172932447</ele>
        <time>2025-03-30T15:30:53.220Z</time>
      </trkpt>
      <trkpt lat="46.4450978" lon="12.9751811">
        <ele>896.0236014784789</ele>
        <time>2025-03-30T15:30:57.220Z</time>
      </trkpt>
      <trkpt lat="46.4450941" lon="12.9751654">
        <ele>896.3408778245571</ele>
        <time>2025-03-30T15:30:58.220Z</time>
      </trkpt>
      <trkpt lat="46.4450297" lon="12.9750161">
        <ele>897.8817934934527</ele>
        <time>2025-03-30T15:31:04.220Z</time>
      </trkpt>
      <trkpt lat="46.4450214" lon="12.9749982">
        <ele>898.1098072065674</ele>
        <time>2025-03-30T15:31:05.220Z</time>
      </trkpt>
      <trkpt lat="46.4449787" lon="12.9749041">
        <ele>899.8208067315658</ele>
        <time>2025-03-30T15:31:09.220Z</time>
      </trkpt>
      <trkpt lat="46.4449569" lon="12.974856">
        <ele>900.9004156855062</ele>
        <time>2025-03-30T15:31:11.220Z</time>
      </trkpt>
      <trkpt lat="46.4449229" lon="12.9747375">
        <ele>904.7574367730667</ele>
        <time>2025-03-30T15:31:16.220Z</time>
      </trkpt>
      <trkpt lat="46.4449199" lon="12.9746958">
        <ele>906.4216923655988</ele>
        <time>2025-03-30T15:31:18.220Z</time>
      </trkpt>
      <trkpt lat="46.4449127" lon="12.9746106">
        <ele>909.824922589024</ele>
        <time>2025-03-30T15:31:21.220Z</time>
      </trkpt>
      <trkpt lat="46.4448968" lon="12.9745768">
        <ele>910.8002870946441</ele>
        <time>2025-03-30T15:31:22.220Z</time>
      </trkpt>
      <trkpt lat="46.44488" lon="12.974558">
        <ele>911.1800595975329</ele>
        <time>2025-03-30T15:31:23.220Z</time>
      </trkpt>
      <trkpt lat="46.4448373" lon="12.9745517">
        <ele>910.5363511666335</ele>
        <time>2025-03-30T15:31:25.220Z</time>
      </trkpt>
      <trkpt lat="46.4448154" lon="12.97456">
        <ele>909.7682398558833</ele>
        <time>2025-03-30T15:31:26.220Z</time>
      </trkpt>
      <trkpt lat="46.4447308" lon="12.9745651">
        <ele>908.0029933986494</ele>
        <time>2025-03-30T15:31:31.220Z</time>
      </trkpt>
      <trkpt lat="46.4446824" lon="12.9745629">
        <ele>907.2679613902244</ele>
        <time>2025-03-30T15:31:34.220Z</time>
      </trkpt>
      <trkpt lat="46.4446412" lon="12.974546">
        <ele>907.3023487826764</ele>
        <time>2025-03-30T15:31:37.220Z</time>
      </trkpt>
      <trkpt lat="46.4446073" lon="12.9745284">
        <ele>907.4571487232854</ele>
        <time>2025-03-30T15:31:40.220Z</time>
      </trkpt>
      <trkpt lat="46.4445966" lon="12.9745247">
        <ele>907.4163352061056</ele>
        <time>2025-03-30T15:31:41.220Z</time>
      </trkpt>
      <trkpt lat="46.4445612" lon="12.974493">
        <ele>908.0437293056407</ele>
        <time>2025-03-30T15:31:44.220Z</time>
      </trkpt>
      <trkpt lat="46.4445431" lon="12.9744927">
        <ele>907.6890615804133</ele>
        <time>2025-03-30T15:31:46.220Z</time>
      </trkpt>
      <trkpt lat="46.4445307" lon="12.9744881">
        <ele>907.5934865499039</ele>
        <time>2025-03-30T15:31:47.220Z</time>
      </trkpt>
      <trkpt lat="46.4444598" lon="12.9744267">
        <ele>908.2896809351033</ele>
        <time>2025-03-30T15:31:52.220Z</time>
      </trkpt>
      <trkpt lat="46.4444493" lon="12.9744116">
        <ele>908.5865717351852</ele>
        <time>2025-03-30T15:31:56.220Z</time>
      </trkpt>
      <trkpt lat="46.444438" lon="12.9744078">
        <ele>908.4045639749684</ele>
        <time>2025-03-30T15:31:58.220Z</time>
      </trkpt>
      <trkpt lat="46.4443986" lon="12.974394">
        <ele>907.6333851633601</ele>
        <time>2025-03-30T15:32:04.220Z</time>
      </trkpt>
      <trkpt lat="46.4443917" lon="12.9743881">
        <ele>907.61522496827</ele>
        <time>2025-03-30T15:32:05.220Z</time>
      </trkpt>
      <trkpt lat="46.4443835" lon="12.9743907">
        <ele>907.2240988034761</ele>
        <time>2025-03-30T15:32:06.220Z</time>
      </trkpt>
      <trkpt lat="46.4443629" lon="12.9743974">
        <ele>906.2349197586693</ele>
        <time>2025-03-30T15:32:08.220Z</time>
      </trkpt>
      <trkpt lat="46.4443256" lon="12.9744086">
        <ele>904.393661610085</ele>
        <time>2025-03-30T15:32:12.220Z</time>
      </trkpt>
      <trkpt lat="46.4443104" lon="12.9744234">
        <ele>903.2804195356322</ele>
        <time>2025-03-30T15:32:17.220Z</time>
      </trkpt>
      <trkpt lat="46.4443005" lon="12.9744254">
        <ele>902.8149843459449</ele>
        <time>2025-03-30T15:32:19.220Z</time>
      </trkpt>
      <trkpt lat="46.4442883" lon="12.9744123">
        <ele>902.7504600203514</ele>
        <time>2025-03-30T15:32:21.220Z</time>
      </trkpt>
      <trkpt lat="46.4442788" lon="12.9744003">
        <ele>902.7580679321351</ele>
        <time>2025-03-30T15:32:22.220Z</time>
      </trkpt>
      <trkpt lat="46.444239" lon="12.9743712">
        <ele>901.9783357657751</ele>
        <time>2025-03-30T15:32:25.220Z</time>
      </trkpt>
      <trkpt lat="46.4441845" lon="12.9743296">
        <ele>900.6378573196868</ele>
        <time>2025-03-30T15:32:29.220Z</time>
      </trkpt>
      <trkpt lat="46.4441701" lon="12.9743179">
        <ele>900.2586656834028</ele>
        <time>2025-03-30T15:32:30.220Z</time>
      </trkpt>
      <trkpt lat="46.444103" lon="12.974218">
        <ele>899.705574456603</ele>
        <time>2025-03-30T15:32:35.220Z</time>
      </trkpt>
      <trkpt lat="46.4440919" lon="12.9740778">
        <ele>903.0252689287073</ele>
        <time>2025-03-30T15:32:39.220Z</time>
      </trkpt>
      <trkpt lat="46.4440867" lon="12.97401">
        <ele>904.6397408042105</ele>
        <time>2025-03-30T15:32:41.220Z</time>
      </trkpt>
      <trkpt lat="46.4440502" lon="12.9738524">
        <ele>907.5475388390898</ele>
        <time>2025-03-30T15:32:47.220Z</time>
      </trkpt>
      <trkpt lat="46.4440303" lon="12.9738026">
        <ele>908.2120681833094</ele>
        <time>2025-03-30T15:32:49.220Z</time>
      </trkpt>
      <trkpt lat="46.4439631" lon="12.9736714">
        <ele>909.9107647674258</ele>
        <time>2025-03-30T15:32:55.220Z</time>
      </trkpt>
      <trkpt lat="46.4439504" lon="12.9736533">
        <ele>910.011969805576</ele>
        <time>2025-03-30T15:32:56.220Z</time>
      </trkpt>
      <trkpt lat="46.443904" lon="12.9735919">
        <ele>910.5175055565203</ele>
        <time>2025-03-30T15:33:00.220Z</time>
      </trkpt>
      <trkpt lat="46.4438897" lon="12.9735737">
        <ele>910.6293038362693</ele>
        <time>2025-03-30T15:33:01.220Z</time>
      </trkpt>
      <trkpt lat="46.4438428" lon="12.9735447">
        <ele>909.987387504354</ele>
        <time>2025-03-30T15:33:04.220Z</time>
      </trkpt>
      <trkpt lat="46.4438052" lon="12.9735321">
        <ele>909.1591849146855</ele>
        <time>2025-03-30T15:33:06.220Z</time>
      </trkpt>
      <trkpt lat="46.4437085" lon="12.973528">
        <ele>906.129129098841</ele>
        <time>2025-03-30T15:33:12.220Z</time>
      </trkpt>
      <trkpt lat="46.4436914" lon="12.9735208">
        <ele>905.6591241413863</ele>
        <time>2025-03-30T15:33:13.220Z</time>
      </trkpt>
      <trkpt lat="46.4436771" lon="12.9735082">
        <ele>905.4098216763782</ele>
        <time>2025-03-30T15:33:14.220Z</time>
      </trkpt>
      <trkpt lat="46.4436373" lon="12.9734585">
        <ele>904.8415850877836</ele>
        <time>2025-03-30T15:33:17.220Z</time>
      </trkpt>
      <trkpt lat="46.4436251" lon="12.9734136">
        <ele>905.1866732355862</ele>
        <time>2025-03-30T15:33:19.220Z</time>
      </trkpt>
      <trkpt lat="46.4436332" lon="12.9733328">
        <ele>907.1935944429414</ele>
        <time>2025-03-30T15:33:23.220Z</time>
      </trkpt>
      <trkpt lat="46.4436463" lon="12.9732618">
        <ele>909.374771139127</ele>
        <time>2025-03-30T15:33:26.220Z</time>
      </trkpt>
      <trkpt lat="46.4436325" lon="12.9732153">
        <ele>909.4761811170623</ele>
        <time>2025-03-30T15:33:29.220Z</time>
      </trkpt>
      <trkpt lat="46.4436241" lon="12.9731737">
        <ele>909.7135176388551</ele>
        <time>2025-03-30T15:33:31.220Z</time>
      </trkpt>
      <trkpt lat="46.4436159" lon="12.9731401">
        <ele>909.7819952152215</ele>
        <time>2025-03-30T15:33:33.220Z</time>
      </trkpt>
      <trkpt lat="46.4436077" lon="12.9730653">
        <ele>910.606492098276</ele>
        <time>2025-03-30T15:33:37.220Z</time>
      </trkpt>
      <trkpt lat="46.4436073" lon="12.9730465">
        <ele>910.9151396809468</ele>
        <time>2025-03-30T15:33:38.220Z</time>
      </trkpt>
      <trkpt lat="46.4436091" lon="12.9729729">
        <ele>912.2873216701269</ele>
        <time>2025-03-30T15:33:42.220Z</time>
      </trkpt>
      <trkpt lat="46.443622" lon="12.9729215">
        <ele>914.1649628551073</ele>
        <time>2025-03-30T15:33:45.220Z</time>
      </trkpt>
      <trkpt lat="46.4436288" lon="12.9729041">
        <ele>914.9926981924815</ele>
        <time>2025-03-30T15:33:49.220Z</time>
      </trkpt>
      <trkpt lat="46.443643" lon="12.9728627">
        <ele>916.7745911711836</ele>
        <time>2025-03-30T15:33:55.220Z</time>
      </trkpt>
      <trkpt lat="46.4436444" lon="12.9728535">
        <ele>917.0204564692926</ele>
        <time>2025-03-30T15:33:56.220Z</time>
      </trkpt>
      <trkpt lat="46.4436505" lon="12.9728012">
        <ele>918.2767254963521</ele>
        <time>2025-03-30T15:34:02.220Z</time>
      </trkpt>
      <trkpt lat="46.4436591" lon="12.9727829">
        <ele>919.174671980836</ele>
        <time>2025-03-30T15:34:05.220Z</time>
      </trkpt>
      <trkpt lat="46.4436642" lon="12.9727511">
        <ele>919.9695808837151</ele>
        <time>2025-03-30T15:34:07.220Z</time>
      </trkpt>
      <trkpt lat="46.4436554" lon="12.9726355">
        <ele>920.7005596554366</ele>
        <time>2025-03-30T15:34:13.220Z</time>
      </trkpt>
      <trkpt lat="46.4436201" lon="12.9724964">
        <ele>919.717392060475</ele>
        <time>2025-03-30T15:34:17.220Z</time>
      </trkpt>
      <trkpt lat="46.4436162" lon="12.9724773">
        <ele>919.7035274827608</ele>
        <time>2025-03-30T15:34:18.220Z</time>
      </trkpt>
      <trkpt lat="46.4436202" lon="12.9723837">
        <ele>921.2271956320233</ele>
        <time>2025-03-30T15:34:22.220Z</time>
      </trkpt>
      <trkpt lat="46.4436119" lon="12.9723462">
        <ele>921.2538218278189</ele>
        <time>2025-03-30T15:34:24.220Z</time>
      </trkpt>
      <trkpt lat="46.4436088" lon="12.9723364">
        <ele>921.2118319091443</ele>
        <time>2025-03-30T15:34:28.220Z</time>
      </trkpt>
      <trkpt lat="46.4436047" lon="12.9723213">
        <ele>921.1900812744677</ele>
        <time>2025-03-30T15:34:30.220Z</time>
      </trkpt>
      <trkpt lat="46.4435933" lon="12.9722863">
        <ele>921.0402747529535</ele>
        <time>2025-03-30T15:34:34.220Z</time>
      </trkpt>
      <trkpt lat="46.443589" lon="12.9722644">
        <ele>921.1590619419559</ele>
        <time>2025-03-30T15:34:37.220Z</time>
      </trkpt>
      <trkpt lat="46.4435841" lon="12.9722363">
        <ele>921.366085774428</ele>
        <time>2025-03-30T15:34:40.220Z</time>
      </trkpt>
      <trkpt lat="46.4435831" lon="12.9722229">
        <ele>921.5380173682075</ele>
        <time>2025-03-30T15:34:41.220Z</time>
      </trkpt>
      <trkpt lat="46.4435701" lon="12.9721413">
        <ele>922.1270399692174</ele>
        <time>2025-03-30T15:34:47.220Z</time>
      </trkpt>
      <trkpt lat="46.4435608" lon="12.972057">
        <ele>922.8986126581467</ele>
        <time>2025-03-30T15:34:53.220Z</time>
      </trkpt>
      <trkpt lat="46.4435595" lon="12.9720124">
        <ele>923.4918105130228</ele>
        <time>2025-03-30T15:34:56.220Z</time>
      </trkpt>
      <trkpt lat="46.443563" lon="12.971943">
        <ele>924.6726420828757</ele>
        <time>2025-03-30T15:35:02.220Z</time>
      </trkpt>
      <trkpt lat="46.443572" lon="12.9719085">
        <ele>925.5834552060719</ele>
        <time>2025-03-30T15:35:05.220Z</time>
      </trkpt>
      <trkpt lat="46.4435867" lon="12.9718784">
        <ele>926.6573540035815</ele>
        <time>2025-03-30T15:35:08.220Z</time>
      </trkpt>
      <trkpt lat="46.4436057" lon="12.9718355">
        <ele>928.1021799409356</ele>
        <time>2025-03-30T15:35:12.220Z</time>
      </trkpt>
      <trkpt lat="46.44361" lon="12.9718251">
        <ele>928.4321744262709</ele>
        <time>2025-03-30T15:35:13.220Z</time>
      </trkpt>
      <trkpt lat="46.443644" lon="12.971777">
        <ele>930.5357425466655</ele>
        <time>2025-03-30T15:35:19.220Z</time>
      </trkpt>
      <trkpt lat="46.443651" lon="12.971787">
        <ele>930.7048821698929</ele>
        <time>2025-03-30T15:35:20.220Z</time>
      </trkpt>
      <trkpt lat="46.4436547" lon="12.9717853">
        <ele>930.8909448978437</ele>
        <time>2025-03-30T15:35:21.220Z</time>
      </trkpt>
      <trkpt lat="46.4436576" lon="12.9717805">
        <ele>931.0873300571393</ele>
        <time>2025-03-30T15:35:23.220Z</time>
      </trkpt>
      <trkpt lat="46.4436687" lon="12.9717711">
        <ele>931.7170226676539</ele>
        <time>2025-03-30T15:35:25.220Z</time>
      </trkpt>
      <trkpt lat="46.4436746" lon="12.9717703">
        <ele>931.9982230639167</ele>
        <time>2025-03-30T15:35:26.220Z</time>
      </trkpt>
      <trkpt lat="46.4436822" lon="12.9717711">
        <ele>932.3392992955703</ele>
        <time>2025-03-30T15:35:27.220Z</time>
      </trkpt>
      <trkpt lat="46.4436898" lon="12.9717735">
        <ele>932.6640465163857</ele>
        <time>2025-03-30T15:35:30.220Z</time>
      </trkpt>
      <trkpt lat="46.44369" lon="12.971773">
        <ele>932.6786152926577</ele>
        <time>2025-03-30T15:35:30.248Z</time>
      </trkpt>
      <trkpt lat="46.443706" lon="12.971689">
        <ele>934.3969944746096</ele>
        <time>2025-03-30T15:35:34.477Z</time>
      </trkpt>
      <trkpt lat="46.4437" lon="12.971628">
        <ele>934.9512956686652</ele>
        <time>2025-03-30T15:35:37.467Z</time>
      </trkpt>
      <trkpt lat="46.443683" lon="12.971589">
        <ele>934.8588399229666</ele>
        <time>2025-03-30T15:35:39.706Z</time>
      </trkpt>
      <trkpt lat="46.443646" lon="12.971559">
        <ele>934.0837546312694</ele>
        <time>2025-03-30T15:35:42.690Z</time>
      </trkpt>
      <trkpt lat="46.443601" lon="12.971546">
        <ele>932.9321161131951</ele>
        <time>2025-03-30T15:35:45.918Z</time>
      </trkpt>
      <trkpt lat="46.443568" lon="12.971537">
        <ele>932.1947510904828</ele>
        <time>2025-03-30T15:35:48.280Z</time>
      </trkpt>
      <trkpt lat="46.443479" lon="12.97154">
        <ele>929.848871129421</ele>
        <time>2025-03-30T15:35:54.544Z</time>
      </trkpt>
      <trkpt lat="46.443416" lon="12.971491">
        <ele>929.3683948132414</ele>
        <time>2025-03-30T15:35:59.573Z</time>
      </trkpt>
      <trkpt lat="46.443351" lon="12.971396">
        <ele>929.8274110793672</ele>
        <time>2025-03-30T15:36:06.064Z</time>
      </trkpt>
      <trkpt lat="46.443221" lon="12.971108">
        <ele>932.433086670843</ele>
        <time>2025-03-30T15:36:22.757Z</time>
      </trkpt>
      <trkpt lat="46.442883" lon="12.970188">
        <ele>940.5162171657647</ele>
        <time>2025-03-30T15:37:13.308Z</time>
      </trkpt>
      <trkpt lat="46.442746" lon="12.969931">
        <ele>940.4775590994245</ele>
        <time>2025-03-30T15:37:34.716Z</time>
      </trkpt>
      <trkpt lat="46.442662" lon="12.969715">
        <ele>943.1667758617091</ele>
        <time>2025-03-30T15:37:51.057Z</time>
      </trkpt>
      <trkpt lat="46.442592" lon="12.969589">
        <ele>943.616972021395</ele>
        <time>2025-03-30T15:38:01.721Z</time>
      </trkpt>
      <trkpt lat="46.442477" lon="12.969453">
        <ele>942.7706980937186</ele>
        <time>2025-03-30T15:38:15.905Z</time>
      </trkpt>
      <trkpt lat="46.442367" lon="12.969365">
        <ele>941.595670692766</ele>
        <time>2025-03-30T15:38:27.915Z</time>
      </trkpt>
      <trkpt lat="46.442229" lon="12.969295">
        <ele>939.5339067498107</ele>
        <time>2025-03-30T15:38:41.893Z</time>
      </trkpt>
      <trkpt lat="46.442015" lon="12.969265">
        <ele>935.1689173637097</ele>
        <time>2025-03-30T15:39:02.450Z</time>
      </trkpt>
      <trkpt lat="46.442016" lon="12.969327">
        <ele>933.9861842469179</ele>
        <time>2025-03-30T15:39:06.536Z</time>
      </trkpt>
      <trkpt lat="46.441947" lon="12.969256">
        <ele>933.6739746749801</ele>
        <time>2025-03-30T15:39:14.623Z</time>
      </trkpt>
      <trkpt lat="46.441809" lon="12.969246">
        <ele>930.0379546872808</ele>
        <time>2025-03-30T15:39:27.834Z</time>
      </trkpt>
      <trkpt lat="46.441707" lon="12.969197">
        <ele>927.5704874602751</ele>
        <time>2025-03-30T15:39:38.107Z</time>
      </trkpt>
      <trkpt lat="46.441626" lon="12.969124">
        <ele>926.0298312939134</ele>
        <time>2025-03-30T15:39:47.224Z</time>
      </trkpt>
      <trkpt lat="46.441502" lon="12.969166">
        <ele>922.1045062071187</ele>
        <time>2025-03-30T15:39:59.399Z</time>
      </trkpt>
      <trkpt lat="46.441445" lon="12.969132">
        <ele>921.0659053712591</ele>
        <time>2025-03-30T15:40:05.295Z</time>
      </trkpt>
      <trkpt lat="46.441405" lon="12.969109">
        <ele>920.3034701245542</ele>
        <time>2025-03-30T15:40:09.411Z</time>
      </trkpt>
      <trkpt lat="46.441261" lon="12.969056">
        <ele>917.5289562508935</ele>
        <time>2025-03-30T15:40:23.625Z</time>
      </trkpt>
      <trkpt lat="46.441192" lon="12.96897">
        <ele>917.0769146163132</ele>
        <time>2025-03-30T15:40:32.328Z</time>
      </trkpt>
      <trkpt lat="46.440911" lon="12.969106">
        <ele>908.6503062794609</ele>
        <time>2025-03-30T15:41:00.671Z</time>
      </trkpt>
      <trkpt lat="46.440829" lon="12.969087">
        <ele>906.8625148330982</ele>
        <time>2025-03-30T15:41:08.616Z</time>
      </trkpt>
      <trkpt lat="46.440746" lon="12.969121">
        <ele>904.3657856381506</ele>
        <time>2025-03-30T15:41:16.868Z</time>
      </trkpt>
      <trkpt lat="46.440673" lon="12.968843">
        <ele>904.9206003232798</ele>
        <time>2025-03-30T15:41:36.484Z</time>
      </trkpt>
      <trkpt lat="46.440596" lon="12.968721">
        <ele>903.8161416409488</ele>
        <time>2025-03-30T15:41:47.392Z</time>
      </trkpt>
      <trkpt lat="46.440443" lon="12.96861">
        <ele>901.4764027405568</ele>
        <time>2025-03-30T15:42:03.759Z</time>
      </trkpt>
    </trkseg>
  </trk>
</gpx>
