<?xml version="1.0" encoding="UTF-8"?>
<gpx creator="https://gpx.studio" version="1.1" xmlns="http://www.topografix.com/GPX/1/1" xmlns:xsi="http://www.w3.org/2001/XMLSchema-instance" xsi:schemaLocation="http://www.topografix.com/GPX/1/1 http://www.topografix.com/GPX/1/1/gpx.xsd http://www.garmin.com/xmlschemas/GpxExtensions/v3 http://www.garmin.com/xmlschemas/GpxExtensionsv3.xsd http://www.garmin.com/xmlschemas/TrackPointExtension/v1 http://www.garmin.com/xmlschemas/TrackPointExtensionv1.xsd http://www.garmin.com/xmlschemas/PowerExtension/v1 http://www.garmin.com/xmlschemas/PowerExtensionv1.xsd http://www.topografix.com/GPX/gpx_style/0/2 http://www.topografix.com/GPX/gpx_style/0/2/gpx_style.xsd" xmlns:gpxtpx="http://www.garmin.com/xmlschemas/TrackPointExtension/v1" xmlns:gpxx="http://www.garmin.com/xmlschemas/GpxExtensions/v3" xmlns:gpxpx="http://www.garmin.com/xmlschemas/PowerExtension/v1" xmlns:gpx_style="http://www.topografix.com/GPX/gpx_style/0/2">
  <metadata>
    <name>LAU-MTB-1</name>
    <author>
      <name>gpx.studio</name>
      <link href="https://gpx.studio"/>
    </author>
  </metadata>
  <trk>
    <name>LAU-MTB-1</name>
    <trkseg>
      <trkpt lat="46.422769" lon="12.93163">
        <ele>718.9061322611958</ele>
      </trkpt>
      <trkpt lat="46.422826" lon="12.931669">
        <ele>719.1728017243515</ele>
      </trkpt>
      <trkpt lat="46.422958" lon="12.931699">
        <ele>720.1545879161927</ele>
      </trkpt>
      <trkpt lat="46.423062" lon="12.931683">
        <ele>720.9376536479907</ele>
      </trkpt>
      <trkpt lat="46.423186" lon="12.931686">
        <ele>722.3487875340827</ele>
      </trkpt>
      <trkpt lat="46.423203" lon="12.931754">
        <ele>722.9804929019125</ele>
      </trkpt>
      <trkpt lat="46.423239" lon="12.931811">
        <ele>723.6482286912167</ele>
      </trkpt>
      <trkpt lat="46.423291" lon="12.931924">
        <ele>724.7674460473465</ele>
      </trkpt>
      <trkpt lat="46.423317" lon="12.932022">
        <ele>725.5045634276828</ele>
      </trkpt>
      <trkpt lat="46.423318" lon="12.932395">
        <ele>726.984148062571</ele>
      </trkpt>
      <trkpt lat="46.4234" lon="12.932635">
        <ele>729.792179245711</ele>
      </trkpt>
      <trkpt lat="46.423405" lon="12.932679">
        <ele>730.350727228894</ele>
      </trkpt>
      <trkpt lat="46.423404" lon="12.932744">
        <ele>731.0580519830884</ele>
      </trkpt>
      <trkpt lat="46.423374" lon="12.932837">
        <ele>731.814518533789</ele>
      </trkpt>
      <trkpt lat="46.423293" lon="12.932951">
        <ele>732.3330771092147</ele>
      </trkpt>
      <trkpt lat="46.423072" lon="12.933126">
        <ele>731.1838000430107</ele>
      </trkpt>
      <trkpt lat="46.423006" lon="12.933203">
        <ele>730.9914872904751</ele>
      </trkpt>
      <trkpt lat="46.42295" lon="12.933293">
        <ele>731.0726655993551</ele>
      </trkpt>
      <trkpt lat="46.422919" lon="12.933377">
        <ele>731.1488800757506</ele>
      </trkpt>
      <trkpt lat="46.422882" lon="12.933516">
        <ele>731.2745694897502</ele>
      </trkpt>
      <trkpt lat="46.42287" lon="12.933606">
        <ele>731.432250043309</ele>
      </trkpt>
      <trkpt lat="46.42288" lon="12.933737">
        <ele>731.7477956093456</ele>
      </trkpt>
      <trkpt lat="46.422904" lon="12.933797">
        <ele>732.0692073502564</ele>
      </trkpt>
      <trkpt lat="46.422943" lon="12.933853">
        <ele>732.4959894600655</ele>
      </trkpt>
      <trkpt lat="46.422984" lon="12.933887">
        <ele>732.8235922224703</ele>
      </trkpt>
      <trkpt lat="46.423082" lon="12.93393">
        <ele>733.6155049013614</ele>
      </trkpt>
      <trkpt lat="46.423151" lon="12.933925">
        <ele>734.0637605938537</ele>
      </trkpt>
      <trkpt lat="46.423226" lon="12.933881">
        <ele>734.6362308494458</ele>
      </trkpt>
      <trkpt lat="46.423523" lon="12.93352">
        <ele>738.0783528426272</ele>
      </trkpt>
      <trkpt lat="46.423616" lon="12.933452">
        <ele>739.1967110098386</ele>
      </trkpt>
      <trkpt lat="46.423891" lon="12.933182">
        <ele>741.1895992410031</ele>
      </trkpt>
      <trkpt lat="46.423931" lon="12.933132">
        <ele>741.5221578008284</ele>
      </trkpt>
      <trkpt lat="46.423977" lon="12.933038">
        <ele>741.8973801104436</ele>
      </trkpt>
      <trkpt lat="46.424035" lon="12.932762">
        <ele>742.4278201945583</ele>
      </trkpt>
      <trkpt lat="46.424058" lon="12.932707">
        <ele>742.5060823773373</ele>
      </trkpt>
      <trkpt lat="46.424141" lon="12.932661">
        <ele>743.3629059082416</ele>
      </trkpt>
      <trkpt lat="46.424378" lon="12.93249">
        <ele>745.1576697198359</ele>
      </trkpt>
      <trkpt lat="46.424451" lon="12.932481">
        <ele>745.8449303644945</ele>
      </trkpt>
      <trkpt lat="46.424534" lon="12.932496">
        <ele>746.7092201201756</ele>
      </trkpt>
      <trkpt lat="46.424621" lon="12.932486">
        <ele>747.7663094677694</ele>
      </trkpt>
      <trkpt lat="46.42467" lon="12.93248">
        <ele>748.3816239292105</ele>
      </trkpt>
      <trkpt lat="46.424886" lon="12.932405">
        <ele>750.2684298523341</ele>
      </trkpt>
      <trkpt lat="46.425141" lon="12.932374">
        <ele>750.9422338945873</ele>
      </trkpt>
      <trkpt lat="46.425257" lon="12.932345">
        <ele>751.7066737746576</ele>
      </trkpt>
      <trkpt lat="46.425327" lon="12.932315">
        <ele>752.3433375887884</ele>
      </trkpt>
      <trkpt lat="46.425399" lon="12.932268">
        <ele>753.0538793115722</ele>
      </trkpt>
      <trkpt lat="46.425649" lon="12.932028">
        <ele>754.2199131267275</ele>
      </trkpt>
      <trkpt lat="46.425708" lon="12.931992">
        <ele>754.5693836231695</ele>
      </trkpt>
      <trkpt lat="46.425801" lon="12.931986">
        <ele>755.1703129670794</ele>
      </trkpt>
      <trkpt lat="46.425844" lon="12.932004">
        <ele>755.4431025454063</ele>
      </trkpt>
      <trkpt lat="46.425897" lon="12.932057">
        <ele>755.7401071080491</ele>
      </trkpt>
      <trkpt lat="46.42595" lon="12.932152">
        <ele>756.3232250293803</ele>
      </trkpt>
      <trkpt lat="46.425983" lon="12.932235">
        <ele>756.8831049554742</ele>
      </trkpt>
      <trkpt lat="46.426026" lon="12.932363">
        <ele>758.0753893981632</ele>
      </trkpt>
      <trkpt lat="46.426054" lon="12.93249">
        <ele>759.3630118059157</ele>
      </trkpt>
      <trkpt lat="46.426065" lon="12.932578">
        <ele>760.1784744030558</ele>
      </trkpt>
      <trkpt lat="46.426065" lon="12.932896">
        <ele>761.2780967781339</ele>
      </trkpt>
      <trkpt lat="46.426083" lon="12.932995">
        <ele>761.7091139488391</ele>
      </trkpt>
      <trkpt lat="46.426115" lon="12.933073">
        <ele>762.0970312216843</ele>
      </trkpt>
      <trkpt lat="46.426175" lon="12.933128">
        <ele>762.9354397619256</ele>
      </trkpt>
      <trkpt lat="46.426311" lon="12.933205">
        <ele>764.830425456455</ele>
      </trkpt>
      <trkpt lat="46.426373" lon="12.933263">
        <ele>765.826881500834</ele>
      </trkpt>
      <trkpt lat="46.42642" lon="12.933341">
        <ele>766.8704340188322</ele>
      </trkpt>
      <trkpt lat="46.426442" lon="12.933419">
        <ele>767.8083184323557</ele>
      </trkpt>
      <trkpt lat="46.426443" lon="12.933516">
        <ele>768.6903933239744</ele>
      </trkpt>
      <trkpt lat="46.426397" lon="12.933731">
        <ele>770.5498255603815</ele>
      </trkpt>
      <trkpt lat="46.426273" lon="12.934211">
        <ele>771.4443169725313</ele>
      </trkpt>
      <trkpt lat="46.426261" lon="12.934285">
        <ele>771.6937782593994</ele>
      </trkpt>
      <trkpt lat="46.426261" lon="12.934348">
        <ele>772.1413420734079</ele>
      </trkpt>
      <trkpt lat="46.42627" lon="12.934393">
        <ele>772.2421155714392</ele>
      </trkpt>
      <trkpt lat="46.426285" lon="12.934436">
        <ele>772.3866612300632</ele>
      </trkpt>
      <trkpt lat="46.42631" lon="12.934465">
        <ele>772.6486226362825</ele>
      </trkpt>
      <trkpt lat="46.426353" lon="12.934485">
        <ele>773.1090438523795</ele>
      </trkpt>
      <trkpt lat="46.426403" lon="12.934493">
        <ele>773.559117320638</ele>
      </trkpt>
      <trkpt lat="46.42648" lon="12.93448">
        <ele>774.2436506510624</ele>
      </trkpt>
      <trkpt lat="46.426755" lon="12.934406">
        <ele>776.3417133715159</ele>
      </trkpt>
      <trkpt lat="46.427055" lon="12.934297">
        <ele>779.2004368613175</ele>
      </trkpt>
      <trkpt lat="46.427169" lon="12.934274">
        <ele>779.8712730369589</ele>
      </trkpt>
      <trkpt lat="46.42753" lon="12.93425">
        <ele>781.821500340955</ele>
      </trkpt>
      <trkpt lat="46.427694" lon="12.934226">
        <ele>784.4327175607245</ele>
      </trkpt>
      <trkpt lat="46.42779" lon="12.934236">
        <ele>785.771096279246</ele>
      </trkpt>
      <trkpt lat="46.427834" lon="12.934257">
        <ele>786.3965061092078</ele>
      </trkpt>
      <trkpt lat="46.427892" lon="12.934318">
        <ele>787.3220889556967</ele>
      </trkpt>
      <trkpt lat="46.428026" lon="12.934558">
        <ele>789.925191709066</ele>
      </trkpt>
      <trkpt lat="46.428136" lon="12.934779">
        <ele>791.9037810372536</ele>
      </trkpt>
      <trkpt lat="46.428191" lon="12.934908">
        <ele>792.8441030338479</ele>
      </trkpt>
      <trkpt lat="46.428288" lon="12.935189">
        <ele>795.0272790612971</ele>
      </trkpt>
      <trkpt lat="46.428379" lon="12.935551">
        <ele>797.2590997570027</ele>
      </trkpt>
      <trkpt lat="46.428436" lon="12.935885">
        <ele>800.7142514724484</ele>
      </trkpt>
      <trkpt lat="46.428453" lon="12.936079">
        <ele>801.8483527633748</ele>
      </trkpt>
      <trkpt lat="46.428447" lon="12.936267">
        <ele>802.7363962790979</ele>
      </trkpt>
      <trkpt lat="46.428395" lon="12.936622">
        <ele>804.9526318825625</ele>
      </trkpt>
      <trkpt lat="46.428383" lon="12.936819">
        <ele>806.2363745009064</ele>
      </trkpt>
      <trkpt lat="46.428394" lon="12.93692">
        <ele>807.1953831520073</ele>
      </trkpt>
      <trkpt lat="46.428436" lon="12.937091">
        <ele>809.5398068853491</ele>
      </trkpt>
      <trkpt lat="46.428489" lon="12.937224">
        <ele>811.1929854399909</ele>
      </trkpt>
      <trkpt lat="46.428531" lon="12.937361">
        <ele>812.4238213274948</ele>
      </trkpt>
      <trkpt lat="46.428548" lon="12.937443">
        <ele>812.9633803761528</ele>
      </trkpt>
      <trkpt lat="46.428625" lon="12.938124">
        <ele>817.8714045603134</ele>
      </trkpt>
      <trkpt lat="46.428646" lon="12.938215">
        <ele>818.4406275620797</ele>
      </trkpt>
      <trkpt lat="46.4289" lon="12.939003">
        <ele>825.4104141415737</ele>
      </trkpt>
      <trkpt lat="46.429353" lon="12.940096">
        <ele>831.623954886225</ele>
      </trkpt>
      <trkpt lat="46.429381" lon="12.940137">
        <ele>831.9960958376043</ele>
      </trkpt>
      <trkpt lat="46.429454" lon="12.940197">
        <ele>833.5540546160129</ele>
      </trkpt>
      <trkpt lat="46.429685" lon="12.940323">
        <ele>835.0717222945752</ele>
      </trkpt>
      <trkpt lat="46.429866" lon="12.940359">
        <ele>836.3995235742212</ele>
      </trkpt>
      <trkpt lat="46.430106" lon="12.940358">
        <ele>838.4898054745133</ele>
      </trkpt>
      <trkpt lat="46.430522" lon="12.940376">
        <ele>840.3945929752315</ele>
      </trkpt>
      <trkpt lat="46.430613" lon="12.94037">
        <ele>840.6852175345956</ele>
      </trkpt>
      <trkpt lat="46.431002" lon="12.940271">
        <ele>843.5385862101073</ele>
      </trkpt>
      <trkpt lat="46.431091" lon="12.940279">
        <ele>844.3991484318288</ele>
      </trkpt>
      <trkpt lat="46.43112" lon="12.940306">
        <ele>844.3757686962833</ele>
      </trkpt>
      <trkpt lat="46.431158" lon="12.940391">
        <ele>844.1796405195992</ele>
      </trkpt>
      <trkpt lat="46.431166" lon="12.940485">
        <ele>844.3108101322107</ele>
      </trkpt>
      <trkpt lat="46.431161" lon="12.940535">
        <ele>844.4870092482308</ele>
      </trkpt>
      <trkpt lat="46.431141" lon="12.94061">
        <ele>845.3586230015093</ele>
      </trkpt>
      <trkpt lat="46.431109" lon="12.940662">
        <ele>845.9463732111592</ele>
      </trkpt>
      <trkpt lat="46.430924" lon="12.94083">
        <ele>848.3603189484497</ele>
      </trkpt>
      <trkpt lat="46.430843" lon="12.94094">
        <ele>849.9867579661325</ele>
      </trkpt>
      <trkpt lat="46.430672" lon="12.941225">
        <ele>854.424907392153</ele>
      </trkpt>
      <trkpt lat="46.430608" lon="12.941362">
        <ele>855.858963665013</ele>
      </trkpt>
      <trkpt lat="46.430539" lon="12.941574">
        <ele>857.4164697424872</ele>
      </trkpt>
      <trkpt lat="46.430484" lon="12.94178">
        <ele>859.2143374850858</ele>
      </trkpt>
      <trkpt lat="46.43043" lon="12.941887">
        <ele>860.4165805322363</ele>
      </trkpt>
      <trkpt lat="46.430311" lon="12.942027">
        <ele>862.4861139382604</ele>
      </trkpt>
      <trkpt lat="46.430098" lon="12.942188">
        <ele>864.3939378890377</ele>
      </trkpt>
      <trkpt lat="46.42997" lon="12.94227">
        <ele>866.1959154075431</ele>
      </trkpt>
      <trkpt lat="46.429936" lon="12.942278">
        <ele>866.5008871273926</ele>
      </trkpt>
      <trkpt lat="46.429829" lon="12.942267">
        <ele>867.4522550638956</ele>
      </trkpt>
      <trkpt lat="46.429596" lon="12.942191">
        <ele>867.7121371187408</ele>
      </trkpt>
      <trkpt lat="46.429171" lon="12.942132">
        <ele>871.2876328823497</ele>
      </trkpt>
      <trkpt lat="46.429042" lon="12.942121">
        <ele>871.2940094497983</ele>
      </trkpt>
      <trkpt lat="46.428968" lon="12.942125">
        <ele>871.2390352456695</ele>
      </trkpt>
      <trkpt lat="46.428523" lon="12.942314">
        <ele>872.4816294078557</ele>
      </trkpt>
      <trkpt lat="46.428446" lon="12.942318">
        <ele>872.7124042986705</ele>
      </trkpt>
      <trkpt lat="46.428343" lon="12.942298">
        <ele>872.7868015284474</ele>
      </trkpt>
      <trkpt lat="46.428217" lon="12.942226">
        <ele>872.2066596526208</ele>
      </trkpt>
      <trkpt lat="46.428124" lon="12.942196">
        <ele>871.8999571993656</ele>
      </trkpt>
      <trkpt lat="46.428054" lon="12.942192">
        <ele>871.8800647993694</ele>
      </trkpt>
      <trkpt lat="46.427728" lon="12.942242">
        <ele>873.5828435599757</ele>
      </trkpt>
      <trkpt lat="46.427592" lon="12.942247">
        <ele>874.6104074485019</ele>
      </trkpt>
      <trkpt lat="46.427535" lon="12.942234">
        <ele>874.7456668559485</ele>
      </trkpt>
      <trkpt lat="46.427309" lon="12.942146">
        <ele>874.401546361747</ele>
      </trkpt>
      <trkpt lat="46.427184" lon="12.942129">
        <ele>874.1311247479558</ele>
      </trkpt>
      <trkpt lat="46.427098" lon="12.942143">
        <ele>873.9522225685484</ele>
      </trkpt>
      <trkpt lat="46.426854" lon="12.942309">
        <ele>873.3459184805847</ele>
      </trkpt>
      <trkpt lat="46.426777" lon="12.942387">
        <ele>872.7809603019839</ele>
      </trkpt>
      <trkpt lat="46.426665" lon="12.942552">
        <ele>871.7698744494492</ele>
      </trkpt>
      <trkpt lat="46.426601" lon="12.942731">
        <ele>871.2584533728214</ele>
      </trkpt>
      <trkpt lat="46.426536" lon="12.943015">
        <ele>870.9858505791344</ele>
      </trkpt>
      <trkpt lat="46.426495" lon="12.943301">
        <ele>870.70404918759</ele>
      </trkpt>
      <trkpt lat="46.426505" lon="12.943606">
        <ele>870.780686954724</ele>
      </trkpt>
      <trkpt lat="46.426547" lon="12.943952">
        <ele>870.6890722071919</ele>
      </trkpt>
      <trkpt lat="46.426703" lon="12.944345">
        <ele>871.3453985599626</ele>
      </trkpt>
      <trkpt lat="46.426833" lon="12.94452">
        <ele>871.9043783056791</ele>
      </trkpt>
      <trkpt lat="46.42739" lon="12.944941">
        <ele>874.4543767253516</ele>
      </trkpt>
      <trkpt lat="46.427764" lon="12.945357">
        <ele>875.3850402553411</ele>
      </trkpt>
      <trkpt lat="46.42803" lon="12.945718">
        <ele>877.3743075354955</ele>
      </trkpt>
      <trkpt lat="46.42816" lon="12.945855">
        <ele>878.1607763332836</ele>
      </trkpt>
      <trkpt lat="46.428282" lon="12.945923">
        <ele>878.7828255595844</ele>
      </trkpt>
      <trkpt lat="46.428656" lon="12.945992">
        <ele>879.6633649689575</ele>
      </trkpt>
      <trkpt lat="46.428799" lon="12.946031">
        <ele>879.9657313880773</ele>
      </trkpt>
      <trkpt lat="46.428891" lon="12.946071">
        <ele>880.4989742782163</ele>
      </trkpt>
      <trkpt lat="46.429077" lon="12.946178">
        <ele>882.367331022075</ele>
      </trkpt>
      <trkpt lat="46.42921" lon="12.946292">
        <ele>883.8927412296059</ele>
      </trkpt>
      <trkpt lat="46.429277" lon="12.94638">
        <ele>884.6014293162157</ele>
      </trkpt>
      <trkpt lat="46.429369" lon="12.946549">
        <ele>885.1998714834086</ele>
      </trkpt>
      <trkpt lat="46.429627" lon="12.947149">
        <ele>886.1666217439109</ele>
      </trkpt>
      <trkpt lat="46.430071" lon="12.948124">
        <ele>883.1501218408276</ele>
      </trkpt>
      <trkpt lat="46.430169" lon="12.948246">
        <ele>881.5241323877417</ele>
      </trkpt>
      <trkpt lat="46.430225" lon="12.948286">
        <ele>880.9198438447285</ele>
      </trkpt>
      <trkpt lat="46.430541" lon="12.948318">
        <ele>878.0038210957314</ele>
      </trkpt>
      <trkpt lat="46.430745" lon="12.948339">
        <ele>876.5968643054573</ele>
      </trkpt>
      <trkpt lat="46.431093" lon="12.948324">
        <ele>875.1145352433516</ele>
      </trkpt>
      <trkpt lat="46.431542" lon="12.948438">
        <ele>869.1591811089079</ele>
      </trkpt>
      <trkpt lat="46.431635" lon="12.948445">
        <ele>868.2748471349694</ele>
      </trkpt>
      <trkpt lat="46.431975" lon="12.948255">
        <ele>867.0048991382642</ele>
      </trkpt>
      <trkpt lat="46.432265" lon="12.948288">
        <ele>862.1178538444123</ele>
      </trkpt>
      <trkpt lat="46.432668" lon="12.94819">
        <ele>861.5761767283618</ele>
      </trkpt>
      <trkpt lat="46.432716" lon="12.948203">
        <ele>861.0029343184485</ele>
      </trkpt>
      <trkpt lat="46.432793" lon="12.948252">
        <ele>860.2795653502831</ele>
      </trkpt>
      <trkpt lat="46.43296" lon="12.948473">
        <ele>858.2355840028944</ele>
      </trkpt>
      <trkpt lat="46.433048" lon="12.948566">
        <ele>856.3868869128839</ele>
      </trkpt>
      <trkpt lat="46.43334" lon="12.948808">
        <ele>854.0478313231291</ele>
      </trkpt>
      <trkpt lat="46.433406" lon="12.948835">
        <ele>854.479108250463</ele>
      </trkpt>
      <trkpt lat="46.433534" lon="12.948952">
        <ele>854.0612424086929</ele>
      </trkpt>
      <trkpt lat="46.433855" lon="12.949201">
        <ele>853.1469751600891</ele>
      </trkpt>
      <trkpt lat="46.434072" lon="12.949348">
        <ele>850.7448214422577</ele>
      </trkpt>
      <trkpt lat="46.434371" lon="12.949484">
        <ele>849.3374584557912</ele>
      </trkpt>
      <trkpt lat="46.434452" lon="12.94951">
        <ele>848.6971590257369</ele>
      </trkpt>
      <trkpt lat="46.434637" lon="12.949461">
        <ele>848.6878331941462</ele>
      </trkpt>
      <trkpt lat="46.434796" lon="12.949381">
        <ele>847.1918625227554</ele>
      </trkpt>
      <trkpt lat="46.435202" lon="12.949213">
        <ele>843.7771281464073</ele>
      </trkpt>
      <trkpt lat="46.435261" lon="12.949166">
        <ele>843.7923115015728</ele>
      </trkpt>
      <trkpt lat="46.43561" lon="12.948473">
        <ele>841.1566931252798</ele>
      </trkpt>
      <trkpt lat="46.435766" lon="12.948156">
        <ele>841.5025988434327</ele>
      </trkpt>
      <trkpt lat="46.43585" lon="12.947766">
        <ele>842.1543398131791</ele>
      </trkpt>
      <trkpt lat="46.43594" lon="12.947675">
        <ele>842.3831391523684</ele>
      </trkpt>
      <trkpt lat="46.43602" lon="12.947721">
        <ele>841.6705068169724</ele>
      </trkpt>
      <trkpt lat="46.436191" lon="12.947886">
        <ele>841.1876451544149</ele>
      </trkpt>
      <trkpt lat="46.436299" lon="12.948048">
        <ele>839.8573451427773</ele>
      </trkpt>
      <trkpt lat="46.436409" lon="12.948155">
        <ele>838.9642822789523</ele>
      </trkpt>
      <trkpt lat="46.43655" lon="12.94826">
        <ele>839.6457056973113</ele>
      </trkpt>
      <trkpt lat="46.43661" lon="12.948339">
        <ele>839.9333239392522</ele>
      </trkpt>
      <trkpt lat="46.436816" lon="12.948744">
        <ele>839.9361125515902</ele>
      </trkpt>
      <trkpt lat="46.436942" lon="12.948819">
        <ele>839.1280206262402</ele>
      </trkpt>
      <trkpt lat="46.437323" lon="12.948892">
        <ele>836.289568159852</ele>
      </trkpt>
      <trkpt lat="46.437496" lon="12.948896">
        <ele>835.7550061488056</ele>
      </trkpt>
      <trkpt lat="46.437545" lon="12.948843">
        <ele>836.3295219836083</ele>
      </trkpt>
      <trkpt lat="46.437565" lon="12.948789">
        <ele>837.259573582904</ele>
      </trkpt>
      <trkpt lat="46.437564" lon="12.948506">
        <ele>838.5043547153323</ele>
      </trkpt>
      <trkpt lat="46.437593" lon="12.94841">
        <ele>837.3277872511967</ele>
      </trkpt>
      <trkpt lat="46.437642" lon="12.948355">
        <ele>836.485695585454</ele>
      </trkpt>
      <trkpt lat="46.437748" lon="12.948314">
        <ele>834.7520995936637</ele>
      </trkpt>
      <trkpt lat="46.437895" lon="12.948289">
        <ele>831.7191286395755</ele>
      </trkpt>
      <trkpt lat="46.437971" lon="12.948236">
        <ele>833.7836956445526</ele>
      </trkpt>
      <trkpt lat="46.438011" lon="12.948164">
        <ele>834.7818696357094</ele>
      </trkpt>
      <trkpt lat="46.438012" lon="12.948055">
        <ele>836.4492949735583</ele>
      </trkpt>
      <trkpt lat="46.437977" lon="12.947921">
        <ele>836.6608099363714</ele>
      </trkpt>
      <trkpt lat="46.437909" lon="12.947753">
        <ele>834.5653468944392</ele>
      </trkpt>
      <trkpt lat="46.437795" lon="12.947532">
        <ele>836.3658148120628</ele>
      </trkpt>
      <trkpt lat="46.437628" lon="12.94727">
        <ele>836.320725103212</ele>
      </trkpt>
      <trkpt lat="46.437597" lon="12.94717">
        <ele>836.1715441963022</ele>
      </trkpt>
      <trkpt lat="46.437611" lon="12.947066">
        <ele>834.1399673123328</ele>
      </trkpt>
      <trkpt lat="46.437679" lon="12.94703">
        <ele>832.289126029304</ele>
      </trkpt>
      <trkpt lat="46.437896" lon="12.947043">
        <ele>826.9136939330974</ele>
      </trkpt>
      <trkpt lat="46.438095" lon="12.947063">
        <ele>825.3959274410361</ele>
      </trkpt>
      <trkpt lat="46.438257" lon="12.947065">
        <ele>824.8110942232128</ele>
      </trkpt>
      <trkpt lat="46.438407" lon="12.947104">
        <ele>823.1834375041707</ele>
      </trkpt>
      <trkpt lat="46.43858" lon="12.947136">
        <ele>821.6360678129123</ele>
      </trkpt>
      <trkpt lat="46.43874" lon="12.947186">
        <ele>820.3540943380385</ele>
      </trkpt>
      <trkpt lat="46.439042" lon="12.947346">
        <ele>816.0146958091898</ele>
      </trkpt>
      <trkpt lat="46.439132" lon="12.947346">
        <ele>816.4889934789628</ele>
      </trkpt>
      <trkpt lat="46.4392" lon="12.947269">
        <ele>817.4209441506941</ele>
      </trkpt>
      <trkpt lat="46.439246" lon="12.947122">
        <ele>818.2573441760119</ele>
      </trkpt>
      <trkpt lat="46.43935" lon="12.946546">
        <ele>816.5475860480008</ele>
      </trkpt>
      <trkpt lat="46.43948" lon="12.945931">
        <ele>814.5528648588557</ele>
      </trkpt>
      <trkpt lat="46.439545" lon="12.945697">
        <ele>813.8485257106834</ele>
      </trkpt>
      <trkpt lat="46.439604" lon="12.945582">
        <ele>813.3165208656534</ele>
      </trkpt>
      <trkpt lat="46.439679" lon="12.945364">
        <ele>813.2292379194846</ele>
      </trkpt>
      <trkpt lat="46.439747" lon="12.945119">
        <ele>813.8130219468612</ele>
      </trkpt>
      <trkpt lat="46.439799" lon="12.94484">
        <ele>814.3941916972149</ele>
      </trkpt>
      <trkpt lat="46.439827" lon="12.944684">
        <ele>814.1790094122427</ele>
      </trkpt>
      <trkpt lat="46.439928" lon="12.944385">
        <ele>813.7316501860287</ele>
      </trkpt>
      <trkpt lat="46.439981" lon="12.944276">
        <ele>814.7435164360048</ele>
      </trkpt>
      <trkpt lat="46.44004" lon="12.944198">
        <ele>816.3294736725112</ele>
      </trkpt>
      <trkpt lat="46.440103" lon="12.944145">
        <ele>817.8725525015776</ele>
      </trkpt>
      <trkpt lat="46.440181" lon="12.944108">
        <ele>819.7755516513078</ele>
      </trkpt>
      <trkpt lat="46.44024" lon="12.944099">
        <ele>820.8912713284865</ele>
      </trkpt>
      <trkpt lat="46.44032" lon="12.944108">
        <ele>822.0022574963465</ele>
      </trkpt>
      <trkpt lat="46.440457" lon="12.944195">
        <ele>823.3390655212529</ele>
      </trkpt>
      <trkpt lat="46.440551" lon="12.944321">
        <ele>824.3335720314604</ele>
      </trkpt>
      <trkpt lat="46.440594" lon="12.944407">
        <ele>824.6862867242369</ele>
      </trkpt>
      <trkpt lat="46.440624" lon="12.944491">
        <ele>825.1714211361037</ele>
      </trkpt>
      <trkpt lat="46.440644" lon="12.944586">
        <ele>825.7139196516491</ele>
      </trkpt>
      <trkpt lat="46.440655" lon="12.944698">
        <ele>826.1940647979396</ele>
      </trkpt>
      <trkpt lat="46.440651" lon="12.944905">
        <ele>826.8275317080856</ele>
      </trkpt>
      <trkpt lat="46.440622" lon="12.945134">
        <ele>830.102040412756</ele>
      </trkpt>
      <trkpt lat="46.440574" lon="12.945352">
        <ele>834.4042902683581</ele>
      </trkpt>
      <trkpt lat="46.440553" lon="12.945498">
        <ele>835.4563754881374</ele>
      </trkpt>
      <trkpt lat="46.440551" lon="12.945571">
        <ele>835.7319753791489</ele>
      </trkpt>
      <trkpt lat="46.440568" lon="12.945627">
        <ele>836.4925585831915</ele>
      </trkpt>
      <trkpt lat="46.440593" lon="12.945658">
        <ele>837.3527091583139</ele>
      </trkpt>
      <trkpt lat="46.440634" lon="12.94563">
        <ele>838.4839037051311</ele>
      </trkpt>
      <trkpt lat="46.440659" lon="12.945574">
        <ele>838.9478615794441</ele>
      </trkpt>
      <trkpt lat="46.440778" lon="12.945173">
        <ele>839.4572103861256</ele>
      </trkpt>
      <trkpt lat="46.440842" lon="12.944865">
        <ele>839.8154806917036</ele>
      </trkpt>
      <trkpt lat="46.440901" lon="12.944615">
        <ele>843.2914463990862</ele>
      </trkpt>
      <trkpt lat="46.440988" lon="12.944448">
        <ele>847.4850827946456</ele>
      </trkpt>
      <trkpt lat="46.441084" lon="12.944283">
        <ele>850.3290495667559</ele>
      </trkpt>
      <trkpt lat="46.441129" lon="12.944194">
        <ele>851.2568163436113</ele>
      </trkpt>
      <trkpt lat="46.44116" lon="12.9441">
        <ele>851.6254116323705</ele>
      </trkpt>
      <trkpt lat="46.441171" lon="12.944014">
        <ele>851.6807229589454</ele>
      </trkpt>
      <trkpt lat="46.441154" lon="12.943935">
        <ele>850.7809237258673</ele>
      </trkpt>
      <trkpt lat="46.44114" lon="12.943784">
        <ele>851.5100008883277</ele>
      </trkpt>
      <trkpt lat="46.441143" lon="12.943708">
        <ele>851.579405098132</ele>
      </trkpt>
      <trkpt lat="46.4412" lon="12.943638">
        <ele>854.0528648988266</ele>
      </trkpt>
      <trkpt lat="46.441301" lon="12.943571">
        <ele>857.9691015041451</ele>
      </trkpt>
      <trkpt lat="46.441327" lon="12.943543">
        <ele>858.7606128146736</ele>
      </trkpt>
      <trkpt lat="46.441338" lon="12.943505">
        <ele>858.7333280116814</ele>
      </trkpt>
      <trkpt lat="46.441335" lon="12.943472">
        <ele>858.0813761836482</ele>
      </trkpt>
      <trkpt lat="46.441287" lon="12.943364">
        <ele>856.1386204020562</ele>
      </trkpt>
      <trkpt lat="46.441261" lon="12.943322">
        <ele>855.6504236517795</ele>
      </trkpt>
      <trkpt lat="46.441109" lon="12.94314">
        <ele>857.3667147797894</ele>
      </trkpt>
      <trkpt lat="46.441065" lon="12.943058">
        <ele>858.9622347163461</ele>
      </trkpt>
      <trkpt lat="46.441029" lon="12.94293">
        <ele>860.3006243471237</ele>
      </trkpt>
      <trkpt lat="46.441041" lon="12.942876">
        <ele>861.9915729409556</ele>
      </trkpt>
      <trkpt lat="46.441072" lon="12.942848">
        <ele>864.1603771549674</ele>
      </trkpt>
      <trkpt lat="46.441114" lon="12.942864">
        <ele>865.9167447496166</ele>
      </trkpt>
      <trkpt lat="46.441149" lon="12.942913">
        <ele>866.7301400456624</ele>
      </trkpt>
      <trkpt lat="46.441169" lon="12.942963">
        <ele>866.1739079231503</ele>
      </trkpt>
      <trkpt lat="46.441215" lon="12.943035">
        <ele>865.4659578780065</ele>
      </trkpt>
      <trkpt lat="46.441246" lon="12.943075">
        <ele>865.360763790276</ele>
      </trkpt>
      <trkpt lat="46.441286" lon="12.943106">
        <ele>865.7612746857734</ele>
      </trkpt>
      <trkpt lat="46.441476" lon="12.943156">
        <ele>870.2160316849379</ele>
      </trkpt>
      <trkpt lat="46.441615" lon="12.943231">
        <ele>873.7763572921855</ele>
      </trkpt>
      <trkpt lat="46.441653" lon="12.943314">
        <ele>874.7346193854597</ele>
      </trkpt>
      <trkpt lat="46.441668" lon="12.943529">
        <ele>874.6563576590318</ele>
      </trkpt>
      <trkpt lat="46.441689" lon="12.94357">
        <ele>875.2284864394849</ele>
      </trkpt>
      <trkpt lat="46.441712" lon="12.943578">
        <ele>876.0357106248347</ele>
      </trkpt>
      <trkpt lat="46.441736" lon="12.943559">
        <ele>877.1850716681608</ele>
      </trkpt>
      <trkpt lat="46.441757" lon="12.943459">
        <ele>879.497176981184</ele>
      </trkpt>
      <trkpt lat="46.441734" lon="12.943223">
        <ele>879.9157478709196</ele>
      </trkpt>
      <trkpt lat="46.441704" lon="12.943145">
        <ele>879.6434602504554</ele>
      </trkpt>
      <trkpt lat="46.441546" lon="12.942911">
        <ele>878.9993633345061</ele>
      </trkpt>
      <trkpt lat="46.441285" lon="12.942407">
        <ele>883.5279616092347</ele>
      </trkpt>
      <trkpt lat="46.441166" lon="12.942119">
        <ele>887.6889368745568</ele>
      </trkpt>
      <trkpt lat="46.441081" lon="12.941954">
        <ele>888.7815427668988</ele>
      </trkpt>
      <trkpt lat="46.441026" lon="12.94187">
        <ele>888.4471165623465</ele>
      </trkpt>
      <trkpt lat="46.441031" lon="12.94176">
        <ele>892.111317432407</ele>
      </trkpt>
      <trkpt lat="46.441008" lon="12.941541">
        <ele>895.2796238227154</ele>
      </trkpt>
      <trkpt lat="46.441006" lon="12.941206">
        <ele>899.5097767222867</ele>
      </trkpt>
      <trkpt lat="46.441013" lon="12.940978">
        <ele>901.9350803396628</ele>
      </trkpt>
      <trkpt lat="46.441028" lon="12.940858">
        <ele>903.4754364586797</ele>
      </trkpt>
      <trkpt lat="46.441128" lon="12.940491">
        <ele>908.0221988366465</ele>
      </trkpt>
      <trkpt lat="46.44125" lon="12.940191">
        <ele>911.8518340621022</ele>
      </trkpt>
      <trkpt lat="46.441308" lon="12.940083">
        <ele>913.0177075326039</ele>
      </trkpt>
      <trkpt lat="46.441368" lon="12.940061">
        <ele>914.6664733059974</ele>
      </trkpt>
      <trkpt lat="46.441388" lon="12.940088">
        <ele>915.4812354050352</ele>
      </trkpt>
      <trkpt lat="46.441391" lon="12.940136">
        <ele>915.9432725032692</ele>
      </trkpt>
      <trkpt lat="46.44138" lon="12.940371">
        <ele>916.7456884366043</ele>
      </trkpt>
      <trkpt lat="46.441395" lon="12.940571">
        <ele>917.6024197916304</ele>
      </trkpt>
      <trkpt lat="46.441448" lon="12.940791">
        <ele>919.3286698265317</ele>
      </trkpt>
      <trkpt lat="46.441598" lon="12.941263">
        <ele>923.5834546627676</ele>
      </trkpt>
      <trkpt lat="46.441688" lon="12.941498">
        <ele>925.2793909611041</ele>
      </trkpt>
      <trkpt lat="46.4418" lon="12.941715">
        <ele>927.6184348462119</ele>
      </trkpt>
      <trkpt lat="46.441918" lon="12.941923">
        <ele>928.7286379185961</ele>
      </trkpt>
      <trkpt lat="46.442003" lon="12.942095">
        <ele>927.6819747082413</ele>
      </trkpt>
      <trkpt lat="46.442056" lon="12.942171">
        <ele>927.3692831789629</ele>
      </trkpt>
      <trkpt lat="46.442099" lon="12.942184">
        <ele>928.9735627045586</ele>
      </trkpt>
      <trkpt lat="46.442122" lon="12.942166">
        <ele>930.6452256190216</ele>
      </trkpt>
      <trkpt lat="46.44214" lon="12.942115">
        <ele>933.0563118277977</ele>
      </trkpt>
      <trkpt lat="46.442129" lon="12.94205">
        <ele>934.7229970946605</ele>
      </trkpt>
      <trkpt lat="46.442026" lon="12.941779">
        <ele>935.8512151328628</ele>
      </trkpt>
      <trkpt lat="46.441983" lon="12.941606">
        <ele>936.4332834082442</ele>
      </trkpt>
      <trkpt lat="46.441946" lon="12.941405">
        <ele>937.0810226684274</ele>
      </trkpt>
      <trkpt lat="46.441943" lon="12.941248">
        <ele>938.2832630797902</ele>
      </trkpt>
      <trkpt lat="46.441954" lon="12.940953">
        <ele>940.131327393915</ele>
      </trkpt>
      <trkpt lat="46.442034" lon="12.940617">
        <ele>942.3914265008477</ele>
      </trkpt>
      <trkpt lat="46.44209" lon="12.940491">
        <ele>942.8373750667266</ele>
      </trkpt>
      <trkpt lat="46.442126" lon="12.940436">
        <ele>943.0430077031359</ele>
      </trkpt>
      <trkpt lat="46.442171" lon="12.940391">
        <ele>943.56233999659</ele>
      </trkpt>
      <trkpt lat="46.44223" lon="12.940351">
        <ele>944.3824170348202</ele>
      </trkpt>
      <trkpt lat="46.442431" lon="12.940243">
        <ele>948.1060292466914</ele>
      </trkpt>
      <trkpt lat="46.442585" lon="12.940115">
        <ele>950.7910629663327</ele>
      </trkpt>
      <trkpt lat="46.442713" lon="12.939965">
        <ele>952.1721062733965</ele>
      </trkpt>
      <trkpt lat="46.442755" lon="12.939903">
        <ele>953.003444500343</ele>
      </trkpt>
      <trkpt lat="46.442903" lon="12.939612">
        <ele>955.1050781631947</ele>
      </trkpt>
      <trkpt lat="46.443088" lon="12.939225">
        <ele>958.4919856302645</ele>
      </trkpt>
      <trkpt lat="46.443185" lon="12.939088">
        <ele>960.9926408575454</ele>
      </trkpt>
      <trkpt lat="46.443298" lon="12.93902">
        <ele>964.2125793832491</ele>
      </trkpt>
      <trkpt lat="46.44345" lon="12.938955">
        <ele>965.8951222375788</ele>
      </trkpt>
      <trkpt lat="46.443551" lon="12.938895">
        <ele>965.1471943453109</ele>
      </trkpt>
      <trkpt lat="46.443611" lon="12.938896">
        <ele>966.6029359634385</ele>
      </trkpt>
      <trkpt lat="46.443666" lon="12.938845">
        <ele>965.5002097461537</ele>
      </trkpt>
      <trkpt lat="46.443705" lon="12.938749">
        <ele>962.4692651857706</ele>
      </trkpt>
      <trkpt lat="46.443757" lon="12.938553">
        <ele>956.8928732516521</ele>
      </trkpt>
      <trkpt lat="46.443792" lon="12.938446">
        <ele>955.9312543406867</ele>
      </trkpt>
      <trkpt lat="46.443862" lon="12.938266">
        <ele>957.6208320629266</ele>
      </trkpt>
      <trkpt lat="46.443921" lon="12.938133">
        <ele>958.128286881627</ele>
      </trkpt>
      <trkpt lat="46.443962" lon="12.938078">
        <ele>958.835686584992</ele>
      </trkpt>
      <trkpt lat="46.44403" lon="12.938035">
        <ele>961.6554200245938</ele>
      </trkpt>
      <trkpt lat="46.444062" lon="12.93799">
        <ele>962.0192735198021</ele>
      </trkpt>
      <trkpt lat="46.444077" lon="12.937931">
        <ele>960.9934062593159</ele>
      </trkpt>
      <trkpt lat="46.444071" lon="12.937866">
        <ele>958.727520098169</ele>
      </trkpt>
      <trkpt lat="46.444115" lon="12.937585">
        <ele>955.5730518114726</ele>
      </trkpt>
      <trkpt lat="46.444145" lon="12.937536">
        <ele>957.168729826719</ele>
      </trkpt>
      <trkpt lat="46.4442" lon="12.937493">
        <ele>960.3179265266646</ele>
      </trkpt>
      <trkpt lat="46.444251" lon="12.937482">
        <ele>963.6259977909765</ele>
      </trkpt>
      <trkpt lat="46.444291" lon="12.937456">
        <ele>965.4735381501064</ele>
      </trkpt>
      <trkpt lat="46.444321" lon="12.937372">
        <ele>965.4454186228617</ele>
      </trkpt>
      <trkpt lat="46.444331" lon="12.93732">
        <ele>965.155653352848</ele>
      </trkpt>
      <trkpt lat="46.444326" lon="12.937271">
        <ele>964.0537118531798</ele>
      </trkpt>
      <trkpt lat="46.444289" lon="12.937209">
        <ele>963.2850652724601</ele>
      </trkpt>
      <trkpt lat="46.444226" lon="12.937166">
        <ele>961.1409612493298</ele>
      </trkpt>
      <trkpt lat="46.444204" lon="12.937137">
        <ele>960.6733034281054</ele>
      </trkpt>
      <trkpt lat="46.444187" lon="12.9371">
        <ele>960.5827246331486</ele>
      </trkpt>
      <trkpt lat="46.444143" lon="12.936954">
        <ele>963.1217601956687</ele>
      </trkpt>
      <trkpt lat="46.444125" lon="12.936836">
        <ele>965.5179319311601</ele>
      </trkpt>
      <trkpt lat="46.444133" lon="12.936722">
        <ele>968.555648457689</ele>
      </trkpt>
      <trkpt lat="46.444151" lon="12.936622">
        <ele>970.4554654304435</ele>
      </trkpt>
      <trkpt lat="46.444212" lon="12.936423">
        <ele>973.5250414775323</ele>
      </trkpt>
      <trkpt lat="46.444258" lon="12.936329">
        <ele>975.1137568147674</ele>
      </trkpt>
      <trkpt lat="46.444473" lon="12.936004">
        <ele>981.0050294795398</ele>
      </trkpt>
      <trkpt lat="46.444575" lon="12.935761">
        <ele>982.4721763143465</ele>
      </trkpt>
      <trkpt lat="46.444632" lon="12.935677">
        <ele>985.2719833491476</ele>
      </trkpt>
      <trkpt lat="46.444687" lon="12.935567">
        <ele>988.1997355628382</ele>
      </trkpt>
      <trkpt lat="46.444724" lon="12.935446">
        <ele>990.2528123803365</ele>
      </trkpt>
      <trkpt lat="46.444732" lon="12.935315">
        <ele>990.4443870836249</ele>
      </trkpt>
      <trkpt lat="46.44476" lon="12.935136">
        <ele>992.7872932321866</ele>
      </trkpt>
      <trkpt lat="46.444836" lon="12.934854">
        <ele>999.5665448255866</ele>
      </trkpt>
      <trkpt lat="46.444849" lon="12.934803">
        <ele>1000.801773038348</ele>
      </trkpt>
      <trkpt lat="46.444859" lon="12.934684">
        <ele>1002.0559584235959</ele>
      </trkpt>
      <trkpt lat="46.444922" lon="12.934491">
        <ele>1006.9074905951782</ele>
      </trkpt>
      <trkpt lat="46.444975" lon="12.934367">
        <ele>1009.3101207439526</ele>
      </trkpt>
      <trkpt lat="46.445011" lon="12.93431">
        <ele>1010.1160084370049</ele>
      </trkpt>
      <trkpt lat="46.445049" lon="12.934272">
        <ele>1010.7962791119583</ele>
      </trkpt>
      <trkpt lat="46.445081" lon="12.934265">
        <ele>1011.5858467357783</ele>
      </trkpt>
      <trkpt lat="46.44511" lon="12.934268">
        <ele>1012.1069237919291</ele>
      </trkpt>
      <trkpt lat="46.445185" lon="12.934306">
        <ele>1014.6231369625115</ele>
      </trkpt>
      <trkpt lat="46.445353" lon="12.934424">
        <ele>1018.755754965447</ele>
      </trkpt>
      <trkpt lat="46.445486" lon="12.93447">
        <ele>1019.0343084861954</ele>
      </trkpt>
      <trkpt lat="46.445692" lon="12.934568">
        <ele>1022.3966152463211</ele>
      </trkpt>
      <trkpt lat="46.4458" lon="12.934567">
        <ele>1021.7133666198447</ele>
      </trkpt>
      <trkpt lat="46.445843" lon="12.934544">
        <ele>1020.6882031760049</ele>
      </trkpt>
      <trkpt lat="46.445872" lon="12.934503">
        <ele>1019.0135524539612</ele>
      </trkpt>
      <trkpt lat="46.445861" lon="12.934432">
        <ele>1016.7790513721955</ele>
      </trkpt>
      <trkpt lat="46.445872" lon="12.934319">
        <ele>1014.2485984345263</ele>
      </trkpt>
      <trkpt lat="46.445885" lon="12.934206">
        <ele>1013.3956135307553</ele>
      </trkpt>
      <trkpt lat="46.445908" lon="12.934151">
        <ele>1014.1069723960761</ele>
      </trkpt>
      <trkpt lat="46.445944" lon="12.934102">
        <ele>1015.5190048492918</ele>
      </trkpt>
      <trkpt lat="46.445981" lon="12.934078">
        <ele>1017.0992824659384</ele>
      </trkpt>
      <trkpt lat="46.446049" lon="12.934063">
        <ele>1019.8036702799184</ele>
      </trkpt>
      <trkpt lat="46.446119" lon="12.934074">
        <ele>1022.4103228592707</ele>
      </trkpt>
      <trkpt lat="46.446152" lon="12.934059">
        <ele>1023.2550019102553</ele>
      </trkpt>
      <trkpt lat="46.446177" lon="12.934019">
        <ele>1023.3202097801912</ele>
      </trkpt>
      <trkpt lat="46.446206" lon="12.933698">
        <ele>1021.141462045021</ele>
      </trkpt>
      <trkpt lat="46.446206" lon="12.933533">
        <ele>1021.1579093080558</ele>
      </trkpt>
      <trkpt lat="46.446248" lon="12.933245">
        <ele>1025.3028689423215</ele>
      </trkpt>
      <trkpt lat="46.446276" lon="12.933165">
        <ele>1026.9838851330492</ele>
      </trkpt>
      <trkpt lat="46.446346" lon="12.933016">
        <ele>1029.6024475049005</ele>
      </trkpt>
      <trkpt lat="46.4465" lon="12.932877">
        <ele>1035.697026733849</ele>
      </trkpt>
      <trkpt lat="46.446779" lon="12.932593">
        <ele>1042.6058229192183</ele>
      </trkpt>
      <trkpt lat="46.446908" lon="12.932391">
        <ele>1043.1870238504991</ele>
      </trkpt>
      <trkpt lat="46.44719" lon="12.932143">
        <ele>1050.7518222787855</ele>
      </trkpt>
      <trkpt lat="46.447298" lon="12.931996">
        <ele>1051.852900376714</ele>
      </trkpt>
      <trkpt lat="46.447375" lon="12.931841">
        <ele>1051.2495819798612</ele>
      </trkpt>
      <trkpt lat="46.447436" lon="12.931746">
        <ele>1051.887282510945</ele>
      </trkpt>
      <trkpt lat="46.447471" lon="12.931735">
        <ele>1053.4341674895013</ele>
      </trkpt>
      <trkpt lat="46.447501" lon="12.93174">
        <ele>1055.168955634074</ele>
      </trkpt>
      <trkpt lat="46.447521" lon="12.931758">
        <ele>1056.7989854426894</ele>
      </trkpt>
      <trkpt lat="46.447528" lon="12.931788">
        <ele>1058.0377011816747</ele>
      </trkpt>
      <trkpt lat="46.447513" lon="12.931828">
        <ele>1058.2841425511579</ele>
      </trkpt>
      <trkpt lat="46.447346" lon="12.932055">
        <ele>1055.557258250382</ele>
      </trkpt>
      <trkpt lat="46.447325" lon="12.932096">
        <ele>1055.660391005427</ele>
      </trkpt>
      <trkpt lat="46.447315" lon="12.932145">
        <ele>1056.6842110113378</ele>
      </trkpt>
      <trkpt lat="46.447325" lon="12.932186">
        <ele>1058.4718263665036</ele>
      </trkpt>
      <trkpt lat="46.447356" lon="12.932211">
        <ele>1060.8061178937455</ele>
      </trkpt>
      <trkpt lat="46.447391" lon="12.932216">
        <ele>1062.705878535371</ele>
      </trkpt>
      <trkpt lat="46.447425" lon="12.932188">
        <ele>1063.3757530065793</ele>
      </trkpt>
      <trkpt lat="46.447453" lon="12.932143">
        <ele>1063.3008149202283</ele>
      </trkpt>
      <trkpt lat="46.447551" lon="12.931948">
        <ele>1063.8103265604873</ele>
      </trkpt>
      <trkpt lat="46.447708" lon="12.931738">
        <ele>1067.2075393458877</ele>
      </trkpt>
      <trkpt lat="46.447833" lon="12.931595">
        <ele>1068.8371528591229</ele>
      </trkpt>
      <trkpt lat="46.447968" lon="12.931456">
        <ele>1071.4361394700315</ele>
      </trkpt>
      <trkpt lat="46.448038" lon="12.931398">
        <ele>1072.8308062648246</ele>
      </trkpt>
      <trkpt lat="46.448173" lon="12.931331">
        <ele>1075.9827227390444</ele>
      </trkpt>
      <trkpt lat="46.448293" lon="12.93134">
        <ele>1079.4953806606422</ele>
      </trkpt>
      <trkpt lat="46.448344" lon="12.931356">
        <ele>1080.9325950089533</ele>
      </trkpt>
      <trkpt lat="46.448745" lon="12.931609">
        <ele>1091.267407510151</ele>
      </trkpt>
      <trkpt lat="46.44885" lon="12.931729">
        <ele>1095.4707051745054</ele>
      </trkpt>
      <trkpt lat="46.44889" lon="12.931739">
        <ele>1095.7400027655285</ele>
      </trkpt>
      <trkpt lat="46.448919" lon="12.931706">
        <ele>1094.1964514648362</ele>
      </trkpt>
      <trkpt lat="46.448948" lon="12.931641">
        <ele>1091.300862933259</ele>
      </trkpt>
      <trkpt lat="46.448992" lon="12.931577">
        <ele>1088.882236915964</ele>
      </trkpt>
      <trkpt lat="46.449049" lon="12.931552">
        <ele>1089.020609613354</ele>
      </trkpt>
      <trkpt lat="46.449095" lon="12.931556">
        <ele>1090.1000118106508</ele>
      </trkpt>
      <trkpt lat="46.44914" lon="12.931533">
        <ele>1090.3714171196789</ele>
      </trkpt>
      <trkpt lat="46.44917" lon="12.931481">
        <ele>1089.5988430880466</ele>
      </trkpt>
      <trkpt lat="46.449213" lon="12.93133">
        <ele>1087.5930734999731</ele>
      </trkpt>
      <trkpt lat="46.449286" lon="12.931177">
        <ele>1088.213501511606</ele>
      </trkpt>
      <trkpt lat="46.449546" lon="12.930796">
        <ele>1090.3972656585902</ele>
      </trkpt>
      <trkpt lat="46.449591" lon="12.930748">
        <ele>1091.084704522873</ele>
      </trkpt>
      <trkpt lat="46.4498" lon="12.930458">
        <ele>1093.969042582873</ele>
      </trkpt>
      <trkpt lat="46.450008" lon="12.930215">
        <ele>1097.0647903986883</ele>
      </trkpt>
      <trkpt lat="46.4501" lon="12.930121">
        <ele>1098.811138857329</ele>
      </trkpt>
      <trkpt lat="46.450235" lon="12.929943">
        <ele>1101.0640315198289</ele>
      </trkpt>
      <trkpt lat="46.450351" lon="12.92974">
        <ele>1102.5575222155276</ele>
      </trkpt>
      <trkpt lat="46.45051" lon="12.929528">
        <ele>1105.5577242898398</ele>
      </trkpt>
      <trkpt lat="46.450567" lon="12.929415">
        <ele>1105.5951374675576</ele>
      </trkpt>
      <trkpt lat="46.45065" lon="12.929206">
        <ele>1103.8811954854455</ele>
      </trkpt>
      <trkpt lat="46.450801" lon="12.928978">
        <ele>1105.0708197308966</ele>
      </trkpt>
      <trkpt lat="46.45087" lon="12.928913">
        <ele>1106.7644656655452</ele>
      </trkpt>
      <trkpt lat="46.450986" lon="12.928773">
        <ele>1109.2053746237073</ele>
      </trkpt>
      <trkpt lat="46.451139" lon="12.928548">
        <ele>1111.4329895664844</ele>
      </trkpt>
      <trkpt lat="46.451175" lon="12.928473">
        <ele>1111.1021101666856</ele>
      </trkpt>
      <trkpt lat="46.451213" lon="12.928422">
        <ele>1111.7375930657513</ele>
      </trkpt>
      <trkpt lat="46.451251" lon="12.92839">
        <ele>1111.9146387109117</ele>
      </trkpt>
      <trkpt lat="46.451287" lon="12.92838">
        <ele>1112.2953556652171</ele>
      </trkpt>
      <trkpt lat="46.451345" lon="12.928393">
        <ele>1113.6414200862569</ele>
      </trkpt>
      <trkpt lat="46.451405" lon="12.928445">
        <ele>1114.8241579803216</ele>
      </trkpt>
      <trkpt lat="46.451506" lon="12.928565">
        <ele>1117.6683700029148</ele>
      </trkpt>
      <trkpt lat="46.451717" lon="12.928843">
        <ele>1122.971240080452</ele>
      </trkpt>
      <trkpt lat="46.451796" lon="12.928898">
        <ele>1123.0710452867904</ele>
      </trkpt>
      <trkpt lat="46.451868" lon="12.928988">
        <ele>1124.6790474211823</ele>
      </trkpt>
      <trkpt lat="46.451966" lon="12.929076">
        <ele>1126.2515940132043</ele>
      </trkpt>
      <trkpt lat="46.452123" lon="12.929146">
        <ele>1128.0174442394605</ele>
      </trkpt>
      <trkpt lat="46.452178" lon="12.92919">
        <ele>1129.4585057280685</ele>
      </trkpt>
      <trkpt lat="46.452195" lon="12.929225">
        <ele>1130.7516444570772</ele>
      </trkpt>
      <trkpt lat="46.4522" lon="12.929261">
        <ele>1132.1129918326142</ele>
      </trkpt>
      <trkpt lat="46.452163" lon="12.929321">
        <ele>1134.415413637546</ele>
      </trkpt>
      <trkpt lat="46.452135" lon="12.929323">
        <ele>1134.4972928740863</ele>
      </trkpt>
      <trkpt lat="46.452103" lon="12.92931">
        <ele>1134.0286284083606</ele>
      </trkpt>
      <trkpt lat="46.452071" lon="12.929293">
        <ele>1133.429314457731</ele>
      </trkpt>
      <trkpt lat="46.452006" lon="12.929228">
        <ele>1131.3922219522701</ele>
      </trkpt>
      <trkpt lat="46.451971" lon="12.929213">
        <ele>1131.0748938263478</ele>
      </trkpt>
      <trkpt lat="46.451945" lon="12.929215">
        <ele>1131.3056068699277</ele>
      </trkpt>
      <trkpt lat="46.451918" lon="12.929233">
        <ele>1132.2973754879965</ele>
      </trkpt>
      <trkpt lat="46.451903" lon="12.929261">
        <ele>1133.5774796482704</ele>
      </trkpt>
      <trkpt lat="46.451898" lon="12.9293">
        <ele>1135.0558273259876</ele>
      </trkpt>
      <trkpt lat="46.451926" lon="12.929348">
        <ele>1136.1913527050635</ele>
      </trkpt>
      <trkpt lat="46.452171" lon="12.929465">
        <ele>1139.9808201126166</ele>
      </trkpt>
      <trkpt lat="46.45236" lon="12.929575">
        <ele>1142.9172254177483</ele>
      </trkpt>
      <trkpt lat="46.452478" lon="12.929633">
        <ele>1143.623199343891</ele>
      </trkpt>
      <trkpt lat="46.452695" lon="12.929726">
        <ele>1144.204000547008</ele>
      </trkpt>
      <trkpt lat="46.452761" lon="12.929738">
        <ele>1144.0765552570524</ele>
      </trkpt>
      <trkpt lat="46.45279" lon="12.929723">
        <ele>1144.0717050836458</ele>
      </trkpt>
      <trkpt lat="46.452808" lon="12.929695">
        <ele>1143.8202555151545</ele>
      </trkpt>
      <trkpt lat="46.452903" lon="12.929378">
        <ele>1144.2905031124933</ele>
      </trkpt>
      <trkpt lat="46.452956" lon="12.929278">
        <ele>1146.1620436179917</ele>
      </trkpt>
      <trkpt lat="46.453213" lon="12.92908">
        <ele>1153.5477525133952</ele>
      </trkpt>
      <trkpt lat="46.453471" lon="12.928806">
        <ele>1156.8564456419806</ele>
      </trkpt>
      <trkpt lat="46.453613" lon="12.928676">
        <ele>1159.0574696088793</ele>
      </trkpt>
      <trkpt lat="46.453901" lon="12.928445">
        <ele>1163.6997541231344</ele>
      </trkpt>
      <trkpt lat="46.454308" lon="12.92815">
        <ele>1167.64964785007</ele>
      </trkpt>
      <trkpt lat="46.454505" lon="12.927956">
        <ele>1168.1577941164414</ele>
      </trkpt>
      <trkpt lat="46.454635" lon="12.927878">
        <ele>1169.6306298794016</ele>
      </trkpt>
      <trkpt lat="46.454773" lon="12.927871">
        <ele>1172.8309344222196</ele>
      </trkpt>
      <trkpt lat="46.454908" lon="12.927893">
        <ele>1176.1062093589544</ele>
      </trkpt>
      <trkpt lat="46.455023" lon="12.927961">
        <ele>1180.393036480406</ele>
      </trkpt>
      <trkpt lat="46.455126" lon="12.928038">
        <ele>1183.6160695733756</ele>
      </trkpt>
      <trkpt lat="46.455218" lon="12.92809">
        <ele>1184.4415386822413</ele>
      </trkpt>
      <trkpt lat="46.455313" lon="12.928121">
        <ele>1184.3508956948494</ele>
      </trkpt>
      <trkpt lat="46.455418" lon="12.928116">
        <ele>1182.216224363808</ele>
      </trkpt>
      <trkpt lat="46.455595" lon="12.928146">
        <ele>1179.9862216848198</ele>
      </trkpt>
      <trkpt lat="46.455645" lon="12.928176">
        <ele>1180.3673854804279</ele>
      </trkpt>
      <trkpt lat="46.455765" lon="12.928275">
        <ele>1182.0296624595262</ele>
      </trkpt>
      <trkpt lat="46.455828" lon="12.928303">
        <ele>1182.3841035230162</ele>
      </trkpt>
      <trkpt lat="46.45614" lon="12.928341">
        <ele>1182.9895929303634</ele>
      </trkpt>
      <trkpt lat="46.456246" lon="12.928335">
        <ele>1182.9919353444498</ele>
      </trkpt>
      <trkpt lat="46.456411" lon="12.928288">
        <ele>1182.2139231511626</ele>
      </trkpt>
      <trkpt lat="46.45659" lon="12.92816">
        <ele>1179.4840851846259</ele>
      </trkpt>
      <trkpt lat="46.456728" lon="12.928125">
        <ele>1180.4003235704095</ele>
      </trkpt>
      <trkpt lat="46.456776" lon="12.928133">
        <ele>1181.737811587681</ele>
      </trkpt>
      <trkpt lat="46.456848" lon="12.928125">
        <ele>1182.9222003592229</ele>
      </trkpt>
      <trkpt lat="46.45705" lon="12.928068">
        <ele>1183.9616546849807</ele>
      </trkpt>
      <trkpt lat="46.457143" lon="12.928055">
        <ele>1184.9433803309212</ele>
      </trkpt>
      <trkpt lat="46.457213" lon="12.928036">
        <ele>1185.4698707035718</ele>
      </trkpt>
      <trkpt lat="46.457383" lon="12.927961">
        <ele>1185.6404786471917</ele>
      </trkpt>
      <trkpt lat="46.457478" lon="12.927933">
        <ele>1185.9146529584305</ele>
      </trkpt>
      <trkpt lat="46.4577" lon="12.927893">
        <ele>1186.325589817434</ele>
      </trkpt>
      <trkpt lat="46.457903" lon="12.927913">
        <ele>1186.7022842465985</ele>
      </trkpt>
      <trkpt lat="46.458033" lon="12.927955">
        <ele>1186.9633495521555</ele>
      </trkpt>
      <trkpt lat="46.458135" lon="12.928016">
        <ele>1187.3635222549722</ele>
      </trkpt>
      <trkpt lat="46.458288" lon="12.928136">
        <ele>1187.935322883337</ele>
      </trkpt>
      <trkpt lat="46.458323" lon="12.928173">
        <ele>1188.2265097138438</ele>
      </trkpt>
      <trkpt lat="46.458408" lon="12.928228">
        <ele>1188.0960257936474</ele>
      </trkpt>
      <trkpt lat="46.458523" lon="12.928353">
        <ele>1188.6096508994515</ele>
      </trkpt>
      <trkpt lat="46.458591" lon="12.928441">
        <ele>1188.5946791980782</ele>
      </trkpt>
      <trkpt lat="46.458698" lon="12.92867">
        <ele>1189.6984489770034</ele>
      </trkpt>
      <trkpt lat="46.458751" lon="12.928844">
        <ele>1192.1248622100557</ele>
      </trkpt>
      <trkpt lat="46.458875" lon="12.928965">
        <ele>1190.973957402814</ele>
      </trkpt>
      <trkpt lat="46.459055" lon="12.929075">
        <ele>1189.4445470089684</ele>
      </trkpt>
      <trkpt lat="46.45921" lon="12.929203">
        <ele>1189.971725874082</ele>
      </trkpt>
      <trkpt lat="46.459576" lon="12.929463">
        <ele>1189.850949375537</ele>
      </trkpt>
      <trkpt lat="46.45975" lon="12.929537">
        <ele>1189.3157810419025</ele>
      </trkpt>
      <trkpt lat="46.459812" lon="12.929545">
        <ele>1189.5243018451818</ele>
      </trkpt>
      <trkpt lat="46.459844" lon="12.929534">
        <ele>1189.1478846030018</ele>
      </trkpt>
      <trkpt lat="46.459944" lon="12.929404">
        <ele>1186.2941866099832</ele>
      </trkpt>
      <trkpt lat="46.460018" lon="12.929348">
        <ele>1186.0786780623523</ele>
      </trkpt>
      <trkpt lat="46.460129" lon="12.929298">
        <ele>1186.4433399172917</ele>
      </trkpt>
      <trkpt lat="46.460181" lon="12.9293">
        <ele>1186.7811780416341</ele>
      </trkpt>
      <trkpt lat="46.460256" lon="12.929325">
        <ele>1187.1409699041724</ele>
      </trkpt>
      <trkpt lat="46.460333" lon="12.929383">
        <ele>1187.7554753870265</ele>
      </trkpt>
      <trkpt lat="46.460408" lon="12.929458">
        <ele>1187.7806866551628</ele>
      </trkpt>
      <trkpt lat="46.460574" lon="12.929774">
        <ele>1187.6291205748098</ele>
      </trkpt>
      <trkpt lat="46.460652" lon="12.929936">
        <ele>1185.918682028427</ele>
      </trkpt>
      <trkpt lat="46.460694" lon="12.930085">
        <ele>1184.7901496264956</ele>
      </trkpt>
      <trkpt lat="46.460734" lon="12.930505">
        <ele>1183.201400393658</ele>
      </trkpt>
      <trkpt lat="46.460741" lon="12.93067">
        <ele>1183.2927485034297</ele>
      </trkpt>
      <trkpt lat="46.460791" lon="12.930988">
        <ele>1183.4310792740887</ele>
      </trkpt>
      <trkpt lat="46.460879" lon="12.931285">
        <ele>1181.426322748302</ele>
      </trkpt>
      <trkpt lat="46.461115" lon="12.931943">
        <ele>1180.4713538352344</ele>
      </trkpt>
      <trkpt lat="46.461239" lon="12.932231">
        <ele>1181.0599068724578</ele>
      </trkpt>
      <trkpt lat="46.46128" lon="12.932357">
        <ele>1181.8028764195685</ele>
      </trkpt>
      <trkpt lat="46.461435" lon="12.93294">
        <ele>1183.613769999186</ele>
      </trkpt>
      <trkpt lat="46.461498" lon="12.933208">
        <ele>1183.1658759599895</ele>
      </trkpt>
      <trkpt lat="46.461651" lon="12.933783">
        <ele>1182.2421566351586</ele>
      </trkpt>
      <trkpt lat="46.461635" lon="12.933804">
        <ele>1182.126431307188</ele>
      </trkpt>
      <trkpt lat="46.461651" lon="12.933783">
        <ele>1182.2421566351586</ele>
      </trkpt>
      <trkpt lat="46.46171" lon="12.934007">
        <ele>1182.366238293615</ele>
      </trkpt>
      <trkpt lat="46.461867" lon="12.934534">
        <ele>1186.6177999914319</ele>
      </trkpt>
      <trkpt lat="46.462045" lon="12.934965">
        <ele>1190.97993034106</ele>
      </trkpt>
      <trkpt lat="46.462095" lon="12.935131">
        <ele>1192.3229450171762</ele>
      </trkpt>
      <trkpt lat="46.462111" lon="12.935212">
        <ele>1192.5198134505029</ele>
      </trkpt>
      <trkpt lat="46.462144" lon="12.93548">
        <ele>1189.2007679701317</ele>
      </trkpt>
      <trkpt lat="46.462177" lon="12.935566">
        <ele>1187.6505988312588</ele>
      </trkpt>
      <trkpt lat="46.462244" lon="12.935673">
        <ele>1185.583544827915</ele>
      </trkpt>
      <trkpt lat="46.462595" lon="12.93613">
        <ele>1183.8494804413158</ele>
      </trkpt>
      <trkpt lat="46.462628" lon="12.936209">
        <ele>1183.3837460528434</ele>
      </trkpt>
      <trkpt lat="46.462646" lon="12.936307">
        <ele>1182.949861693799</ele>
      </trkpt>
      <trkpt lat="46.462658" lon="12.936624">
        <ele>1182.4041565456039</ele>
      </trkpt>
      <trkpt lat="46.462679" lon="12.936813">
        <ele>1181.3941582082423</ele>
      </trkpt>
      <trkpt lat="46.46278" lon="12.937144">
        <ele>1177.7528422902033</ele>
      </trkpt>
      <trkpt lat="46.46281" lon="12.937262">
        <ele>1177.5116944967165</ele>
      </trkpt>
      <trkpt lat="46.462807" lon="12.937402">
        <ele>1177.7873163334173</ele>
      </trkpt>
      <trkpt lat="46.462735" lon="12.937815">
        <ele>1174.68783081589</ele>
      </trkpt>
      <trkpt lat="46.462727" lon="12.937889">
        <ele>1173.5981495970618</ele>
      </trkpt>
      <trkpt lat="46.462749" lon="12.938019">
        <ele>1172.4843651509395</ele>
      </trkpt>
      <trkpt lat="46.46278" lon="12.938086">
        <ele>1172.2590477237632</ele>
      </trkpt>
      <trkpt lat="46.462854" lon="12.938197">
        <ele>1171.3093967785376</ele>
      </trkpt>
      <trkpt lat="46.462966" lon="12.938314">
        <ele>1169.3739536148116</ele>
      </trkpt>
      <trkpt lat="46.463169" lon="12.938464">
        <ele>1166.2154606952095</ele>
      </trkpt>
      <trkpt lat="46.463223" lon="12.938519">
        <ele>1165.275118502865</ele>
      </trkpt>
      <trkpt lat="46.463307" lon="12.938626">
        <ele>1163.443855059119</ele>
      </trkpt>
      <trkpt lat="46.463786" lon="12.939463">
        <ele>1151.6979403234582</ele>
      </trkpt>
      <trkpt lat="46.463935" lon="12.939663">
        <ele>1148.8657261642336</ele>
      </trkpt>
      <trkpt lat="46.464087" lon="12.939823">
        <ele>1146.4647730481693</ele>
      </trkpt>
      <trkpt lat="46.464287" lon="12.939955">
        <ele>1146.1876430789198</ele>
      </trkpt>
      <trkpt lat="46.464337" lon="12.940006">
        <ele>1146.019931419527</ele>
      </trkpt>
      <trkpt lat="46.464395" lon="12.940094">
        <ele>1145.6509154413613</ele>
      </trkpt>
      <trkpt lat="46.464502" lon="12.940328">
        <ele>1145.1056352314747</ele>
      </trkpt>
      <trkpt lat="46.464556" lon="12.94052">
        <ele>1145.5306114417222</ele>
      </trkpt>
      <trkpt lat="46.464644" lon="12.9409">
        <ele>1146.1139163168084</ele>
      </trkpt>
      <trkpt lat="46.4647" lon="12.941014">
        <ele>1146.1875624016209</ele>
      </trkpt>
      <trkpt lat="46.465036" lon="12.941534">
        <ele>1148.1577589712367</ele>
      </trkpt>
      <trkpt lat="46.465162" lon="12.941787">
        <ele>1149.3265039971923</ele>
      </trkpt>
      <trkpt lat="46.465231" lon="12.942013">
        <ele>1150.6524906761858</ele>
      </trkpt>
      <trkpt lat="46.465333" lon="12.942579">
        <ele>1154.7796877628978</ele>
      </trkpt>
      <trkpt lat="46.465423" lon="12.942805">
        <ele>1154.4163577666875</ele>
      </trkpt>
      <trkpt lat="46.465563" lon="12.94294">
        <ele>1152.4078997339184</ele>
      </trkpt>
      <trkpt lat="46.465837" lon="12.94308">
        <ele>1150.4113676236907</ele>
      </trkpt>
      <trkpt lat="46.466485" lon="12.943369">
        <ele>1149.6811354547608</ele>
      </trkpt>
      <trkpt lat="46.466693" lon="12.943422">
        <ele>1149.3545470999388</ele>
      </trkpt>
      <trkpt lat="46.46683" lon="12.943405">
        <ele>1149.8995945193722</ele>
      </trkpt>
      <trkpt lat="46.466995" lon="12.943312">
        <ele>1151.1520545769358</ele>
      </trkpt>
      <trkpt lat="46.4671" lon="12.943231">
        <ele>1152.0281080472205</ele>
      </trkpt>
      <trkpt lat="46.467346" lon="12.943193">
        <ele>1151.1207157181964</ele>
      </trkpt>
      <trkpt lat="46.467547" lon="12.943046">
        <ele>1152.4371239846832</ele>
      </trkpt>
      <trkpt lat="46.467707" lon="12.942873">
        <ele>1153.4412149741543</ele>
      </trkpt>
      <trkpt lat="46.467768" lon="12.942826">
        <ele>1153.3663357060161</ele>
      </trkpt>
      <trkpt lat="46.467808" lon="12.942755">
        <ele>1154.1953013566524</ele>
      </trkpt>
      <trkpt lat="46.467856" lon="12.942597">
        <ele>1157.545924533102</ele>
      </trkpt>
      <trkpt lat="46.467894" lon="12.942551">
        <ele>1157.8455782799872</ele>
      </trkpt>
      <trkpt lat="46.467949" lon="12.942484">
        <ele>1158.7664612727729</ele>
      </trkpt>
      <trkpt lat="46.468208" lon="12.942375">
        <ele>1157.620320374357</ele>
      </trkpt>
      <trkpt lat="46.46867" lon="12.942183">
        <ele>1151.5851300091733</ele>
      </trkpt>
      <trkpt lat="46.468921" lon="12.942143">
        <ele>1147.9029412599787</ele>
      </trkpt>
      <trkpt lat="46.469023" lon="12.94216">
        <ele>1146.4581832394724</ele>
      </trkpt>
      <trkpt lat="46.46909" lon="12.942203">
        <ele>1144.2067232159793</ele>
      </trkpt>
      <trkpt lat="46.4692" lon="12.942329">
        <ele>1144.5904514812205</ele>
      </trkpt>
      <trkpt lat="46.46921" lon="12.94249">
        <ele>1149.6988593181327</ele>
      </trkpt>
      <trkpt lat="46.469147" lon="12.942523">
        <ele>1148.9829279221722</ele>
      </trkpt>
      <trkpt lat="46.469033" lon="12.942633">
        <ele>1147.7428395571476</ele>
      </trkpt>
      <trkpt lat="46.469002" lon="12.942699">
        <ele>1147.8862620036932</ele>
      </trkpt>
      <trkpt lat="46.468977" lon="12.942887">
        <ele>1149.7352445695074</ele>
      </trkpt>
      <trkpt lat="46.468981" lon="12.942966">
        <ele>1150.4565033284418</ele>
      </trkpt>
      <trkpt lat="46.469023" lon="12.943116">
        <ele>1152.0845360439828</ele>
      </trkpt>
      <trkpt lat="46.469215" lon="12.943591">
        <ele>1155.5321231037383</ele>
      </trkpt>
      <trkpt lat="46.469296" lon="12.943777">
        <ele>1155.7568049939925</ele>
      </trkpt>
      <trkpt lat="46.469319" lon="12.943816">
        <ele>1155.8355124509521</ele>
      </trkpt>
      <trkpt lat="46.469524" lon="12.944022">
        <ele>1155.5954304133531</ele>
      </trkpt>
      <trkpt lat="46.469625" lon="12.944105">
        <ele>1155.544798535494</ele>
      </trkpt>
      <trkpt lat="46.470077" lon="12.944367">
        <ele>1155.8406005016336</ele>
      </trkpt>
      <trkpt lat="46.470147" lon="12.944388">
        <ele>1156.3972673947228</ele>
      </trkpt>
      <trkpt lat="46.470235" lon="12.944417">
        <ele>1157.5357809631173</ele>
      </trkpt>
      <trkpt lat="46.47031" lon="12.944455">
        <ele>1158.3483801441457</ele>
      </trkpt>
      <trkpt lat="46.470425" lon="12.944551">
        <ele>1156.911529351158</ele>
      </trkpt>
      <trkpt lat="46.470494" lon="12.944598">
        <ele>1155.191941442543</ele>
      </trkpt>
      <trkpt lat="46.47057" lon="12.944629">
        <ele>1154.1664268264335</ele>
      </trkpt>
      <trkpt lat="46.470638" lon="12.944639">
        <ele>1154.3301823450313</ele>
      </trkpt>
      <trkpt lat="46.470736" lon="12.944582">
        <ele>1158.1192968172618</ele>
      </trkpt>
      <trkpt lat="46.470752" lon="12.944586">
        <ele>1158.4110889759593</ele>
      </trkpt>
      <trkpt lat="46.470765" lon="12.944721">
        <ele>1158.4652502045237</ele>
      </trkpt>
      <trkpt lat="46.47077" lon="12.944776">
        <ele>1159.5019680473265</ele>
      </trkpt>
      <trkpt lat="46.470733" lon="12.944952">
        <ele>1162.4779263124274</ele>
      </trkpt>
      <trkpt lat="46.470608" lon="12.945134">
        <ele>1161.842094829735</ele>
      </trkpt>
      <trkpt lat="46.47048" lon="12.945436">
        <ele>1157.2957546391376</ele>
      </trkpt>
      <trkpt lat="46.470432" lon="12.945587">
        <ele>1154.884736672594</ele>
      </trkpt>
      <trkpt lat="46.470405" lon="12.945703">
        <ele>1153.7327300647426</ele>
      </trkpt>
      <trkpt lat="46.470384" lon="12.94608">
        <ele>1150.7039047737253</ele>
      </trkpt>
      <trkpt lat="46.47039" lon="12.946232">
        <ele>1149.8071575798622</ele>
      </trkpt>
      <trkpt lat="46.470384" lon="12.946772">
        <ele>1148.51250628346</ele>
      </trkpt>
      <trkpt lat="46.470372" lon="12.946938">
        <ele>1148.7722696670985</ele>
      </trkpt>
      <trkpt lat="46.470304" lon="12.947347">
        <ele>1148.960364196742</ele>
      </trkpt>
      <trkpt lat="46.470292" lon="12.947509">
        <ele>1150.2484931589038</ele>
      </trkpt>
      <trkpt lat="46.470276" lon="12.947589">
        <ele>1150.4196040784147</ele>
      </trkpt>
      <trkpt lat="46.470253" lon="12.947664">
        <ele>1150.107885037725</ele>
      </trkpt>
      <trkpt lat="46.470189" lon="12.947992">
        <ele>1149.1597305257492</ele>
      </trkpt>
      <trkpt lat="46.470154" lon="12.948332">
        <ele>1147.8516939672527</ele>
      </trkpt>
      <trkpt lat="46.47015" lon="12.948752">
        <ele>1143.84957352448</ele>
      </trkpt>
      <trkpt lat="46.470241" lon="12.949236">
        <ele>1142.6519941279967</ele>
      </trkpt>
      <trkpt lat="46.470265" lon="12.94949">
        <ele>1140.2372503205713</ele>
      </trkpt>
      <trkpt lat="46.470288" lon="12.94957">
        <ele>1140.2205133190619</ele>
      </trkpt>
      <trkpt lat="46.47032" lon="12.949818">
        <ele>1138.7749405806287</ele>
      </trkpt>
      <trkpt lat="46.470368" lon="12.95006">
        <ele>1138.2707100758016</ele>
      </trkpt>
      <trkpt lat="46.470445" lon="12.950331">
        <ele>1137.6897339950929</ele>
      </trkpt>
      <trkpt lat="46.470543" lon="12.950607">
        <ele>1137.6570482001484</ele>
      </trkpt>
      <trkpt lat="46.470672" lon="12.950929">
        <ele>1138.8047621364121</ele>
      </trkpt>
      <trkpt lat="46.470902" lon="12.951385">
        <ele>1144.2198937387325</ele>
      </trkpt>
      <trkpt lat="46.470985" lon="12.951611">
        <ele>1146.3539662705714</ele>
      </trkpt>
      <trkpt lat="46.471007" lon="12.951718">
        <ele>1147.038264072926</ele>
      </trkpt>
      <trkpt lat="46.471025" lon="12.951955">
        <ele>1148.3993948958632</ele>
      </trkpt>
      <trkpt lat="46.471001" lon="12.952092">
        <ele>1148.8478610042737</ele>
      </trkpt>
      <trkpt lat="46.470922" lon="12.952265">
        <ele>1148.670679195886</ele>
      </trkpt>
      <trkpt lat="46.470938" lon="12.952342">
        <ele>1149.7712573851322</ele>
      </trkpt>
      <trkpt lat="46.470973" lon="12.9524">
        <ele>1151.0408954279715</ele>
      </trkpt>
      <trkpt lat="46.470995" lon="12.952505">
        <ele>1152.3070162111599</ele>
      </trkpt>
      <trkpt lat="46.471041" lon="12.952659">
        <ele>1153.6949690895708</ele>
      </trkpt>
      <trkpt lat="46.471075" lon="12.952737">
        <ele>1154.4349838363682</ele>
      </trkpt>
      <trkpt lat="46.471267" lon="12.952869">
        <ele>1159.5252114852194</ele>
      </trkpt>
      <trkpt lat="46.47133" lon="12.952973">
        <ele>1161.1257959168752</ele>
      </trkpt>
      <trkpt lat="46.471401" lon="12.953108">
        <ele>1162.9466856052177</ele>
      </trkpt>
      <trkpt lat="46.47151" lon="12.953528">
        <ele>1164.4111311163224</ele>
      </trkpt>
      <trkpt lat="46.4716" lon="12.953673">
        <ele>1164.4334039502182</ele>
      </trkpt>
      <trkpt lat="46.471699" lon="12.953782">
        <ele>1164.1341115108282</ele>
      </trkpt>
      <trkpt lat="46.471882" lon="12.953841">
        <ele>1164.8323700018107</ele>
      </trkpt>
      <trkpt lat="46.472005" lon="12.953909">
        <ele>1165.4634304306815</ele>
      </trkpt>
      <trkpt lat="46.472128" lon="12.953964">
        <ele>1166.8842759768536</ele>
      </trkpt>
      <trkpt lat="46.472347" lon="12.953999">
        <ele>1169.441885353493</ele>
      </trkpt>
      <trkpt lat="46.472396" lon="12.95417">
        <ele>1166.969246824763</ele>
      </trkpt>
      <trkpt lat="46.472532" lon="12.954514">
        <ele>1170.3408963330564</ele>
      </trkpt>
      <trkpt lat="46.472635" lon="12.954732">
        <ele>1173.7400193599312</ele>
      </trkpt>
      <trkpt lat="46.472659" lon="12.954819">
        <ele>1174.8975417298789</ele>
      </trkpt>
      <trkpt lat="46.472705" lon="12.955059">
        <ele>1177.7330798814066</ele>
      </trkpt>
      <trkpt lat="46.472743" lon="12.955151">
        <ele>1178.8956802804353</ele>
      </trkpt>
      <trkpt lat="46.472792" lon="12.955203">
        <ele>1180.2715609214824</ele>
      </trkpt>
      <trkpt lat="46.472886" lon="12.955206">
        <ele>1182.768840266631</ele>
      </trkpt>
      <trkpt lat="46.472955" lon="12.955235">
        <ele>1184.790857390348</ele>
      </trkpt>
      <trkpt lat="46.472995" lon="12.95531">
        <ele>1185.7648955623076</ele>
      </trkpt>
      <trkpt lat="46.473046" lon="12.955474">
        <ele>1186.0487505079857</ele>
      </trkpt>
      <trkpt lat="46.473102" lon="12.955552">
        <ele>1186.6410394762943</ele>
      </trkpt>
      <trkpt lat="46.473171" lon="12.955621">
        <ele>1188.449264806812</ele>
      </trkpt>
      <trkpt lat="46.473184" lon="12.955661">
        <ele>1188.3694337468519</ele>
      </trkpt>
      <trkpt lat="46.473216" lon="12.95569">
        <ele>1189.0819079047512</ele>
      </trkpt>
      <trkpt lat="46.473289" lon="12.955681">
        <ele>1191.759261125092</ele>
      </trkpt>
      <trkpt lat="46.473474" lon="12.955788">
        <ele>1196.6700964605693</ele>
      </trkpt>
      <trkpt lat="46.473594" lon="12.955851">
        <ele>1200.3494569446482</ele>
      </trkpt>
      <trkpt lat="46.473632" lon="12.95584">
        <ele>1201.9009406434884</ele>
      </trkpt>
      <trkpt lat="46.473724" lon="12.956074">
        <ele>1200.4743439568258</ele>
      </trkpt>
      <trkpt lat="46.473776" lon="12.956188">
        <ele>1200.4912428392902</ele>
      </trkpt>
      <trkpt lat="46.473791" lon="12.956294">
        <ele>1200.6872419101276</ele>
      </trkpt>
      <trkpt lat="46.473773" lon="12.956371">
        <ele>1201.4350133700418</ele>
      </trkpt>
      <trkpt lat="46.473753" lon="12.956409">
        <ele>1201.6021564437442</ele>
      </trkpt>
      <trkpt lat="46.473714" lon="12.956438">
        <ele>1200.8107420328238</ele>
      </trkpt>
      <trkpt lat="46.473568" lon="12.956481">
        <ele>1198.3333436033854</ele>
      </trkpt>
      <trkpt lat="46.47328" lon="12.956476">
        <ele>1200.3362043069096</ele>
      </trkpt>
      <trkpt lat="46.473059" lon="12.956455">
        <ele>1198.3800076174452</ele>
      </trkpt>
      <trkpt lat="46.472931" lon="12.956481">
        <ele>1196.8555085150156</ele>
      </trkpt>
      <trkpt lat="46.472782" lon="12.956569">
        <ele>1196.7529184849884</ele>
      </trkpt>
      <trkpt lat="46.472669" lon="12.956589">
        <ele>1196.8405759099337</ele>
      </trkpt>
      <trkpt lat="46.472525" lon="12.956512">
        <ele>1194.852799347892</ele>
      </trkpt>
      <trkpt lat="46.472463" lon="12.956466">
        <ele>1193.1175362606295</ele>
      </trkpt>
      <trkpt lat="46.472232" lon="12.956507">
        <ele>1185.9991831308153</ele>
      </trkpt>
      <trkpt lat="46.47221" lon="12.95653">
        <ele>1185.1922141977009</ele>
      </trkpt>
      <trkpt lat="46.472119" lon="12.95663">
        <ele>1184.5546079090038</ele>
      </trkpt>
      <trkpt lat="46.472093" lon="12.956723">
        <ele>1187.5582343956094</ele>
      </trkpt>
      <trkpt lat="46.472006" lon="12.956764">
        <ele>1192.2372368885076</ele>
      </trkpt>
      <trkpt lat="46.471908" lon="12.956599">
        <ele>1190.1882281773226</ele>
      </trkpt>
      <trkpt lat="46.471836" lon="12.956502">
        <ele>1188.3354472317542</ele>
      </trkpt>
      <trkpt lat="46.471718" lon="12.95642">
        <ele>1186.003556537383</ele>
      </trkpt>
      <trkpt lat="46.471533" lon="12.956332">
        <ele>1182.221002864189</ele>
      </trkpt>
      <trkpt lat="46.471456" lon="12.956204">
        <ele>1178.4326587365904</ele>
      </trkpt>
      <trkpt lat="46.471312" lon="12.956096">
        <ele>1174.9561490837832</ele>
      </trkpt>
      <trkpt lat="46.471184" lon="12.956034">
        <ele>1173.238561240453</ele>
      </trkpt>
      <trkpt lat="46.47105" lon="12.956019">
        <ele>1170.947884920247</ele>
      </trkpt>
      <trkpt lat="46.470716" lon="12.95589">
        <ele>1165.474638069037</ele>
      </trkpt>
      <trkpt lat="46.470531" lon="12.95586">
        <ele>1166.9575593684226</ele>
      </trkpt>
      <trkpt lat="46.470331" lon="12.955644">
        <ele>1162.7827120440481</ele>
      </trkpt>
      <trkpt lat="46.470197" lon="12.955464">
        <ele>1163.107581941681</ele>
      </trkpt>
      <trkpt lat="46.469971" lon="12.955269">
        <ele>1162.308754050259</ele>
      </trkpt>
      <trkpt lat="46.469791" lon="12.955171">
        <ele>1158.6521331111264</ele>
      </trkpt>
      <trkpt lat="46.469581" lon="12.955253">
        <ele>1156.840438663738</ele>
      </trkpt>
      <trkpt lat="46.469373" lon="12.955582">
        <ele>1157.9594840632055</ele>
      </trkpt>
      <trkpt lat="46.46917" lon="12.95572">
        <ele>1162.3884855684366</ele>
      </trkpt>
      <trkpt lat="46.469108" lon="12.955751">
        <ele>1164.6497698890375</ele>
      </trkpt>
      <trkpt lat="46.468898" lon="12.955926">
        <ele>1172.6721622879818</ele>
      </trkpt>
      <trkpt lat="46.468713" lon="12.95608">
        <ele>1175.5336999483338</ele>
      </trkpt>
      <trkpt lat="46.468466" lon="12.956198">
        <ele>1174.7493997557608</ele>
      </trkpt>
      <trkpt lat="46.468214" lon="12.956342">
        <ele>1175.1900645470646</ele>
      </trkpt>
      <trkpt lat="46.467942" lon="12.956327">
        <ele>1177.3268025432117</ele>
      </trkpt>
      <trkpt lat="46.467667" lon="12.956296">
        <ele>1177.6286268736753</ele>
      </trkpt>
      <trkpt lat="46.467582" lon="12.956286">
        <ele>1177.5495733521138</ele>
      </trkpt>
      <trkpt lat="46.467372" lon="12.956306">
        <ele>1177.9819247671862</ele>
      </trkpt>
      <trkpt lat="46.467171" lon="12.956368">
        <ele>1179.974272714548</ele>
      </trkpt>
      <trkpt lat="46.466899" lon="12.956368">
        <ele>1183.5088410904964</ele>
      </trkpt>
      <trkpt lat="46.466457" lon="12.956265">
        <ele>1184.230065285315</ele>
      </trkpt>
      <trkpt lat="46.466252" lon="12.956219">
        <ele>1188.3721326570749</ele>
      </trkpt>
      <trkpt lat="46.466301" lon="12.956332">
        <ele>1189.863076612409</ele>
      </trkpt>
      <trkpt lat="46.466162" lon="12.95628">
        <ele>1192.3555324437734</ele>
      </trkpt>
      <trkpt lat="46.465982" lon="12.95609">
        <ele>1192.8643697020414</ele>
      </trkpt>
      <trkpt lat="46.465922" lon="12.955966">
        <ele>1192.3702396590147</ele>
      </trkpt>
      <trkpt lat="46.465706" lon="12.955865">
        <ele>1195.78813544617</ele>
      </trkpt>
      <trkpt lat="46.465281" lon="12.955942">
        <ele>1202.7648292591052</ele>
      </trkpt>
      <trkpt lat="46.464942" lon="12.955967">
        <ele>1206.6713586951764</ele>
      </trkpt>
      <trkpt lat="46.464726" lon="12.955931">
        <ele>1208.552920110575</ele>
      </trkpt>
      <trkpt lat="46.464522" lon="12.955748">
        <ele>1214.1304996129247</ele>
      </trkpt>
      <trkpt lat="46.464294" lon="12.955464">
        <ele>1220.573665092712</ele>
      </trkpt>
      <trkpt lat="46.464036" lon="12.955126">
        <ele>1217.5202163848674</ele>
      </trkpt>
      <trkpt lat="46.463889" lon="12.954854">
        <ele>1212.4492472501452</ele>
      </trkpt>
      <trkpt lat="46.463754" lon="12.954616">
        <ele>1208.242176369467</ele>
      </trkpt>
      <trkpt lat="46.463559" lon="12.954303">
        <ele>1202.0146605778332</ele>
      </trkpt>
      <trkpt lat="46.463478" lon="12.953974">
        <ele>1197.4377085730891</ele>
      </trkpt>
      <trkpt lat="46.46344" lon="12.953529">
        <ele>1194.0279917772446</ele>
      </trkpt>
      <trkpt lat="46.463422" lon="12.953077">
        <ele>1189.3575115646297</ele>
      </trkpt>
      <trkpt lat="46.463373" lon="12.952681">
        <ele>1186.337839860292</ele>
      </trkpt>
      <trkpt lat="46.463309" lon="12.952321">
        <ele>1185.5144662618186</ele>
      </trkpt>
      <trkpt lat="46.463288" lon="12.952059">
        <ele>1186.3933863133143</ele>
      </trkpt>
      <trkpt lat="46.463231" lon="12.951822">
        <ele>1186.182095701215</ele>
      </trkpt>
      <trkpt lat="46.462923" lon="12.951316">
        <ele>1182.7980864032904</ele>
      </trkpt>
      <trkpt lat="46.462657" lon="12.950909">
        <ele>1178.607438748539</ele>
      </trkpt>
      <trkpt lat="46.462387" lon="12.950662">
        <ele>1174.2597223838593</ele>
      </trkpt>
      <trkpt lat="46.461833" lon="12.950263">
        <ele>1166.711959492041</ele>
      </trkpt>
      <trkpt lat="46.461688" lon="12.950196">
        <ele>1164.5346030350934</ele>
      </trkpt>
      <trkpt lat="46.461549" lon="12.950041">
        <ele>1162.739518957882</ele>
      </trkpt>
      <trkpt lat="46.461356" lon="12.949729">
        <ele>1159.3707896428275</ele>
      </trkpt>
      <trkpt lat="46.461191" lon="12.949741">
        <ele>1156.3263378185197</ele>
      </trkpt>
      <trkpt lat="46.461179" lon="12.950145">
        <ele>1150.5391694961913</ele>
      </trkpt>
      <trkpt lat="46.461153" lon="12.95042">
        <ele>1146.0004148692267</ele>
      </trkpt>
      <trkpt lat="46.461048" lon="12.950503">
        <ele>1145.6213994750208</ele>
      </trkpt>
      <trkpt lat="46.460963" lon="12.9504">
        <ele>1144.9316273740894</ele>
      </trkpt>
      <trkpt lat="46.460418" lon="12.950065">
        <ele>1143.6879186555002</ele>
      </trkpt>
      <trkpt lat="46.460326" lon="12.950054">
        <ele>1143.9356430510625</ele>
      </trkpt>
      <trkpt lat="46.460188" lon="12.950021">
        <ele>1143.0760356360042</ele>
      </trkpt>
      <trkpt lat="46.460095" lon="12.949952">
        <ele>1139.8139145405382</ele>
      </trkpt>
      <trkpt lat="46.459972" lon="12.949939">
        <ele>1139.3320872049853</ele>
      </trkpt>
      <trkpt lat="46.459885" lon="12.949947">
        <ele>1139.9373791351345</ele>
      </trkpt>
      <trkpt lat="46.459773" lon="12.949939">
        <ele>1139.843693933448</ele>
      </trkpt>
      <trkpt lat="46.459647" lon="12.949885">
        <ele>1137.4465953368453</ele>
      </trkpt>
      <trkpt lat="46.459511" lon="12.949898">
        <ele>1139.3244504983616</ele>
      </trkpt>
      <trkpt lat="46.459391" lon="12.949895">
        <ele>1140.069806761269</ele>
      </trkpt>
      <trkpt lat="46.459281" lon="12.949831">
        <ele>1137.0780013739964</ele>
      </trkpt>
      <trkpt lat="46.459131" lon="12.949727">
        <ele>1132.5359396745596</ele>
      </trkpt>
      <trkpt lat="46.459059" lon="12.949445">
        <ele>1124.4463732214037</ele>
      </trkpt>
      <trkpt lat="46.459017" lon="12.949411">
        <ele>1122.588617012993</ele>
      </trkpt>
      <trkpt lat="46.458965" lon="12.949413">
        <ele>1120.8026621324252</ele>
      </trkpt>
      <trkpt lat="46.458876" lon="12.949463">
        <ele>1118.7046189652722</ele>
      </trkpt>
      <trkpt lat="46.45876" lon="12.949588">
        <ele>1115.7340352758995</ele>
      </trkpt>
      <trkpt lat="46.458646" lon="12.949739">
        <ele>1112.7776631670931</ele>
      </trkpt>
      <trkpt lat="46.458571" lon="12.949888">
        <ele>1110.9289469870955</ele>
      </trkpt>
      <trkpt lat="46.458317" lon="12.950565">
        <ele>1103.6379650791189</ele>
      </trkpt>
      <trkpt lat="46.458178" lon="12.950781">
        <ele>1099.9070413540885</ele>
      </trkpt>
      <trkpt lat="46.458049" lon="12.950944">
        <ele>1098.0314161541528</ele>
      </trkpt>
      <trkpt lat="46.457908" lon="12.951056">
        <ele>1095.8915342703558</ele>
      </trkpt>
      <trkpt lat="46.457638" lon="12.951233">
        <ele>1091.1819597106792</ele>
      </trkpt>
      <trkpt lat="46.457433" lon="12.951399">
        <ele>1090.9065550128084</ele>
      </trkpt>
      <trkpt lat="46.457297" lon="12.951483">
        <ele>1092.646993776401</ele>
      </trkpt>
      <trkpt lat="46.457205" lon="12.951531">
        <ele>1093.7781613745187</ele>
      </trkpt>
      <trkpt lat="46.457054" lon="12.951587">
        <ele>1094.6276064292665</ele>
      </trkpt>
      <trkpt lat="46.456775" lon="12.951731">
        <ele>1095.0881003613777</ele>
      </trkpt>
      <trkpt lat="46.456677" lon="12.951774">
        <ele>1094.3121213822433</ele>
      </trkpt>
      <trkpt lat="46.456494" lon="12.95186">
        <ele>1092.8123399776575</ele>
      </trkpt>
      <trkpt lat="46.45611" lon="12.951995">
        <ele>1091.1287847458307</ele>
      </trkpt>
      <trkpt lat="46.455873" lon="12.952086">
        <ele>1089.866307523508</ele>
      </trkpt>
      <trkpt lat="46.455833" lon="12.95211">
        <ele>1089.4165906442392</ele>
      </trkpt>
      <trkpt lat="46.455786" lon="12.952205">
        <ele>1089.6570448920158</ele>
      </trkpt>
      <trkpt lat="46.455631" lon="12.952694">
        <ele>1088.1337604592527</ele>
      </trkpt>
      <trkpt lat="46.455619" lon="12.952863">
        <ele>1089.9425019352652</ele>
      </trkpt>
      <trkpt lat="46.455602" lon="12.952998">
        <ele>1090.9124966958902</ele>
      </trkpt>
      <trkpt lat="46.455519" lon="12.953237">
        <ele>1089.155586339112</ele>
      </trkpt>
      <trkpt lat="46.455488" lon="12.953386">
        <ele>1088.4740743753998</ele>
      </trkpt>
      <trkpt lat="46.455447" lon="12.953664">
        <ele>1086.4211211004788</ele>
      </trkpt>
      <trkpt lat="46.455455" lon="12.953964">
        <ele>1085.6659141668706</ele>
      </trkpt>
      <trkpt lat="46.455486" lon="12.954099">
        <ele>1086.172984606443</ele>
      </trkpt>
      <trkpt lat="46.455586" lon="12.954341">
        <ele>1088.4690515157185</ele>
      </trkpt>
      <trkpt lat="46.455621" lon="12.95447">
        <ele>1088.6750526909634</ele>
      </trkpt>
      <trkpt lat="46.455644" lon="12.954605">
        <ele>1088.369953095485</ele>
      </trkpt>
      <trkpt lat="46.455675" lon="12.955026">
        <ele>1086.1222835561675</ele>
      </trkpt>
      <trkpt lat="46.455732" lon="12.955448">
        <ele>1086.2918748942886</ele>
      </trkpt>
      <trkpt lat="46.455802" lon="12.955599">
        <ele>1090.0641638923883</ele>
      </trkpt>
      <trkpt lat="46.455861" lon="12.955892">
        <ele>1090.8762132764693</ele>
      </trkpt>
      <trkpt lat="46.455933" lon="12.95601">
        <ele>1093.3696166343034</ele>
      </trkpt>
      <trkpt lat="46.455948" lon="12.956059">
        <ele>1094.121366568902</ele>
      </trkpt>
      <trkpt lat="46.45595" lon="12.956123">
        <ele>1094.276958602119</ele>
      </trkpt>
      <trkpt lat="46.455941" lon="12.956177">
        <ele>1094.3326572296842</ele>
      </trkpt>
      <trkpt lat="46.455919" lon="12.956206">
        <ele>1093.6302877310882</ele>
      </trkpt>
      <trkpt lat="46.455877" lon="12.956302">
        <ele>1092.8298392082472</ele>
      </trkpt>
      <trkpt lat="46.455826" lon="12.956515">
        <ele>1093.4417953481186</ele>
      </trkpt>
      <trkpt lat="46.455758" lon="12.956715">
        <ele>1092.714006525462</ele>
      </trkpt>
      <trkpt lat="46.455672" lon="12.957027">
        <ele>1090.8868241379498</ele>
      </trkpt>
      <trkpt lat="46.455581" lon="12.957482">
        <ele>1086.6859165393316</ele>
      </trkpt>
      <trkpt lat="46.455582" lon="12.957708">
        <ele>1085.7944100687557</ele>
      </trkpt>
      <trkpt lat="46.455567" lon="12.957808">
        <ele>1084.1200538218336</ele>
      </trkpt>
      <trkpt lat="46.455565" lon="12.95793">
        <ele>1083.4348449496413</ele>
      </trkpt>
      <trkpt lat="46.455568" lon="12.958014">
        <ele>1083.2831027242366</ele>
      </trkpt>
      <trkpt lat="46.455583" lon="12.958134">
        <ele>1083.6073752569584</ele>
      </trkpt>
      <trkpt lat="46.455577" lon="12.958278">
        <ele>1082.3388741201998</ele>
      </trkpt>
      <trkpt lat="46.455585" lon="12.958432">
        <ele>1081.9095292224663</ele>
      </trkpt>
      <trkpt lat="46.4556" lon="12.958509">
        <ele>1082.3608910046567</ele>
      </trkpt>
      <trkpt lat="46.455606" lon="12.958589">
        <ele>1082.9080887110083</ele>
      </trkpt>
      <trkpt lat="46.455602" lon="12.958701">
        <ele>1083.3653161524192</ele>
      </trkpt>
      <trkpt lat="46.455573" lon="12.958752">
        <ele>1084.3122943121575</ele>
      </trkpt>
      <trkpt lat="46.455536" lon="12.958757">
        <ele>1084.3597535281842</ele>
      </trkpt>
      <trkpt lat="46.455494" lon="12.95872">
        <ele>1082.664227214916</ele>
      </trkpt>
      <trkpt lat="46.45537" lon="12.958558">
        <ele>1077.450851994373</ele>
      </trkpt>
      <trkpt lat="46.455185" lon="12.958425">
        <ele>1076.2091579873704</ele>
      </trkpt>
      <trkpt lat="46.455069" lon="12.958344">
        <ele>1075.3063984233495</ele>
      </trkpt>
      <trkpt lat="46.455042" lon="12.958346">
        <ele>1075.574632686174</ele>
      </trkpt>
      <trkpt lat="46.454948" lon="12.958399">
        <ele>1077.2158242734322</ele>
      </trkpt>
      <trkpt lat="46.454804" lon="12.958562">
        <ele>1081.3786313573617</ele>
      </trkpt>
      <trkpt lat="46.454647" lon="12.958648">
        <ele>1084.3171531002577</ele>
      </trkpt>
      <trkpt lat="46.45456" lon="12.958696">
        <ele>1085.3821072495905</ele>
      </trkpt>
      <trkpt lat="46.45439" lon="12.958847">
        <ele>1088.5104390787237</ele>
      </trkpt>
      <trkpt lat="46.454142" lon="12.959111">
        <ele>1096.0149245452874</ele>
      </trkpt>
      <trkpt lat="46.454069" lon="12.959151">
        <ele>1098.0523371910135</ele>
      </trkpt>
      <trkpt lat="46.453682" lon="12.959145">
        <ele>1103.987062580417</ele>
      </trkpt>
      <trkpt lat="46.453531" lon="12.959165">
        <ele>1106.4053438900983</ele>
      </trkpt>
      <trkpt lat="46.453295" lon="12.959156">
        <ele>1105.9957111194292</ele>
      </trkpt>
      <trkpt lat="46.453229" lon="12.959201">
        <ele>1106.4672314164716</ele>
      </trkpt>
      <trkpt lat="46.453186" lon="12.959336">
        <ele>1109.2222056605242</ele>
      </trkpt>
      <trkpt lat="46.453136" lon="12.959421">
        <ele>1110.1725749544162</ele>
      </trkpt>
      <trkpt lat="46.453074" lon="12.959485">
        <ele>1110.2383523137983</ele>
      </trkpt>
      <trkpt lat="46.453037" lon="12.959592">
        <ele>1112.7630522292054</ele>
      </trkpt>
      <trkpt lat="46.452962" lon="12.959727">
        <ele>1117.9951097553833</ele>
      </trkpt>
      <trkpt lat="46.452925" lon="12.959716">
        <ele>1119.1169143003895</ele>
      </trkpt>
      <trkpt lat="46.452894" lon="12.959662">
        <ele>1118.4113123776826</ele>
      </trkpt>
      <trkpt lat="46.452745" lon="12.959449">
        <ele>1121.1188533846507</ele>
      </trkpt>
      <trkpt lat="46.452625" lon="12.959297">
        <ele>1120.4198472689181</ele>
      </trkpt>
      <trkpt lat="46.452547" lon="12.959246">
        <ele>1120.931965310705</ele>
      </trkpt>
      <trkpt lat="46.452466" lon="12.959176">
        <ele>1119.7682002708088</ele>
      </trkpt>
      <trkpt lat="46.452323" lon="12.959111">
        <ele>1119.2553978568865</ele>
      </trkpt>
      <trkpt lat="46.452184" lon="12.959016">
        <ele>1117.5514361947455</ele>
      </trkpt>
      <trkpt lat="46.452029" lon="12.959061">
        <ele>1121.647128938824</ele>
      </trkpt>
      <trkpt lat="46.451951" lon="12.959061">
        <ele>1122.3767172118955</ele>
      </trkpt>
      <trkpt lat="46.451796" lon="12.959123">
        <ele>1125.478193880335</ele>
      </trkpt>
      <trkpt lat="46.45164" lon="12.959162">
        <ele>1128.8222595182324</ele>
      </trkpt>
      <trkpt lat="46.451485" lon="12.959148">
        <ele>1128.6521045548275</ele>
      </trkpt>
      <trkpt lat="46.451311" lon="12.959055">
        <ele>1126.2580858568108</ele>
      </trkpt>
      <trkpt lat="46.45122" lon="12.958993">
        <ele>1127.0545281719963</ele>
      </trkpt>
      <trkpt lat="46.451131" lon="12.958901">
        <ele>1126.3846401568555</ele>
      </trkpt>
      <trkpt lat="46.451072" lon="12.958802">
        <ele>1124.5720987913903</ele>
      </trkpt>
      <trkpt lat="46.45096" lon="12.95855">
        <ele>1120.5581412491183</ele>
      </trkpt>
      <trkpt lat="46.450879" lon="12.958308">
        <ele>1116.2538646687801</ele>
      </trkpt>
      <trkpt lat="46.45067" lon="12.95785">
        <ele>1105.872482787448</ele>
      </trkpt>
      <trkpt lat="46.450499" lon="12.957667">
        <ele>1102.3032131149416</ele>
      </trkpt>
      <trkpt lat="46.450451" lon="12.957594">
        <ele>1100.1844751686795</ele>
      </trkpt>
      <trkpt lat="46.450329" lon="12.95751">
        <ele>1098.3708019420537</ele>
      </trkpt>
      <trkpt lat="46.450126" lon="12.957479">
        <ele>1098.5274173679677</ele>
      </trkpt>
      <trkpt lat="46.450025" lon="12.957454">
        <ele>1098.021874036521</ele>
      </trkpt>
      <trkpt lat="46.449911" lon="12.957448">
        <ele>1098.2759504074152</ele>
      </trkpt>
      <trkpt lat="46.449648" lon="12.95733">
        <ele>1094.6807089653696</ele>
      </trkpt>
      <trkpt lat="46.449594" lon="12.957285">
        <ele>1093.219566940415</ele>
      </trkpt>
      <trkpt lat="46.449526" lon="12.957271">
        <ele>1092.9452161468416</ele>
      </trkpt>
      <trkpt lat="46.449435" lon="12.957209">
        <ele>1090.32057932298</ele>
      </trkpt>
      <trkpt lat="46.449268" lon="12.957156">
        <ele>1087.0530157445448</ele>
      </trkpt>
      <trkpt lat="46.449189" lon="12.957181">
        <ele>1087.3997301459724</ele>
      </trkpt>
      <trkpt lat="46.44909" lon="12.957266">
        <ele>1089.8496148392142</ele>
      </trkpt>
      <trkpt lat="46.448945" lon="12.957423">
        <ele>1092.6859549515864</ele>
      </trkpt>
      <trkpt lat="46.448815" lon="12.957544">
        <ele>1092.7430497453843</ele>
      </trkpt>
      <trkpt lat="46.448697" lon="12.957631">
        <ele>1091.606058255035</ele>
      </trkpt>
      <trkpt lat="46.448444" lon="12.957791">
        <ele>1084.028760025762</ele>
      </trkpt>
      <trkpt lat="46.4483" lon="12.957954">
        <ele>1079.7838359569919</ele>
      </trkpt>
      <trkpt lat="46.448167" lon="12.958016">
        <ele>1074.1025878460825</ele>
      </trkpt>
      <trkpt lat="46.448052" lon="12.958128">
        <ele>1070.8544564101721</ele>
      </trkpt>
      <trkpt lat="46.447761" lon="12.958429">
        <ele>1067.8507147646083</ele>
      </trkpt>
      <trkpt lat="46.447673" lon="12.958524">
        <ele>1068.3112658930138</ele>
      </trkpt>
      <trkpt lat="46.447499" lon="12.95874">
        <ele>1070.773532066591</ele>
      </trkpt>
      <trkpt lat="46.447339" lon="12.958962">
        <ele>1074.499154439331</ele>
      </trkpt>
      <trkpt lat="46.447291" lon="12.959015">
        <ele>1075.8424752710005</ele>
      </trkpt>
      <trkpt lat="46.447224" lon="12.95905">
        <ele>1077.57596217348</ele>
      </trkpt>
      <trkpt lat="46.447139" lon="12.959058">
        <ele>1079.67297396822</ele>
      </trkpt>
      <trkpt lat="46.446911" lon="12.959042">
        <ele>1083.9777430796737</ele>
      </trkpt>
      <trkpt lat="46.446835" lon="12.959024">
        <ele>1085.0893142718287</ele>
      </trkpt>
      <trkpt lat="46.446702" lon="12.958797">
        <ele>1084.4358192103805</ele>
      </trkpt>
      <trkpt lat="46.446626" lon="12.958694">
        <ele>1083.737419837047</ele>
      </trkpt>
      <trkpt lat="46.446564" lon="12.958635">
        <ele>1082.2302482443163</ele>
      </trkpt>
      <trkpt lat="46.446486" lon="12.958628">
        <ele>1081.4558610396675</ele>
      </trkpt>
      <trkpt lat="46.446396" lon="12.958663">
        <ele>1081.2288640122229</ele>
      </trkpt>
      <trkpt lat="46.446273" lon="12.958733">
        <ele>1082.642638094688</ele>
      </trkpt>
      <trkpt lat="46.446138" lon="12.958775">
        <ele>1084.8316544223078</ele>
      </trkpt>
      <trkpt lat="46.44606" lon="12.958776">
        <ele>1086.4400835501901</ele>
      </trkpt>
      <trkpt lat="46.446026" lon="12.958749">
        <ele>1086.2222639368847</ele>
      </trkpt>
      <trkpt lat="46.445952" lon="12.958663">
        <ele>1085.263959325677</ele>
      </trkpt>
      <trkpt lat="46.44579" lon="12.958547">
        <ele>1084.2692323230465</ele>
      </trkpt>
      <trkpt lat="46.445689" lon="12.958538">
        <ele>1084.6277040857494</ele>
      </trkpt>
      <trkpt lat="46.445603" lon="12.958569">
        <ele>1086.0089556414682</ele>
      </trkpt>
      <trkpt lat="46.445575" lon="12.958597">
        <ele>1086.8584486235618</ele>
      </trkpt>
      <trkpt lat="46.445514" lon="12.958659">
        <ele>1088.611988580988</ele>
      </trkpt>
      <trkpt lat="46.445405" lon="12.958806">
        <ele>1091.4308719460903</ele>
      </trkpt>
      <trkpt lat="46.445228" lon="12.958971">
        <ele>1093.0789858901207</ele>
      </trkpt>
      <trkpt lat="46.445206" lon="12.959007">
        <ele>1093.286387097854</ele>
      </trkpt>
      <trkpt lat="46.445189" lon="12.959068">
        <ele>1093.6916734645547</ele>
      </trkpt>
      <trkpt lat="46.444964" lon="12.959405">
        <ele>1094.2573885493275</ele>
      </trkpt>
      <trkpt lat="46.44455" lon="12.96001">
        <ele>1094.7186141730685</ele>
      </trkpt>
      <trkpt lat="46.444132" lon="12.960627">
        <ele>1090.7232985511387</ele>
      </trkpt>
      <trkpt lat="46.444071" lon="12.960769">
        <ele>1089.4291099892062</ele>
      </trkpt>
      <trkpt lat="46.444052" lon="12.960851">
        <ele>1088.7422887025348</ele>
      </trkpt>
      <trkpt lat="46.444042" lon="12.960948">
        <ele>1088.0771578526246</ele>
      </trkpt>
      <trkpt lat="46.443993" lon="12.961786">
        <ele>1084.6500894625538</ele>
      </trkpt>
      <trkpt lat="46.443958" lon="12.962506">
        <ele>1079.571577293078</ele>
      </trkpt>
      <trkpt lat="46.443934" lon="12.962615">
        <ele>1078.359085890962</ele>
      </trkpt>
      <trkpt lat="46.443893" lon="12.962687">
        <ele>1076.9003139195472</ele>
      </trkpt>
      <trkpt lat="46.443848" lon="12.962722">
        <ele>1075.7108648573192</ele>
      </trkpt>
      <trkpt lat="46.443821" lon="12.962704">
        <ele>1075.301683740623</ele>
      </trkpt>
      <trkpt lat="46.44378" lon="12.962697">
        <ele>1074.5273696754098</ele>
      </trkpt>
      <trkpt lat="46.443655" lon="12.96269">
        <ele>1072.2023643078599</ele>
      </trkpt>
      <trkpt lat="46.443476" lon="12.962653">
        <ele>1070.2610263377073</ele>
      </trkpt>
      <trkpt lat="46.442835" lon="12.962542">
        <ele>1061.8842136284006</ele>
      </trkpt>
      <trkpt lat="46.441883" lon="12.962378">
        <ele>1052.9981511946496</ele>
      </trkpt>
      <trkpt lat="46.441833" lon="12.962349">
        <ele>1052.5662250984126</ele>
      </trkpt>
      <trkpt lat="46.441784" lon="12.962295">
        <ele>1052.0317061019027</ele>
      </trkpt>
      <trkpt lat="46.441755" lon="12.962226">
        <ele>1051.5442625360033</ele>
      </trkpt>
      <trkpt lat="46.441669" lon="12.961868">
        <ele>1049.4903302087482</ele>
      </trkpt>
      <trkpt lat="46.441613" lon="12.9617">
        <ele>1047.2916714488208</ele>
      </trkpt>
      <trkpt lat="46.441584" lon="12.96167">
        <ele>1046.269846627946</ele>
      </trkpt>
      <trkpt lat="46.441548" lon="12.961665">
        <ele>1045.240116487822</ele>
      </trkpt>
      <trkpt lat="46.441512" lon="12.961671">
        <ele>1044.1445937101537</ele>
      </trkpt>
      <trkpt lat="46.441428" lon="12.961754">
        <ele>1042.0264841110634</ele>
      </trkpt>
      <trkpt lat="46.441103" lon="12.962311">
        <ele>1034.9897069779677</ele>
      </trkpt>
      <trkpt lat="46.441079" lon="12.962339">
        <ele>1034.3865517743932</ele>
      </trkpt>
      <trkpt lat="46.441053" lon="12.962344">
        <ele>1033.4379828339072</ele>
      </trkpt>
      <trkpt lat="46.441019" lon="12.962258">
        <ele>1031.3886408271849</ele>
      </trkpt>
      <trkpt lat="46.441007" lon="12.962199">
        <ele>1030.2342067800428</ele>
      </trkpt>
      <trkpt lat="46.441059" lon="12.961748">
        <ele>1025.4489065634702</ele>
      </trkpt>
      <trkpt lat="46.441095" lon="12.961531">
        <ele>1023.7661666093016</ele>
      </trkpt>
      <trkpt lat="46.441102" lon="12.961409">
        <ele>1022.3439137349383</ele>
      </trkpt>
      <trkpt lat="46.441077" lon="12.96136">
        <ele>1021.1398687105018</ele>
      </trkpt>
      <trkpt lat="46.441023" lon="12.961327">
        <ele>1019.7738513537508</ele>
      </trkpt>
      <trkpt lat="46.440963" lon="12.961308">
        <ele>1018.7239592307325</ele>
      </trkpt>
      <trkpt lat="46.440884" lon="12.961312">
        <ele>1017.6549417066841</ele>
      </trkpt>
      <trkpt lat="46.440794" lon="12.961342">
        <ele>1016.4614991899923</ele>
      </trkpt>
      <trkpt lat="46.440707" lon="12.961384">
        <ele>1015.2544364283981</ele>
      </trkpt>
      <trkpt lat="46.440511" lon="12.961528">
        <ele>1013.2206437606237</ele>
      </trkpt>
      <trkpt lat="46.440316" lon="12.961626">
        <ele>1011.9656833455463</ele>
      </trkpt>
      <trkpt lat="46.440297" lon="12.961447">
        <ele>1012.2812774478341</ele>
      </trkpt>
      <trkpt lat="46.440162" lon="12.960913">
        <ele>1011.3672748654093</ele>
      </trkpt>
      <trkpt lat="46.440177" lon="12.960785">
        <ele>1010.986108405491</ele>
      </trkpt>
      <trkpt lat="46.44022" lon="12.960726">
        <ele>1010.5794489732428</ele>
      </trkpt>
      <trkpt lat="46.440302" lon="12.960689">
        <ele>1009.8111666051947</ele>
      </trkpt>
      <trkpt lat="46.440486" lon="12.960697">
        <ele>1008.11816049669</ele>
      </trkpt>
      <trkpt lat="46.440627" lon="12.960701">
        <ele>1007.5943682392973</ele>
      </trkpt>
      <trkpt lat="46.440752" lon="12.960641">
        <ele>1006.4679742222556</ele>
      </trkpt>
      <trkpt lat="46.440986" lon="12.960494">
        <ele>1004.6671260149058</ele>
      </trkpt>
      <trkpt lat="46.441219" lon="12.96033">
        <ele>1001.7967267909397</ele>
      </trkpt>
      <trkpt lat="46.441451" lon="12.960167">
        <ele>1002.4577860770007</ele>
      </trkpt>
      <trkpt lat="46.441496" lon="12.960085">
        <ele>1002.4651072766269</ele>
      </trkpt>
      <trkpt lat="46.441499" lon="12.960015">
        <ele>1001.3840424088584</ele>
      </trkpt>
      <trkpt lat="46.441463" lon="12.95994">
        <ele>999.2980586496112</ele>
      </trkpt>
      <trkpt lat="46.441415" lon="12.959912">
        <ele>997.6257037052487</ele>
      </trkpt>
      <trkpt lat="46.441271" lon="12.959935">
        <ele>995.9973723166812</ele>
      </trkpt>
      <trkpt lat="46.441097" lon="12.959927">
        <ele>994.4008512118008</ele>
      </trkpt>
      <trkpt lat="46.440552" lon="12.959842">
        <ele>988.0739147282027</ele>
      </trkpt>
      <trkpt lat="46.440296" lon="12.959753">
        <ele>987.2138315048097</ele>
      </trkpt>
      <trkpt lat="46.440083" lon="12.959616">
        <ele>985.8581801300602</ele>
      </trkpt>
      <trkpt lat="46.439961" lon="12.959506">
        <ele>985.1867328159979</ele>
      </trkpt>
      <trkpt lat="46.439846" lon="12.959336">
        <ele>982.7863025991169</ele>
      </trkpt>
      <trkpt lat="46.439684" lon="12.95895">
        <ele>976.7469094702063</ele>
      </trkpt>
      <trkpt lat="46.439541" lon="12.958591">
        <ele>971.8818303085045</ele>
      </trkpt>
      <trkpt lat="46.439512" lon="12.958507">
        <ele>971.1047667775412</ele>
      </trkpt>
      <trkpt lat="46.439506" lon="12.958451">
        <ele>970.6455942568421</ele>
      </trkpt>
      <trkpt lat="46.439514" lon="12.958385">
        <ele>969.8822398759874</ele>
      </trkpt>
      <trkpt lat="46.439555" lon="12.958299">
        <ele>968.8588836914168</ele>
      </trkpt>
      <trkpt lat="46.439947" lon="12.957997">
        <ele>962.966969343188</ele>
      </trkpt>
      <trkpt lat="46.440051" lon="12.957953">
        <ele>961.4962768183822</ele>
      </trkpt>
      <trkpt lat="46.440146" lon="12.957957">
        <ele>960.3203610411906</ele>
      </trkpt>
      <trkpt lat="46.440676" lon="12.958491">
        <ele>955.8953632173672</ele>
      </trkpt>
      <trkpt lat="46.44083" lon="12.958563">
        <ele>953.5629814902708</ele>
      </trkpt>
      <trkpt lat="46.440917" lon="12.958563">
        <ele>952.4607668425706</ele>
      </trkpt>
      <trkpt lat="46.441026" lon="12.95853">
        <ele>951.7473886467833</ele>
      </trkpt>
      <trkpt lat="46.441113" lon="12.958461">
        <ele>950.6932142446162</ele>
      </trkpt>
      <trkpt lat="46.441176" lon="12.958357">
        <ele>949.051582876534</ele>
      </trkpt>
      <trkpt lat="46.441305" lon="12.95801">
        <ele>946.0076135190403</ele>
      </trkpt>
      <trkpt lat="46.441544" lon="12.957599">
        <ele>943.4449593490112</ele>
      </trkpt>
      <trkpt lat="46.441548" lon="12.957551">
        <ele>942.8438803338059</ele>
      </trkpt>
      <trkpt lat="46.441524" lon="12.957483">
        <ele>941.2397319166945</ele>
      </trkpt>
      <trkpt lat="46.441483" lon="12.957466">
        <ele>939.7863303432264</ele>
      </trkpt>
      <trkpt lat="46.441454" lon="12.957467">
        <ele>938.951165376185</ele>
      </trkpt>
      <trkpt lat="46.44143" lon="12.957492">
        <ele>938.6978163516565</ele>
      </trkpt>
      <trkpt lat="46.441334" lon="12.957711">
        <ele>940.5038751529263</ele>
      </trkpt>
      <trkpt lat="46.441282" lon="12.957799">
        <ele>941.7160633769062</ele>
      </trkpt>
      <trkpt lat="46.441233" lon="12.957815">
        <ele>940.9518071132889</ele>
      </trkpt>
      <trkpt lat="46.441178" lon="12.957767">
        <ele>938.720077822424</ele>
      </trkpt>
      <trkpt lat="46.441153" lon="12.957713">
        <ele>936.8340430365173</ele>
      </trkpt>
      <trkpt lat="46.441166" lon="12.957613">
        <ele>935.4232951481437</ele>
      </trkpt>
      <trkpt lat="46.441391" lon="12.957312">
        <ele>933.2739659924632</ele>
      </trkpt>
      <trkpt lat="46.441586" lon="12.957029">
        <ele>929.5160933457344</ele>
      </trkpt>
      <trkpt lat="46.441737" lon="12.95687">
        <ele>927.4974775300723</ele>
      </trkpt>
      <trkpt lat="46.44188" lon="12.956739">
        <ele>923.607963191168</ele>
      </trkpt>
      <trkpt lat="46.442036" lon="12.956654">
        <ele>921.8790580487528</ele>
      </trkpt>
      <trkpt lat="46.442164" lon="12.956635">
        <ele>922.9022042632857</ele>
      </trkpt>
      <trkpt lat="46.442259" lon="12.956658">
        <ele>924.4035550893584</ele>
      </trkpt>
      <trkpt lat="46.442392" lon="12.956713">
        <ele>927.6348842167008</ele>
      </trkpt>
      <trkpt lat="46.442423" lon="12.956654">
        <ele>924.4174157314502</ele>
      </trkpt>
      <trkpt lat="46.442423" lon="12.95652">
        <ele>920.0682170548639</ele>
      </trkpt>
      <trkpt lat="46.442392" lon="12.956468">
        <ele>918.2594825205335</ele>
      </trkpt>
      <trkpt lat="46.4423" lon="12.956461">
        <ele>918.2154035526507</ele>
      </trkpt>
      <trkpt lat="46.442042" lon="12.956479">
        <ele>915.478098279506</ele>
      </trkpt>
      <trkpt lat="46.441734" lon="12.956587">
        <ele>913.9529384515049</ele>
      </trkpt>
      <trkpt lat="46.441517" lon="12.956705">
        <ele>909.7776758209721</ele>
      </trkpt>
      <trkpt lat="46.441247" lon="12.957035">
        <ele>910.7764347205492</ele>
      </trkpt>
      <trkpt lat="46.441184" lon="12.957029">
        <ele>908.0720697748212</ele>
      </trkpt>
      <trkpt lat="46.441143" lon="12.956966">
        <ele>903.8486921478393</ele>
      </trkpt>
      <trkpt lat="46.441155" lon="12.95688">
        <ele>902.2313406945042</ele>
      </trkpt>
      <trkpt lat="46.441212" lon="12.956755">
        <ele>900.7553465873609</ele>
      </trkpt>
      <trkpt lat="46.441419" lon="12.956496">
        <ele>898.8385806959873</ele>
      </trkpt>
      <trkpt lat="46.441832" lon="12.955977">
        <ele>891.588080289776</ele>
      </trkpt>
      <trkpt lat="46.441987" lon="12.955926">
        <ele>890.1931218250548</ele>
      </trkpt>
      <trkpt lat="46.442268" lon="12.955898">
        <ele>887.4273861683407</ele>
      </trkpt>
      <trkpt lat="46.442479" lon="12.955946">
        <ele>884.573146268571</ele>
      </trkpt>
      <trkpt lat="46.442727" lon="12.955958">
        <ele>883.4090373067893</ele>
      </trkpt>
      <trkpt lat="46.442997" lon="12.955913">
        <ele>882.1817436730402</ele>
      </trkpt>
      <trkpt lat="46.443153" lon="12.955844">
        <ele>880.066436288424</ele>
      </trkpt>
      <trkpt lat="46.443276" lon="12.955687">
        <ele>877.1050642200756</ele>
      </trkpt>
      <trkpt lat="46.443344" lon="12.955533">
        <ele>875.4391447080733</ele>
      </trkpt>
      <trkpt lat="46.443372" lon="12.955431">
        <ele>874.2834370177663</ele>
      </trkpt>
      <trkpt lat="46.443431" lon="12.955299">
        <ele>873.899180884835</ele>
      </trkpt>
      <trkpt lat="46.443502" lon="12.955232">
        <ele>874.7952822605789</ele>
      </trkpt>
      <trkpt lat="46.443584" lon="12.955178">
        <ele>875.6677154797627</ele>
      </trkpt>
      <trkpt lat="46.443627" lon="12.955086">
        <ele>874.1942516251049</ele>
      </trkpt>
      <trkpt lat="46.443633" lon="12.955">
        <ele>872.8129255334675</ele>
      </trkpt>
      <trkpt lat="46.443593" lon="12.954933">
        <ele>871.1646681199072</ele>
      </trkpt>
      <trkpt lat="46.443506" lon="12.954931">
        <ele>869.5924006766618</ele>
      </trkpt>
      <trkpt lat="46.443421" lon="12.955001">
        <ele>868.59263271612</ele>
      </trkpt>
      <trkpt lat="46.443202" lon="12.955201">
        <ele>865.3075391959319</ele>
      </trkpt>
      <trkpt lat="46.443001" lon="12.955508">
        <ele>865.8019581161941</ele>
      </trkpt>
      <trkpt lat="46.442931" lon="12.955522">
        <ele>865.5444459124535</ele>
      </trkpt>
      <trkpt lat="46.442883" lon="12.955499">
        <ele>864.5467953495348</ele>
      </trkpt>
      <trkpt lat="46.442853" lon="12.955389">
        <ele>861.5247479483015</ele>
      </trkpt>
      <trkpt lat="46.442947" lon="12.955161">
        <ele>857.8622088251044</ele>
      </trkpt>
      <trkpt lat="46.443124" lon="12.954933">
        <ele>856.2373406308457</ele>
      </trkpt>
      <trkpt lat="46.443253" lon="12.95465">
        <ele>852.9793822211649</ele>
      </trkpt>
      <trkpt lat="46.443373" lon="12.954347">
        <ele>851.1382854441463</ele>
      </trkpt>
      <trkpt lat="46.443464" lon="12.95422">
        <ele>850.7704972049736</ele>
      </trkpt>
      <trkpt lat="46.443642" lon="12.954066">
        <ele>848.2781593795464</ele>
      </trkpt>
      <trkpt lat="46.443869" lon="12.953724">
        <ele>842.2667300604351</ele>
      </trkpt>
      <trkpt lat="46.443951" lon="12.953672">
        <ele>842.3866335866003</ele>
      </trkpt>
      <trkpt lat="46.444017" lon="12.953645">
        <ele>842.6075881382224</ele>
      </trkpt>
      <trkpt lat="46.444053" lon="12.953569">
        <ele>841.6879886800482</ele>
      </trkpt>
      <trkpt lat="46.444048" lon="12.953489">
        <ele>840.3624622580462</ele>
      </trkpt>
      <trkpt lat="46.443988" lon="12.953439">
        <ele>839.2341499894554</ele>
      </trkpt>
      <trkpt lat="46.443856" lon="12.953471">
        <ele>838.3854353771723</ele>
      </trkpt>
      <trkpt lat="46.443699" lon="12.953554">
        <ele>836.3629184910922</ele>
      </trkpt>
      <trkpt lat="46.443501" lon="12.953695">
        <ele>834.8886470214244</ele>
      </trkpt>
      <trkpt lat="46.443431" lon="12.953729">
        <ele>834.1290415851588</ele>
      </trkpt>
      <trkpt lat="46.443395" lon="12.953692">
        <ele>832.6569630805432</ele>
      </trkpt>
      <trkpt lat="46.443368" lon="12.953627">
        <ele>830.6354755808693</ele>
      </trkpt>
      <trkpt lat="46.443394" lon="12.95348">
        <ele>829.5756998696454</ele>
      </trkpt>
      <trkpt lat="46.443646" lon="12.953181">
        <ele>830.9212044688484</ele>
      </trkpt>
      <trkpt lat="46.443782" lon="12.953089">
        <ele>830.3716529475345</ele>
      </trkpt>
      <trkpt lat="46.443841" lon="12.953031">
        <ele>829.2406412985539</ele>
      </trkpt>
      <trkpt lat="46.44386" lon="12.95295">
        <ele>827.6386579746861</ele>
      </trkpt>
      <trkpt lat="46.443835" lon="12.952864">
        <ele>825.7416222618535</ele>
      </trkpt>
      <trkpt lat="46.443764" lon="12.952839">
        <ele>824.7251293751459</ele>
      </trkpt>
      <trkpt lat="46.443573" lon="12.952871">
        <ele>822.5418800653985</ele>
      </trkpt>
      <trkpt lat="46.443369" lon="12.952927">
        <ele>818.5707042223341</ele>
      </trkpt>
      <trkpt lat="46.443292" lon="12.952871">
        <ele>815.977924552345</ele>
      </trkpt>
      <trkpt lat="46.443257" lon="12.952739">
        <ele>813.114346705633</ele>
      </trkpt>
      <trkpt lat="46.443268" lon="12.952547">
        <ele>810.3304199240698</ele>
      </trkpt>
      <trkpt lat="46.443354" lon="12.952447">
        <ele>811.2974193113678</ele>
      </trkpt>
      <trkpt lat="46.443535" lon="12.952385">
        <ele>814.4839820972477</ele>
      </trkpt>
      <trkpt lat="46.44371" lon="12.952292">
        <ele>812.7357380858557</ele>
      </trkpt>
      <trkpt lat="46.443816" lon="12.952165">
        <ele>810.8152275902878</ele>
      </trkpt>
      <trkpt lat="46.443893" lon="12.952028">
        <ele>809.717500550992</ele>
      </trkpt>
      <trkpt lat="46.444143" lon="12.951584">
        <ele>805.2289435775001</ele>
      </trkpt>
      <trkpt lat="46.44443" lon="12.95121">
        <ele>802.2424064477843</ele>
      </trkpt>
      <trkpt lat="46.444729" lon="12.95105">
        <ele>802.1306187440107</ele>
      </trkpt>
      <trkpt lat="46.444762" lon="12.95101">
        <ele>801.620366222569</ele>
      </trkpt>
      <trkpt lat="46.44477" lon="12.950922">
        <ele>799.764331537178</ele>
      </trkpt>
      <trkpt lat="46.444739" lon="12.950862">
        <ele>798.1669839256053</ele>
      </trkpt>
      <trkpt lat="46.444669" lon="12.950839">
        <ele>796.8526441220001</ele>
      </trkpt>
      <trkpt lat="46.444261" lon="12.950961">
        <ele>795.2314339008485</ele>
      </trkpt>
      <trkpt lat="46.444125" lon="12.950952">
        <ele>794.9605522256657</ele>
      </trkpt>
      <trkpt lat="46.444082" lon="12.950931">
        <ele>794.7205806671814</ele>
      </trkpt>
      <trkpt lat="46.444063" lon="12.95087">
        <ele>793.1950087732638</ele>
      </trkpt>
      <trkpt lat="46.444094" lon="12.950777">
        <ele>790.6629213321062</ele>
      </trkpt>
      <trkpt lat="46.444178" lon="12.950726">
        <ele>789.6355886345732</ele>
      </trkpt>
      <trkpt lat="46.444395" lon="12.950659">
        <ele>788.9511888126731</ele>
      </trkpt>
      <trkpt lat="46.444539" lon="12.950635">
        <ele>789.4469263378246</ele>
      </trkpt>
      <trkpt lat="46.444599" lon="12.950553">
        <ele>787.5455753131653</ele>
      </trkpt>
      <trkpt lat="46.444603" lon="12.950485">
        <ele>785.4962082011958</ele>
      </trkpt>
      <trkpt lat="46.444553" lon="12.950416">
        <ele>783.7695788588538</ele>
      </trkpt>
      <trkpt lat="46.444287" lon="12.950371">
        <ele>781.5307093695083</ele>
      </trkpt>
      <trkpt lat="46.443974" lon="12.950252">
        <ele>773.3088738758877</ele>
      </trkpt>
      <trkpt lat="46.443643" lon="12.950098">
        <ele>770.5563875047036</ele>
      </trkpt>
      <trkpt lat="46.443471" lon="12.950013">
        <ele>775.9704656645919</ele>
      </trkpt>
      <trkpt lat="46.44305" lon="12.949822">
        <ele>778.0438151385408</ele>
      </trkpt>
      <trkpt lat="46.442359" lon="12.949476">
        <ele>785.2180826562058</ele>
      </trkpt>
      <trkpt lat="46.441674" lon="12.949163">
        <ele>798.314562107058</ele>
      </trkpt>
      <trkpt lat="46.441479" lon="12.949157">
        <ele>801.3566253749159</ele>
      </trkpt>
      <trkpt lat="46.441183" lon="12.94923">
        <ele>803.9137497385175</ele>
      </trkpt>
      <trkpt lat="46.440878" lon="12.949347">
        <ele>804.8229361219762</ele>
      </trkpt>
      <trkpt lat="46.440706" lon="12.949392">
        <ele>804.8305947669879</ele>
      </trkpt>
      <trkpt lat="46.440567" lon="12.949372">
        <ele>805.727394467985</ele>
      </trkpt>
      <trkpt lat="46.440397" lon="12.949231">
        <ele>807.7527308881196</ele>
      </trkpt>
      <trkpt lat="46.44024" lon="12.949135">
        <ele>806.817260202317</ele>
      </trkpt>
      <trkpt lat="46.440082" lon="12.948974">
        <ele>805.625859236229</ele>
      </trkpt>
      <trkpt lat="46.440023" lon="12.948859">
        <ele>805.0486728180656</ele>
      </trkpt>
      <trkpt lat="46.44" lon="12.94867">
        <ele>805.712253461709</ele>
      </trkpt>
      <trkpt lat="46.440006" lon="12.948185">
        <ele>807.0613672047007</ele>
      </trkpt>
      <trkpt lat="46.440026" lon="12.947524">
        <ele>810.7755090896887</ele>
      </trkpt>
      <trkpt lat="46.440039" lon="12.9469">
        <ele>810.5121445078066</ele>
      </trkpt>
      <trkpt lat="46.440027" lon="12.946712">
        <ele>809.2211993991142</ele>
      </trkpt>
      <trkpt lat="46.439978" lon="12.946619">
        <ele>807.8971617247684</ele>
      </trkpt>
      <trkpt lat="46.439828" lon="12.946452">
        <ele>808.1294764764893</ele>
      </trkpt>
      <trkpt lat="46.439725" lon="12.946338">
        <ele>810.3387605136563</ele>
      </trkpt>
      <trkpt lat="46.439611" lon="12.946187">
        <ele>812.3199380643517</ele>
      </trkpt>
      <trkpt lat="46.439583" lon="12.946088">
        <ele>812.5231455268466</ele>
      </trkpt>
      <trkpt lat="46.439572" lon="12.945925">
        <ele>812.653453687266</ele>
      </trkpt>
      <trkpt lat="46.439642" lon="12.945681">
        <ele>812.2286819322096</ele>
      </trkpt>
      <trkpt lat="46.439604" lon="12.945582">
        <ele>813.3165208656534</ele>
      </trkpt>
      <trkpt lat="46.439545" lon="12.945697">
        <ele>813.8485257106834</ele>
      </trkpt>
      <trkpt lat="46.43948" lon="12.945931">
        <ele>814.5528648588557</ele>
      </trkpt>
      <trkpt lat="46.43935" lon="12.946546">
        <ele>816.5475860480008</ele>
      </trkpt>
      <trkpt lat="46.439246" lon="12.947122">
        <ele>818.2573441760119</ele>
      </trkpt>
      <trkpt lat="46.4392" lon="12.947269">
        <ele>817.4209441506941</ele>
      </trkpt>
      <trkpt lat="46.439132" lon="12.947346">
        <ele>816.4889934789628</ele>
      </trkpt>
      <trkpt lat="46.439042" lon="12.947346">
        <ele>816.0146958091898</ele>
      </trkpt>
      <trkpt lat="46.43874" lon="12.947186">
        <ele>820.3540943380385</ele>
      </trkpt>
      <trkpt lat="46.43858" lon="12.947136">
        <ele>821.6360678129123</ele>
      </trkpt>
      <trkpt lat="46.438407" lon="12.947104">
        <ele>823.1834375041707</ele>
      </trkpt>
      <trkpt lat="46.438257" lon="12.947065">
        <ele>824.8110942232128</ele>
      </trkpt>
      <trkpt lat="46.438095" lon="12.947063">
        <ele>825.3959274410361</ele>
      </trkpt>
      <trkpt lat="46.437896" lon="12.947043">
        <ele>826.9136939330974</ele>
      </trkpt>
      <trkpt lat="46.437679" lon="12.94703">
        <ele>832.289126029304</ele>
      </trkpt>
      <trkpt lat="46.437611" lon="12.947066">
        <ele>834.1399673123328</ele>
      </trkpt>
      <trkpt lat="46.437597" lon="12.94717">
        <ele>836.1715441963022</ele>
      </trkpt>
      <trkpt lat="46.437628" lon="12.94727">
        <ele>836.320725103212</ele>
      </trkpt>
      <trkpt lat="46.437795" lon="12.947532">
        <ele>836.3658148120628</ele>
      </trkpt>
      <trkpt lat="46.437909" lon="12.947753">
        <ele>834.5653468944392</ele>
      </trkpt>
      <trkpt lat="46.437977" lon="12.947921">
        <ele>836.6608099363714</ele>
      </trkpt>
      <trkpt lat="46.438012" lon="12.948055">
        <ele>836.4492949735583</ele>
      </trkpt>
      <trkpt lat="46.438011" lon="12.948164">
        <ele>834.7818696357094</ele>
      </trkpt>
      <trkpt lat="46.437971" lon="12.948236">
        <ele>833.7836956445526</ele>
      </trkpt>
      <trkpt lat="46.437895" lon="12.948289">
        <ele>831.7191286395755</ele>
      </trkpt>
      <trkpt lat="46.437748" lon="12.948314">
        <ele>834.7520995936637</ele>
      </trkpt>
      <trkpt lat="46.437642" lon="12.948355">
        <ele>836.485695585454</ele>
      </trkpt>
      <trkpt lat="46.437593" lon="12.94841">
        <ele>837.3277872511967</ele>
      </trkpt>
      <trkpt lat="46.437564" lon="12.948506">
        <ele>838.5043547153323</ele>
      </trkpt>
      <trkpt lat="46.437565" lon="12.948789">
        <ele>837.259573582904</ele>
      </trkpt>
      <trkpt lat="46.437545" lon="12.948843">
        <ele>836.3295219836083</ele>
      </trkpt>
      <trkpt lat="46.437496" lon="12.948896">
        <ele>835.7550061488056</ele>
      </trkpt>
      <trkpt lat="46.437323" lon="12.948892">
        <ele>836.289568159852</ele>
      </trkpt>
      <trkpt lat="46.436942" lon="12.948819">
        <ele>839.1280206262402</ele>
      </trkpt>
      <trkpt lat="46.436816" lon="12.948744">
        <ele>839.9361125515902</ele>
      </trkpt>
      <trkpt lat="46.43661" lon="12.948339">
        <ele>839.9333239392522</ele>
      </trkpt>
      <trkpt lat="46.43655" lon="12.94826">
        <ele>839.6457056973113</ele>
      </trkpt>
      <trkpt lat="46.436409" lon="12.948155">
        <ele>838.9642822789523</ele>
      </trkpt>
      <trkpt lat="46.436299" lon="12.948048">
        <ele>839.8573451427773</ele>
      </trkpt>
      <trkpt lat="46.436191" lon="12.947886">
        <ele>841.1876451544149</ele>
      </trkpt>
      <trkpt lat="46.43602" lon="12.947721">
        <ele>841.6705068169724</ele>
      </trkpt>
      <trkpt lat="46.43594" lon="12.947675">
        <ele>842.3831391523684</ele>
      </trkpt>
      <trkpt lat="46.43585" lon="12.947766">
        <ele>842.1543398131791</ele>
      </trkpt>
      <trkpt lat="46.435766" lon="12.948156">
        <ele>841.5025988434327</ele>
      </trkpt>
      <trkpt lat="46.43561" lon="12.948473">
        <ele>841.1566931252798</ele>
      </trkpt>
      <trkpt lat="46.435261" lon="12.949166">
        <ele>843.7923115015728</ele>
      </trkpt>
      <trkpt lat="46.435202" lon="12.949213">
        <ele>843.7771281464073</ele>
      </trkpt>
      <trkpt lat="46.434796" lon="12.949381">
        <ele>847.1918625227554</ele>
      </trkpt>
      <trkpt lat="46.434637" lon="12.949461">
        <ele>848.6878331941462</ele>
      </trkpt>
      <trkpt lat="46.434452" lon="12.94951">
        <ele>848.6971590257369</ele>
      </trkpt>
      <trkpt lat="46.434371" lon="12.949484">
        <ele>849.3374584557912</ele>
      </trkpt>
      <trkpt lat="46.434072" lon="12.949348">
        <ele>850.7448214422577</ele>
      </trkpt>
      <trkpt lat="46.433855" lon="12.949201">
        <ele>853.1469751600891</ele>
      </trkpt>
      <trkpt lat="46.433534" lon="12.948952">
        <ele>854.0612424086929</ele>
      </trkpt>
      <trkpt lat="46.433406" lon="12.948835">
        <ele>854.479108250463</ele>
      </trkpt>
      <trkpt lat="46.43334" lon="12.948808">
        <ele>854.0478313231291</ele>
      </trkpt>
      <trkpt lat="46.433048" lon="12.948566">
        <ele>856.3868869128839</ele>
      </trkpt>
      <trkpt lat="46.43296" lon="12.948473">
        <ele>858.2355840028944</ele>
      </trkpt>
      <trkpt lat="46.432793" lon="12.948252">
        <ele>860.2795653502831</ele>
      </trkpt>
      <trkpt lat="46.432716" lon="12.948203">
        <ele>861.0029343184485</ele>
      </trkpt>
      <trkpt lat="46.432668" lon="12.94819">
        <ele>861.5761767283618</ele>
      </trkpt>
      <trkpt lat="46.432265" lon="12.948288">
        <ele>862.1178538444123</ele>
      </trkpt>
      <trkpt lat="46.431975" lon="12.948255">
        <ele>867.0048991382642</ele>
      </trkpt>
      <trkpt lat="46.431635" lon="12.948445">
        <ele>868.2748471349694</ele>
      </trkpt>
      <trkpt lat="46.431542" lon="12.948438">
        <ele>869.1591811089079</ele>
      </trkpt>
      <trkpt lat="46.431093" lon="12.948324">
        <ele>875.1145352433516</ele>
      </trkpt>
      <trkpt lat="46.430745" lon="12.948339">
        <ele>876.5968643054573</ele>
      </trkpt>
      <trkpt lat="46.430225" lon="12.948286">
        <ele>880.9198438447285</ele>
      </trkpt>
      <trkpt lat="46.430169" lon="12.948246">
        <ele>881.5241323877417</ele>
      </trkpt>
      <trkpt lat="46.430071" lon="12.948124">
        <ele>883.1501218408276</ele>
      </trkpt>
      <trkpt lat="46.429627" lon="12.947149">
        <ele>886.1666217439109</ele>
      </trkpt>
      <trkpt lat="46.42959" lon="12.947216">
        <ele>887.1656836976603</ele>
      </trkpt>
      <trkpt lat="46.429627" lon="12.947149">
        <ele>886.1666217439109</ele>
      </trkpt>
      <trkpt lat="46.429369" lon="12.946549">
        <ele>885.1998714834086</ele>
      </trkpt>
      <trkpt lat="46.429277" lon="12.94638">
        <ele>884.6014293162157</ele>
      </trkpt>
      <trkpt lat="46.42921" lon="12.946292">
        <ele>883.8927412296059</ele>
      </trkpt>
      <trkpt lat="46.42915" lon="12.946236">
        <ele>883.2162250074077</ele>
      </trkpt>
      <trkpt lat="46.429077" lon="12.946178">
        <ele>882.367331022075</ele>
      </trkpt>
      <trkpt lat="46.428891" lon="12.946071">
        <ele>880.4989742782163</ele>
      </trkpt>
      <trkpt lat="46.428799" lon="12.946031">
        <ele>879.9657313880773</ele>
      </trkpt>
      <trkpt lat="46.428656" lon="12.945992">
        <ele>879.6633649689575</ele>
      </trkpt>
      <trkpt lat="46.428282" lon="12.945923">
        <ele>878.7828255595844</ele>
      </trkpt>
      <trkpt lat="46.42816" lon="12.945855">
        <ele>878.1607763332836</ele>
      </trkpt>
      <trkpt lat="46.42803" lon="12.945718">
        <ele>877.3743075354955</ele>
      </trkpt>
      <trkpt lat="46.42793" lon="12.945575">
        <ele>876.579644562263</ele>
      </trkpt>
      <trkpt lat="46.427008" lon="12.946088">
        <ele>881.87217190917</ele>
      </trkpt>
      <trkpt lat="46.426856" lon="12.946074">
        <ele>882.0127039282474</ele>
      </trkpt>
      <trkpt lat="46.426707" lon="12.946008">
        <ele>882.1897963672859</ele>
      </trkpt>
      <trkpt lat="46.426582" lon="12.945885">
        <ele>882.6563352014139</ele>
      </trkpt>
      <trkpt lat="46.4265" lon="12.945745">
        <ele>882.1706654625311</ele>
      </trkpt>
      <trkpt lat="46.42643" lon="12.9456">
        <ele>881.2691079143142</ele>
      </trkpt>
      <trkpt lat="46.426275" lon="12.945274">
        <ele>879.9573901730143</ele>
      </trkpt>
      <trkpt lat="46.426129" lon="12.945045">
        <ele>880.1668560754845</ele>
      </trkpt>
      <trkpt lat="46.425797" lon="12.944589">
        <ele>878.4618950281852</ele>
      </trkpt>
      <trkpt lat="46.425317" lon="12.944231">
        <ele>879.0598730136596</ele>
      </trkpt>
      <trkpt lat="46.424889" lon="12.943834">
        <ele>878.5333726946494</ele>
      </trkpt>
      <trkpt lat="46.424365" lon="12.943417">
        <ele>879.2559289997083</ele>
      </trkpt>
      <trkpt lat="46.424" lon="12.942939">
        <ele>877.0736513569412</ele>
      </trkpt>
      <trkpt lat="46.423805" lon="12.942746">
        <ele>876.5432049032123</ele>
      </trkpt>
      <trkpt lat="46.423774" lon="12.942715">
        <ele>876.4177166600064</ele>
      </trkpt>
      <trkpt lat="46.423526" lon="12.942565">
        <ele>877.0028215187524</ele>
      </trkpt>
      <trkpt lat="46.423318" lon="12.942497">
        <ele>878.1189458002325</ele>
      </trkpt>
      <trkpt lat="46.423178" lon="12.942431">
        <ele>877.4168908208336</ele>
      </trkpt>
      <trkpt lat="46.423072" lon="12.942352">
        <ele>875.8386194895132</ele>
      </trkpt>
      <trkpt lat="46.422991" lon="12.942326">
        <ele>874.9308421074868</ele>
      </trkpt>
      <trkpt lat="46.422793" lon="12.942371">
        <ele>874.4309718362747</ele>
      </trkpt>
      <trkpt lat="46.422679" lon="12.942429">
        <ele>874.6266150175627</ele>
      </trkpt>
      <trkpt lat="46.42247" lon="12.942513">
        <ele>873.6576462440244</ele>
      </trkpt>
      <trkpt lat="46.422331" lon="12.942636">
        <ele>873.100004423857</ele>
      </trkpt>
      <trkpt lat="46.422194" lon="12.942796">
        <ele>872.7367578749001</ele>
      </trkpt>
      <trkpt lat="46.421858" lon="12.943284">
        <ele>872.1401892383766</ele>
      </trkpt>
      <trkpt lat="46.421675" lon="12.9436">
        <ele>871.2293076170058</ele>
      </trkpt>
      <trkpt lat="46.421553" lon="12.943871">
        <ele>870.6552347137334</ele>
      </trkpt>
      <trkpt lat="46.421415" lon="12.944243">
        <ele>869.9846293355891</ele>
      </trkpt>
      <trkpt lat="46.421256" lon="12.944794">
        <ele>869.6515317772894</ele>
      </trkpt>
      <trkpt lat="46.421195" lon="12.945002">
        <ele>867.9316742759537</ele>
      </trkpt>
      <trkpt lat="46.421132" lon="12.945385">
        <ele>867.453077098126</ele>
      </trkpt>
      <trkpt lat="46.421083" lon="12.945636">
        <ele>868.1321862154505</ele>
      </trkpt>
      <trkpt lat="46.421057" lon="12.945705">
        <ele>868.1238458066825</ele>
      </trkpt>
      <trkpt lat="46.421026" lon="12.945743">
        <ele>867.7377669924828</ele>
      </trkpt>
      <trkpt lat="46.420984" lon="12.945767">
        <ele>866.9182298607814</ele>
      </trkpt>
      <trkpt lat="46.420956" lon="12.945754">
        <ele>866.092625760748</ele>
      </trkpt>
      <trkpt lat="46.420945" lon="12.945707">
        <ele>865.3859130549422</ele>
      </trkpt>
      <trkpt lat="46.420944" lon="12.945661">
        <ele>864.9367681967851</ele>
      </trkpt>
      <trkpt lat="46.420982" lon="12.945374">
        <ele>863.0974949616066</ele>
      </trkpt>
      <trkpt lat="46.42098" lon="12.945124">
        <ele>860.4663398134475</ele>
      </trkpt>
      <trkpt lat="46.420957" lon="12.944932">
        <ele>858.1304461698985</ele>
      </trkpt>
      <trkpt lat="46.420927" lon="12.944834">
        <ele>856.4368076336082</ele>
      </trkpt>
      <trkpt lat="46.420866" lon="12.944756">
        <ele>853.9881118057097</ele>
      </trkpt>
      <trkpt lat="46.420798" lon="12.944725">
        <ele>851.8563529306658</ele>
      </trkpt>
      <trkpt lat="46.420753" lon="12.944721">
        <ele>850.758664348418</ele>
      </trkpt>
      <trkpt lat="46.420683" lon="12.94477">
        <ele>849.2767586199964</ele>
      </trkpt>
      <trkpt lat="46.420569" lon="12.944947">
        <ele>847.8156335455476</ele>
      </trkpt>
      <trkpt lat="46.420462" lon="12.945145">
        <ele>844.7900411515402</ele>
      </trkpt>
      <trkpt lat="46.420236" lon="12.945571">
        <ele>842.6942100802103</ele>
      </trkpt>
      <trkpt lat="46.420167" lon="12.945683">
        <ele>842.1501581050001</ele>
      </trkpt>
      <trkpt lat="46.42013" lon="12.945715">
        <ele>841.6690122291766</ele>
      </trkpt>
      <trkpt lat="46.420087" lon="12.945729">
        <ele>841.1548728437238</ele>
      </trkpt>
      <trkpt lat="46.420034" lon="12.945727">
        <ele>840.5914278976668</ele>
      </trkpt>
      <trkpt lat="46.419969" lon="12.945671">
        <ele>839.1845200214384</ele>
      </trkpt>
      <trkpt lat="46.419972" lon="12.945542">
        <ele>837.4438424323588</ele>
      </trkpt>
      <trkpt lat="46.420043" lon="12.945349">
        <ele>836.1376394540508</ele>
      </trkpt>
      <trkpt lat="46.420043" lon="12.945076">
        <ele>832.4234598767705</ele>
      </trkpt>
      <trkpt lat="46.41991" lon="12.944829">
        <ele>826.0811620366501</ele>
      </trkpt>
      <trkpt lat="46.41985" lon="12.944593">
        <ele>824.4358048449001</ele>
      </trkpt>
      <trkpt lat="46.419787" lon="12.944389">
        <ele>823.4386847889571</ele>
      </trkpt>
      <trkpt lat="46.419787" lon="12.944003">
        <ele>823.1957481640783</ele>
      </trkpt>
      <trkpt lat="46.41985" lon="12.943381">
        <ele>823.2528398907393</ele>
      </trkpt>
      <trkpt lat="46.419821" lon="12.942925">
        <ele>821.4474898144995</ele>
      </trkpt>
      <trkpt lat="46.419834" lon="12.942742">
        <ele>822.4051095500226</ele>
      </trkpt>
      <trkpt lat="46.419953" lon="12.94242">
        <ele>825.8546249813606</ele>
      </trkpt>
      <trkpt lat="46.420008" lon="12.942159">
        <ele>826.5603577740984</ele>
      </trkpt>
      <trkpt lat="46.420069" lon="12.941873">
        <ele>824.595861906014</ele>
      </trkpt>
      <trkpt lat="46.420091" lon="12.941667">
        <ele>822.2566798827038</ele>
      </trkpt>
      <trkpt lat="46.420218" lon="12.941221">
        <ele>819.373406500376</ele>
      </trkpt>
      <trkpt lat="46.42039" lon="12.940714">
        <ele>815.8173463522459</ele>
      </trkpt>
      <trkpt lat="46.420467" lon="12.940447">
        <ele>813.7534419812998</ele>
      </trkpt>
      <trkpt lat="46.420592" lon="12.940115">
        <ele>812.4899439655414</ele>
      </trkpt>
      <trkpt lat="46.420735" lon="12.939858">
        <ele>811.8195050652675</ele>
      </trkpt>
      <trkpt lat="46.420841" lon="12.939541">
        <ele>807.6081954641164</ele>
      </trkpt>
      <trkpt lat="46.420989" lon="12.939149">
        <ele>800.5273476235479</ele>
      </trkpt>
      <trkpt lat="46.421156" lon="12.938858">
        <ele>792.347129838653</ele>
      </trkpt>
      <trkpt lat="46.421349" lon="12.938397">
        <ele>777.3510837903973</ele>
      </trkpt>
      <trkpt lat="46.421439" lon="12.938307">
        <ele>771.2562253398024</ele>
      </trkpt>
      <trkpt lat="46.421552" lon="12.938285">
        <ele>767.0472173951566</ele>
      </trkpt>
      <trkpt lat="46.421659" lon="12.938205">
        <ele>762.0371609442693</ele>
      </trkpt>
      <trkpt lat="46.421733" lon="12.93787">
        <ele>752.5785444387698</ele>
      </trkpt>
      <trkpt lat="46.421749" lon="12.937669">
        <ele>747.6597613796473</ele>
      </trkpt>
      <trkpt lat="46.421788" lon="12.937431">
        <ele>741.394229358666</ele>
      </trkpt>
      <trkpt lat="46.421777" lon="12.937203">
        <ele>736.4381744673261</ele>
      </trkpt>
      <trkpt lat="46.421746" lon="12.937083">
        <ele>734.6128735057706</ele>
      </trkpt>
      <trkpt lat="46.421629" lon="12.936908">
        <ele>732.7129321742159</ele>
      </trkpt>
      <trkpt lat="46.421629" lon="12.936798">
        <ele>730.8855950114088</ele>
      </trkpt>
      <trkpt lat="46.421661" lon="12.936696">
        <ele>729.2582218718115</ele>
      </trkpt>
      <trkpt lat="46.421718" lon="12.936608">
        <ele>728.0671902491952</ele>
      </trkpt>
      <trkpt lat="46.421734" lon="12.936509">
        <ele>726.9689398693511</ele>
      </trkpt>
      <trkpt lat="46.421709" lon="12.936385">
        <ele>725.4437943560147</ele>
      </trkpt>
      <trkpt lat="46.421644" lon="12.936251">
        <ele>723.4303114030155</ele>
      </trkpt>
      <trkpt lat="46.421637" lon="12.936078">
        <ele>720.981969667094</ele>
      </trkpt>
      <trkpt lat="46.42168" lon="12.935959">
        <ele>719.5998956001272</ele>
      </trkpt>
      <trkpt lat="46.421786" lon="12.935854">
        <ele>718.9529373000555</ele>
      </trkpt>
      <trkpt lat="46.421832" lon="12.935794">
        <ele>717.9103101964316</ele>
      </trkpt>
      <trkpt lat="46.421857" lon="12.935715">
        <ele>716.1601553568124</ele>
      </trkpt>
      <trkpt lat="46.421851" lon="12.935586">
        <ele>715.4826675799486</ele>
      </trkpt>
      <trkpt lat="46.421797" lon="12.935318">
        <ele>716.0888997922671</ele>
      </trkpt>
      <trkpt lat="46.421766" lon="12.935267">
        <ele>716.1423069092887</ele>
      </trkpt>
      <trkpt lat="46.42171" lon="12.935205">
        <ele>715.3260823389954</ele>
      </trkpt>
      <trkpt lat="46.421694" lon="12.935162">
        <ele>715.1823625195752</ele>
      </trkpt>
      <trkpt lat="46.421699" lon="12.935054">
        <ele>716.0403961252749</ele>
      </trkpt>
      <trkpt lat="46.421709" lon="12.935004">
        <ele>716.6216117905421</ele>
      </trkpt>
      <trkpt lat="46.421784" lon="12.934795">
        <ele>719.027090225788</ele>
      </trkpt>
      <trkpt lat="46.421808" lon="12.934706">
        <ele>719.5785682707796</ele>
      </trkpt>
      <trkpt lat="46.42188" lon="12.934348">
        <ele>720.5201216635099</ele>
      </trkpt>
      <trkpt lat="46.421988" lon="12.933912">
        <ele>722.2980792456973</ele>
      </trkpt>
      <trkpt lat="46.422117" lon="12.933537">
        <ele>721.7639549749803</ele>
      </trkpt>
      <trkpt lat="46.422343" lon="12.932845">
        <ele>719.5756409428834</ele>
      </trkpt>
      <trkpt lat="46.422478" lon="12.932581">
        <ele>719.2149725872366</ele>
      </trkpt>
      <trkpt lat="46.422531" lon="12.932448">
        <ele>719.0635371736126</ele>
      </trkpt>
      <trkpt lat="46.422709" lon="12.931628">
        <ele>718.7406598730533</ele>
      </trkpt>
    </trkseg>
  </trk>
</gpx>
