<?xml version="1.0" encoding="UTF-8"?>
<gpx creator="https://gpx.studio" version="1.1" xmlns="http://www.topografix.com/GPX/1/1" xmlns:xsi="http://www.w3.org/2001/XMLSchema-instance" xsi:schemaLocation="http://www.topografix.com/GPX/1/1 http://www.topografix.com/GPX/1/1/gpx.xsd http://www.garmin.com/xmlschemas/GpxExtensions/v3 http://www.garmin.com/xmlschemas/GpxExtensionsv3.xsd http://www.garmin.com/xmlschemas/TrackPointExtension/v1 http://www.garmin.com/xmlschemas/TrackPointExtensionv1.xsd http://www.garmin.com/xmlschemas/PowerExtension/v1 http://www.garmin.com/xmlschemas/PowerExtensionv1.xsd http://www.topografix.com/GPX/gpx_style/0/2 http://www.topografix.com/GPX/gpx_style/0/2/gpx_style.xsd" xmlns:gpxtpx="http://www.garmin.com/xmlschemas/TrackPointExtension/v1" xmlns:gpxx="http://www.garmin.com/xmlschemas/GpxExtensions/v3" xmlns:gpxpx="http://www.garmin.com/xmlschemas/PowerExtension/v1" xmlns:gpx_style="http://www.topografix.com/GPX/gpx_style/0/2">
  <metadata>
    <name>VIN-II</name>
    <author>
      <name>gpx.studio</name>
      <link href="https://gpx.studio"/>
    </author>
  </metadata>
  <trk>
    <name>VIN-II</name>
    <trkseg>
      <trkpt lat="46.44063" lon="12.948024">
        <ele>828.616825918693</ele>
        <time>2025-02-08T10:04:54.528Z</time>
      </trkpt>
      <trkpt lat="46.440697" lon="12.947766">
        <ele>830.6673630762393</ele>
        <time>2025-02-08T10:05:05.102Z</time>
      </trkpt>
      <trkpt lat="46.440809" lon="12.947554">
        <ele>833.4350369657839</ele>
        <time>2025-02-08T10:05:15.347Z</time>
      </trkpt>
      <trkpt lat="46.440825" lon="12.947484">
        <ele>834.3119851285622</ele>
        <time>2025-02-08T10:05:18.175Z</time>
      </trkpt>
      <trkpt lat="46.440884" lon="12.94735">
        <ele>836.4227015666193</ele>
        <time>2025-02-08T10:05:24.274Z</time>
      </trkpt>
      <trkpt lat="46.441056" lon="12.94734">
        <ele>836.0467130771964</ele>
        <time>2025-02-08T10:05:33.855Z</time>
      </trkpt>
      <trkpt lat="46.441116" lon="12.947313">
        <ele>836.1057808415977</ele>
        <time>2025-02-08T10:05:37.351Z</time>
      </trkpt>
      <trkpt lat="46.441423" lon="12.94723">
        <ele>834.6808478529995</ele>
        <time>2025-02-08T10:05:54.732Z</time>
      </trkpt>
      <trkpt lat="46.441475" lon="12.947248">
        <ele>833.5237691185441</ele>
        <time>2025-02-08T10:05:57.707Z</time>
      </trkpt>
      <trkpt lat="46.441524" lon="12.947297">
        <ele>831.6307930236217</ele>
        <time>2025-02-08T10:06:01.019Z</time>
      </trkpt>
      <trkpt lat="46.441703" lon="12.947309">
        <ele>830.4503603201364</ele>
        <time>2025-02-08T10:06:10.992Z</time>
      </trkpt>
      <trkpt lat="46.4418" lon="12.947259">
        <ele>831.6987350458762</ele>
        <time>2025-02-08T10:06:16.721Z</time>
      </trkpt>
      <trkpt lat="46.441888" lon="12.947285">
        <ele>831.3360688258128</ele>
        <time>2025-02-08T10:06:21.719Z</time>
      </trkpt>
      <trkpt lat="46.441954" lon="12.947362">
        <ele>829.8957687222642</ele>
        <time>2025-02-08T10:06:26.432Z</time>
      </trkpt>
      <trkpt lat="46.44204" lon="12.947402">
        <ele>829.2280772878795</ele>
        <time>2025-02-08T10:06:31.458Z</time>
      </trkpt>
      <trkpt lat="46.442217" lon="12.947421">
        <ele>829.8035511985349</ele>
        <time>2025-02-08T10:06:41.336Z</time>
      </trkpt>
      <trkpt lat="46.442489" lon="12.94753">
        <ele>831.2470966589481</ele>
        <time>2025-02-08T10:06:57.041Z</time>
      </trkpt>
      <trkpt lat="46.442522" lon="12.947568">
        <ele>830.8400368628098</ele>
        <time>2025-02-08T10:06:59.385Z</time>
      </trkpt>
      <trkpt lat="46.442611" lon="12.947487">
        <ele>833.3788537623116</ele>
        <time>2025-02-08T10:07:05.232Z</time>
      </trkpt>
      <trkpt lat="46.442626" lon="12.947447">
        <ele>834.4225133129885</ele>
        <time>2025-02-08T10:07:06.978Z</time>
      </trkpt>
      <trkpt lat="46.442631" lon="12.947434">
        <ele>834.7660180405952</ele>
        <time>2025-02-08T10:07:07.549Z</time>
      </trkpt>
      <trkpt lat="46.4427" lon="12.947452">
        <ele>834.8989816119013</ele>
        <time>2025-02-08T10:07:11.451Z</time>
      </trkpt>
      <trkpt lat="46.442729" lon="12.947565">
        <ele>832.0648291234489</ele>
        <time>2025-02-08T10:07:16.075Z</time>
      </trkpt>
      <trkpt lat="46.442785" lon="12.947664">
        <ele>829.6528551235951</ele>
        <time>2025-02-08T10:07:20.987Z</time>
      </trkpt>
      <trkpt lat="46.442984" lon="12.947736">
        <ele>828.8030013617132</ele>
        <time>2025-02-08T10:07:32.402Z</time>
      </trkpt>
      <trkpt lat="46.443088" lon="12.947739">
        <ele>829.9260599969621</ele>
        <time>2025-02-08T10:07:38.191Z</time>
      </trkpt>
      <trkpt lat="46.443193" lon="12.947774">
        <ele>830.599363955117</ele>
        <time>2025-02-08T10:07:44.187Z</time>
      </trkpt>
      <trkpt lat="46.443269" lon="12.947742">
        <ele>832.8283364032119</ele>
        <time>2025-02-08T10:07:48.591Z</time>
      </trkpt>
      <trkpt lat="46.443317" lon="12.947603">
        <ele>837.8072354502934</ele>
        <time>2025-02-08T10:07:54.554Z</time>
      </trkpt>
      <trkpt lat="46.443347" lon="12.94746">
        <ele>843.3450554018684</ele>
        <time>2025-02-08T10:08:00.287Z</time>
      </trkpt>
      <trkpt lat="46.443411" lon="12.947396">
        <ele>846.8850268079909</ele>
        <time>2025-02-08T10:08:04.613Z</time>
      </trkpt>
      <trkpt lat="46.443437" lon="12.947393">
        <ele>847.4098376695122</ele>
        <time>2025-02-08T10:08:06.064Z</time>
      </trkpt>
      <trkpt lat="46.443465" lon="12.947428">
        <ele>846.5627608182033</ele>
        <time>2025-02-08T10:08:08.120Z</time>
      </trkpt>
      <trkpt lat="46.443509" lon="12.947511">
        <ele>844.4882734028514</ele>
        <time>2025-02-08T10:08:12.136Z</time>
      </trkpt>
      <trkpt lat="46.443581" lon="12.947562">
        <ele>844.326757156908</ele>
        <time>2025-02-08T10:08:16.595Z</time>
      </trkpt>
      <trkpt lat="46.443727" lon="12.947595">
        <ele>846.1473241671264</ele>
        <time>2025-02-08T10:08:24.819Z</time>
      </trkpt>
      <trkpt lat="46.443833" lon="12.94764">
        <ele>846.3615578319151</ele>
        <time>2025-02-08T10:08:30.966Z</time>
      </trkpt>
      <trkpt lat="46.443921" lon="12.947812">
        <ele>840.2948889909082</ele>
        <time>2025-02-08T10:08:39.182Z</time>
      </trkpt>
      <trkpt lat="46.444029" lon="12.948083">
        <ele>831.8534016422967</ele>
        <time>2025-02-08T10:08:51.188Z</time>
      </trkpt>
      <trkpt lat="46.44419" lon="12.948082">
        <ele>835.8330158253596</ele>
        <time>2025-02-08T10:09:00.149Z</time>
      </trkpt>
      <trkpt lat="46.444264" lon="12.948108">
        <ele>836.916060320987</ele>
        <time>2025-02-08T10:09:04.386Z</time>
      </trkpt>
      <trkpt lat="46.444297" lon="12.948108">
        <ele>837.9204147937709</ele>
        <time>2025-02-08T10:09:06.222Z</time>
      </trkpt>
      <trkpt lat="46.444544" lon="12.94816">
        <ele>846.0973623796581</ele>
        <time>2025-02-08T10:09:20.113Z</time>
      </trkpt>
      <trkpt lat="46.44488" lon="12.948502">
        <ele>853.0050368263398</ele>
        <time>2025-02-08T10:09:42.955Z</time>
      </trkpt>
      <trkpt lat="46.444926" lon="12.948549">
        <ele>853.8647282247441</ele>
        <time>2025-02-08T10:09:46.086Z</time>
      </trkpt>
      <trkpt lat="46.445066" lon="12.948737">
        <ele>853.5022437525186</ele>
        <time>2025-02-08T10:09:56.702Z</time>
      </trkpt>
      <trkpt lat="46.445196" lon="12.948892">
        <ele>851.7501179616509</ele>
        <time>2025-02-08T10:10:06.066Z</time>
      </trkpt>
      <trkpt lat="46.445421" lon="12.949048">
        <ele>849.1129330485312</ele>
        <time>2025-02-08T10:10:19.945Z</time>
      </trkpt>
      <trkpt lat="46.445517" lon="12.949021">
        <ele>848.7503518438435</ele>
        <time>2025-02-08T10:10:25.387Z</time>
      </trkpt>
      <trkpt lat="46.445597" lon="12.948917">
        <ele>850.4499687741143</ele>
        <time>2025-02-08T10:10:31.364Z</time>
      </trkpt>
      <trkpt lat="46.445656" lon="12.94878">
        <ele>853.8095943467792</ele>
        <time>2025-02-08T10:10:37.559Z</time>
      </trkpt>
      <trkpt lat="46.445772" lon="12.948605">
        <ele>855.9291518252347</ele>
        <time>2025-02-08T10:10:46.871Z</time>
      </trkpt>
      <trkpt lat="46.445909" lon="12.948511">
        <ele>853.3307865220592</ele>
        <time>2025-02-08T10:10:55.305Z</time>
      </trkpt>
      <trkpt lat="46.446048" lon="12.948442">
        <ele>849.8879437348074</ele>
        <time>2025-02-08T10:11:03.481Z</time>
      </trkpt>
      <trkpt lat="46.446269" lon="12.948415">
        <ele>841.6513932846498</ele>
        <time>2025-02-08T10:11:15.825Z</time>
      </trkpt>
      <trkpt lat="46.44646" lon="12.948372">
        <ele>834.6444184785389</ele>
        <time>2025-02-08T10:11:26.583Z</time>
      </trkpt>
      <trkpt lat="46.446563" lon="12.948286">
        <ele>832.4767465917266</ele>
        <time>2025-02-08T10:11:33.196Z</time>
      </trkpt>
      <trkpt lat="46.446667" lon="12.948144">
        <ele>832.0895658135702</ele>
        <time>2025-02-08T10:11:41.143Z</time>
      </trkpt>
      <trkpt lat="46.446894" lon="12.947986">
        <ele>827.1653550682125</ele>
        <time>2025-02-08T10:11:55.155Z</time>
      </trkpt>
      <trkpt lat="46.446968" lon="12.948047">
        <ele>821.7099294715616</ele>
        <time>2025-02-08T10:11:59.891Z</time>
      </trkpt>
      <trkpt lat="46.446996" lon="12.948053">
        <ele>820.8033809184205</ele>
        <time>2025-02-08T10:12:01.466Z</time>
      </trkpt>
      <trkpt lat="46.447164" lon="12.948045">
        <ele>819.6611694629207</ele>
        <time>2025-02-08T10:12:10.821Z</time>
      </trkpt>
      <trkpt lat="46.447541" lon="12.948175">
        <ele>822.9345998352421</ele>
        <time>2025-02-08T10:12:32.388Z</time>
      </trkpt>
      <trkpt lat="46.44767" lon="12.948299">
        <ele>823.9477779724139</ele>
        <time>2025-02-08T10:12:41.000Z</time>
      </trkpt>
      <trkpt lat="46.447907" lon="12.948645">
        <ele>824.9618290133905</ele>
        <time>2025-02-08T10:12:59.710Z</time>
      </trkpt>
      <trkpt lat="46.448042" lon="12.948843">
        <ele>825.6895355515869</ele>
        <time>2025-02-08T10:13:10.392Z</time>
      </trkpt>
      <trkpt lat="46.448467" lon="12.949056">
        <ele>825.5789276912161</ele>
        <time>2025-02-08T10:13:35.417Z</time>
      </trkpt>
      <trkpt lat="46.448745" lon="12.949387">
        <ele>824.3426427984488</ele>
        <time>2025-02-08T10:13:55.430Z</time>
      </trkpt>
      <trkpt lat="46.448875" lon="12.949501">
        <ele>824.5667985363373</ele>
        <time>2025-02-08T10:14:03.883Z</time>
      </trkpt>
      <trkpt lat="46.449617" lon="12.949736">
        <ele>833.109844814207</ele>
        <time>2025-02-08T10:14:46.154Z</time>
      </trkpt>
      <trkpt lat="46.450227" lon="12.949666">
        <ele>835.0588046461355</ele>
        <time>2025-02-08T10:15:20.212Z</time>
      </trkpt>
      <trkpt lat="46.450372" lon="12.949588">
        <ele>836.7070416550255</ele>
        <time>2025-02-08T10:15:28.819Z</time>
      </trkpt>
      <trkpt lat="46.450814" lon="12.94904">
        <ele>846.8016563315589</ele>
        <time>2025-02-08T10:16:01.174Z</time>
      </trkpt>
      <trkpt lat="46.451023" lon="12.948897">
        <ele>847.3423422806981</ele>
        <time>2025-02-08T10:16:14.034Z</time>
      </trkpt>
      <trkpt lat="46.451261" lon="12.948529">
        <ele>859.0180228683367</ele>
        <time>2025-02-08T10:16:33.389Z</time>
      </trkpt>
      <trkpt lat="46.451452" lon="12.94846">
        <ele>858.2521146579189</ele>
        <time>2025-02-08T10:16:44.344Z</time>
      </trkpt>
      <trkpt lat="46.452439" lon="12.948355">
        <ele>853.859420895747</ele>
        <time>2025-02-08T10:17:39.427Z</time>
      </trkpt>
      <trkpt lat="46.452691" lon="12.948375">
        <ele>853.1971987928428</ele>
        <time>2025-02-08T10:17:53.474Z</time>
      </trkpt>
      <trkpt lat="46.452763" lon="12.948436">
        <ele>851.5737578375275</ele>
        <time>2025-02-08T10:17:58.114Z</time>
      </trkpt>
      <trkpt lat="46.452823" lon="12.948576">
        <ele>850.4886635161005</ele>
        <time>2025-02-08T10:18:04.436Z</time>
      </trkpt>
      <trkpt lat="46.452869" lon="12.948637">
        <ele>850.8421794914018</ele>
        <time>2025-02-08T10:18:07.903Z</time>
      </trkpt>
      <trkpt lat="46.452965" lon="12.948676">
        <ele>851.2167237686932</ele>
        <time>2025-02-08T10:18:13.451Z</time>
      </trkpt>
      <trkpt lat="46.453191" lon="12.948504">
        <ele>850.7445908177611</ele>
        <time>2025-02-08T10:18:27.654Z</time>
      </trkpt>
      <trkpt lat="46.453239" lon="12.948479">
        <ele>851.0293536082693</ele>
        <time>2025-02-08T10:18:30.492Z</time>
      </trkpt>
      <trkpt lat="46.453274" lon="12.948481">
        <ele>851.5125107048357</ele>
        <time>2025-02-08T10:18:32.441Z</time>
      </trkpt>
      <trkpt lat="46.453291" lon="12.948499">
        <ele>851.9274285669302</ele>
        <time>2025-02-08T10:18:33.612Z</time>
      </trkpt>
      <trkpt lat="46.453308" lon="12.94854">
        <ele>852.8259529792249</ele>
        <time>2025-02-08T10:18:35.446Z</time>
      </trkpt>
      <trkpt lat="46.453309" lon="12.94859">
        <ele>853.5249777724039</ele>
        <time>2025-02-08T10:18:37.364Z</time>
      </trkpt>
      <trkpt lat="46.453268" lon="12.948801">
        <ele>856.4794549530844</ele>
        <time>2025-02-08T10:18:45.770Z</time>
      </trkpt>
      <trkpt lat="46.453277" lon="12.94891">
        <ele>858.8787164492257</ele>
        <time>2025-02-08T10:18:49.979Z</time>
      </trkpt>
      <trkpt lat="46.453332" lon="12.949004">
        <ele>861.8384243081555</ele>
        <time>2025-02-08T10:18:54.708Z</time>
      </trkpt>
      <trkpt lat="46.453512" lon="12.949138">
        <ele>868.6768417081807</ele>
        <time>2025-02-08T10:19:05.967Z</time>
      </trkpt>
      <trkpt lat="46.453718" lon="12.949222">
        <ele>874.7649634846468</ele>
        <time>2025-02-08T10:19:17.876Z</time>
      </trkpt>
      <trkpt lat="46.453741" lon="12.949275">
        <ele>877.0224437817824</ele>
        <time>2025-02-08T10:19:20.277Z</time>
      </trkpt>
      <trkpt lat="46.453739" lon="12.949334">
        <ele>879.3165553260321</ele>
        <time>2025-02-08T10:19:22.542Z</time>
      </trkpt>
      <trkpt lat="46.45371" lon="12.949404">
        <ele>881.4088384890345</ele>
        <time>2025-02-08T10:19:25.674Z</time>
      </trkpt>
      <trkpt lat="46.453655" lon="12.949463">
        <ele>882.4704813377241</ele>
        <time>2025-02-08T10:19:29.480Z</time>
      </trkpt>
      <trkpt lat="46.453561" lon="12.9495">
        <ele>881.5275430618232</ele>
        <time>2025-02-08T10:19:34.900Z</time>
      </trkpt>
      <trkpt lat="46.453387" lon="12.949474">
        <ele>875.8617633384564</ele>
        <time>2025-02-08T10:19:44.635Z</time>
      </trkpt>
      <trkpt lat="46.453273" lon="12.949493">
        <ele>874.1976225301705</ele>
        <time>2025-02-08T10:19:51.021Z</time>
      </trkpt>
      <trkpt lat="46.453234" lon="12.949529">
        <ele>874.6673790285649</ele>
        <time>2025-02-08T10:19:53.593Z</time>
      </trkpt>
      <trkpt lat="46.45314" lon="12.949765">
        <ele>880.7538671229227</ele>
        <time>2025-02-08T10:20:04.046Z</time>
      </trkpt>
      <trkpt lat="46.453067" lon="12.949915">
        <ele>884.3870750988832</ele>
        <time>2025-02-08T10:20:11.088Z</time>
      </trkpt>
      <trkpt lat="46.452954" lon="12.949996">
        <ele>886.5563534627912</ele>
        <time>2025-02-08T10:20:18.102Z</time>
      </trkpt>
      <trkpt lat="46.452882" lon="12.950098">
        <ele>889.2868985907062</ele>
        <time>2025-02-08T10:20:23.701Z</time>
      </trkpt>
      <trkpt lat="46.452802" lon="12.950143">
        <ele>890.6765583616976</ele>
        <time>2025-02-08T10:20:28.476Z</time>
      </trkpt>
      <trkpt lat="46.452655" lon="12.950161">
        <ele>891.9970388900282</ele>
        <time>2025-02-08T10:20:36.686Z</time>
      </trkpt>
      <trkpt lat="46.452454" lon="12.950121">
        <ele>892.8356647362463</ele>
        <time>2025-02-08T10:20:47.978Z</time>
      </trkpt>
      <trkpt lat="46.452391" lon="12.950142">
        <ele>893.6523191008015</ele>
        <time>2025-02-08T10:20:51.575Z</time>
      </trkpt>
      <trkpt lat="46.452321" lon="12.950182">
        <ele>895.033790387814</ele>
        <time>2025-02-08T10:20:55.762Z</time>
      </trkpt>
      <trkpt lat="46.452311" lon="12.950226">
        <ele>896.2603859056214</ele>
        <time>2025-02-08T10:20:57.538Z</time>
      </trkpt>
      <trkpt lat="46.452321" lon="12.950272">
        <ele>897.5935470335055</ele>
        <time>2025-02-08T10:20:59.387Z</time>
      </trkpt>
      <trkpt lat="46.452495" lon="12.950523">
        <ele>904.1326748718844</ele>
        <time>2025-02-08T10:21:13.041Z</time>
      </trkpt>
      <trkpt lat="46.452674" lon="12.950716">
        <ele>907.8836130872281</ele>
        <time>2025-02-08T10:21:25.452Z</time>
      </trkpt>
      <trkpt lat="46.452754" lon="12.950843">
        <ele>911.3002177002852</ele>
        <time>2025-02-08T10:21:32.050Z</time>
      </trkpt>
      <trkpt lat="46.452796" lon="12.950875">
        <ele>912.2361163714909</ele>
        <time>2025-02-08T10:21:34.690Z</time>
      </trkpt>
      <trkpt lat="46.452868" lon="12.950882">
        <ele>912.4824705704808</ele>
        <time>2025-02-08T10:21:38.706Z</time>
      </trkpt>
      <trkpt lat="46.453014" lon="12.950926">
        <ele>915.6139951133948</ele>
        <time>2025-02-08T10:21:47.005Z</time>
      </trkpt>
      <trkpt lat="46.453175" lon="12.951021">
        <ele>921.3656624374428</ele>
        <time>2025-02-08T10:21:56.678Z</time>
      </trkpt>
      <trkpt lat="46.453217" lon="12.951006">
        <ele>921.2926698717005</ele>
        <time>2025-02-08T10:21:59.085Z</time>
      </trkpt>
      <trkpt lat="46.453264" lon="12.950955">
        <ele>920.1280823780531</ele>
        <time>2025-02-08T10:22:02.351Z</time>
      </trkpt>
      <trkpt lat="46.45329" lon="12.950815">
        <ele>915.3375916785646</ele>
        <time>2025-02-08T10:22:07.911Z</time>
      </trkpt>
      <trkpt lat="46.453339" lon="12.950645">
        <ele>910.1568832419817</ele>
        <time>2025-02-08T10:22:14.977Z</time>
      </trkpt>
      <trkpt lat="46.453392" lon="12.950565">
        <ele>909.1389570948619</ele>
        <time>2025-02-08T10:22:19.232Z</time>
      </trkpt>
      <trkpt lat="46.453622" lon="12.950475">
        <ele>916.8391130574055</ele>
        <time>2025-02-08T10:22:32.490Z</time>
      </trkpt>
      <trkpt lat="46.453789" lon="12.950379">
        <ele>921.4817728700359</ele>
        <time>2025-02-08T10:22:42.487Z</time>
      </trkpt>
      <trkpt lat="46.454128" lon="12.950327">
        <ele>931.5907741473502</ele>
        <time>2025-02-08T10:23:01.460Z</time>
      </trkpt>
      <trkpt lat="46.45427" lon="12.950255">
        <ele>935.6378925619844</ele>
        <time>2025-02-08T10:23:09.831Z</time>
      </trkpt>
      <trkpt lat="46.454434" lon="12.950101">
        <ele>939.1359858592359</ele>
        <time>2025-02-08T10:23:20.702Z</time>
      </trkpt>
      <trkpt lat="46.45455" lon="12.949923">
        <ele>940.5160452534919</ele>
        <time>2025-02-08T10:23:30.097Z</time>
      </trkpt>
      <trkpt lat="46.454628" lon="12.94964">
        <ele>936.638236411557</ele>
        <time>2025-02-08T10:23:41.784Z</time>
      </trkpt>
      <trkpt lat="46.454811" lon="12.949343">
        <ele>940.4309112445566</ele>
        <time>2025-02-08T10:23:57.062Z</time>
      </trkpt>
      <trkpt lat="46.454979" lon="12.948946">
        <ele>939.5624989431884</ele>
        <time>2025-02-08T10:24:14.927Z</time>
      </trkpt>
      <trkpt lat="46.455047" lon="12.948847">
        <ele>940.440614344646</ele>
        <time>2025-02-08T10:24:20.287Z</time>
      </trkpt>
      <trkpt lat="46.455084" lon="12.948818">
        <ele>941.3661535590409</ele>
        <time>2025-02-08T10:24:22.627Z</time>
      </trkpt>
      <trkpt lat="46.455118" lon="12.948809">
        <ele>942.6101703941399</ele>
        <time>2025-02-08T10:24:24.550Z</time>
      </trkpt>
      <trkpt lat="46.455148" lon="12.948849">
        <ele>945.0702932551256</ele>
        <time>2025-02-08T10:24:26.817Z</time>
      </trkpt>
      <trkpt lat="46.455152" lon="12.948904">
        <ele>946.9844305869028</ele>
        <time>2025-02-08T10:24:28.937Z</time>
      </trkpt>
      <trkpt lat="46.455123" lon="12.948958">
        <ele>947.387234036331</ele>
        <time>2025-02-08T10:24:31.562Z</time>
      </trkpt>
      <trkpt lat="46.455067" lon="12.949023">
        <ele>946.5599829279888</ele>
        <time>2025-02-08T10:24:35.552Z</time>
      </trkpt>
      <trkpt lat="46.454995" lon="12.94917">
        <ele>947.06377213533</ele>
        <time>2025-02-08T10:24:42.468Z</time>
      </trkpt>
      <trkpt lat="46.454957" lon="12.949316">
        <ele>949.6342059599298</ele>
        <time>2025-02-08T10:24:48.452Z</time>
      </trkpt>
      <trkpt lat="46.454959" lon="12.949453">
        <ele>954.7759896070392</ele>
        <time>2025-02-08T10:24:53.706Z</time>
      </trkpt>
      <trkpt lat="46.454917" lon="12.949628">
        <ele>958.1778388270652</ele>
        <time>2025-02-08T10:25:00.811Z</time>
      </trkpt>
      <trkpt lat="46.454828" lon="12.949879">
        <ele>960.3033081774222</ele>
        <time>2025-02-08T10:25:11.635Z</time>
      </trkpt>
      <trkpt lat="46.454818" lon="12.950053">
        <ele>964.9261715526783</ele>
        <time>2025-02-08T10:25:18.330Z</time>
      </trkpt>
      <trkpt lat="46.454777" lon="12.950281">
        <ele>968.7165439327432</ele>
        <time>2025-02-08T10:25:27.365Z</time>
      </trkpt>
      <trkpt lat="46.454692" lon="12.950489">
        <ele>970.1210462670775</ele>
        <time>2025-02-08T10:25:36.638Z</time>
      </trkpt>
      <trkpt lat="46.454514" lon="12.950985">
        <ele>973.9779690186381</ele>
        <time>2025-02-08T10:25:58.083Z</time>
      </trkpt>
      <trkpt lat="46.454477" lon="12.951065">
        <ele>973.7978104564368</ele>
        <time>2025-02-08T10:26:01.777Z</time>
      </trkpt>
      <trkpt lat="46.45435" lon="12.951175">
        <ele>968.4907276327071</ele>
        <time>2025-02-08T10:26:10.008Z</time>
      </trkpt>
      <trkpt lat="46.454303" lon="12.951265">
        <ele>968.0857641423211</ele>
        <time>2025-02-08T10:26:14.338Z</time>
      </trkpt>
      <trkpt lat="46.454231" lon="12.951482">
        <ele>968.921761617438</ele>
        <time>2025-02-08T10:26:23.573Z</time>
      </trkpt>
      <trkpt lat="46.45405" lon="12.951833">
        <ele>964.9248853493722</ele>
        <time>2025-02-08T10:26:40.385Z</time>
      </trkpt>
      <trkpt lat="46.45394" lon="12.952191">
        <ele>965.6500729833275</ele>
        <time>2025-02-08T10:26:55.416Z</time>
      </trkpt>
      <trkpt lat="46.453833" lon="12.952731">
        <ele>967.0532668546775</ele>
        <time>2025-02-08T10:27:16.962Z</time>
      </trkpt>
      <trkpt lat="46.453782" lon="12.952877">
        <ele>967.6577194058812</ele>
        <time>2025-02-08T10:27:23.239Z</time>
      </trkpt>
      <trkpt lat="46.453734" lon="12.952944">
        <ele>967.69935487028</ele>
        <time>2025-02-08T10:27:26.945Z</time>
      </trkpt>
      <trkpt lat="46.453692" lon="12.952975">
        <ele>967.4278136435432</ele>
        <time>2025-02-08T10:27:29.567Z</time>
      </trkpt>
      <trkpt lat="46.45364" lon="12.952991">
        <ele>966.9666437000973</ele>
        <time>2025-02-08T10:27:32.525Z</time>
      </trkpt>
      <trkpt lat="46.453527" lon="12.952956">
        <ele>965.0871105354929</ele>
        <time>2025-02-08T10:27:38.956Z</time>
      </trkpt>
      <trkpt lat="46.453413" lon="12.952946">
        <ele>963.7796268781185</ele>
        <time>2025-02-08T10:27:45.312Z</time>
      </trkpt>
      <trkpt lat="46.453267" lon="12.953055">
        <ele>964.1217767697659</ele>
        <time>2025-02-08T10:27:54.450Z</time>
      </trkpt>
      <trkpt lat="46.45285" lon="12.953455">
        <ele>964.084907585104</ele>
        <time>2025-02-08T10:28:22.270Z</time>
      </trkpt>
      <trkpt lat="46.452811" lon="12.95356">
        <ele>964.186662864081</ele>
        <time>2025-02-08T10:28:26.844Z</time>
      </trkpt>
      <trkpt lat="46.452821" lon="12.953634">
        <ele>964.9702545380379</ele>
        <time>2025-02-08T10:28:29.735Z</time>
      </trkpt>
      <trkpt lat="46.452828" lon="12.953686">
        <ele>965.4270870801347</ele>
        <time>2025-02-08T10:28:31.766Z</time>
      </trkpt>
      <trkpt lat="46.452917" lon="12.953869">
        <ele>968.4793105941554</ele>
        <time>2025-02-08T10:28:40.355Z</time>
      </trkpt>
      <trkpt lat="46.453024" lon="12.954015">
        <ele>972.0137993142766</ele>
        <time>2025-02-08T10:28:48.528Z</time>
      </trkpt>
      <trkpt lat="46.453419" lon="12.954411">
        <ele>982.312551633559</ele>
        <time>2025-02-08T10:29:15.247Z</time>
      </trkpt>
      <trkpt lat="46.453484" lon="12.954546">
        <ele>985.4090371677505</ele>
        <time>2025-02-08T10:29:21.562Z</time>
      </trkpt>
      <trkpt lat="46.453556" lon="12.954726">
        <ele>990.0659742035766</ele>
        <time>2025-02-08T10:29:29.543Z</time>
      </trkpt>
      <trkpt lat="46.453633" lon="12.954841">
        <ele>993.9836827932662</ele>
        <time>2025-02-08T10:29:35.692Z</time>
      </trkpt>
      <trkpt lat="46.453924" lon="12.95522">
        <ele>1004.254709076837</ele>
        <time>2025-02-08T10:29:57.453Z</time>
      </trkpt>
      <trkpt lat="46.454071" lon="12.955487">
        <ele>1010.0194199184261</ele>
        <time>2025-02-08T10:30:10.558Z</time>
      </trkpt>
      <trkpt lat="46.454125" lon="12.955628">
        <ele>1012.5389712792834</ele>
        <time>2025-02-08T10:30:16.743Z</time>
      </trkpt>
      <trkpt lat="46.454162" lon="12.95563">
        <ele>1013.6792506310167</ele>
        <time>2025-02-08T10:30:18.803Z</time>
      </trkpt>
      <trkpt lat="46.454291" lon="12.955486">
        <ele>1016.2831156333843</ele>
        <time>2025-02-08T10:30:27.860Z</time>
      </trkpt>
      <trkpt lat="46.454321" lon="12.955473">
        <ele>1017.0299201078426</ele>
        <time>2025-02-08T10:30:29.602Z</time>
      </trkpt>
      <trkpt lat="46.454361" lon="12.955509">
        <ele>1018.7672061664158</ele>
        <time>2025-02-08T10:30:32.221Z</time>
      </trkpt>
      <trkpt lat="46.45438" lon="12.955681">
        <ele>1021.2128453468447</ele>
        <time>2025-02-08T10:30:38.900Z</time>
      </trkpt>
      <trkpt lat="46.454419" lon="12.955809">
        <ele>1023.561589142702</ele>
        <time>2025-02-08T10:30:44.266Z</time>
      </trkpt>
      <trkpt lat="46.45445" lon="12.955897">
        <ele>1025.262082817593</ele>
        <time>2025-02-08T10:30:48.055Z</time>
      </trkpt>
      <trkpt lat="46.454485" lon="12.955961">
        <ele>1026.8555855324594</ele>
        <time>2025-02-08T10:30:51.188Z</time>
      </trkpt>
      <trkpt lat="46.454531" lon="12.956106">
        <ele>1029.1796133993903</ele>
        <time>2025-02-08T10:30:57.309Z</time>
      </trkpt>
      <trkpt lat="46.454549" lon="12.956175">
        <ele>1030.0896295974972</ele>
        <time>2025-02-08T10:31:00.138Z</time>
      </trkpt>
      <trkpt lat="46.454555" lon="12.956237">
        <ele>1030.501078127056</ele>
        <time>2025-02-08T10:31:02.538Z</time>
      </trkpt>
      <trkpt lat="46.454547" lon="12.956287">
        <ele>1030.373960243023</ele>
        <time>2025-02-08T10:31:04.506Z</time>
      </trkpt>
      <trkpt lat="46.454508" lon="12.956377">
        <ele>1029.6829889741207</ele>
        <time>2025-02-08T10:31:08.583Z</time>
      </trkpt>
      <trkpt lat="46.454431" lon="12.956406">
        <ele>1027.8723408447188</ele>
        <time>2025-02-08T10:31:13.010Z</time>
      </trkpt>
      <trkpt lat="46.454353" lon="12.956397">
        <ele>1026.0797334616545</ele>
        <time>2025-02-08T10:31:17.365Z</time>
      </trkpt>
      <trkpt lat="46.454098" lon="12.956466">
        <ele>1024.7689671782487</ele>
        <time>2025-02-08T10:31:31.802Z</time>
      </trkpt>
      <trkpt lat="46.454068" lon="12.956501">
        <ele>1025.5111733827684</ele>
        <time>2025-02-08T10:31:33.944Z</time>
      </trkpt>
      <trkpt lat="46.454065" lon="12.956548">
        <ele>1026.7033204452418</ele>
        <time>2025-02-08T10:31:35.753Z</time>
      </trkpt>
      <trkpt lat="46.454076" lon="12.956602">
        <ele>1028.1310958437318</ele>
        <time>2025-02-08T10:31:37.912Z</time>
      </trkpt>
      <trkpt lat="46.454144" lon="12.956656">
        <ele>1029.6041538734694</ele>
        <time>2025-02-08T10:31:42.226Z</time>
      </trkpt>
      <trkpt lat="46.454272" lon="12.956692">
        <ele>1031.144511880951</ele>
        <time>2025-02-08T10:31:49.482Z</time>
      </trkpt>
      <trkpt lat="46.454297" lon="12.956729">
        <ele>1032.2448352235174</ele>
        <time>2025-02-08T10:31:51.469Z</time>
      </trkpt>
      <trkpt lat="46.454297" lon="12.956757">
        <ele>1032.9462048181338</ele>
        <time>2025-02-08T10:31:52.542Z</time>
      </trkpt>
      <trkpt lat="46.454289" lon="12.956773">
        <ele>1033.3021979575053</ele>
        <time>2025-02-08T10:31:53.300Z</time>
      </trkpt>
      <trkpt lat="46.454228" lon="12.956799">
        <ele>1033.6044997418514</ele>
        <time>2025-02-08T10:31:56.838Z</time>
      </trkpt>
      <trkpt lat="46.454175" lon="12.956841">
        <ele>1034.6644381664507</ele>
        <time>2025-02-08T10:32:00.198Z</time>
      </trkpt>
      <trkpt lat="46.454146" lon="12.956878">
        <ele>1035.8716075145346</ele>
        <time>2025-02-08T10:32:02.347Z</time>
      </trkpt>
      <trkpt lat="46.454148" lon="12.956931">
        <ele>1037.4397495312026</ele>
        <time>2025-02-08T10:32:04.382Z</time>
      </trkpt>
      <trkpt lat="46.454214" lon="12.95701">
        <ele>1039.45390757504</ele>
        <time>2025-02-08T10:32:09.143Z</time>
      </trkpt>
      <trkpt lat="46.454222" lon="12.957066">
        <ele>1041.057967541833</ele>
        <time>2025-02-08T10:32:11.336Z</time>
      </trkpt>
      <trkpt lat="46.454175" lon="12.957111">
        <ele>1042.6163542831323</ele>
        <time>2025-02-08T10:32:14.469Z</time>
      </trkpt>
      <trkpt lat="46.454152" lon="12.95715">
        <ele>1044.0765654228633</ele>
        <time>2025-02-08T10:32:16.437Z</time>
      </trkpt>
      <trkpt lat="46.454135" lon="12.957235">
        <ele>1047.0331959412947</ele>
        <time>2025-02-08T10:32:19.830Z</time>
      </trkpt>
      <trkpt lat="46.454166" lon="12.957291">
        <ele>1048.45449170135</ele>
        <time>2025-02-08T10:32:22.584Z</time>
      </trkpt>
      <trkpt lat="46.454286" lon="12.957327">
        <ele>1048.4804562765676</ele>
        <time>2025-02-08T10:32:29.404Z</time>
      </trkpt>
      <trkpt lat="46.454355" lon="12.957325">
        <ele>1048.1940934592649</ele>
        <time>2025-02-08T10:32:33.245Z</time>
      </trkpt>
      <trkpt lat="46.454429" lon="12.957339">
        <ele>1048.9085284136572</ele>
        <time>2025-02-08T10:32:37.398Z</time>
      </trkpt>
      <trkpt lat="46.454576" lon="12.9574">
        <ele>1052.2835092956386</ele>
        <time>2025-02-08T10:32:45.907Z</time>
      </trkpt>
      <trkpt lat="46.454682" lon="12.957479">
        <ele>1055.4021013898282</ele>
        <time>2025-02-08T10:32:52.539Z</time>
      </trkpt>
      <trkpt lat="46.454854" lon="12.957641">
        <ele>1060.630194497901</ele>
        <time>2025-02-08T10:33:03.951Z</time>
      </trkpt>
      <trkpt lat="46.45486" lon="12.957669">
        <ele>1061.120951049263</ele>
        <time>2025-02-08T10:33:05.075Z</time>
      </trkpt>
      <trkpt lat="46.454852" lon="12.957694">
        <ele>1061.2857620854109</ele>
        <time>2025-02-08T10:33:06.131Z</time>
      </trkpt>
      <trkpt lat="46.45481" lon="12.957718">
        <ele>1060.8248282714285</ele>
        <time>2025-02-08T10:33:08.643Z</time>
      </trkpt>
      <trkpt lat="46.454731" lon="12.957817">
        <ele>1061.3427039694982</ele>
        <time>2025-02-08T10:33:14.452Z</time>
      </trkpt>
      <trkpt lat="46.454684" lon="12.957853">
        <ele>1061.6393487680198</ele>
        <time>2025-02-08T10:33:17.409Z</time>
      </trkpt>
      <trkpt lat="46.454659" lon="12.957908">
        <ele>1062.7155510456537</ele>
        <time>2025-02-08T10:33:19.935Z</time>
      </trkpt>
      <trkpt lat="46.454666" lon="12.957957">
        <ele>1063.835758913844</ele>
        <time>2025-02-08T10:33:21.853Z</time>
      </trkpt>
      <trkpt lat="46.454901" lon="12.958167">
        <ele>1071.1592111308544</ele>
        <time>2025-02-08T10:33:37.212Z</time>
      </trkpt>
      <trkpt lat="46.455014" lon="12.958242">
        <ele>1074.5524179187603</ele>
        <time>2025-02-08T10:33:44.127Z</time>
      </trkpt>
      <trkpt lat="46.455039" lon="12.958266">
        <ele>1075.4942728620279</ele>
        <time>2025-02-08T10:33:45.795Z</time>
      </trkpt>
      <trkpt lat="46.455069" lon="12.958344">
        <ele>1077.481223579059</ele>
        <time>2025-02-08T10:33:49.220Z</time>
      </trkpt>
      <trkpt lat="46.455042" lon="12.958346">
        <ele>1077.1166920055828</ele>
        <time>2025-02-08T10:33:50.724Z</time>
      </trkpt>
      <trkpt lat="46.454948" lon="12.958399">
        <ele>1077.1367998969047</ele>
        <time>2025-02-08T10:33:56.336Z</time>
      </trkpt>
      <trkpt lat="46.454804" lon="12.958562">
        <ele>1080.398388619675</ele>
        <time>2025-02-08T10:34:06.499Z</time>
      </trkpt>
      <trkpt lat="46.45456" lon="12.958696">
        <ele>1082.9259837528705</ele>
        <time>2025-02-08T10:34:21.019Z</time>
      </trkpt>
      <trkpt lat="46.45439" lon="12.958847">
        <ele>1086.7317137363532</ele>
        <time>2025-02-08T10:34:32.112Z</time>
      </trkpt>
      <trkpt lat="46.454152" lon="12.959101">
        <ele>1094.9857387233064</ele>
        <time>2025-02-08T10:34:48.554Z</time>
      </trkpt>
      <trkpt lat="46.454069" lon="12.959151">
        <ele>1097.3238199359978</ele>
        <time>2025-02-08T10:34:53.555Z</time>
      </trkpt>
      <trkpt lat="46.453682" lon="12.959145">
        <ele>1102.2614918952145</ele>
        <time>2025-02-08T10:35:15.096Z</time>
      </trkpt>
      <trkpt lat="46.453531" lon="12.959165">
        <ele>1105.3420716144014</ele>
        <time>2025-02-08T10:35:23.535Z</time>
      </trkpt>
      <trkpt lat="46.453295" lon="12.959156">
        <ele>1106.8948735956792</ele>
        <time>2025-02-08T10:35:36.675Z</time>
      </trkpt>
      <trkpt lat="46.453229" lon="12.959201">
        <ele>1108.5962445118669</ele>
        <time>2025-02-08T10:35:40.733Z</time>
      </trkpt>
      <trkpt lat="46.453186" lon="12.959336">
        <ele>1113.2469334616378</ele>
        <time>2025-02-08T10:35:46.436Z</time>
      </trkpt>
      <trkpt lat="46.453136" lon="12.959421">
        <ele>1116.224516550266</ele>
        <time>2025-02-08T10:35:50.721Z</time>
      </trkpt>
      <trkpt lat="46.453074" lon="12.959485">
        <ele>1119.0165768650645</ele>
        <time>2025-02-08T10:35:54.955Z</time>
      </trkpt>
      <trkpt lat="46.453037" lon="12.959592">
        <ele>1123.6614828964236</ele>
        <time>2025-02-08T10:35:59.545Z</time>
      </trkpt>
      <trkpt lat="46.452962" lon="12.959727">
        <ele>1131.5853347883358</ele>
        <time>2025-02-08T10:36:06.195Z</time>
      </trkpt>
      <trkpt lat="46.452925" lon="12.959716">
        <ele>1132.0687541853383</ele>
        <time>2025-02-08T10:36:08.297Z</time>
      </trkpt>
      <trkpt lat="46.452745" lon="12.959449">
        <ele>1126.9023119395104</ele>
        <time>2025-02-08T10:36:22.621Z</time>
      </trkpt>
      <trkpt lat="46.452625" lon="12.959297">
        <ele>1124.731332058133</ele>
        <time>2025-02-08T10:36:31.485Z</time>
      </trkpt>
      <trkpt lat="46.452547" lon="12.959246">
        <ele>1125.2071768882388</ele>
        <time>2025-02-08T10:36:36.246Z</time>
      </trkpt>
      <trkpt lat="46.452466" lon="12.959176">
        <ele>1124.4742324108033</ele>
        <time>2025-02-08T10:36:41.493Z</time>
      </trkpt>
      <trkpt lat="46.452323" lon="12.959111">
        <ele>1124.0886909464382</ele>
        <time>2025-02-08T10:36:49.833Z</time>
      </trkpt>
      <trkpt lat="46.452184" lon="12.959016">
        <ele>1122.0888604120987</ele>
        <time>2025-02-08T10:36:58.384Z</time>
      </trkpt>
      <trkpt lat="46.452029" lon="12.959061">
        <ele>1126.9609845656312</ele>
        <time>2025-02-08T10:37:07.182Z</time>
      </trkpt>
      <trkpt lat="46.451951" lon="12.959061">
        <ele>1128.33746522162</ele>
        <time>2025-02-08T10:37:11.523Z</time>
      </trkpt>
      <trkpt lat="46.451796" lon="12.959123">
        <ele>1133.586299045296</ele>
        <time>2025-02-08T10:37:20.471Z</time>
      </trkpt>
      <trkpt lat="46.45164" lon="12.959162">
        <ele>1137.6078123890802</ele>
        <time>2025-02-08T10:37:29.281Z</time>
      </trkpt>
      <trkpt lat="46.451485" lon="12.959148">
        <ele>1139.4643217471437</ele>
        <time>2025-02-08T10:37:37.924Z</time>
      </trkpt>
      <trkpt lat="46.451311" lon="12.959055">
        <ele>1138.5955534569753</ele>
        <time>2025-02-08T10:37:48.244Z</time>
      </trkpt>
      <trkpt lat="46.45122" lon="12.958993">
        <ele>1138.210142769892</ele>
        <time>2025-02-08T10:37:53.839Z</time>
      </trkpt>
      <trkpt lat="46.451131" lon="12.958901">
        <ele>1136.5215314036695</ele>
        <time>2025-02-08T10:37:59.920Z</time>
      </trkpt>
      <trkpt lat="46.451072" lon="12.958802">
        <ele>1133.7942331497193</ele>
        <time>2025-02-08T10:38:04.939Z</time>
      </trkpt>
      <trkpt lat="46.45096" lon="12.95855">
        <ele>1126.863986196913</ele>
        <time>2025-02-08T10:38:16.438Z</time>
      </trkpt>
      <trkpt lat="46.450879" lon="12.958308">
        <ele>1121.623386483826</ele>
        <time>2025-02-08T10:38:26.755Z</time>
      </trkpt>
      <trkpt lat="46.45067" lon="12.95785">
        <ele>1114.732903633636</ele>
        <time>2025-02-08T10:38:47.821Z</time>
      </trkpt>
      <trkpt lat="46.450499" lon="12.957667">
        <ele>1111.3113843109934</ele>
        <time>2025-02-08T10:38:59.646Z</time>
      </trkpt>
      <trkpt lat="46.450451" lon="12.957594">
        <ele>1109.1342001853525</ele>
        <time>2025-02-08T10:39:03.515Z</time>
      </trkpt>
      <trkpt lat="46.450329" lon="12.95751">
        <ele>1106.9385866541745</ele>
        <time>2025-02-08T10:39:11.030Z</time>
      </trkpt>
      <trkpt lat="46.450126" lon="12.957479">
        <ele>1107.22109778307</ele>
        <time>2025-02-08T10:39:22.391Z</time>
      </trkpt>
      <trkpt lat="46.450025" lon="12.957454">
        <ele>1107.012832237153</ele>
        <time>2025-02-08T10:39:28.093Z</time>
      </trkpt>
      <trkpt lat="46.449911" lon="12.957448">
        <ele>1107.8116015121818</ele>
        <time>2025-02-08T10:39:34.442Z</time>
      </trkpt>
      <trkpt lat="46.449648" lon="12.95733">
        <ele>1105.7112204211826</ele>
        <time>2025-02-08T10:39:49.763Z</time>
      </trkpt>
      <trkpt lat="46.449594" lon="12.957285">
        <ele>1104.2243976784616</ele>
        <time>2025-02-08T10:39:53.228Z</time>
      </trkpt>
      <trkpt lat="46.449526" lon="12.957271">
        <ele>1104.099490595325</ele>
        <time>2025-02-08T10:39:57.050Z</time>
      </trkpt>
      <trkpt lat="46.449435" lon="12.957209">
        <ele>1101.3789118578056</ele>
        <time>2025-02-08T10:40:02.645Z</time>
      </trkpt>
      <trkpt lat="46.449268" lon="12.957156">
        <ele>1097.720304882899</ele>
        <time>2025-02-08T10:40:12.159Z</time>
      </trkpt>
      <trkpt lat="46.449189" lon="12.957181">
        <ele>1097.5617785772968</ele>
        <time>2025-02-08T10:40:16.659Z</time>
      </trkpt>
      <trkpt lat="46.44909" lon="12.957266">
        <ele>1099.1584325123447</ele>
        <time>2025-02-08T10:40:23.061Z</time>
      </trkpt>
      <trkpt lat="46.448945" lon="12.957423">
        <ele>1101.587094516401</ele>
        <time>2025-02-08T10:40:33.130Z</time>
      </trkpt>
      <trkpt lat="46.448815" lon="12.957544">
        <ele>1100.6273844664456</ele>
        <time>2025-02-08T10:40:41.725Z</time>
      </trkpt>
      <trkpt lat="46.448697" lon="12.957631">
        <ele>1097.4471081707416</ele>
        <time>2025-02-08T10:40:49.091Z</time>
      </trkpt>
      <trkpt lat="46.448444" lon="12.957791">
        <ele>1089.0378270499316</ele>
        <time>2025-02-08T10:41:04.451Z</time>
      </trkpt>
      <trkpt lat="46.4483" lon="12.957954">
        <ele>1086.755527110585</ele>
        <time>2025-02-08T10:41:14.615Z</time>
      </trkpt>
      <trkpt lat="46.448167" lon="12.958016">
        <ele>1082.473405723808</ele>
        <time>2025-02-08T10:41:22.390Z</time>
      </trkpt>
      <trkpt lat="46.447673" lon="12.958524">
        <ele>1073.619415577603</ele>
        <time>2025-02-08T10:41:56.088Z</time>
      </trkpt>
      <trkpt lat="46.447291" lon="12.959015">
        <ele>1080.5863693357264</ele>
        <time>2025-02-08T10:42:24.489Z</time>
      </trkpt>
      <trkpt lat="46.447224" lon="12.95905">
        <ele>1081.9130289294767</ele>
        <time>2025-02-08T10:42:28.452Z</time>
      </trkpt>
      <trkpt lat="46.447139" lon="12.959058">
        <ele>1082.659006212792</ele>
        <time>2025-02-08T10:42:33.192Z</time>
      </trkpt>
      <trkpt lat="46.446911" lon="12.959042">
        <ele>1084.2058909858583</ele>
        <time>2025-02-08T10:42:45.897Z</time>
      </trkpt>
      <trkpt lat="46.446835" lon="12.959024">
        <ele>1084.9607848259159</ele>
        <time>2025-02-08T10:42:50.183Z</time>
      </trkpt>
      <trkpt lat="46.446702" lon="12.958797">
        <ele>1081.330507673428</ele>
        <time>2025-02-08T10:43:01.610Z</time>
      </trkpt>
      <trkpt lat="46.446626" lon="12.958694">
        <ele>1079.3173633986949</ele>
        <time>2025-02-08T10:43:07.397Z</time>
      </trkpt>
      <trkpt lat="46.446564" lon="12.958635">
        <ele>1077.9843735893214</ele>
        <time>2025-02-08T10:43:11.523Z</time>
      </trkpt>
      <trkpt lat="46.446486" lon="12.958628">
        <ele>1077.5988619496839</ele>
        <time>2025-02-08T10:43:15.872Z</time>
      </trkpt>
      <trkpt lat="46.446396" lon="12.958663">
        <ele>1078.4270741497742</ele>
        <time>2025-02-08T10:43:21.058Z</time>
      </trkpt>
      <trkpt lat="46.446273" lon="12.958733">
        <ele>1080.5317121216297</ele>
        <time>2025-02-08T10:43:28.411Z</time>
      </trkpt>
      <trkpt lat="46.446138" lon="12.958775">
        <ele>1082.373791854643</ele>
        <time>2025-02-08T10:43:36.095Z</time>
      </trkpt>
      <trkpt lat="46.44606" lon="12.958776">
        <ele>1083.2220215235845</ele>
        <time>2025-02-08T10:43:40.436Z</time>
      </trkpt>
      <trkpt lat="46.446026" lon="12.958749">
        <ele>1082.838020664477</ele>
        <time>2025-02-08T10:43:42.593Z</time>
      </trkpt>
      <trkpt lat="46.445952" lon="12.958663">
        <ele>1081.5120522558695</ele>
        <time>2025-02-08T10:43:47.869Z</time>
      </trkpt>
      <trkpt lat="46.44579" lon="12.958547">
        <ele>1080.8386874366167</ele>
        <time>2025-02-08T10:43:57.923Z</time>
      </trkpt>
      <trkpt lat="46.445689" lon="12.958538">
        <ele>1081.928356272449</ele>
        <time>2025-02-08T10:44:03.555Z</time>
      </trkpt>
      <trkpt lat="46.445647" lon="12.958553">
        <ele>1082.74437227478</ele>
        <time>2025-02-08T10:44:05.962Z</time>
      </trkpt>
      <trkpt lat="46.445603" lon="12.958569">
        <ele>1083.5541115759877</ele>
        <time>2025-02-08T10:44:08.486Z</time>
      </trkpt>
      <trkpt lat="46.445524" lon="12.958649">
        <ele>1085.859762157727</ele>
        <time>2025-02-08T10:44:13.847Z</time>
      </trkpt>
      <trkpt lat="46.445489" lon="12.9585878">
        <ele>1085.1100237024016</ele>
        <time>2025-02-08T10:44:14.000Z</time>
      </trkpt>
      <trkpt lat="46.4454814" lon="12.9585472">
        <ele>1084.488325853737</ele>
        <time>2025-02-08T10:44:15.000Z</time>
      </trkpt>
      <trkpt lat="46.4454712" lon="12.958505">
        <ele>1083.9541405481104</ele>
        <time>2025-02-08T10:44:16.000Z</time>
      </trkpt>
      <trkpt lat="46.4454571" lon="12.9584609">
        <ele>1083.4161232036392</ele>
        <time>2025-02-08T10:44:17.000Z</time>
      </trkpt>
      <trkpt lat="46.4454405" lon="12.958418">
        <ele>1082.9341575291483</ele>
        <time>2025-02-08T10:44:18.000Z</time>
      </trkpt>
      <trkpt lat="46.445402" lon="12.9583556">
        <ele>1082.262687718694</ele>
        <time>2025-02-08T10:44:20.000Z</time>
      </trkpt>
      <trkpt lat="46.4453855" lon="12.9583354">
        <ele>1082.0220981056239</ele>
        <time>2025-02-08T10:44:21.000Z</time>
      </trkpt>
      <trkpt lat="46.4453407" lon="12.958288">
        <ele>1081.3428398671808</ele>
        <time>2025-02-08T10:44:26.000Z</time>
      </trkpt>
      <trkpt lat="46.4453426" lon="12.9582855">
        <ele>1081.2888498655304</ele>
        <time>2025-02-08T10:44:32.000Z</time>
      </trkpt>
      <trkpt lat="46.4453488" lon="12.9582844">
        <ele>1081.2564845341376</ele>
        <time>2025-02-08T10:44:38.000Z</time>
      </trkpt>
      <trkpt lat="46.4453548" lon="12.9582768">
        <ele>1081.0942291299543</ele>
        <time>2025-02-08T10:44:39.000Z</time>
      </trkpt>
      <trkpt lat="46.4453631" lon="12.958259">
        <ele>1080.7276601558515</ele>
        <time>2025-02-08T10:44:44.000Z</time>
      </trkpt>
      <trkpt lat="46.4453662" lon="12.958254">
        <ele>1080.6249567313457</ele>
        <time>2025-02-08T10:44:45.000Z</time>
      </trkpt>
      <trkpt lat="46.4453733" lon="12.9582475">
        <ele>1080.476869390402</ele>
        <time>2025-02-08T10:44:46.000Z</time>
      </trkpt>
      <trkpt lat="46.4453936" lon="12.9582275">
        <ele>1080.0302061242612</ele>
        <time>2025-02-08T10:44:48.000Z</time>
      </trkpt>
      <trkpt lat="46.4453989" lon="12.958216">
        <ele>1079.8020607199678</ele>
        <time>2025-02-08T10:44:49.000Z</time>
      </trkpt>
      <trkpt lat="46.4453963" lon="12.9582099">
        <ele>1079.6937508642227</ele>
        <time>2025-02-08T10:44:50.000Z</time>
      </trkpt>
      <trkpt lat="46.4453961" lon="12.9581983">
        <ele>1079.4748537751125</ele>
        <time>2025-02-08T10:44:54.000Z</time>
      </trkpt>
      <trkpt lat="46.4453901" lon="12.9581902">
        <ele>1079.3275564093096</ele>
        <time>2025-02-08T10:44:56.000Z</time>
      </trkpt>
      <trkpt lat="46.4453838" lon="12.9581846">
        <ele>1079.2274871820105</ele>
        <time>2025-02-08T10:44:57.000Z</time>
      </trkpt>
      <trkpt lat="46.4453678" lon="12.9581792">
        <ele>1079.140734759673</ele>
        <time>2025-02-08T10:44:59.000Z</time>
      </trkpt>
      <trkpt lat="46.4453527" lon="12.9581694">
        <ele>1078.9268065508104</ele>
        <time>2025-02-08T10:45:01.000Z</time>
      </trkpt>
      <trkpt lat="46.4453381" lon="12.9581605">
        <ele>1078.7209585988837</ele>
        <time>2025-02-08T10:45:04.000Z</time>
      </trkpt>
      <trkpt lat="46.4453413" lon="12.9581604">
        <ele>1078.7241493254894</ele>
        <time>2025-02-08T10:45:06.000Z</time>
      </trkpt>
      <trkpt lat="46.4453424" lon="12.9581599">
        <ele>1078.715553411068</ele>
        <time>2025-02-08T10:45:07.000Z</time>
      </trkpt>
      <trkpt lat="46.4453427" lon="12.9581589">
        <ele>1078.6952380308326</ele>
        <time>2025-02-08T10:45:13.000Z</time>
      </trkpt>
      <trkpt lat="46.445343" lon="12.9581595">
        <ele>1078.7082350300466</ele>
        <time>2025-02-08T10:45:17.000Z</time>
      </trkpt>
      <trkpt lat="46.4453415" lon="12.9581605">
        <ele>1078.726566443057</ele>
        <time>2025-02-08T10:45:21.000Z</time>
      </trkpt>
      <trkpt lat="46.4453293" lon="12.9581565">
        <ele>1078.6210632114542</ele>
        <time>2025-02-08T10:45:25.000Z</time>
      </trkpt>
      <trkpt lat="46.4453291" lon="12.9581557">
        <ele>1078.6036193208784</ele>
        <time>2025-02-08T10:45:26.000Z</time>
      </trkpt>
      <trkpt lat="46.4453279" lon="12.9581603">
        <ele>1078.6998549877544</ele>
        <time>2025-02-08T10:45:32.000Z</time>
      </trkpt>
      <trkpt lat="46.445326" lon="12.9581533">
        <ele>1078.546379386303</ele>
        <time>2025-02-08T10:45:38.000Z</time>
      </trkpt>
      <trkpt lat="46.4453174" lon="12.9581558">
        <ele>1078.5842904514773</ele>
        <time>2025-02-08T10:45:41.000Z</time>
      </trkpt>
      <trkpt lat="46.4453015" lon="12.9581483">
        <ele>1078.368944359333</ele>
        <time>2025-02-08T10:45:43.000Z</time>
      </trkpt>
      <trkpt lat="46.4452907" lon="12.9581407">
        <ele>1078.14990924936</ele>
        <time>2025-02-08T10:45:44.000Z</time>
      </trkpt>
      <trkpt lat="46.4452808" lon="12.9581369">
        <ele>1078.0181579862146</ele>
        <time>2025-02-08T10:45:45.000Z</time>
      </trkpt>
      <trkpt lat="46.4452647" lon="12.9581361">
        <ele>1077.92453876937</ele>
        <time>2025-02-08T10:45:47.000Z</time>
      </trkpt>
      <trkpt lat="46.4452533" lon="12.9581328">
        <ele>1077.7944201743835</ele>
        <time>2025-02-08T10:45:49.000Z</time>
      </trkpt>
      <trkpt lat="46.4452367" lon="12.9581233">
        <ele>1077.4464417746472</ele>
        <time>2025-02-08T10:45:51.000Z</time>
      </trkpt>
      <trkpt lat="46.4452279" lon="12.9581163">
        <ele>1077.2065086046098</ele>
        <time>2025-02-08T10:45:52.000Z</time>
      </trkpt>
      <trkpt lat="46.445193" lon="12.9581164">
        <ele>1076.9139698513586</ele>
        <time>2025-02-08T10:45:56.000Z</time>
      </trkpt>
      <trkpt lat="46.4451477" lon="12.9581245">
        <ele>1076.6563726898294</ele>
        <time>2025-02-08T10:46:00.000Z</time>
      </trkpt>
      <trkpt lat="46.4451401" lon="12.9581259">
        <ele>1076.6135229911201</ele>
        <time>2025-02-08T10:46:01.000Z</time>
      </trkpt>
      <trkpt lat="46.4451215" lon="12.9581309">
        <ele>1076.4949585363047</ele>
        <time>2025-02-08T10:46:07.000Z</time>
      </trkpt>
      <trkpt lat="46.4451033" lon="12.9581346">
        <ele>1076.3085230134905</ele>
        <time>2025-02-08T10:46:09.000Z</time>
      </trkpt>
      <trkpt lat="46.445044" lon="12.9581408">
        <ele>1075.4472280467094</ele>
        <time>2025-02-08T10:46:14.000Z</time>
      </trkpt>
      <trkpt lat="46.4450315" lon="12.958144">
        <ele>1075.2844589039698</ele>
        <time>2025-02-08T10:46:15.000Z</time>
      </trkpt>
      <trkpt lat="46.4450085" lon="12.9581506">
        <ele>1074.975328233746</ele>
        <time>2025-02-08T10:46:17.000Z</time>
      </trkpt>
      <trkpt lat="46.444963" lon="12.958174">
        <ele>1074.4435135428807</ele>
        <time>2025-02-08T10:46:21.000Z</time>
      </trkpt>
      <trkpt lat="46.4449564" lon="12.9581843">
        <ele>1074.5272860717973</ele>
        <time>2025-02-08T10:46:22.000Z</time>
      </trkpt>
      <trkpt lat="46.4449326" lon="12.9582147">
        <ele>1074.5986609414233</ele>
        <time>2025-02-08T10:46:28.000Z</time>
      </trkpt>
      <trkpt lat="46.4449145" lon="12.958208">
        <ele>1073.9528687691327</ele>
        <time>2025-02-08T10:46:34.000Z</time>
      </trkpt>
      <trkpt lat="46.444907" lon="12.958205">
        <ele>1073.6800614621504</ele>
        <time>2025-02-08T10:46:38.000Z</time>
      </trkpt>
      <trkpt lat="46.4449045" lon="12.9582098">
        <ele>1073.7242754947406</ele>
        <time>2025-02-08T10:46:40.000Z</time>
      </trkpt>
      <trkpt lat="46.4448964" lon="12.9582242">
        <ele>1073.8406854357581</ele>
        <time>2025-02-08T10:46:42.000Z</time>
      </trkpt>
      <trkpt lat="46.4448474" lon="12.9582973">
        <ele>1073.9631825781644</ele>
        <time>2025-02-08T10:46:45.000Z</time>
      </trkpt>
      <trkpt lat="46.4447819" lon="12.9583765">
        <ele>1073.5223153919478</ele>
        <time>2025-02-08T10:46:49.000Z</time>
      </trkpt>
      <trkpt lat="46.4447685" lon="12.9583848">
        <ele>1073.2674146147456</ele>
        <time>2025-02-08T10:46:50.000Z</time>
      </trkpt>
      <trkpt lat="46.4447548" lon="12.9583928">
        <ele>1073.0043798779382</ele>
        <time>2025-02-08T10:46:51.000Z</time>
      </trkpt>
      <trkpt lat="46.4447409" lon="12.9584019">
        <ele>1072.7592702987615</ele>
        <time>2025-02-08T10:46:52.000Z</time>
      </trkpt>
      <trkpt lat="46.4447031" lon="12.9584927">
        <ele>1073.5414920528892</ele>
        <time>2025-02-08T10:46:55.000Z</time>
      </trkpt>
      <trkpt lat="46.4446953" lon="12.9585249">
        <ele>1073.9793802966835</ele>
        <time>2025-02-08T10:46:56.000Z</time>
      </trkpt>
      <trkpt lat="46.4446804" lon="12.9585678">
        <ele>1074.441866808159</ele>
        <time>2025-02-08T10:46:58.000Z</time>
      </trkpt>
      <trkpt lat="46.4446664" lon="12.9586104">
        <ele>1074.9583937131333</ele>
        <time>2025-02-08T10:47:00.000Z</time>
      </trkpt>
      <trkpt lat="46.4446616" lon="12.9586259">
        <ele>1075.1606425679877</ele>
        <time>2025-02-08T10:47:01.000Z</time>
      </trkpt>
      <trkpt lat="46.4446612" lon="12.9586358">
        <ele>1075.3679715265991</ele>
        <time>2025-02-08T10:47:05.000Z</time>
      </trkpt>
      <trkpt lat="46.4446552" lon="12.9586189">
        <ele>1074.8155533479069</ele>
        <time>2025-02-08T10:47:07.000Z</time>
      </trkpt>
      <trkpt lat="46.4446426" lon="12.9585561">
        <ele>1073.0418911972556</ele>
        <time>2025-02-08T10:47:10.000Z</time>
      </trkpt>
      <trkpt lat="46.4446377" lon="12.9585337">
        <ele>1072.4059145170977</ele>
        <time>2025-02-08T10:47:11.000Z</time>
      </trkpt>
      <trkpt lat="46.4446308" lon="12.9584977">
        <ele>1071.4195527779239</ele>
        <time>2025-02-08T10:47:13.000Z</time>
      </trkpt>
      <trkpt lat="46.4446229" lon="12.9584911">
        <ele>1071.0285861306677</ele>
        <time>2025-02-08T10:47:14.000Z</time>
      </trkpt>
      <trkpt lat="46.4446183" lon="12.958497">
        <ele>1071.0120603983914</ele>
        <time>2025-02-08T10:47:15.000Z</time>
      </trkpt>
      <trkpt lat="46.4446167" lon="12.95852">
        <ele>1071.4631845581048</ele>
        <time>2025-02-08T10:47:17.000Z</time>
      </trkpt>
      <trkpt lat="46.4445991" lon="12.9585747">
        <ele>1072.1292387569597</ele>
        <time>2025-02-08T10:47:20.000Z</time>
      </trkpt>
      <trkpt lat="46.444574" lon="12.958611">
        <ele>1072.1590268900502</ele>
        <time>2025-02-08T10:47:22.000Z</time>
      </trkpt>
      <trkpt lat="46.4445596" lon="12.9586308">
        <ele>1072.1688144142759</ele>
        <time>2025-02-08T10:47:23.000Z</time>
      </trkpt>
      <trkpt lat="46.4445296" lon="12.9586663">
        <ele>1071.9949140845933</ele>
        <time>2025-02-08T10:47:25.000Z</time>
      </trkpt>
      <trkpt lat="46.4445174" lon="12.9586832">
        <ele>1071.9518373379085</ele>
        <time>2025-02-08T10:47:26.000Z</time>
      </trkpt>
      <trkpt lat="46.4445042" lon="12.9586992">
        <ele>1071.862163266661</ele>
        <time>2025-02-08T10:47:27.000Z</time>
      </trkpt>
      <trkpt lat="46.444481" lon="12.9587063">
        <ele>1071.2344565482344</ele>
        <time>2025-02-08T10:47:28.000Z</time>
      </trkpt>
      <trkpt lat="46.4444393" lon="12.9587343">
        <ele>1070.4004881738815</ele>
        <time>2025-02-08T10:47:30.000Z</time>
      </trkpt>
      <trkpt lat="46.4444093" lon="12.9587447">
        <ele>1069.5253745871044</ele>
        <time>2025-02-08T10:47:32.000Z</time>
      </trkpt>
      <trkpt lat="46.4443972" lon="12.9587407">
        <ele>1068.945708121875</ele>
        <time>2025-02-08T10:47:33.000Z</time>
      </trkpt>
      <trkpt lat="46.4443848" lon="12.9587391">
        <ele>1068.4097621622427</ele>
        <time>2025-02-08T10:47:35.000Z</time>
      </trkpt>
      <trkpt lat="46.4443691" lon="12.958736">
        <ele>1067.7039123780005</ele>
        <time>2025-02-08T10:47:39.000Z</time>
      </trkpt>
      <trkpt lat="46.4443679" lon="12.958737">
        <ele>1067.6800264518774</ele>
        <time>2025-02-08T10:47:40.000Z</time>
      </trkpt>
      <trkpt lat="46.4443857" lon="12.9587103">
        <ele>1067.7541655846755</ele>
        <time>2025-02-08T10:47:45.000Z</time>
      </trkpt>
      <trkpt lat="46.4443953" lon="12.9586968">
        <ele>1067.823369980076</ele>
        <time>2025-02-08T10:47:46.000Z</time>
      </trkpt>
      <trkpt lat="46.4443893" lon="12.958651">
        <ele>1066.4806616464682</ele>
        <time>2025-02-08T10:47:49.000Z</time>
      </trkpt>
      <trkpt lat="46.4443835" lon="12.9586547">
        <ele>1066.3267455504956</ele>
        <time>2025-02-08T10:47:50.000Z</time>
      </trkpt>
      <trkpt lat="46.4443763" lon="12.9586615">
        <ele>1066.1902686227058</ele>
        <time>2025-02-08T10:47:51.000Z</time>
      </trkpt>
      <trkpt lat="46.4443545" lon="12.9586786">
        <ele>1065.6885881473522</ele>
        <time>2025-02-08T10:47:53.000Z</time>
      </trkpt>
      <trkpt lat="46.4443229" lon="12.9587018">
        <ele>1064.9146401602165</ele>
        <time>2025-02-08T10:47:55.000Z</time>
      </trkpt>
      <trkpt lat="46.4443074" lon="12.9587168">
        <ele>1064.6381100400313</ele>
        <time>2025-02-08T10:47:56.000Z</time>
      </trkpt>
      <trkpt lat="46.4442653" lon="12.9587473">
        <ele>1063.6554781352006</ele>
        <time>2025-02-08T10:47:59.000Z</time>
      </trkpt>
      <trkpt lat="46.4442592" lon="12.9587591">
        <ele>1063.7314512568082</ele>
        <time>2025-02-08T10:48:00.000Z</time>
      </trkpt>
      <trkpt lat="46.4442362" lon="12.9587692">
        <ele>1063.050058412596</ele>
        <time>2025-02-08T10:48:01.000Z</time>
      </trkpt>
      <trkpt lat="46.4442212" lon="12.9587719">
        <ele>1062.49362604263</ele>
        <time>2025-02-08T10:48:02.000Z</time>
      </trkpt>
      <trkpt lat="46.4442126" lon="12.9587662">
        <ele>1061.9519178028802</ele>
        <time>2025-02-08T10:48:04.000Z</time>
      </trkpt>
      <trkpt lat="46.4442066" lon="12.9587556">
        <ele>1061.3627365551527</ele>
        <time>2025-02-08T10:48:06.000Z</time>
      </trkpt>
      <trkpt lat="46.4442111" lon="12.9587459">
        <ele>1061.2562275081032</ele>
        <time>2025-02-08T10:48:07.000Z</time>
      </trkpt>
      <trkpt lat="46.4442282" lon="12.9586686">
        <ele>1059.6813073160886</ele>
        <time>2025-02-08T10:48:10.000Z</time>
      </trkpt>
      <trkpt lat="46.4442297" lon="12.9586531">
        <ele>1059.2889331864885</ele>
        <time>2025-02-08T10:48:11.000Z</time>
      </trkpt>
      <trkpt lat="46.4442262" lon="12.9586323">
        <ele>1058.4873246675045</ele>
        <time>2025-02-08T10:48:12.000Z</time>
      </trkpt>
      <trkpt lat="46.4442191" lon="12.9585757">
        <ele>1056.2352505916826</ele>
        <time>2025-02-08T10:48:14.000Z</time>
      </trkpt>
      <trkpt lat="46.4442051" lon="12.9585657">
        <ele>1055.1177819983286</ele>
        <time>2025-02-08T10:48:16.000Z</time>
      </trkpt>
      <trkpt lat="46.4442012" lon="12.9585703">
        <ele>1055.060185421449</ele>
        <time>2025-02-08T10:48:18.000Z</time>
      </trkpt>
      <trkpt lat="46.4441933" lon="12.9585768">
        <ele>1054.8521300252999</ele>
        <time>2025-02-08T10:48:19.000Z</time>
      </trkpt>
      <trkpt lat="46.444159" lon="12.9585811">
        <ele>1053.0653366045462</ele>
        <time>2025-02-08T10:48:21.000Z</time>
      </trkpt>
      <trkpt lat="46.4441399" lon="12.9585908">
        <ele>1052.3514854461232</ele>
        <time>2025-02-08T10:48:22.000Z</time>
      </trkpt>
      <trkpt lat="46.4441239" lon="12.9585937">
        <ele>1051.5583987972636</ele>
        <time>2025-02-08T10:48:23.000Z</time>
      </trkpt>
      <trkpt lat="46.4441028" lon="12.958601">
        <ele>1050.6332651376604</ele>
        <time>2025-02-08T10:48:25.000Z</time>
      </trkpt>
      <trkpt lat="46.4440862" lon="12.9585988">
        <ele>1049.5847216836605</ele>
        <time>2025-02-08T10:48:26.000Z</time>
      </trkpt>
      <trkpt lat="46.4440944" lon="12.9585858">
        <ele>1049.5185805214005</ele>
        <time>2025-02-08T10:48:28.000Z</time>
      </trkpt>
      <trkpt lat="46.4441121" lon="12.9585456">
        <ele>1048.9276858088558</ele>
        <time>2025-02-08T10:48:30.000Z</time>
      </trkpt>
      <trkpt lat="46.4441186" lon="12.9585296">
        <ele>1048.6846540307452</ele>
        <time>2025-02-08T10:48:31.000Z</time>
      </trkpt>
      <trkpt lat="46.4441294" lon="12.9584885">
        <ele>1047.7239945737329</ele>
        <time>2025-02-08T10:48:33.000Z</time>
      </trkpt>
      <trkpt lat="46.4441338" lon="12.9584616">
        <ele>1046.945470022032</ele>
        <time>2025-02-08T10:48:34.000Z</time>
      </trkpt>
      <trkpt lat="46.4441449" lon="12.9584118">
        <ele>1045.609805731192</ele>
        <time>2025-02-08T10:48:36.000Z</time>
      </trkpt>
      <trkpt lat="46.4441451" lon="12.9583751">
        <ele>1044.1108007305997</ele>
        <time>2025-02-08T10:48:37.000Z</time>
      </trkpt>
      <trkpt lat="46.4441488" lon="12.9583216">
        <ele>1042.202121541725</ele>
        <time>2025-02-08T10:48:39.000Z</time>
      </trkpt>
      <trkpt lat="46.4441659" lon="12.9582413">
        <ele>1040.164361894265</ele>
        <time>2025-02-08T10:48:42.000Z</time>
      </trkpt>
      <trkpt lat="46.4441698" lon="12.9582071">
        <ele>1039.0729786945858</ele>
        <time>2025-02-08T10:48:44.000Z</time>
      </trkpt>
      <trkpt lat="46.4441648" lon="12.9581608">
        <ele>1036.962245791066</ele>
        <time>2025-02-08T10:48:47.000Z</time>
      </trkpt>
      <trkpt lat="46.4441481" lon="12.9581396">
        <ele>1034.956605423364</ele>
        <time>2025-02-08T10:48:51.000Z</time>
      </trkpt>
      <trkpt lat="46.4441385" lon="12.9581477">
        <ele>1034.572486494962</ele>
        <time>2025-02-08T10:48:52.000Z</time>
      </trkpt>
      <trkpt lat="46.4441137" lon="12.9581665">
        <ele>1033.563944149344</ele>
        <time>2025-02-08T10:48:54.000Z</time>
      </trkpt>
      <trkpt lat="46.4440735" lon="12.9582069">
        <ele>1032.4089596524846</ele>
        <time>2025-02-08T10:48:57.000Z</time>
      </trkpt>
      <trkpt lat="46.4440398" lon="12.958242">
        <ele>1031.561033120799</ele>
        <time>2025-02-08T10:48:59.000Z</time>
      </trkpt>
      <trkpt lat="46.4439851" lon="12.958293">
        <ele>1030.0245287286125</ele>
        <time>2025-02-08T10:49:02.000Z</time>
      </trkpt>
      <trkpt lat="46.4439635" lon="12.9583082">
        <ele>1029.2742354663092</ele>
        <time>2025-02-08T10:49:03.000Z</time>
      </trkpt>
      <trkpt lat="46.4439472" lon="12.9583216">
        <ele>1028.7978366909085</ele>
        <time>2025-02-08T10:49:04.000Z</time>
      </trkpt>
      <trkpt lat="46.4439173" lon="12.958332">
        <ele>1027.4645994643915</ele>
        <time>2025-02-08T10:49:05.000Z</time>
      </trkpt>
      <trkpt lat="46.4438987" lon="12.9583488">
        <ele>1027.068518140074</ele>
        <time>2025-02-08T10:49:06.000Z</time>
      </trkpt>
      <trkpt lat="46.4438831" lon="12.9583663">
        <ele>1026.9133381817494</ele>
        <time>2025-02-08T10:49:07.000Z</time>
      </trkpt>
      <trkpt lat="46.4438631" lon="12.9583853">
        <ele>1026.6675457104118</ele>
        <time>2025-02-08T10:49:08.000Z</time>
      </trkpt>
      <trkpt lat="46.4438447" lon="12.9584025">
        <ele>1026.4535300080208</ele>
        <time>2025-02-08T10:49:09.000Z</time>
      </trkpt>
      <trkpt lat="46.4438255" lon="12.958418">
        <ele>1026.1406919662</ele>
        <time>2025-02-08T10:49:10.000Z</time>
      </trkpt>
      <trkpt lat="46.4437878" lon="12.9584485">
        <ele>1025.619576584313</ele>
        <time>2025-02-08T10:49:12.000Z</time>
      </trkpt>
      <trkpt lat="46.4437454" lon="12.9584742">
        <ele>1024.8557721463494</ele>
        <time>2025-02-08T10:49:14.000Z</time>
      </trkpt>
      <trkpt lat="46.4437368" lon="12.9584974">
        <ele>1025.6033991622915</ele>
        <time>2025-02-08T10:49:15.000Z</time>
      </trkpt>
      <trkpt lat="46.4437124" lon="12.9585119">
        <ele>1025.1873090319605</ele>
        <time>2025-02-08T10:49:16.000Z</time>
      </trkpt>
      <trkpt lat="46.4436944" lon="12.9585222">
        <ele>1024.9100476908452</ele>
        <time>2025-02-08T10:49:17.000Z</time>
      </trkpt>
      <trkpt lat="46.4436603" lon="12.9585438">
        <ele>1024.5068100766334</ele>
        <time>2025-02-08T10:49:19.000Z</time>
      </trkpt>
      <trkpt lat="46.4436271" lon="12.9585718">
        <ele>1024.4733124149507</ele>
        <time>2025-02-08T10:49:21.000Z</time>
      </trkpt>
      <trkpt lat="46.4435876" lon="12.9586061">
        <ele>1024.4775829859018</ele>
        <time>2025-02-08T10:49:23.000Z</time>
      </trkpt>
      <trkpt lat="46.4435638" lon="12.9586173">
        <ele>1023.9898316884245</ele>
        <time>2025-02-08T10:49:24.000Z</time>
      </trkpt>
      <trkpt lat="46.4435441" lon="12.9586272">
        <ele>1023.599776497438</ele>
        <time>2025-02-08T10:49:25.000Z</time>
      </trkpt>
      <trkpt lat="46.443518" lon="12.9586313">
        <ele>1022.7023982436903</ele>
        <time>2025-02-08T10:49:26.000Z</time>
      </trkpt>
      <trkpt lat="46.4434945" lon="12.9586397">
        <ele>1022.1366724309975</ele>
        <time>2025-02-08T10:49:27.000Z</time>
      </trkpt>
      <trkpt lat="46.4434328" lon="12.9586372">
        <ele>1019.5084848293385</ele>
        <time>2025-02-08T10:49:29.000Z</time>
      </trkpt>
      <trkpt lat="46.443412" lon="12.9586373">
        <ele>1018.6670543658553</ele>
        <time>2025-02-08T10:49:30.000Z</time>
      </trkpt>
      <trkpt lat="46.4433925" lon="12.9586433">
        <ele>1018.141396790371</ele>
        <time>2025-02-08T10:49:31.000Z</time>
      </trkpt>
      <trkpt lat="46.4433388" lon="12.9586847">
        <ele>1017.7635556700177</ele>
        <time>2025-02-08T10:49:34.000Z</time>
      </trkpt>
      <trkpt lat="46.4433174" lon="12.9586935">
        <ele>1017.2485803624152</ele>
        <time>2025-02-08T10:49:35.000Z</time>
      </trkpt>
      <trkpt lat="46.4432693" lon="12.9586941">
        <ele>1015.2419551139235</ele>
        <time>2025-02-08T10:49:37.000Z</time>
      </trkpt>
      <trkpt lat="46.4432426" lon="12.9586914">
        <ele>1013.9938080187424</ele>
        <time>2025-02-08T10:49:38.000Z</time>
      </trkpt>
      <trkpt lat="46.4432085" lon="12.9586863">
        <ele>1012.3078149989211</ele>
        <time>2025-02-08T10:49:39.000Z</time>
      </trkpt>
      <trkpt lat="46.4431013" lon="12.9586631">
        <ele>1006.6507338429146</ele>
        <time>2025-02-08T10:49:41.000Z</time>
      </trkpt>
      <trkpt lat="46.4430513" lon="12.958652">
        <ele>1003.8889538075418</ele>
        <time>2025-02-08T10:49:43.000Z</time>
      </trkpt>
      <trkpt lat="46.4429934" lon="12.9586598">
        <ele>1001.6627765090678</ele>
        <time>2025-02-08T10:49:45.000Z</time>
      </trkpt>
      <trkpt lat="46.4429379" lon="12.9586676">
        <ele>999.4795566194014</ele>
        <time>2025-02-08T10:49:47.000Z</time>
      </trkpt>
      <trkpt lat="46.4429171" lon="12.9586814">
        <ele>999.1350924832195</ele>
        <time>2025-02-08T10:49:48.000Z</time>
      </trkpt>
      <trkpt lat="46.442866" lon="12.9587007">
        <ele>997.5685339797648</ele>
        <time>2025-02-08T10:49:50.000Z</time>
      </trkpt>
      <trkpt lat="46.442844" lon="12.9587152">
        <ele>997.1274569125192</ele>
        <time>2025-02-08T10:49:51.000Z</time>
      </trkpt>
      <trkpt lat="46.442804" lon="12.9587555">
        <ele>996.9685783965346</ele>
        <time>2025-02-08T10:49:54.000Z</time>
      </trkpt>
      <trkpt lat="46.4427938" lon="12.9587616">
        <ele>996.7443143516329</ele>
        <time>2025-02-08T10:49:55.000Z</time>
      </trkpt>
      <trkpt lat="46.4426993" lon="12.9587945">
        <ele>993.3616034114752</ele>
        <time>2025-02-08T10:50:00.000Z</time>
      </trkpt>
      <trkpt lat="46.4426737" lon="12.958806">
        <ele>992.535590302909</ele>
        <time>2025-02-08T10:50:01.000Z</time>
      </trkpt>
      <trkpt lat="46.4426493" lon="12.9588147">
        <ele>991.6606462106694</ele>
        <time>2025-02-08T10:50:02.000Z</time>
      </trkpt>
      <trkpt lat="46.4425652" lon="12.958869">
        <ele>989.6226592597039</ele>
        <time>2025-02-08T10:50:05.000Z</time>
      </trkpt>
      <trkpt lat="46.4425415" lon="12.9588999">
        <ele>989.6909054296096</ele>
        <time>2025-02-08T10:50:06.000Z</time>
      </trkpt>
      <trkpt lat="46.4425174" lon="12.9589249">
        <ele>989.6195691152395</ele>
        <time>2025-02-08T10:50:07.000Z</time>
      </trkpt>
      <trkpt lat="46.4424676" lon="12.9589473">
        <ele>988.2267998281312</ele>
        <time>2025-02-08T10:50:09.000Z</time>
      </trkpt>
      <trkpt lat="46.4424403" lon="12.9589354">
        <ele>986.5712754569404</ele>
        <time>2025-02-08T10:50:10.000Z</time>
      </trkpt>
      <trkpt lat="46.4423864" lon="12.9588959">
        <ele>982.8853285536649</ele>
        <time>2025-02-08T10:50:12.000Z</time>
      </trkpt>
      <trkpt lat="46.4423591" lon="12.9588893">
        <ele>981.6607004132183</ele>
        <time>2025-02-08T10:50:13.000Z</time>
      </trkpt>
      <trkpt lat="46.4423296" lon="12.9588914">
        <ele>980.803321457656</ele>
        <time>2025-02-08T10:50:14.000Z</time>
      </trkpt>
      <trkpt lat="46.4422972" lon="12.9588956">
        <ele>979.9617181280046</ele>
        <time>2025-02-08T10:50:15.000Z</time>
      </trkpt>
      <trkpt lat="46.4422275" lon="12.9589101">
        <ele>978.4288725905367</ele>
        <time>2025-02-08T10:50:17.000Z</time>
      </trkpt>
      <trkpt lat="46.4421892" lon="12.9589223">
        <ele>977.8555191430507</ele>
        <time>2025-02-08T10:50:18.000Z</time>
      </trkpt>
      <trkpt lat="46.4421492" lon="12.9589337">
        <ele>977.2971758131349</ele>
        <time>2025-02-08T10:50:19.000Z</time>
      </trkpt>
      <trkpt lat="46.4421081" lon="12.958939">
        <ele>976.5769715376673</ele>
        <time>2025-02-08T10:50:20.000Z</time>
      </trkpt>
      <trkpt lat="46.4420248" lon="12.9589685">
        <ele>975.9213444993138</ele>
        <time>2025-02-08T10:50:23.000Z</time>
      </trkpt>
      <trkpt lat="46.4420102" lon="12.9589878">
        <ele>976.2646505124407</ele>
        <time>2025-02-08T10:50:24.000Z</time>
      </trkpt>
      <trkpt lat="46.4419774" lon="12.9590185">
        <ele>976.6725764855471</ele>
        <time>2025-02-08T10:50:26.000Z</time>
      </trkpt>
      <trkpt lat="46.4419417" lon="12.9590598">
        <ele>977.3404223733978</ele>
        <time>2025-02-08T10:50:28.000Z</time>
      </trkpt>
      <trkpt lat="46.4419205" lon="12.9590825">
        <ele>977.7841499281934</ele>
        <time>2025-02-08T10:50:29.000Z</time>
      </trkpt>
      <trkpt lat="46.4418301" lon="12.9591223">
        <ele>977.6289294657308</ele>
        <time>2025-02-08T10:50:32.000Z</time>
      </trkpt>
      <trkpt lat="46.4417872" lon="12.9591349">
        <ele>977.2889405532283</ele>
        <time>2025-02-08T10:50:33.000Z</time>
      </trkpt>
      <trkpt lat="46.441741" lon="12.9591469">
        <ele>976.8514618951601</ele>
        <time>2025-02-08T10:50:34.000Z</time>
      </trkpt>
      <trkpt lat="46.4417013" lon="12.9591618">
        <ele>976.7201168518983</ele>
        <time>2025-02-08T10:50:35.000Z</time>
      </trkpt>
      <trkpt lat="46.4416705" lon="12.9591695">
        <ele>976.3571300396703</ele>
        <time>2025-02-08T10:50:36.000Z</time>
      </trkpt>
      <trkpt lat="46.4416425" lon="12.9591717">
        <ele>975.8314081738945</ele>
        <time>2025-02-08T10:50:37.000Z</time>
      </trkpt>
      <trkpt lat="46.4416081" lon="12.9591824">
        <ele>975.5210884171788</ele>
        <time>2025-02-08T10:50:39.000Z</time>
      </trkpt>
      <trkpt lat="46.4415795" lon="12.9591952">
        <ele>975.3852603501184</ele>
        <time>2025-02-08T10:50:41.000Z</time>
      </trkpt>
      <trkpt lat="46.4414744" lon="12.9591877">
        <ele>972.6561290732774</ele>
        <time>2025-02-08T10:50:44.000Z</time>
      </trkpt>
      <trkpt lat="46.4414319" lon="12.9591909">
        <ele>971.7979110017345</ele>
        <time>2025-02-08T10:50:45.000Z</time>
      </trkpt>
      <trkpt lat="46.4413924" lon="12.9591979">
        <ele>971.1614542745035</ele>
        <time>2025-02-08T10:50:46.000Z</time>
      </trkpt>
      <trkpt lat="46.4412813" lon="12.959222">
        <ele>969.7722321480035</ele>
        <time>2025-02-08T10:50:49.000Z</time>
      </trkpt>
      <trkpt lat="46.4412537" lon="12.9592288">
        <ele>969.5205926745632</ele>
        <time>2025-02-08T10:50:50.000Z</time>
      </trkpt>
      <trkpt lat="46.4412167" lon="12.9592396">
        <ele>969.295412550467</ele>
        <time>2025-02-08T10:50:52.000Z</time>
      </trkpt>
      <trkpt lat="46.4412045" lon="12.9592418">
        <ele>969.2045133191519</ele>
        <time>2025-02-08T10:50:54.000Z</time>
      </trkpt>
      <trkpt lat="46.4411988" lon="12.959236">
        <ele>968.9269991688144</ele>
        <time>2025-02-08T10:51:00.000Z</time>
      </trkpt>
      <trkpt lat="46.4411931" lon="12.9592343">
        <ele>968.7912492836606</ele>
        <time>2025-02-08T10:51:04.000Z</time>
      </trkpt>
      <trkpt lat="46.441198" lon="12.9592318">
        <ele>968.7739823995169</ele>
        <time>2025-02-08T10:51:10.000Z</time>
      </trkpt>
      <trkpt lat="46.4411971" lon="12.9592337">
        <ele>968.8249053957379</ele>
        <time>2025-02-08T10:51:13.000Z</time>
      </trkpt>
      <trkpt lat="46.4411971" lon="12.9592334">
        <ele>968.8146040660438</ele>
        <time>2025-02-08T10:51:14.000Z</time>
      </trkpt>
      <trkpt lat="46.441192" lon="12.959227">
        <ele>968.5474244996917</ele>
        <time>2025-02-08T10:51:20.000Z</time>
      </trkpt>
      <trkpt lat="46.441192" lon="12.9592274">
        <ele>968.5595413777057</ele>
        <time>2025-02-08T10:51:22.000Z</time>
      </trkpt>
      <trkpt lat="46.4411939" lon="12.9592291">
        <ele>968.6367373075348</ele>
        <time>2025-02-08T10:51:28.000Z</time>
      </trkpt>
      <trkpt lat="46.4411766" lon="12.9592202">
        <ele>968.1331388508914</ele>
        <time>2025-02-08T10:51:31.000Z</time>
      </trkpt>
      <trkpt lat="46.441162" lon="12.9592181">
        <ele>967.8982764238685</ele>
        <time>2025-02-08T10:51:35.000Z</time>
      </trkpt>
      <trkpt lat="46.441151" lon="12.9592187">
        <ele>967.8077320049618</ele>
        <time>2025-02-08T10:51:38.000Z</time>
      </trkpt>
      <trkpt lat="46.4411481" lon="12.9592172">
        <ele>967.734275920468</ele>
        <time>2025-02-08T10:51:44.000Z</time>
      </trkpt>
      <trkpt lat="46.4411477" lon="12.9592163">
        <ele>967.7034549068005</ele>
        <time>2025-02-08T10:51:45.000Z</time>
      </trkpt>
      <trkpt lat="46.4411478" lon="12.9592124">
        <ele>967.5879393967889</ele>
        <time>2025-02-08T10:51:51.000Z</time>
      </trkpt>
      <trkpt lat="46.44115" lon="12.9592139">
        <ele>967.6542654599427</ele>
        <time>2025-02-08T10:51:56.000Z</time>
      </trkpt>
      <trkpt lat="46.4411501" lon="12.9592143">
        <ele>967.667210269756</ele>
        <time>2025-02-08T10:51:58.000Z</time>
      </trkpt>
      <trkpt lat="46.4411506" lon="12.9592148">
        <ele>967.6870681574278</ele>
        <time>2025-02-08T10:52:00.000Z</time>
      </trkpt>
      <trkpt lat="46.4411512" lon="12.9592141">
        <ele>967.6719907657998</ele>
        <time>2025-02-08T10:52:03.000Z</time>
      </trkpt>
      <trkpt lat="46.4411492" lon="12.9592154">
        <ele>967.691288804062</ele>
        <time>2025-02-08T10:52:04.000Z</time>
      </trkpt>
      <trkpt lat="46.4411191" lon="12.9592269">
        <ele>967.7329998616602</ele>
        <time>2025-02-08T10:52:06.000Z</time>
      </trkpt>
      <trkpt lat="46.4410929" lon="12.9592322">
        <ele>967.6804425439343</ele>
        <time>2025-02-08T10:52:07.000Z</time>
      </trkpt>
      <trkpt lat="46.4410351" lon="12.9592547">
        <ele>968.0764223164424</ele>
        <time>2025-02-08T10:52:09.000Z</time>
      </trkpt>
      <trkpt lat="46.4409645" lon="12.9592695">
        <ele>968.3726951693491</ele>
        <time>2025-02-08T10:52:11.000Z</time>
      </trkpt>
      <trkpt lat="46.4408926" lon="12.9592835">
        <ele>968.7903392102864</ele>
        <time>2025-02-08T10:52:13.000Z</time>
      </trkpt>
      <trkpt lat="46.4408536" lon="12.9592892">
        <ele>969.045126174715</ele>
        <time>2025-02-08T10:52:14.000Z</time>
      </trkpt>
      <trkpt lat="46.4408153" lon="12.9592998">
        <ele>969.4627506421764</ele>
        <time>2025-02-08T10:52:15.000Z</time>
      </trkpt>
      <trkpt lat="46.4407373" lon="12.9593059">
        <ele>969.9261015314391</ele>
        <time>2025-02-08T10:52:17.000Z</time>
      </trkpt>
      <trkpt lat="46.4406964" lon="12.9593022">
        <ele>969.9892620023961</ele>
        <time>2025-02-08T10:52:18.000Z</time>
      </trkpt>
      <trkpt lat="46.4406078" lon="12.9593082">
        <ele>970.697715088789</ele>
        <time>2025-02-08T10:52:20.000Z</time>
      </trkpt>
      <trkpt lat="46.4405117" lon="12.9593077">
        <ele>971.2788212219256</ele>
        <time>2025-02-08T10:52:22.000Z</time>
      </trkpt>
      <trkpt lat="46.440406" lon="12.9592926">
        <ele>971.535796224699</ele>
        <time>2025-02-08T10:52:24.000Z</time>
      </trkpt>
      <trkpt lat="46.4403022" lon="12.9592688">
        <ele>971.7771755412286</ele>
        <time>2025-02-08T10:52:26.000Z</time>
      </trkpt>
      <trkpt lat="46.4401571" lon="12.9591918">
        <ele>971.8083908327628</ele>
        <time>2025-02-08T10:52:29.000Z</time>
      </trkpt>
      <trkpt lat="46.4401166" lon="12.9591528">
        <ele>971.4704482272035</ele>
        <time>2025-02-08T10:52:30.000Z</time>
      </trkpt>
      <trkpt lat="46.4400789" lon="12.9591027">
        <ele>970.8905662726702</ele>
        <time>2025-02-08T10:52:31.000Z</time>
      </trkpt>
      <trkpt lat="46.4400077" lon="12.9589835">
        <ele>969.304156973916</ele>
        <time>2025-02-08T10:52:33.000Z</time>
      </trkpt>
      <trkpt lat="46.4398874" lon="12.958766">
        <ele>967.2170063201343</ele>
        <time>2025-02-08T10:52:36.000Z</time>
      </trkpt>
      <trkpt lat="46.4397994" lon="12.9586227">
        <ele>966.6448594328024</ele>
        <time>2025-02-08T10:52:38.000Z</time>
      </trkpt>
      <trkpt lat="46.4397994" lon="12.9586227">
        <ele>966.6448594328024</ele>
        <time>2025-02-08T10:52:41.000Z</time>
      </trkpt>
      <trkpt lat="46.4396799" lon="12.958578">
        <ele>967.9377420475255</ele>
        <time>2025-03-03T07:29:31.632Z</time>
      </trkpt>
      <trkpt lat="46.4394982" lon="12.9585566">
        <ele>970.4185571378008</ele>
        <time>2025-03-03T07:29:41.767Z</time>
      </trkpt>
      <trkpt lat="46.439523" lon="12.958539">
        <ele>969.887664949875</ele>
        <time>2025-03-03T07:29:43.301Z</time>
      </trkpt>
      <trkpt lat="46.439512" lon="12.958507">
        <ele>969.7544925123734</ele>
        <time>2025-03-03T07:29:44.671Z</time>
      </trkpt>
      <trkpt lat="46.439506" lon="12.958451">
        <ele>969.3454422062739</ele>
        <time>2025-03-03T07:29:46.842Z</time>
      </trkpt>
      <trkpt lat="46.439514" lon="12.958385">
        <ele>968.7625439974161</ele>
        <time>2025-03-03T07:29:49.409Z</time>
      </trkpt>
      <trkpt lat="46.439555" lon="12.958299">
        <ele>967.5118722377138</ele>
        <time>2025-03-03T07:29:53.415Z</time>
      </trkpt>
      <trkpt lat="46.439947" lon="12.957997">
        <ele>960.3894718776002</ele>
        <time>2025-03-03T07:30:18.090Z</time>
      </trkpt>
      <trkpt lat="46.440051" lon="12.957953">
        <ele>958.8808232332593</ele>
        <time>2025-03-03T07:30:24.112Z</time>
      </trkpt>
      <trkpt lat="46.440146" lon="12.957957">
        <ele>957.563642687005</ele>
        <time>2025-03-03T07:30:29.396Z</time>
      </trkpt>
      <trkpt lat="46.440395" lon="12.958208">
        <ele>955.1652827776378</ele>
        <time>2025-03-03T07:30:46.256Z</time>
      </trkpt>
      <trkpt lat="46.440676" lon="12.958491">
        <ele>952.8739882700326</ele>
        <time>2025-03-03T07:31:05.277Z</time>
      </trkpt>
      <trkpt lat="46.44083" lon="12.958563">
        <ele>952.0356510442289</ele>
        <time>2025-03-03T07:31:14.274Z</time>
      </trkpt>
      <trkpt lat="46.440917" lon="12.958563">
        <ele>951.5359792782929</ele>
        <time>2025-03-03T07:31:19.112Z</time>
      </trkpt>
      <trkpt lat="46.441026" lon="12.95853">
        <ele>951.063188565779</ele>
        <time>2025-03-03T07:31:25.304Z</time>
      </trkpt>
      <trkpt lat="46.441113" lon="12.958461">
        <ele>950.3479798304213</ele>
        <time>2025-03-03T07:31:30.817Z</time>
      </trkpt>
      <trkpt lat="46.441176" lon="12.958357">
        <ele>948.9460368339676</ele>
        <time>2025-03-03T07:31:36.123Z</time>
      </trkpt>
      <trkpt lat="46.441305" lon="12.95801">
        <ele>944.299666508754</ele>
        <time>2025-03-03T07:31:51.232Z</time>
      </trkpt>
      <trkpt lat="46.441544" lon="12.957599">
        <ele>941.9615173729356</ele>
        <time>2025-03-03T07:32:11.840Z</time>
      </trkpt>
      <trkpt lat="46.441548" lon="12.957551">
        <ele>941.2266711608321</ele>
        <time>2025-03-03T07:32:13.692Z</time>
      </trkpt>
      <trkpt lat="46.441524" lon="12.957483">
        <ele>939.4893481274406</ele>
        <time>2025-03-03T07:32:16.619Z</time>
      </trkpt>
      <trkpt lat="46.441483" lon="12.957466">
        <ele>938.3004324121098</ele>
        <time>2025-03-03T07:32:18.990Z</time>
      </trkpt>
      <trkpt lat="46.441454" lon="12.957467">
        <ele>937.6932211481454</ele>
        <time>2025-03-03T07:32:20.603Z</time>
      </trkpt>
      <trkpt lat="46.44143" lon="12.957492">
        <ele>937.6897501032652</ele>
        <time>2025-03-03T07:32:22.245Z</time>
      </trkpt>
      <trkpt lat="46.441334" lon="12.957711">
        <ele>940.014874832333</ele>
        <time>2025-03-03T07:32:32.191Z</time>
      </trkpt>
      <trkpt lat="46.441282" lon="12.957799">
        <ele>940.7718061466901</ele>
        <time>2025-03-03T07:32:36.633Z</time>
      </trkpt>
      <trkpt lat="46.441233" lon="12.957815">
        <ele>940.5764967539667</ele>
        <time>2025-03-03T07:32:39.426Z</time>
      </trkpt>
      <trkpt lat="46.441178" lon="12.957767">
        <ele>939.3662022767603</ele>
        <time>2025-03-03T07:32:42.995Z</time>
      </trkpt>
      <trkpt lat="46.441153" lon="12.957713">
        <ele>938.2657963965099</ele>
        <time>2025-03-03T07:32:45.488Z</time>
      </trkpt>
      <trkpt lat="46.441166" lon="12.957613">
        <ele>936.4154293984367</ele>
        <time>2025-03-03T07:32:49.387Z</time>
      </trkpt>
      <trkpt lat="46.441391" lon="12.957312">
        <ele>932.1706284089214</ele>
        <time>2025-03-03T07:33:06.404Z</time>
      </trkpt>
      <trkpt lat="46.441586" lon="12.957029">
        <ele>929.2238270909409</ele>
        <time>2025-03-03T07:33:21.740Z</time>
      </trkpt>
      <trkpt lat="46.441737" lon="12.95687">
        <ele>929.754836208975</ele>
        <time>2025-03-03T07:33:32.114Z</time>
      </trkpt>
      <trkpt lat="46.44188" lon="12.956739">
        <ele>930.1744409490252</ele>
        <time>2025-03-03T07:33:41.518Z</time>
      </trkpt>
      <trkpt lat="46.442036" lon="12.956654">
        <ele>929.8585584445864</ele>
        <time>2025-03-03T07:33:50.784Z</time>
      </trkpt>
      <trkpt lat="46.442164" lon="12.956635">
        <ele>929.9322458202032</ele>
        <time>2025-03-03T07:33:57.939Z</time>
      </trkpt>
      <trkpt lat="46.442259" lon="12.956658">
        <ele>931.5796496476021</ele>
        <time>2025-03-03T07:34:03.295Z</time>
      </trkpt>
      <trkpt lat="46.442392" lon="12.956713">
        <ele>935.0424315211371</ele>
        <time>2025-03-03T07:34:10.985Z</time>
      </trkpt>
      <trkpt lat="46.442423" lon="12.956654">
        <ele>933.0892879281803</ele>
        <time>2025-03-03T07:34:13.828Z</time>
      </trkpt>
      <trkpt lat="46.442423" lon="12.95652">
        <ele>927.8963305709894</ele>
        <time>2025-03-03T07:34:18.962Z</time>
      </trkpt>
      <trkpt lat="46.442392" lon="12.956468">
        <ele>925.3839204210333</ele>
        <time>2025-03-03T07:34:21.596Z</time>
      </trkpt>
      <trkpt lat="46.4423" lon="12.956461">
        <ele>923.8745818693434</ele>
        <time>2025-03-03T07:34:26.719Z</time>
      </trkpt>
      <trkpt lat="46.442042" lon="12.956479">
        <ele>922.7957000326838</ele>
        <time>2025-03-03T07:34:41.083Z</time>
      </trkpt>
      <trkpt lat="46.441734" lon="12.956587">
        <ele>919.4867374228385</ele>
        <time>2025-03-03T07:34:58.704Z</time>
      </trkpt>
      <trkpt lat="46.441517" lon="12.956705">
        <ele>914.1705537112833</ele>
        <time>2025-03-03T07:35:11.590Z</time>
      </trkpt>
      <trkpt lat="46.441247" lon="12.957035">
        <ele>918.0070222839262</ele>
        <time>2025-03-03T07:35:31.220Z</time>
      </trkpt>
      <trkpt lat="46.441184" lon="12.957029">
        <ele>916.6443323714202</ele>
        <time>2025-03-03T07:35:34.731Z</time>
      </trkpt>
      <trkpt lat="46.441143" lon="12.956966">
        <ele>913.5738150360071</ele>
        <time>2025-03-03T07:35:38.051Z</time>
      </trkpt>
      <trkpt lat="46.441155" lon="12.95688">
        <ele>909.7971595356646</ele>
        <time>2025-03-03T07:35:41.413Z</time>
      </trkpt>
      <trkpt lat="46.441212" lon="12.956755">
        <ele>905.1311981385121</ele>
        <time>2025-03-03T07:35:47.157Z</time>
      </trkpt>
      <trkpt lat="46.441832" lon="12.955977">
        <ele>899.7585240222329</ele>
        <time>2025-03-03T07:36:32.738Z</time>
      </trkpt>
      <trkpt lat="46.441987" lon="12.955926">
        <ele>899.7805091648429</ele>
        <time>2025-03-03T07:36:41.576Z</time>
      </trkpt>
      <trkpt lat="46.442268" lon="12.955898">
        <ele>900.372082214128</ele>
        <time>2025-03-03T07:36:57.239Z</time>
      </trkpt>
      <trkpt lat="46.442479" lon="12.955946">
        <ele>901.8689918656082</ele>
        <time>2025-03-03T07:37:09.116Z</time>
      </trkpt>
      <trkpt lat="46.442727" lon="12.955958">
        <ele>901.1909564587033</ele>
        <time>2025-03-03T07:37:22.915Z</time>
      </trkpt>
      <trkpt lat="46.442997" lon="12.955913">
        <ele>900.3862002075572</ele>
        <time>2025-03-03T07:37:38.028Z</time>
      </trkpt>
      <trkpt lat="46.443153" lon="12.955844">
        <ele>899.2205508055208</ele>
        <time>2025-03-03T07:37:47.097Z</time>
      </trkpt>
      <trkpt lat="46.443276" lon="12.955687">
        <ele>892.9824085840033</ele>
        <time>2025-03-03T07:37:56.206Z</time>
      </trkpt>
      <trkpt lat="46.443344" lon="12.955533">
        <ele>886.9777113049719</ele>
        <time>2025-03-03T07:38:03.214Z</time>
      </trkpt>
      <trkpt lat="46.443372" lon="12.955431">
        <ele>883.5138339203448</ele>
        <time>2025-03-03T07:38:07.421Z</time>
      </trkpt>
      <trkpt lat="46.443431" lon="12.955299">
        <ele>880.6835580453131</ele>
        <time>2025-03-03T07:38:13.450Z</time>
      </trkpt>
      <trkpt lat="46.443502" lon="12.955232">
        <ele>880.916431559389</ele>
        <time>2025-03-03T07:38:18.159Z</time>
      </trkpt>
      <trkpt lat="46.443584" lon="12.955178">
        <ele>881.9593438919044</ele>
        <time>2025-03-03T07:38:23.166Z</time>
      </trkpt>
      <trkpt lat="46.443627" lon="12.955086">
        <ele>880.2824773412835</ele>
        <time>2025-03-03T07:38:27.425Z</time>
      </trkpt>
      <trkpt lat="46.443633" lon="12.955">
        <ele>877.6856651231942</ele>
        <time>2025-03-03T07:38:30.737Z</time>
      </trkpt>
      <trkpt lat="46.443593" lon="12.954933">
        <ele>874.3670471674768</ele>
        <time>2025-03-03T07:38:34.134Z</time>
      </trkpt>
      <trkpt lat="46.443506" lon="12.954931">
        <ele>871.7714429787359</ele>
        <time>2025-03-03T07:38:38.972Z</time>
      </trkpt>
      <trkpt lat="46.443202" lon="12.955201">
        <ele>871.611011208222</ele>
        <time>2025-03-03T07:38:58.792Z</time>
      </trkpt>
      <trkpt lat="46.443001" lon="12.955508">
        <ele>878.1004511087722</ele>
        <time>2025-03-03T07:39:15.019Z</time>
      </trkpt>
      <trkpt lat="46.442931" lon="12.955522">
        <ele>878.3900101281242</ele>
        <time>2025-03-03T07:39:18.948Z</time>
      </trkpt>
      <trkpt lat="46.442883" lon="12.955499">
        <ele>877.6182830695766</ele>
        <time>2025-03-03T07:39:21.759Z</time>
      </trkpt>
      <trkpt lat="46.442853" lon="12.955389">
        <ele>873.9758558480911</ele>
        <time>2025-03-03T07:39:26.292Z</time>
      </trkpt>
      <trkpt lat="46.442947" lon="12.955161">
        <ele>867.5860889181464</ele>
        <time>2025-03-03T07:39:36.473Z</time>
      </trkpt>
      <trkpt lat="46.443124" lon="12.954933">
        <ele>864.270067174315</ele>
        <time>2025-03-03T07:39:49.634Z</time>
      </trkpt>
      <trkpt lat="46.443253" lon="12.95465">
        <ele>859.3404140202797</ele>
        <time>2025-03-03T07:40:02.636Z</time>
      </trkpt>
      <trkpt lat="46.443373" lon="12.954347">
        <ele>854.0214749875776</ele>
        <time>2025-03-03T07:40:16.028Z</time>
      </trkpt>
      <trkpt lat="46.443464" lon="12.95422">
        <ele>852.7002664510362</ele>
        <time>2025-03-03T07:40:23.048Z</time>
      </trkpt>
      <trkpt lat="46.443642" lon="12.954066">
        <ele>851.0363749780927</ele>
        <time>2025-03-03T07:40:34.572Z</time>
      </trkpt>
      <trkpt lat="46.443869" lon="12.953724">
        <ele>845.9244947931733</ele>
        <time>2025-03-03T07:40:52.768Z</time>
      </trkpt>
      <trkpt lat="46.443951" lon="12.953672">
        <ele>846.7164345883713</ele>
        <time>2025-03-03T07:40:57.744Z</time>
      </trkpt>
      <trkpt lat="46.444017" lon="12.953645">
        <ele>848.0138758764738</ele>
        <time>2025-03-03T07:41:01.557Z</time>
      </trkpt>
      <trkpt lat="46.444053" lon="12.953569">
        <ele>847.4025879359625</ele>
        <time>2025-03-03T07:41:05.091Z</time>
      </trkpt>
      <trkpt lat="46.444048" lon="12.953489">
        <ele>845.476839791938</ele>
        <time>2025-03-03T07:41:08.169Z</time>
      </trkpt>
      <trkpt lat="46.443988" lon="12.953439">
        <ele>842.7949795994908</ele>
        <time>2025-03-03T07:41:12.016Z</time>
      </trkpt>
      <trkpt lat="46.443856" lon="12.953471">
        <ele>840.391845616682</ele>
        <time>2025-03-03T07:41:19.458Z</time>
      </trkpt>
      <trkpt lat="46.443699" lon="12.953554">
        <ele>839.896141943383</ele>
        <time>2025-03-03T07:41:28.750Z</time>
      </trkpt>
      <trkpt lat="46.443501" lon="12.953695">
        <ele>842.9754854465268</ele>
        <time>2025-03-03T07:41:41.015Z</time>
      </trkpt>
      <trkpt lat="46.443431" lon="12.953729">
        <ele>843.9411732409906</ele>
        <time>2025-03-03T07:41:45.120Z</time>
      </trkpt>
      <trkpt lat="46.443395" lon="12.953692">
        <ele>843.1577347592645</ele>
        <time>2025-03-03T07:41:47.573Z</time>
      </trkpt>
      <trkpt lat="46.443368" lon="12.953627">
        <ele>841.714943346879</ele>
        <time>2025-03-03T07:41:50.481Z</time>
      </trkpt>
      <trkpt lat="46.443394" lon="12.95348">
        <ele>838.548461048909</ele>
        <time>2025-03-03T07:41:56.296Z</time>
      </trkpt>
      <trkpt lat="46.443646" lon="12.953181">
        <ele>833.8037466714707</ele>
        <time>2025-03-03T07:42:14.397Z</time>
      </trkpt>
      <trkpt lat="46.443782" lon="12.953089">
        <ele>833.9943048778463</ele>
        <time>2025-03-03T07:42:22.741Z</time>
      </trkpt>
      <trkpt lat="46.443841" lon="12.953031">
        <ele>833.8418854372554</ele>
        <time>2025-03-03T07:42:26.703Z</time>
      </trkpt>
      <trkpt lat="46.44386" lon="12.95295">
        <ele>832.5379805999519</ele>
        <time>2025-03-03T07:42:29.981Z</time>
      </trkpt>
      <trkpt lat="46.443835" lon="12.952864">
        <ele>830.4620329249041</ele>
        <time>2025-03-03T07:42:33.557Z</time>
      </trkpt>
      <trkpt lat="46.443764" lon="12.952839">
        <ele>829.2647877141151</ele>
        <time>2025-03-03T07:42:37.619Z</time>
      </trkpt>
      <trkpt lat="46.443573" lon="12.952871">
        <ele>828.357998064186</ele>
        <time>2025-03-03T07:42:48.311Z</time>
      </trkpt>
      <trkpt lat="46.443369" lon="12.952927">
        <ele>826.7992024182201</ele>
        <time>2025-03-03T07:42:59.856Z</time>
      </trkpt>
      <trkpt lat="46.443292" lon="12.952871">
        <ele>823.3669953802378</ele>
        <time>2025-03-03T07:43:04.645Z</time>
      </trkpt>
      <trkpt lat="46.443257" lon="12.952739">
        <ele>819.0752880055746</ele>
        <time>2025-03-03T07:43:10.064Z</time>
      </trkpt>
      <trkpt lat="46.443268" lon="12.952547">
        <ele>814.0080121326487</ele>
        <time>2025-03-03T07:43:17.446Z</time>
      </trkpt>
      <trkpt lat="46.443354" lon="12.952447">
        <ele>813.379586037908</ele>
        <time>2025-03-03T07:43:23.574Z</time>
      </trkpt>
      <trkpt lat="46.443535" lon="12.952385">
        <ele>814.8801631797816</ele>
        <time>2025-03-03T07:43:33.916Z</time>
      </trkpt>
      <trkpt lat="46.443643" lon="12.952328">
        <ele>814.9293598826051</ele>
        <time>2025-03-03T07:43:40.306Z</time>
      </trkpt>
      <trkpt lat="46.44371" lon="12.952292">
        <ele>815.0668454186733</ele>
        <time>2025-03-03T07:43:44.279Z</time>
      </trkpt>
      <trkpt lat="46.443816" lon="12.952165">
        <ele>813.8486657278439</ele>
        <time>2025-03-03T07:43:51.922Z</time>
      </trkpt>
      <trkpt lat="46.444143" lon="12.951584">
        <ele>806.8389910841364</ele>
        <time>2025-03-03T07:44:20.668Z</time>
      </trkpt>
      <trkpt lat="46.44443" lon="12.95121">
        <ele>801.0865069227301</ele>
        <time>2025-03-03T07:44:42.118Z</time>
      </trkpt>
      <trkpt lat="46.444729" lon="12.95105">
        <ele>804.3547139606554</ele>
        <time>2025-03-03T07:44:59.839Z</time>
      </trkpt>
      <trkpt lat="46.444762" lon="12.95101">
        <ele>804.5460896436987</ele>
        <time>2025-03-03T07:45:02.230Z</time>
      </trkpt>
      <trkpt lat="46.44477" lon="12.950922">
        <ele>802.7205811835828</ele>
        <time>2025-03-03T07:45:05.631Z</time>
      </trkpt>
      <trkpt lat="46.444739" lon="12.950862">
        <ele>800.3410529963453</ele>
        <time>2025-03-03T07:45:08.504Z</time>
      </trkpt>
      <trkpt lat="46.444669" lon="12.950839">
        <ele>797.9240804450167</ele>
        <time>2025-03-03T07:45:12.495Z</time>
      </trkpt>
      <trkpt lat="46.444261" lon="12.950961">
        <ele>794.766255576563</ele>
        <time>2025-03-03T07:45:35.660Z</time>
      </trkpt>
      <trkpt lat="46.444125" lon="12.950952">
        <ele>794.6633008998606</ele>
        <time>2025-03-03T07:45:43.230Z</time>
      </trkpt>
      <trkpt lat="46.444082" lon="12.950931">
        <ele>794.2177074036779</ele>
        <time>2025-03-03T07:45:45.753Z</time>
      </trkpt>
      <trkpt lat="46.444063" lon="12.95087">
        <ele>792.5692323162575</ele>
        <time>2025-03-03T07:45:48.318Z</time>
      </trkpt>
      <trkpt lat="46.444094" lon="12.950777">
        <ele>790.1937704205397</ele>
        <time>2025-03-03T07:45:52.276Z</time>
      </trkpt>
      <trkpt lat="46.444178" lon="12.950726">
        <ele>789.4690737879841</ele>
        <time>2025-03-03T07:45:57.339Z</time>
      </trkpt>
      <trkpt lat="46.444395" lon="12.950659">
        <ele>790.0382466081534</ele>
        <time>2025-03-03T07:46:09.676Z</time>
      </trkpt>
      <trkpt lat="46.444539" lon="12.950635">
        <ele>791.8106484725141</ele>
        <time>2025-03-03T07:46:17.736Z</time>
      </trkpt>
      <trkpt lat="46.444599" lon="12.950553">
        <ele>791.993115125851</ele>
        <time>2025-03-03T07:46:22.319Z</time>
      </trkpt>
      <trkpt lat="46.444603" lon="12.950485">
        <ele>791.4456008880409</ele>
        <time>2025-03-03T07:46:24.934Z</time>
      </trkpt>
      <trkpt lat="46.444553" lon="12.950416">
        <ele>790.1973661380873</ele>
        <time>2025-03-03T07:46:28.770Z</time>
      </trkpt>
      <trkpt lat="46.444287" lon="12.950371">
        <ele>787.0126753885168</ele>
        <time>2025-03-03T07:46:43.662Z</time>
      </trkpt>
      <trkpt lat="46.443974" lon="12.950252">
        <ele>784.8709975400005</ele>
        <time>2025-03-03T07:47:01.655Z</time>
      </trkpt>
      <trkpt lat="46.443927" lon="12.950179">
        <ele>785.9935090131542</ele>
        <time>2025-03-03T07:47:05.483Z</time>
      </trkpt>
      <trkpt lat="46.443884" lon="12.950158">
        <ele>785.9261334477411</ele>
        <time>2025-03-03T07:47:08.006Z</time>
      </trkpt>
      <trkpt lat="46.443927" lon="12.950179">
        <ele>785.9935090131542</ele>
        <time>2025-03-03T07:47:10.529Z</time>
      </trkpt>
      <trkpt lat="46.443974" lon="12.950252">
        <ele>784.8709975400005</ele>
        <time>2025-03-03T07:47:14.357Z</time>
      </trkpt>
      <trkpt lat="46.443189" lon="12.949889">
        <ele>785.8446842885872</ele>
        <time>2025-03-03T07:48:00.173Z</time>
      </trkpt>
      <trkpt lat="46.442359" lon="12.949476">
        <ele>790.3641773162686</ele>
        <time>2025-03-03T07:48:48.967Z</time>
      </trkpt>
      <trkpt lat="46.441674" lon="12.949163">
        <ele>799.6020008377734</ele>
        <time>2025-03-03T07:49:28.903Z</time>
      </trkpt>
      <trkpt lat="46.441479" lon="12.949157">
        <ele>801.4805167079911</ele>
        <time>2025-03-03T07:49:39.749Z</time>
      </trkpt>
      <trkpt lat="46.441183" lon="12.94923">
        <ele>803.84878515401</ele>
        <time>2025-03-03T07:49:56.445Z</time>
      </trkpt>
      <trkpt lat="46.440878" lon="12.949347">
        <ele>805.051081968752</ele>
        <time>2025-03-03T07:50:13.988Z</time>
      </trkpt>
      <trkpt lat="46.440706" lon="12.949392">
        <ele>805.7101208899176</ele>
        <time>2025-03-03T07:50:23.707Z</time>
      </trkpt>
      <trkpt lat="46.440567" lon="12.949372">
        <ele>806.9276312316496</ele>
        <time>2025-03-03T07:50:31.474Z</time>
      </trkpt>
      <trkpt lat="46.440397" lon="12.949231">
        <ele>808.9023480033136</ele>
        <time>2025-03-03T07:50:42.362Z</time>
      </trkpt>
      <trkpt lat="46.44071" lon="12.948944">
        <ele>813.6202042472972</ele>
        <time>2025-03-03T07:51:02.951Z</time>
      </trkpt>
      <trkpt lat="46.440905" lon="12.948798">
        <ele>815.2105482671413</ele>
        <time>2025-03-03T07:51:15.153Z</time>
      </trkpt>
      <trkpt lat="46.441011" lon="12.948738">
        <ele>815.0248673457096</ele>
        <time>2025-03-03T07:51:21.480Z</time>
      </trkpt>
      <trkpt lat="46.441136" lon="12.948697">
        <ele>813.662538957909</ele>
        <time>2025-03-03T07:51:28.606Z</time>
      </trkpt>
      <trkpt lat="46.441175" lon="12.948641">
        <ele>813.8903691299868</ele>
        <time>2025-03-03T07:51:31.657Z</time>
      </trkpt>
      <trkpt lat="46.441174" lon="12.948544">
        <ele>815.4883576900709</ele>
        <time>2025-03-03T07:51:35.374Z</time>
      </trkpt>
      <trkpt lat="46.441148" lon="12.948498">
        <ele>816.7818591127541</ele>
        <time>2025-03-03T07:51:37.653Z</time>
      </trkpt>
      <trkpt lat="46.4411" lon="12.948496">
        <ele>817.9109690631626</ele>
        <time>2025-03-03T07:51:40.323Z</time>
      </trkpt>
      <trkpt lat="46.441004" lon="12.948532">
        <ele>819.3057112743263</ele>
        <time>2025-03-03T07:51:45.836Z</time>
      </trkpt>
      <trkpt lat="46.440671" lon="12.948605">
        <ele>822.1375238375281</ele>
        <time>2025-03-03T07:52:04.564Z</time>
      </trkpt>
      <trkpt lat="46.440574" lon="12.948618">
        <ele>821.6694421503804</ele>
        <time>2025-03-03T07:52:09.981Z</time>
      </trkpt>
      <trkpt lat="46.440532" lon="12.94858">
        <ele>822.0790953449263</ele>
        <time>2025-03-03T07:52:12.733Z</time>
      </trkpt>
      <trkpt lat="46.440517" lon="12.948489">
        <ele>823.4590267915548</ele>
        <time>2025-03-03T07:52:16.318Z</time>
      </trkpt>
      <trkpt lat="46.44053" lon="12.948401">
        <ele>824.7295352935803</ele>
        <time>2025-03-03T07:52:19.766Z</time>
      </trkpt>
      <trkpt lat="46.440615" lon="12.948082">
        <ele>828.135156341112</ele>
        <time>2025-03-03T07:52:32.872Z</time>
      </trkpt>
    </trkseg>
  </trk>
</gpx>
