<?xml version="1.0" encoding="UTF-8"?>
<gpx creator="https://gpx.studio" version="1.1" xmlns="http://www.topografix.com/GPX/1/1" xmlns:xsi="http://www.w3.org/2001/XMLSchema-instance" xsi:schemaLocation="http://www.topografix.com/GPX/1/1 http://www.topografix.com/GPX/1/1/gpx.xsd http://www.garmin.com/xmlschemas/GpxExtensions/v3 http://www.garmin.com/xmlschemas/GpxExtensionsv3.xsd http://www.garmin.com/xmlschemas/TrackPointExtension/v1 http://www.garmin.com/xmlschemas/TrackPointExtensionv1.xsd http://www.garmin.com/xmlschemas/PowerExtension/v1 http://www.garmin.com/xmlschemas/PowerExtensionv1.xsd http://www.topografix.com/GPX/gpx_style/0/2 http://www.topografix.com/GPX/gpx_style/0/2/gpx_style.xsd" xmlns:gpxtpx="http://www.garmin.com/xmlschemas/TrackPointExtension/v1" xmlns:gpxx="http://www.garmin.com/xmlschemas/GpxExtensions/v3" xmlns:gpxpx="http://www.garmin.com/xmlschemas/PowerExtension/v1" xmlns:gpx_style="http://www.topografix.com/GPX/gpx_style/0/2">
  <metadata>
    <name>LAU-MTB-II</name>
    <author>
      <name>gpx.studio</name>
      <link href="https://gpx.studio"/>
    </author>
  </metadata>
  <trk>
    <name>LAU-MTB-II</name>
    <trkseg>
      <trkpt lat="46.422759" lon="12.931623">
        <ele>718.8632819739163</ele>
      </trkpt>
      <trkpt lat="46.422826" lon="12.931669">
        <ele>719.1728017243515</ele>
      </trkpt>
      <trkpt lat="46.422958" lon="12.931699">
        <ele>720.1545879161927</ele>
      </trkpt>
      <trkpt lat="46.423062" lon="12.931683">
        <ele>720.9376536479907</ele>
      </trkpt>
      <trkpt lat="46.423186" lon="12.931686">
        <ele>722.3487875340827</ele>
      </trkpt>
      <trkpt lat="46.423234" lon="12.931628">
        <ele>722.4191586458854</ele>
      </trkpt>
      <trkpt lat="46.423273" lon="12.93161">
        <ele>722.6479858229429</ele>
      </trkpt>
      <trkpt lat="46.42334" lon="12.931557">
        <ele>722.5465860633312</ele>
      </trkpt>
      <trkpt lat="46.423622" lon="12.931209">
        <ele>720.574986658736</ele>
      </trkpt>
      <trkpt lat="46.423657" lon="12.931144">
        <ele>720.3316374249948</ele>
      </trkpt>
      <trkpt lat="46.423677" lon="12.931088">
        <ele>720.0520093780357</ele>
      </trkpt>
      <trkpt lat="46.423689" lon="12.931005">
        <ele>719.6579806178777</ele>
      </trkpt>
      <trkpt lat="46.423678" lon="12.93062">
        <ele>718.6028724149437</ele>
      </trkpt>
      <trkpt lat="46.423661" lon="12.930355">
        <ele>719.0147244189397</ele>
      </trkpt>
      <trkpt lat="46.423649" lon="12.930293">
        <ele>719.0118723556534</ele>
      </trkpt>
      <trkpt lat="46.42365" lon="12.930097">
        <ele>719.5148470242744</ele>
      </trkpt>
      <trkpt lat="46.423717" lon="12.929574">
        <ele>720.0381194829542</ele>
      </trkpt>
      <trkpt lat="46.423872" lon="12.928603">
        <ele>722.173349843797</ele>
      </trkpt>
      <trkpt lat="46.423935" lon="12.928241">
        <ele>721.6498298928653</ele>
      </trkpt>
      <trkpt lat="46.424083" lon="12.927778">
        <ele>721.6150758423971</ele>
      </trkpt>
      <trkpt lat="46.424216" lon="12.927407">
        <ele>721.0090789590892</ele>
      </trkpt>
      <trkpt lat="46.424327" lon="12.927176">
        <ele>720.4774154299237</ele>
      </trkpt>
      <trkpt lat="46.425199" lon="12.926052">
        <ele>712.271208674972</ele>
      </trkpt>
      <trkpt lat="46.425327" lon="12.925832">
        <ele>708.1372825988472</ele>
      </trkpt>
      <trkpt lat="46.425427" lon="12.925687">
        <ele>706.1971918964955</ele>
      </trkpt>
      <trkpt lat="46.425517" lon="12.925431">
        <ele>700.9686469379234</ele>
      </trkpt>
      <trkpt lat="46.425551" lon="12.925317">
        <ele>698.4965164328145</ele>
      </trkpt>
      <trkpt lat="46.425821" lon="12.92503">
        <ele>693.4394686414272</ele>
      </trkpt>
      <trkpt lat="46.425956" lon="12.924936">
        <ele>691.0902403946266</ele>
      </trkpt>
      <trkpt lat="46.426057" lon="12.924843">
        <ele>689.5911802812747</ele>
      </trkpt>
      <trkpt lat="46.426145" lon="12.924825">
        <ele>690.3954234205167</ele>
      </trkpt>
      <trkpt lat="46.426197" lon="12.924622">
        <ele>687.710153085131</ele>
      </trkpt>
      <trkpt lat="46.426248" lon="12.92463">
        <ele>688.670016249713</ele>
      </trkpt>
      <trkpt lat="46.4263" lon="12.924564">
        <ele>687.8214403576147</ele>
      </trkpt>
      <trkpt lat="46.426436" lon="12.924423">
        <ele>685.5632632347588</ele>
      </trkpt>
      <trkpt lat="46.426596" lon="12.924386">
        <ele>686.8800024921212</ele>
      </trkpt>
      <trkpt lat="46.426647" lon="12.924374">
        <ele>687.0421254022049</ele>
      </trkpt>
      <trkpt lat="46.426886" lon="12.924151">
        <ele>682.6393325566692</ele>
      </trkpt>
      <trkpt lat="46.426983" lon="12.923928">
        <ele>679.9451173329628</ele>
      </trkpt>
      <trkpt lat="46.427068" lon="12.923647">
        <ele>677.6399567135335</ele>
      </trkpt>
      <trkpt lat="46.427136" lon="12.923473">
        <ele>675.2521038140267</ele>
      </trkpt>
      <trkpt lat="46.427186" lon="12.923248">
        <ele>670.0028550386444</ele>
      </trkpt>
      <trkpt lat="46.427493" lon="12.923142">
        <ele>669.398875819684</ele>
      </trkpt>
      <trkpt lat="46.42754" lon="12.923099">
        <ele>668.3502214552028</ele>
      </trkpt>
      <trkpt lat="46.427568" lon="12.923038">
        <ele>666.9051422815872</ele>
      </trkpt>
      <trkpt lat="46.427654" lon="12.922904">
        <ele>663.310951490696</ele>
      </trkpt>
      <trkpt lat="46.427613" lon="12.922657">
        <ele>658.9249397462545</ele>
      </trkpt>
      <trkpt lat="46.427672" lon="12.92254">
        <ele>656.399960592704</ele>
      </trkpt>
      <trkpt lat="46.427794" lon="12.922403">
        <ele>652.9528613345041</ele>
      </trkpt>
      <trkpt lat="46.427843" lon="12.922349">
        <ele>651.2576721238478</ele>
      </trkpt>
      <trkpt lat="46.42798" lon="12.922392">
        <ele>649.9486382224238</ele>
      </trkpt>
      <trkpt lat="46.428074" lon="12.922518">
        <ele>652.0349737946875</ele>
      </trkpt>
      <trkpt lat="46.428161" lon="12.92254">
        <ele>652.4735104958006</ele>
      </trkpt>
      <trkpt lat="46.428246" lon="12.922342">
        <ele>648.4653255829373</ele>
      </trkpt>
      <trkpt lat="46.42842" lon="12.922129">
        <ele>646.9666936065114</ele>
      </trkpt>
      <trkpt lat="46.428702" lon="12.922119">
        <ele>648.4483976806721</ele>
      </trkpt>
      <trkpt lat="46.428816" lon="12.922028">
        <ele>643.9642267454783</ele>
      </trkpt>
      <trkpt lat="46.428994" lon="12.921965">
        <ele>637.3283718405949</ele>
      </trkpt>
      <trkpt lat="46.429119" lon="12.922062">
        <ele>636.5290589789031</ele>
      </trkpt>
      <trkpt lat="46.42926" lon="12.922083">
        <ele>634.5838571675231</ele>
      </trkpt>
      <trkpt lat="46.429355" lon="12.922074">
        <ele>633.21828772761</ele>
      </trkpt>
      <trkpt lat="46.429461" lon="12.922107">
        <ele>633.7479786551612</ele>
      </trkpt>
      <trkpt lat="46.429497" lon="12.922128">
        <ele>634.4359996106291</ele>
      </trkpt>
      <trkpt lat="46.429551" lon="12.922185">
        <ele>635.6056873659304</ele>
      </trkpt>
      <trkpt lat="46.429578" lon="12.922237">
        <ele>636.4284359847793</ele>
      </trkpt>
      <trkpt lat="46.429672" lon="12.922519">
        <ele>640.8719818990462</ele>
      </trkpt>
      <trkpt lat="46.429693" lon="12.922547">
        <ele>641.2581338494182</ele>
      </trkpt>
      <trkpt lat="46.429744" lon="12.922568">
        <ele>641.8653639373088</ele>
      </trkpt>
      <trkpt lat="46.429783" lon="12.922529">
        <ele>641.7542116903867</ele>
      </trkpt>
      <trkpt lat="46.429792" lon="12.922491">
        <ele>641.5212653859736</ele>
      </trkpt>
      <trkpt lat="46.429786" lon="12.92243">
        <ele>641.1392851680007</ele>
      </trkpt>
      <trkpt lat="46.429767" lon="12.922381">
        <ele>640.5564387158845</ele>
      </trkpt>
      <trkpt lat="46.429566" lon="12.921995">
        <ele>634.9807734355879</ele>
      </trkpt>
      <trkpt lat="46.429443" lon="12.921733">
        <ele>632.7692497540331</ele>
      </trkpt>
      <trkpt lat="46.429412" lon="12.921659">
        <ele>632.1676142993424</ele>
      </trkpt>
      <trkpt lat="46.429377" lon="12.921509">
        <ele>632.0362199538818</ele>
      </trkpt>
      <trkpt lat="46.429371" lon="12.921422">
        <ele>632.7153856649102</ele>
      </trkpt>
      <trkpt lat="46.429385" lon="12.921089">
        <ele>639.6556449713744</ele>
      </trkpt>
      <trkpt lat="46.429405" lon="12.920861">
        <ele>645.9191666432303</ele>
      </trkpt>
      <trkpt lat="46.42941" lon="12.920612">
        <ele>649.430039384911</ele>
      </trkpt>
      <trkpt lat="46.429435" lon="12.920357">
        <ele>651.3652362388848</ele>
      </trkpt>
      <trkpt lat="46.429464" lon="12.920243">
        <ele>651.9829410927246</ele>
      </trkpt>
      <trkpt lat="46.42951" lon="12.920166">
        <ele>652.3389535929141</ele>
      </trkpt>
      <trkpt lat="46.42959" lon="12.920107">
        <ele>653.320239573671</ele>
      </trkpt>
      <trkpt lat="46.429652" lon="12.920081">
        <ele>653.9085893060396</ele>
      </trkpt>
      <trkpt lat="46.429713" lon="12.920073">
        <ele>654.7055867412956</ele>
      </trkpt>
      <trkpt lat="46.429766" lon="12.920081">
        <ele>655.5959271963095</ele>
      </trkpt>
      <trkpt lat="46.430069" lon="12.920314">
        <ele>664.6036420928895</ele>
      </trkpt>
      <trkpt lat="46.430138" lon="12.92034">
        <ele>666.181761794579</ele>
      </trkpt>
      <trkpt lat="46.430185" lon="12.920344">
        <ele>666.8965642083763</ele>
      </trkpt>
      <trkpt lat="46.43025" lon="12.920324">
        <ele>667.2638058611545</ele>
      </trkpt>
      <trkpt lat="46.430318" lon="12.920262">
        <ele>666.8565785792705</ele>
      </trkpt>
      <trkpt lat="46.431121" lon="12.919433">
        <ele>677.4481869270006</ele>
      </trkpt>
      <trkpt lat="46.431153" lon="12.919382">
        <ele>677.9358799569507</ele>
      </trkpt>
      <trkpt lat="46.431189" lon="12.919274">
        <ele>678.2211388668019</ele>
      </trkpt>
      <trkpt lat="46.431199" lon="12.919153">
        <ele>678.5989637121714</ele>
      </trkpt>
      <trkpt lat="46.431191" lon="12.919075">
        <ele>678.8307958649959</ele>
      </trkpt>
      <trkpt lat="46.431136" lon="12.918806">
        <ele>680.4429239561823</ele>
      </trkpt>
      <trkpt lat="46.431127" lon="12.918718">
        <ele>680.8972926407746</ele>
      </trkpt>
      <trkpt lat="46.431139" lon="12.918633">
        <ele>681.4335654940976</ele>
      </trkpt>
      <trkpt lat="46.431194" lon="12.91846">
        <ele>683.1525524126466</ele>
      </trkpt>
      <trkpt lat="46.431237" lon="12.918385">
        <ele>684.4318613524314</ele>
      </trkpt>
      <trkpt lat="46.431284" lon="12.918352">
        <ele>684.9217418897006</ele>
      </trkpt>
      <trkpt lat="46.431453" lon="12.918283">
        <ele>686.613377203493</ele>
      </trkpt>
      <trkpt lat="46.431595" lon="12.918235">
        <ele>688.1205355212605</ele>
      </trkpt>
      <trkpt lat="46.431661" lon="12.918263">
        <ele>689.174253290749</ele>
      </trkpt>
      <trkpt lat="46.43168" lon="12.918295">
        <ele>689.6001539375659</ele>
      </trkpt>
      <trkpt lat="46.431772" lon="12.918533">
        <ele>690.9435973851812</ele>
      </trkpt>
      <trkpt lat="46.431802" lon="12.918562">
        <ele>691.3855526353448</ele>
      </trkpt>
      <trkpt lat="46.431826" lon="12.918572">
        <ele>691.8368080971806</ele>
      </trkpt>
      <trkpt lat="46.431857" lon="12.918564">
        <ele>692.8909624386833</ele>
      </trkpt>
      <trkpt lat="46.431916" lon="12.918521">
        <ele>694.7828119924221</ele>
      </trkpt>
      <trkpt lat="46.432018" lon="12.918246">
        <ele>696.0655503014519</ele>
      </trkpt>
      <trkpt lat="46.432108" lon="12.918031">
        <ele>697.3695025738295</ele>
      </trkpt>
      <trkpt lat="46.432271" lon="12.917817">
        <ele>699.6449700927136</ele>
      </trkpt>
      <trkpt lat="46.432499" lon="12.917652">
        <ele>704.0748011210401</ele>
      </trkpt>
      <trkpt lat="46.432524" lon="12.917579">
        <ele>703.6009000666738</ele>
      </trkpt>
      <trkpt lat="46.432522" lon="12.917509">
        <ele>702.6888751622693</ele>
      </trkpt>
      <trkpt lat="46.432505" lon="12.917453">
        <ele>702.8565518479729</ele>
      </trkpt>
      <trkpt lat="46.432481" lon="12.917421">
        <ele>702.6524241681495</ele>
      </trkpt>
      <trkpt lat="46.432421" lon="12.917374">
        <ele>701.9012877624548</ele>
      </trkpt>
      <trkpt lat="46.432139" lon="12.917103">
        <ele>703.2506268285633</ele>
      </trkpt>
      <trkpt lat="46.432067" lon="12.916984">
        <ele>704.6173091489125</ele>
      </trkpt>
      <trkpt lat="46.431934" lon="12.916634">
        <ele>706.4655063424714</ele>
      </trkpt>
      <trkpt lat="46.431915" lon="12.916479">
        <ele>707.4753221274773</ele>
      </trkpt>
      <trkpt lat="46.432019" lon="12.915736">
        <ele>712.4594784083894</ele>
      </trkpt>
      <trkpt lat="46.432052" lon="12.915447">
        <ele>715.2835565082814</ele>
      </trkpt>
      <trkpt lat="46.432039" lon="12.915394">
        <ele>715.5591637725839</ele>
      </trkpt>
      <trkpt lat="46.431992" lon="12.915331">
        <ele>715.5204576637624</ele>
      </trkpt>
      <trkpt lat="46.431803" lon="12.915189">
        <ele>715.0089540422937</ele>
      </trkpt>
      <trkpt lat="46.431735" lon="12.91511">
        <ele>715.3762947212067</ele>
      </trkpt>
      <trkpt lat="46.431623" lon="12.914904">
        <ele>717.4974737258308</ele>
      </trkpt>
      <trkpt lat="46.431516" lon="12.914681">
        <ele>718.6772418475008</ele>
      </trkpt>
      <trkpt lat="46.431462" lon="12.914543">
        <ele>719.117260460416</ele>
      </trkpt>
      <trkpt lat="46.431445" lon="12.914471">
        <ele>719.3958112588131</ele>
      </trkpt>
      <trkpt lat="46.431436" lon="12.914386">
        <ele>719.8736298627459</ele>
      </trkpt>
      <trkpt lat="46.431438" lon="12.914307">
        <ele>720.4238438620367</ele>
      </trkpt>
      <trkpt lat="46.431465" lon="12.914102">
        <ele>722.7177952905097</ele>
      </trkpt>
      <trkpt lat="46.43154" lon="12.913642">
        <ele>725.84678539345</ele>
      </trkpt>
      <trkpt lat="46.431589" lon="12.913472">
        <ele>727.3567143157582</ele>
      </trkpt>
      <trkpt lat="46.431637" lon="12.913271">
        <ele>729.0971108255429</ele>
      </trkpt>
      <trkpt lat="46.431642" lon="12.913246">
        <ele>729.2746229260106</ele>
      </trkpt>
      <trkpt lat="46.431705" lon="12.913285">
        <ele>730.0187109362425</ele>
      </trkpt>
      <trkpt lat="46.431913" lon="12.913361">
        <ele>733.1442881817471</ele>
      </trkpt>
      <trkpt lat="46.431967" lon="12.913332">
        <ele>733.9866316315398</ele>
      </trkpt>
      <trkpt lat="46.431983" lon="12.913297">
        <ele>734.2381681660045</ele>
      </trkpt>
      <trkpt lat="46.432007" lon="12.913187">
        <ele>734.6180357857431</ele>
      </trkpt>
      <trkpt lat="46.432016" lon="12.913144">
        <ele>734.7699771407831</ele>
      </trkpt>
      <trkpt lat="46.432042" lon="12.913093">
        <ele>735.1392286349563</ele>
      </trkpt>
      <trkpt lat="46.432081" lon="12.913074">
        <ele>735.6579266061055</ele>
      </trkpt>
      <trkpt lat="46.432237" lon="12.913106">
        <ele>737.8765175716078</ele>
      </trkpt>
      <trkpt lat="46.43231" lon="12.912982">
        <ele>738.6301537391496</ele>
      </trkpt>
      <trkpt lat="46.43234" lon="12.912948">
        <ele>739.0292098783647</ele>
      </trkpt>
      <trkpt lat="46.432341" lon="12.912956">
        <ele>739.0668328481075</ele>
      </trkpt>
      <trkpt lat="46.43234" lon="12.912948">
        <ele>739.0292098783647</ele>
      </trkpt>
      <trkpt lat="46.432438" lon="12.91283">
        <ele>740.2667625994598</ele>
      </trkpt>
      <trkpt lat="46.432505" lon="12.912785">
        <ele>741.1056942552678</ele>
      </trkpt>
      <trkpt lat="46.432625" lon="12.912758">
        <ele>742.6847168134263</ele>
      </trkpt>
      <trkpt lat="46.432687" lon="12.912759">
        <ele>743.4822784877358</ele>
      </trkpt>
      <trkpt lat="46.432765" lon="12.912722">
        <ele>744.2936219492193</ele>
      </trkpt>
      <trkpt lat="46.432801" lon="12.912684">
        <ele>744.3942958753323</ele>
      </trkpt>
      <trkpt lat="46.432892" lon="12.912621">
        <ele>744.7709263343243</ele>
      </trkpt>
      <trkpt lat="46.43309" lon="12.912443">
        <ele>745.2171404823547</ele>
      </trkpt>
      <trkpt lat="46.433289" lon="12.912166">
        <ele>746.1433215829361</ele>
      </trkpt>
      <trkpt lat="46.433403" lon="12.912061">
        <ele>747.2872419977548</ele>
      </trkpt>
      <trkpt lat="46.433509" lon="12.912052">
        <ele>748.8529911600716</ele>
      </trkpt>
      <trkpt lat="46.433597" lon="12.912005">
        <ele>749.9054818505019</ele>
      </trkpt>
      <trkpt lat="46.433921" lon="12.911927">
        <ele>756.4308604643156</ele>
      </trkpt>
      <trkpt lat="46.434221" lon="12.911701">
        <ele>761.2956803668468</ele>
      </trkpt>
      <trkpt lat="46.434337" lon="12.91164">
        <ele>763.619832653019</ele>
      </trkpt>
      <trkpt lat="46.434393" lon="12.911632">
        <ele>765.1089885740524</ele>
      </trkpt>
      <trkpt lat="46.43441" lon="12.911665">
        <ele>766.0102211680073</ele>
      </trkpt>
      <trkpt lat="46.434426" lon="12.911697">
        <ele>766.89521242079</ele>
      </trkpt>
      <trkpt lat="46.434418" lon="12.911921">
        <ele>770.0295194146959</ele>
      </trkpt>
      <trkpt lat="46.434314" lon="12.912731">
        <ele>778.1014530947514</ele>
      </trkpt>
      <trkpt lat="46.434356" lon="12.913143">
        <ele>782.8363091566715</ele>
      </trkpt>
      <trkpt lat="46.434415" lon="12.913538">
        <ele>787.5840208740557</ele>
      </trkpt>
      <trkpt lat="46.434454" lon="12.913908">
        <ele>790.2066018708865</ele>
      </trkpt>
      <trkpt lat="46.43448" lon="12.913963">
        <ele>791.1432720426976</ele>
      </trkpt>
      <trkpt lat="46.434499" lon="12.914006">
        <ele>791.7983735205987</ele>
      </trkpt>
      <trkpt lat="46.434547" lon="12.914002">
        <ele>793.6387610454403</ele>
      </trkpt>
      <trkpt lat="46.434592" lon="12.913937">
        <ele>795.2071413463273</ele>
      </trkpt>
      <trkpt lat="46.434749" lon="12.913581">
        <ele>800.0367616157831</ele>
      </trkpt>
      <trkpt lat="46.434828" lon="12.913451">
        <ele>802.0071222177023</ele>
      </trkpt>
      <trkpt lat="46.43517" lon="12.913085">
        <ele>808.9873247680214</ele>
      </trkpt>
      <trkpt lat="46.435628" lon="12.912547">
        <ele>818.7913915049062</ele>
      </trkpt>
      <trkpt lat="46.435986" lon="12.912091">
        <ele>825.1288809861683</ele>
      </trkpt>
      <trkpt lat="46.437075" lon="12.911174">
        <ele>843.7727769894888</ele>
      </trkpt>
      <trkpt lat="46.437408" lon="12.910925">
        <ele>850.5100052832843</ele>
      </trkpt>
      <trkpt lat="46.437563" lon="12.910732">
        <ele>855.044456787685</ele>
      </trkpt>
      <trkpt lat="46.437692" lon="12.910418">
        <ele>856.0478532703489</ele>
      </trkpt>
      <trkpt lat="46.437893" lon="12.909972">
        <ele>860.2505877667718</ele>
      </trkpt>
      <trkpt lat="46.437933" lon="12.909909">
        <ele>859.1565205998013</ele>
      </trkpt>
      <trkpt lat="46.438097" lon="12.909659">
        <ele>859.6944287511225</ele>
      </trkpt>
      <trkpt lat="46.438282" lon="12.909423">
        <ele>863.3246556202963</ele>
      </trkpt>
      <trkpt lat="46.438563" lon="12.908922">
        <ele>867.0373047183582</ele>
      </trkpt>
      <trkpt lat="46.43888" lon="12.908519">
        <ele>873.3176431216416</ele>
      </trkpt>
      <trkpt lat="46.43915" lon="12.908222">
        <ele>880.6341032268656</ele>
      </trkpt>
      <trkpt lat="46.439256" lon="12.90799">
        <ele>882.199021506606</ele>
      </trkpt>
      <trkpt lat="46.439383" lon="12.907766">
        <ele>886.5663665482997</ele>
      </trkpt>
      <trkpt lat="46.439526" lon="12.907599">
        <ele>890.7925372564141</ele>
      </trkpt>
      <trkpt lat="46.439669" lon="12.907326">
        <ele>891.4963924761312</ele>
      </trkpt>
      <trkpt lat="46.439933" lon="12.907065">
        <ele>899.2121344414124</ele>
      </trkpt>
      <trkpt lat="46.440272" lon="12.906849">
        <ele>910.9884128789417</ele>
      </trkpt>
      <trkpt lat="46.440459" lon="12.906708">
        <ele>916.8485725798336</ele>
      </trkpt>
      <trkpt lat="46.440815" lon="12.906349">
        <ele>923.2042418033693</ele>
      </trkpt>
      <trkpt lat="46.441289" lon="12.906036">
        <ele>938.9527695904121</ele>
      </trkpt>
      <trkpt lat="46.441532" lon="12.905854">
        <ele>944.0955457779245</ele>
      </trkpt>
      <trkpt lat="46.44176" lon="12.905765">
        <ele>946.5973519002317</ele>
      </trkpt>
      <trkpt lat="46.441859" lon="12.90561">
        <ele>945.47947483526</ele>
      </trkpt>
      <trkpt lat="46.442329" lon="12.905655">
        <ele>955.5891444391392</ele>
      </trkpt>
      <trkpt lat="46.442596" lon="12.905822">
        <ele>963.9296841047017</ele>
      </trkpt>
      <trkpt lat="46.443019" lon="12.905861">
        <ele>968.6931885083543</ele>
      </trkpt>
      <trkpt lat="46.44332" lon="12.905878">
        <ele>970.3142435367027</ele>
      </trkpt>
      <trkpt lat="46.443463" lon="12.905898">
        <ele>970.4104808314257</ele>
      </trkpt>
      <trkpt lat="46.443519" lon="12.905955">
        <ele>971.1123481509188</ele>
      </trkpt>
      <trkpt lat="46.443494" lon="12.906185">
        <ele>975.1283850278039</ele>
      </trkpt>
      <trkpt lat="46.443404" lon="12.906299">
        <ele>979.300867949888</ele>
      </trkpt>
      <trkpt lat="46.44316" lon="12.906496">
        <ele>986.6136802699912</ele>
      </trkpt>
      <trkpt lat="46.443029" lon="12.906504">
        <ele>987.1216605079296</ele>
      </trkpt>
      <trkpt lat="46.442977" lon="12.906508">
        <ele>987.5765383510854</ele>
      </trkpt>
      <trkpt lat="46.443026" lon="12.90673">
        <ele>995.9943472759747</ele>
      </trkpt>
      <trkpt lat="46.443118" lon="12.906885">
        <ele>1000.3207519871393</ele>
      </trkpt>
      <trkpt lat="46.44376" lon="12.907111">
        <ele>1012.8213050766111</ele>
      </trkpt>
      <trkpt lat="46.444105" lon="12.907105">
        <ele>1014.1997942147847</ele>
      </trkpt>
      <trkpt lat="46.444372" lon="12.906928">
        <ele>1015.2796516121844</ele>
      </trkpt>
      <trkpt lat="46.444619" lon="12.906708">
        <ele>1015.7327248000263</ele>
      </trkpt>
      <trkpt lat="46.444764" lon="12.906504">
        <ele>1016.5497251038917</ele>
      </trkpt>
      <trkpt lat="46.44491" lon="12.906301">
        <ele>1019.0727458822798</ele>
      </trkpt>
      <trkpt lat="46.445011" lon="12.90601">
        <ele>1022.4195733762866</ele>
      </trkpt>
      <trkpt lat="46.445213" lon="12.905429">
        <ele>1032.0910426245491</ele>
      </trkpt>
      <trkpt lat="46.445361" lon="12.904651">
        <ele>1036.1554766821005</ele>
      </trkpt>
      <trkpt lat="46.445424" lon="12.904315">
        <ele>1039.485746531565</ele>
      </trkpt>
      <trkpt lat="46.445615" lon="12.903308">
        <ele>1047.322470420738</ele>
      </trkpt>
      <trkpt lat="46.445834" lon="12.902896">
        <ele>1053.6213853987765</ele>
      </trkpt>
      <trkpt lat="46.445909" lon="12.902628">
        <ele>1055.7505746736529</ele>
      </trkpt>
      <trkpt lat="46.445941" lon="12.90234">
        <ele>1057.6149760677583</ele>
      </trkpt>
      <trkpt lat="46.446078" lon="12.902086">
        <ele>1063.4354111443336</ele>
      </trkpt>
      <trkpt lat="46.446247" lon="12.901964">
        <ele>1069.1744617758359</ele>
      </trkpt>
      <trkpt lat="46.446662" lon="12.901801">
        <ele>1078.7979962164222</ele>
      </trkpt>
      <trkpt lat="46.446971" lon="12.90176">
        <ele>1081.6495574169571</ele>
      </trkpt>
      <trkpt lat="46.447286" lon="12.901789">
        <ele>1085.6872456950646</ele>
      </trkpt>
      <trkpt lat="46.447503" lon="12.901877">
        <ele>1086.8472610718234</ele>
      </trkpt>
      <trkpt lat="46.447687" lon="12.902151">
        <ele>1089.3941609600054</ele>
      </trkpt>
      <trkpt lat="46.447831" lon="12.902589">
        <ele>1090.5536677674356</ele>
      </trkpt>
      <trkpt lat="46.44808" lon="12.903017">
        <ele>1088.8056202359198</ele>
      </trkpt>
      <trkpt lat="46.448274" lon="12.903288">
        <ele>1086.8828280500572</ele>
      </trkpt>
      <trkpt lat="46.448341" lon="12.903381">
        <ele>1085.9535486114987</ele>
      </trkpt>
      <trkpt lat="46.448573" lon="12.90418">
        <ele>1087.1718704375828</ele>
      </trkpt>
      <trkpt lat="46.448709" lon="12.905002">
        <ele>1092.0602806743907</ele>
      </trkpt>
      <trkpt lat="46.448902" lon="12.905797">
        <ele>1092.691190842624</ele>
      </trkpt>
      <trkpt lat="46.449039" lon="12.906131">
        <ele>1096.2163278547696</ele>
      </trkpt>
      <trkpt lat="46.449367" lon="12.906287">
        <ele>1092.5014616881708</ele>
      </trkpt>
      <trkpt lat="46.449726" lon="12.906598">
        <ele>1096.6378895998728</ele>
      </trkpt>
      <trkpt lat="46.450102" lon="12.906956">
        <ele>1094.1182168908922</ele>
      </trkpt>
      <trkpt lat="46.45023" lon="12.907103">
        <ele>1095.5857640881977</ele>
      </trkpt>
      <trkpt lat="46.450486" lon="12.907058">
        <ele>1094.880328082233</ele>
      </trkpt>
      <trkpt lat="46.450808" lon="12.9071">
        <ele>1101.5670751396678</ele>
      </trkpt>
      <trkpt lat="46.450954" lon="12.907211">
        <ele>1103.931078345805</ele>
      </trkpt>
      <trkpt lat="46.451093" lon="12.907442">
        <ele>1106.5061967297115</ele>
      </trkpt>
      <trkpt lat="46.451212" lon="12.907573">
        <ele>1109.39986938232</ele>
      </trkpt>
      <trkpt lat="46.451345" lon="12.907698">
        <ele>1112.7551786506865</ele>
      </trkpt>
      <trkpt lat="46.451372" lon="12.907775">
        <ele>1114.4367416038492</ele>
      </trkpt>
      <trkpt lat="46.451406" lon="12.907824">
        <ele>1115.5932839352413</ele>
      </trkpt>
      <trkpt lat="46.451453" lon="12.907863">
        <ele>1116.4844611253095</ele>
      </trkpt>
      <trkpt lat="46.451647" lon="12.907894">
        <ele>1117.3689979980986</ele>
      </trkpt>
      <trkpt lat="46.451904" lon="12.908056">
        <ele>1123.0957799861249</ele>
      </trkpt>
      <trkpt lat="46.452055" lon="12.908185">
        <ele>1127.5218277969116</ele>
      </trkpt>
      <trkpt lat="46.452507" lon="12.908651">
        <ele>1132.4712140669094</ele>
      </trkpt>
      <trkpt lat="46.45296" lon="12.90891">
        <ele>1134.760367835659</ele>
      </trkpt>
      <trkpt lat="46.45302" lon="12.908971">
        <ele>1134.9426992367646</ele>
      </trkpt>
      <trkpt lat="46.453046" lon="12.908996">
        <ele>1135.2410830411566</ele>
      </trkpt>
      <trkpt lat="46.453077" lon="12.909098">
        <ele>1135.6699507301041</ele>
      </trkpt>
      <trkpt lat="46.453082" lon="12.909195">
        <ele>1136.1925833014134</ele>
      </trkpt>
      <trkpt lat="46.453058" lon="12.909417">
        <ele>1137.5947915218264</ele>
      </trkpt>
      <trkpt lat="46.452857" lon="12.910708">
        <ele>1141.9814959007126</ele>
      </trkpt>
      <trkpt lat="46.452857" lon="12.910834">
        <ele>1142.104841946837</ele>
      </trkpt>
      <trkpt lat="46.452997" lon="12.91139">
        <ele>1146.1606126443519</ele>
      </trkpt>
      <trkpt lat="46.453025" lon="12.911627">
        <ele>1147.5645926153934</ele>
      </trkpt>
      <trkpt lat="46.453032" lon="12.912049">
        <ele>1149.3656719695891</ele>
      </trkpt>
      <trkpt lat="46.453053" lon="12.912255">
        <ele>1149.998076071021</ele>
      </trkpt>
      <trkpt lat="46.453086" lon="12.912316">
        <ele>1150.4290411124953</ele>
      </trkpt>
      <trkpt lat="46.453134" lon="12.912378">
        <ele>1151.0277574111044</ele>
      </trkpt>
      <trkpt lat="46.453247" lon="12.912489">
        <ele>1152.4104951007698</ele>
      </trkpt>
      <trkpt lat="46.453323" lon="12.912591">
        <ele>1153.2500536374844</ele>
      </trkpt>
      <trkpt lat="46.453455" lon="12.912856">
        <ele>1154.507910140447</ele>
      </trkpt>
      <trkpt lat="46.453555" lon="12.913083">
        <ele>1155.4174862610596</ele>
      </trkpt>
      <trkpt lat="46.453625" lon="12.913157">
        <ele>1155.8040276768609</ele>
      </trkpt>
      <trkpt lat="46.453733" lon="12.913211">
        <ele>1156.4635626132165</ele>
      </trkpt>
      <trkpt lat="46.453842" lon="12.913224">
        <ele>1157.3296699488308</ele>
      </trkpt>
      <trkpt lat="46.454015" lon="12.913166">
        <ele>1160.0992073498735</ele>
      </trkpt>
      <trkpt lat="46.454071" lon="12.913098">
        <ele>1162.2611182721294</ele>
      </trkpt>
      <trkpt lat="46.454253" lon="12.912875">
        <ele>1168.4467251296946</ele>
      </trkpt>
      <trkpt lat="46.454479" lon="12.912672">
        <ele>1171.9955589556716</ele>
      </trkpt>
      <trkpt lat="46.454569" lon="12.912651">
        <ele>1172.2834525143821</ele>
      </trkpt>
      <trkpt lat="46.454677" lon="12.912662">
        <ele>1172.7975457745997</ele>
      </trkpt>
      <trkpt lat="46.454721" lon="12.912698">
        <ele>1173.3993611001056</ele>
      </trkpt>
      <trkpt lat="46.454985" lon="12.913142">
        <ele>1178.383703326161</ele>
      </trkpt>
      <trkpt lat="46.455045" lon="12.913234">
        <ele>1178.2809512656384</ele>
      </trkpt>
      <trkpt lat="46.455088" lon="12.913302">
        <ele>1177.7097164432641</ele>
      </trkpt>
      <trkpt lat="46.4552" lon="12.913358">
        <ele>1179.2496051306396</ele>
      </trkpt>
      <trkpt lat="46.455569" lon="12.913421">
        <ele>1188.0863577323162</ele>
      </trkpt>
      <trkpt lat="46.4556" lon="12.91345">
        <ele>1189.0437607159947</ele>
      </trkpt>
      <trkpt lat="46.455628" lon="12.91351">
        <ele>1189.7455387264094</ele>
      </trkpt>
      <trkpt lat="46.455645" lon="12.914036">
        <ele>1192.7047852331407</ele>
      </trkpt>
      <trkpt lat="46.455745" lon="12.914817">
        <ele>1200.7825739593131</ele>
      </trkpt>
      <trkpt lat="46.455779" lon="12.915441">
        <ele>1205.6661180888213</ele>
      </trkpt>
      <trkpt lat="46.455823" lon="12.915585">
        <ele>1207.7455425867345</ele>
      </trkpt>
      <trkpt lat="46.455881" lon="12.915706">
        <ele>1210.3580964731154</ele>
      </trkpt>
      <trkpt lat="46.455897" lon="12.915824">
        <ele>1211.4771887079326</ele>
      </trkpt>
      <trkpt lat="46.455859" lon="12.915963">
        <ele>1210.3561209307945</ele>
      </trkpt>
      <trkpt lat="46.455881" lon="12.916887">
        <ele>1218.6081273827256</ele>
      </trkpt>
      <trkpt lat="46.45589" lon="12.916951">
        <ele>1218.8663286611197</ele>
      </trkpt>
      <trkpt lat="46.455904" lon="12.916956">
        <ele>1219.107752470657</ele>
      </trkpt>
      <trkpt lat="46.455971" lon="12.916921">
        <ele>1219.8362196745213</ele>
      </trkpt>
      <trkpt lat="46.456003" lon="12.91686">
        <ele>1219.7983098353334</ele>
      </trkpt>
      <trkpt lat="46.45604" lon="12.916717">
        <ele>1219.8664241581248</ele>
      </trkpt>
      <trkpt lat="46.456098" lon="12.916612">
        <ele>1220.9690959178508</ele>
      </trkpt>
      <trkpt lat="46.456181" lon="12.916584">
        <ele>1221.989591507463</ele>
      </trkpt>
      <trkpt lat="46.456276" lon="12.916627">
        <ele>1221.4500614172343</ele>
      </trkpt>
      <trkpt lat="46.456338" lon="12.916736">
        <ele>1220.9765892695511</ele>
      </trkpt>
      <trkpt lat="46.456565" lon="12.917173">
        <ele>1223.413678389994</ele>
      </trkpt>
      <trkpt lat="46.456664" lon="12.917296">
        <ele>1224.2704308200077</ele>
      </trkpt>
      <trkpt lat="46.456835" lon="12.917375">
        <ele>1225.8856821360828</ele>
      </trkpt>
      <trkpt lat="46.457374" lon="12.917506">
        <ele>1232.0648466012924</ele>
      </trkpt>
      <trkpt lat="46.457717" lon="12.917504">
        <ele>1236.140827687897</ele>
      </trkpt>
      <trkpt lat="46.457783" lon="12.917463">
        <ele>1237.4727431130532</ele>
      </trkpt>
      <trkpt lat="46.457938" lon="12.917243">
        <ele>1242.3291152475526</ele>
      </trkpt>
      <trkpt lat="46.458082" lon="12.917018">
        <ele>1243.5435069367772</ele>
      </trkpt>
      <trkpt lat="46.45822" lon="12.916911">
        <ele>1242.375700958994</ele>
      </trkpt>
      <trkpt lat="46.458396" lon="12.916856">
        <ele>1241.367781817419</ele>
      </trkpt>
      <trkpt lat="46.458561" lon="12.916785">
        <ele>1244.3295793507164</ele>
      </trkpt>
      <trkpt lat="46.458609" lon="12.916801">
        <ele>1245.267123290187</ele>
      </trkpt>
      <trkpt lat="46.458646" lon="12.91684">
        <ele>1245.4672608158862</ele>
      </trkpt>
      <trkpt lat="46.458668" lon="12.916902">
        <ele>1245.6095743828278</ele>
      </trkpt>
      <trkpt lat="46.458677" lon="12.91702">
        <ele>1244.7432647616156</ele>
      </trkpt>
      <trkpt lat="46.458695" lon="12.917116">
        <ele>1244.4030008696886</ele>
      </trkpt>
      <trkpt lat="46.458743" lon="12.917178">
        <ele>1246.2250111171168</ele>
      </trkpt>
      <trkpt lat="46.458818" lon="12.917213">
        <ele>1248.6888354872244</ele>
      </trkpt>
      <trkpt lat="46.459" lon="12.917214">
        <ele>1254.0967616876726</ele>
      </trkpt>
      <trkpt lat="46.459115" lon="12.917224">
        <ele>1256.039939090318</ele>
      </trkpt>
      <trkpt lat="46.459234" lon="12.917295">
        <ele>1255.4398659831106</ele>
      </trkpt>
      <trkpt lat="46.459422" lon="12.917472">
        <ele>1254.071098039966</ele>
      </trkpt>
      <trkpt lat="46.459715" lon="12.917751">
        <ele>1261.5182966639727</ele>
      </trkpt>
      <trkpt lat="46.459824" lon="12.917896">
        <ele>1263.1163460811854</ele>
      </trkpt>
      <trkpt lat="46.459895" lon="12.917922">
        <ele>1265.8058799090386</ele>
      </trkpt>
      <trkpt lat="46.45998" lon="12.917913">
        <ele>1270.328997337912</ele>
      </trkpt>
      <trkpt lat="46.460064" lon="12.917886">
        <ele>1274.154037484324</ele>
      </trkpt>
      <trkpt lat="46.460128" lon="12.917893">
        <ele>1275.6068988059917</ele>
      </trkpt>
      <trkpt lat="46.460171" lon="12.917912">
        <ele>1275.9075741886993</ele>
      </trkpt>
      <trkpt lat="46.460281" lon="12.918007">
        <ele>1275.2685306078527</ele>
      </trkpt>
      <trkpt lat="46.460347" lon="12.91802">
        <ele>1276.3996636976358</ele>
      </trkpt>
      <trkpt lat="46.460472" lon="12.918091">
        <ele>1275.4643454682835</ele>
      </trkpt>
      <trkpt lat="46.46055" lon="12.91807">
        <ele>1277.5027969576167</ele>
      </trkpt>
      <trkpt lat="46.46064" lon="12.918061">
        <ele>1279.4175399049884</ele>
      </trkpt>
      <trkpt lat="46.460846" lon="12.918142">
        <ele>1282.103808434654</ele>
      </trkpt>
      <trkpt lat="46.460879" lon="12.918147">
        <ele>1283.3314373925582</ele>
      </trkpt>
      <trkpt lat="46.460972" lon="12.91809">
        <ele>1288.1726590349724</ele>
      </trkpt>
      <trkpt lat="46.461053" lon="12.91798">
        <ele>1291.526558006148</ele>
      </trkpt>
      <trkpt lat="46.461115" lon="12.917874">
        <ele>1293.067746575992</ele>
      </trkpt>
      <trkpt lat="46.461378" lon="12.917518">
        <ele>1299.717017032902</ele>
      </trkpt>
      <trkpt lat="46.461459" lon="12.917425">
        <ele>1301.1328561446905</ele>
      </trkpt>
      <trkpt lat="46.461546" lon="12.917377">
        <ele>1301.5344580103547</ele>
      </trkpt>
      <trkpt lat="46.46159" lon="12.917323">
        <ele>1302.1313479094824</ele>
      </trkpt>
      <trkpt lat="46.46161" lon="12.917228">
        <ele>1303.1618500001757</ele>
      </trkpt>
      <trkpt lat="46.461614" lon="12.916988">
        <ele>1306.0592777733289</ele>
      </trkpt>
      <trkpt lat="46.461631" lon="12.916897">
        <ele>1307.042650806252</ele>
      </trkpt>
      <trkpt lat="46.461669" lon="12.916814">
        <ele>1307.9649649651892</ele>
      </trkpt>
      <trkpt lat="46.461717" lon="12.916772">
        <ele>1308.3469152528698</ele>
      </trkpt>
      <trkpt lat="46.461797" lon="12.916741">
        <ele>1308.6173725058115</ele>
      </trkpt>
      <trkpt lat="46.462034" lon="12.916713">
        <ele>1309.9411792005108</ele>
      </trkpt>
      <trkpt lat="46.462109" lon="12.916678">
        <ele>1311.1067853615941</ele>
      </trkpt>
      <trkpt lat="46.462177" lon="12.916627">
        <ele>1312.6940507195645</ele>
      </trkpt>
      <trkpt lat="46.46236" lon="12.916458">
        <ele>1316.5820728552978</ele>
      </trkpt>
      <trkpt lat="46.462477" lon="12.916313">
        <ele>1319.3753925703909</ele>
      </trkpt>
      <trkpt lat="46.462561" lon="12.916173">
        <ele>1322.4935744118825</ele>
      </trkpt>
      <trkpt lat="46.462581" lon="12.916151">
        <ele>1322.971602313547</ele>
      </trkpt>
      <trkpt lat="46.462639" lon="12.916118">
        <ele>1323.970278599525</ele>
      </trkpt>
      <trkpt lat="46.462804" lon="12.916067">
        <ele>1324.6466234233199</ele>
      </trkpt>
      <trkpt lat="46.462841" lon="12.916032">
        <ele>1325.3943938672933</ele>
      </trkpt>
      <trkpt lat="46.46285" lon="12.915988">
        <ele>1326.938126484459</ele>
      </trkpt>
      <trkpt lat="46.462844" lon="12.915948">
        <ele>1328.6505851667687</ele>
      </trkpt>
      <trkpt lat="46.462826" lon="12.915925">
        <ele>1329.8519352180956</ele>
      </trkpt>
      <trkpt lat="46.462802" lon="12.915919">
        <ele>1330.3448260921834</ele>
      </trkpt>
      <trkpt lat="46.462712" lon="12.915921">
        <ele>1330.8272557297792</ele>
      </trkpt>
      <trkpt lat="46.462616" lon="12.915861">
        <ele>1334.1536612440364</ele>
      </trkpt>
      <trkpt lat="46.462556" lon="12.915838">
        <ele>1335.9411743899566</ele>
      </trkpt>
      <trkpt lat="46.462502" lon="12.915862">
        <ele>1335.6132640617045</ele>
      </trkpt>
      <trkpt lat="46.462416" lon="12.915934">
        <ele>1333.3907757193308</ele>
      </trkpt>
      <trkpt lat="46.46222" lon="12.916052">
        <ele>1331.7621635281905</ele>
      </trkpt>
      <trkpt lat="46.462111" lon="12.916082">
        <ele>1332.4406318050933</ele>
      </trkpt>
      <trkpt lat="46.462019" lon="12.91606">
        <ele>1334.2593927202101</ele>
      </trkpt>
      <trkpt lat="46.461967" lon="12.916021">
        <ele>1336.1162438126503</ele>
      </trkpt>
      <trkpt lat="46.461889" lon="12.9159">
        <ele>1341.1111461862743</ele>
      </trkpt>
      <trkpt lat="46.461819" lon="12.915765">
        <ele>1346.5195121071847</ele>
      </trkpt>
      <trkpt lat="46.461749" lon="12.91568">
        <ele>1349.7032671105374</ele>
      </trkpt>
      <trkpt lat="46.461591" lon="12.915645">
        <ele>1352.9836419393966</ele>
      </trkpt>
      <trkpt lat="46.461351" lon="12.915701">
        <ele>1357.6433337958783</ele>
      </trkpt>
      <trkpt lat="46.461278" lon="12.91573">
        <ele>1358.463909677756</ele>
      </trkpt>
      <trkpt lat="46.460926" lon="12.915777">
        <ele>1360.4550617594941</ele>
      </trkpt>
      <trkpt lat="46.460842" lon="12.915764">
        <ele>1360.3835487360618</ele>
      </trkpt>
      <trkpt lat="46.460691" lon="12.915662">
        <ele>1361.4739779362662</ele>
      </trkpt>
      <trkpt lat="46.460631" lon="12.91559">
        <ele>1362.324970660067</ele>
      </trkpt>
      <trkpt lat="46.460571" lon="12.915492">
        <ele>1363.5790474993985</ele>
      </trkpt>
      <trkpt lat="46.460536" lon="12.915379">
        <ele>1365.132834799733</ele>
      </trkpt>
      <trkpt lat="46.460526" lon="12.915278">
        <ele>1366.9039130519309</ele>
      </trkpt>
      <trkpt lat="46.460404" lon="12.914997">
        <ele>1369.4105540438302</ele>
      </trkpt>
      <trkpt lat="46.460393" lon="12.914947">
        <ele>1370.1950194252122</ele>
      </trkpt>
      <trkpt lat="46.460396" lon="12.914902">
        <ele>1371.4496827077605</ele>
      </trkpt>
      <trkpt lat="46.460415" lon="12.914884">
        <ele>1372.799459341144</ele>
      </trkpt>
      <trkpt lat="46.460465" lon="12.914895">
        <ele>1374.6917306087812</ele>
      </trkpt>
      <trkpt lat="46.460536" lon="12.914957">
        <ele>1375.5048769941038</ele>
      </trkpt>
      <trkpt lat="46.460662" lon="12.91511">
        <ele>1374.5936603684306</ele>
      </trkpt>
      <trkpt lat="46.460711" lon="12.915149">
        <ele>1374.807004182333</ele>
      </trkpt>
      <trkpt lat="46.460761" lon="12.915135">
        <ele>1376.2937542570703</ele>
      </trkpt>
      <trkpt lat="46.461042" lon="12.914961">
        <ele>1383.5202127705488</ele>
      </trkpt>
      <trkpt lat="46.461291" lon="12.914762">
        <ele>1387.969688283467</ele>
      </trkpt>
      <trkpt lat="46.461597" lon="12.914438">
        <ele>1395.4536158079636</ele>
      </trkpt>
      <trkpt lat="46.461959" lon="12.91417">
        <ele>1401.8768325250205</ele>
      </trkpt>
      <trkpt lat="46.46233" lon="12.913929">
        <ele>1408.744975436933</ele>
      </trkpt>
      <trkpt lat="46.463003" lon="12.913696">
        <ele>1419.1781685306491</ele>
      </trkpt>
      <trkpt lat="46.463124" lon="12.913681">
        <ele>1420.6019195622148</ele>
      </trkpt>
      <trkpt lat="46.463395" lon="12.913675">
        <ele>1423.423884252454</ele>
      </trkpt>
      <trkpt lat="46.463716" lon="12.913598">
        <ele>1430.5293709454895</ele>
      </trkpt>
      <trkpt lat="46.463829" lon="12.913595">
        <ele>1432.0951124878738</ele>
      </trkpt>
      <trkpt lat="46.463936" lon="12.913618">
        <ele>1432.4581964610763</ele>
      </trkpt>
      <trkpt lat="46.464016" lon="12.913638">
        <ele>1432.4661785565163</ele>
      </trkpt>
      <trkpt lat="46.464122" lon="12.913691">
        <ele>1430.8415593012155</ele>
      </trkpt>
      <trkpt lat="46.464165" lon="12.913679">
        <ele>1431.4368671836778</ele>
      </trkpt>
      <trkpt lat="46.464182" lon="12.913627">
        <ele>1434.0342142647226</ele>
      </trkpt>
      <trkpt lat="46.464176" lon="12.913599">
        <ele>1435.3749011413222</ele>
      </trkpt>
      <trkpt lat="46.464159" lon="12.913572">
        <ele>1436.5337814186357</ele>
      </trkpt>
      <trkpt lat="46.464107" lon="12.913543">
        <ele>1437.227093657817</ele>
      </trkpt>
      <trkpt lat="46.464064" lon="12.913528">
        <ele>1437.3491968419628</ele>
      </trkpt>
      <trkpt lat="46.463801" lon="12.913376">
        <ele>1440.1296471693008</ele>
      </trkpt>
      <trkpt lat="46.463464" lon="12.913329">
        <ele>1439.1296887485048</ele>
      </trkpt>
      <trkpt lat="46.46338" lon="12.913294">
        <ele>1440.3140191843527</ele>
      </trkpt>
      <trkpt lat="46.463131" lon="12.913142">
        <ele>1447.6538383610741</ele>
      </trkpt>
      <trkpt lat="46.462943" lon="12.913052">
        <ele>1451.9541156349867</ele>
      </trkpt>
      <trkpt lat="46.462731" lon="12.912998">
        <ele>1454.5604624358202</ele>
      </trkpt>
      <trkpt lat="46.462628" lon="12.912997">
        <ele>1455.1832682659183</ele>
      </trkpt>
      <trkpt lat="46.462473" lon="12.913024">
        <ele>1454.8979170307612</ele>
      </trkpt>
      <trkpt lat="46.462302" lon="12.913008">
        <ele>1456.6181564289936</ele>
      </trkpt>
      <trkpt lat="46.462231" lon="12.912986">
        <ele>1458.0353849463054</ele>
      </trkpt>
      <trkpt lat="46.462016" lon="12.912845">
        <ele>1465.2754790703948</ele>
      </trkpt>
      <trkpt lat="46.461856" lon="12.912838">
        <ele>1465.521049201618</ele>
      </trkpt>
      <trkpt lat="46.461628" lon="12.912861">
        <ele>1466.4611494676988</ele>
      </trkpt>
      <trkpt lat="46.461596" lon="12.912821">
        <ele>1468.5543154972195</ele>
      </trkpt>
      <trkpt lat="46.461601" lon="12.912765">
        <ele>1470.6137041923503</ele>
      </trkpt>
      <trkpt lat="46.461975" lon="12.912664">
        <ele>1474.0526166523962</ele>
      </trkpt>
      <trkpt lat="46.462242" lon="12.912615">
        <ele>1477.9263431931602</ele>
      </trkpt>
      <trkpt lat="46.462826" lon="12.912316">
        <ele>1487.8759469913853</ele>
      </trkpt>
      <trkpt lat="46.462984" lon="12.912253">
        <ele>1490.2084317513472</ele>
      </trkpt>
      <trkpt lat="46.463254" lon="12.912226">
        <ele>1492.725660412561</ele>
      </trkpt>
      <trkpt lat="46.463524" lon="12.912198">
        <ele>1497.5726581618026</ele>
      </trkpt>
      <trkpt lat="46.463926" lon="12.912124">
        <ele>1503.4142679282245</ele>
      </trkpt>
      <trkpt lat="46.46409" lon="12.912139">
        <ele>1504.449296821592</ele>
      </trkpt>
      <trkpt lat="46.464466" lon="12.912225">
        <ele>1507.9296041417904</ele>
      </trkpt>
      <trkpt lat="46.46472" lon="12.912375">
        <ele>1511.8537666057593</ele>
      </trkpt>
      <trkpt lat="46.464911" lon="12.912594">
        <ele>1512.5143195796106</ele>
      </trkpt>
      <trkpt lat="46.465256" lon="12.91267">
        <ele>1518.8663088921476</ele>
      </trkpt>
      <trkpt lat="46.465445" lon="12.91269">
        <ele>1523.527680995006</ele>
      </trkpt>
      <trkpt lat="46.465553" lon="12.912729">
        <ele>1525.4895886730872</ele>
      </trkpt>
      <trkpt lat="46.465629" lon="12.912784">
        <ele>1526.5988909655125</ele>
      </trkpt>
      <trkpt lat="46.465852" lon="12.91307">
        <ele>1526.3103782999601</ele>
      </trkpt>
      <trkpt lat="46.465937" lon="12.913117">
        <ele>1528.3465309818166</ele>
      </trkpt>
      <trkpt lat="46.465956" lon="12.913051">
        <ele>1532.102231582331</ele>
      </trkpt>
      <trkpt lat="46.465936" lon="12.913009">
        <ele>1532.6948885960085</ele>
      </trkpt>
      <trkpt lat="46.465873" lon="12.912929">
        <ele>1532.6314320422896</ele>
      </trkpt>
      <trkpt lat="46.465701" lon="12.912575">
        <ele>1537.2353980920125</ele>
      </trkpt>
      <trkpt lat="46.465602" lon="12.912436">
        <ele>1539.061131265121</ele>
      </trkpt>
      <trkpt lat="46.465535" lon="12.91237">
        <ele>1539.9428088251198</ele>
      </trkpt>
      <trkpt lat="46.465447" lon="12.912306">
        <ele>1541.646884437184</ele>
      </trkpt>
      <trkpt lat="46.465284" lon="12.912282">
        <ele>1541.078637732335</ele>
      </trkpt>
      <trkpt lat="46.46523" lon="12.912253">
        <ele>1541.0688621338466</ele>
      </trkpt>
      <trkpt lat="46.465194" lon="12.912207">
        <ele>1542.6330322830354</ele>
      </trkpt>
      <trkpt lat="46.465106" lon="12.912013">
        <ele>1546.5280380652785</ele>
      </trkpt>
      <trkpt lat="46.464989" lon="12.911801">
        <ele>1548.571009289236</ele>
      </trkpt>
      <trkpt lat="46.464962" lon="12.911724">
        <ele>1550.1959889594004</ele>
      </trkpt>
      <trkpt lat="46.46497" lon="12.91169">
        <ele>1551.6483946938065</ele>
      </trkpt>
      <trkpt lat="46.465014" lon="12.911674">
        <ele>1553.479506717969</ele>
      </trkpt>
      <trkpt lat="46.465038" lon="12.911681">
        <ele>1554.0903914439477</ele>
      </trkpt>
      <trkpt lat="46.465197" lon="12.911933">
        <ele>1552.0469471415245</ele>
      </trkpt>
      <trkpt lat="46.465263" lon="12.911997">
        <ele>1551.9350591387224</ele>
      </trkpt>
      <trkpt lat="46.465436" lon="12.911984">
        <ele>1554.9276041255866</ele>
      </trkpt>
      <trkpt lat="46.465619" lon="12.911988">
        <ele>1559.4724386121866</ele>
      </trkpt>
      <trkpt lat="46.465712" lon="12.912026">
        <ele>1561.5008247189492</ele>
      </trkpt>
      <trkpt lat="46.46593" lon="12.912219">
        <ele>1564.101579036764</ele>
      </trkpt>
      <trkpt lat="46.466038" lon="12.912365">
        <ele>1564.9442724700034</ele>
      </trkpt>
      <trkpt lat="46.466228" lon="12.912559">
        <ele>1569.1648045489553</ele>
      </trkpt>
      <trkpt lat="46.466399" lon="12.91272">
        <ele>1571.2707061781232</ele>
      </trkpt>
      <trkpt lat="46.466521" lon="12.912808">
        <ele>1574.2279389594416</ele>
      </trkpt>
      <trkpt lat="46.466693" lon="12.912959">
        <ele>1577.6413226012269</ele>
      </trkpt>
      <trkpt lat="46.466888" lon="12.91317">
        <ele>1583.146861945902</ele>
      </trkpt>
      <trkpt lat="46.466978" lon="12.913331">
        <ele>1586.147225595786</ele>
      </trkpt>
      <trkpt lat="46.467047" lon="12.913569">
        <ele>1590.136999658167</ele>
      </trkpt>
      <trkpt lat="46.467037" lon="12.913691">
        <ele>1591.6709833734672</ele>
      </trkpt>
      <trkpt lat="46.467017" lon="12.913773">
        <ele>1592.806006877681</ele>
      </trkpt>
      <trkpt lat="46.467021" lon="12.913823">
        <ele>1595.212646692575</ele>
      </trkpt>
      <trkpt lat="46.467032" lon="12.913844">
        <ele>1596.6609891316657</ele>
      </trkpt>
      <trkpt lat="46.467056" lon="12.913856">
        <ele>1598.2990568694454</ele>
      </trkpt>
      <trkpt lat="46.467079" lon="12.913836">
        <ele>1598.769957888081</ele>
      </trkpt>
      <trkpt lat="46.467092" lon="12.913793">
        <ele>1598.0214259504903</ele>
      </trkpt>
      <trkpt lat="46.4671" lon="12.913699">
        <ele>1596.0974033885032</ele>
      </trkpt>
      <trkpt lat="46.467123" lon="12.913515">
        <ele>1595.9885427568584</ele>
      </trkpt>
      <trkpt lat="46.467126" lon="12.913348">
        <ele>1596.8688592144235</ele>
      </trkpt>
      <trkpt lat="46.467099" lon="12.913185">
        <ele>1597.4047352423418</ele>
      </trkpt>
      <trkpt lat="46.466993" lon="12.912873">
        <ele>1600.165099011063</ele>
      </trkpt>
      <trkpt lat="46.466907" lon="12.912672">
        <ele>1604.1080558828126</ele>
      </trkpt>
      <trkpt lat="46.466791" lon="12.912523">
        <ele>1604.4513520380233</ele>
      </trkpt>
      <trkpt lat="46.466757" lon="12.91246">
        <ele>1605.5378977188857</ele>
      </trkpt>
      <trkpt lat="46.466778" lon="12.912425">
        <ele>1608.2947531819607</ele>
      </trkpt>
      <trkpt lat="46.466808" lon="12.912429">
        <ele>1609.670123380982</ele>
      </trkpt>
      <trkpt lat="46.46688" lon="12.912487">
        <ele>1610.9129047118795</ele>
      </trkpt>
      <trkpt lat="46.467203" lon="12.912958">
        <ele>1611.8129946913255</ele>
      </trkpt>
      <trkpt lat="46.467266" lon="12.913082">
        <ele>1613.0232356411968</ele>
      </trkpt>
      <trkpt lat="46.467319" lon="12.913195">
        <ele>1614.8381738714638</ele>
      </trkpt>
      <trkpt lat="46.467343" lon="12.913324">
        <ele>1615.30021751543</ele>
      </trkpt>
      <trkpt lat="46.467384" lon="12.913503">
        <ele>1618.4792532724405</ele>
      </trkpt>
      <trkpt lat="46.467413" lon="12.913902">
        <ele>1624.2956344294357</ele>
      </trkpt>
      <trkpt lat="46.467417" lon="12.914053">
        <ele>1627.8308281072996</ele>
      </trkpt>
      <trkpt lat="46.467383" lon="12.914239">
        <ele>1631.382154351197</ele>
      </trkpt>
      <trkpt lat="46.467279" lon="12.914565">
        <ele>1629.8248606267782</ele>
      </trkpt>
      <trkpt lat="46.467278" lon="12.914613">
        <ele>1628.8150488917167</ele>
      </trkpt>
      <trkpt lat="46.467283" lon="12.914628">
        <ele>1628.1278724215606</ele>
      </trkpt>
      <trkpt lat="46.467295" lon="12.914661">
        <ele>1626.5951516656974</ele>
      </trkpt>
      <trkpt lat="46.467345" lon="12.914684">
        <ele>1625.8360442149863</ele>
      </trkpt>
      <trkpt lat="46.467439" lon="12.914672">
        <ele>1627.4025850342434</ele>
      </trkpt>
      <trkpt lat="46.467513" lon="12.914676">
        <ele>1627.8248815803915</ele>
      </trkpt>
      <trkpt lat="46.467803" lon="12.914732">
        <ele>1630.00913982397</ele>
      </trkpt>
      <trkpt lat="46.468019" lon="12.914757">
        <ele>1636.234473846262</ele>
      </trkpt>
      <trkpt lat="46.468063" lon="12.914778">
        <ele>1637.6100296497539</ele>
      </trkpt>
      <trkpt lat="46.468142" lon="12.914859">
        <ele>1638.202174976925</ele>
      </trkpt>
      <trkpt lat="46.468188" lon="12.914948">
        <ele>1636.791003534474</ele>
      </trkpt>
      <trkpt lat="46.468218" lon="12.915051">
        <ele>1633.2304364094355</ele>
      </trkpt>
      <trkpt lat="46.468259" lon="12.915106">
        <ele>1632.9791008114369</ele>
      </trkpt>
      <trkpt lat="46.468325" lon="12.915141">
        <ele>1633.8430690789667</ele>
      </trkpt>
      <trkpt lat="46.468515" lon="12.915146">
        <ele>1637.8291422818397</ele>
      </trkpt>
      <trkpt lat="46.468603" lon="12.91513">
        <ele>1639.2338473987004</ele>
      </trkpt>
      <trkpt lat="46.468662" lon="12.91507">
        <ele>1641.7741211265698</ele>
      </trkpt>
      <trkpt lat="46.468812" lon="12.914761">
        <ele>1651.704243665947</ele>
      </trkpt>
      <trkpt lat="46.468947" lon="12.914606">
        <ele>1652.5366928978956</ele>
      </trkpt>
      <trkpt lat="46.469022" lon="12.914574">
        <ele>1652.4779352678727</ele>
      </trkpt>
      <trkpt lat="46.469275" lon="12.914528">
        <ele>1652.8300522148102</ele>
      </trkpt>
      <trkpt lat="46.469512" lon="12.914427">
        <ele>1657.4795016147882</ele>
      </trkpt>
      <trkpt lat="46.469711" lon="12.914478">
        <ele>1659.1382670368637</ele>
      </trkpt>
      <trkpt lat="46.469791" lon="12.91452">
        <ele>1660.3189097818235</ele>
      </trkpt>
      <trkpt lat="46.469847" lon="12.914572">
        <ele>1659.7300463918004</ele>
      </trkpt>
      <trkpt lat="46.469893" lon="12.914587">
        <ele>1660.648973904886</ele>
      </trkpt>
      <trkpt lat="46.469952" lon="12.914572">
        <ele>1662.7739675863795</ele>
      </trkpt>
      <trkpt lat="46.470017" lon="12.914537">
        <ele>1665.8865184311596</ele>
      </trkpt>
      <trkpt lat="46.470072" lon="12.914532">
        <ele>1667.0927386367812</ele>
      </trkpt>
      <trkpt lat="46.470138" lon="12.914537">
        <ele>1667.9142862803994</ele>
      </trkpt>
      <trkpt lat="46.470364" lon="12.914621">
        <ele>1670.72293792186</ele>
      </trkpt>
      <trkpt lat="46.470521" lon="12.914707">
        <ele>1672.9131486367592</ele>
      </trkpt>
      <trkpt lat="46.470794" lon="12.914943">
        <ele>1674.6054238520082</ele>
      </trkpt>
      <trkpt lat="46.470943" lon="12.915018">
        <ele>1678.1592401325431</ele>
      </trkpt>
      <trkpt lat="46.471159" lon="12.915197">
        <ele>1679.666115438685</ele>
      </trkpt>
      <trkpt lat="46.471328" lon="12.915283">
        <ele>1684.230251158342</ele>
      </trkpt>
      <trkpt lat="46.471396" lon="12.915367">
        <ele>1684.3410940138886</ele>
      </trkpt>
      <trkpt lat="46.471684" lon="12.915797">
        <ele>1688.3107143611905</ele>
      </trkpt>
      <trkpt lat="46.471977" lon="12.916066">
        <ele>1691.5931921396275</ele>
      </trkpt>
      <trkpt lat="46.472039" lon="12.916159">
        <ele>1692.1811077370821</ele>
      </trkpt>
      <trkpt lat="46.472095" lon="12.916299">
        <ele>1692.6542335036802</ele>
      </trkpt>
      <trkpt lat="46.472158" lon="12.916504">
        <ele>1693.7724718678178</ele>
      </trkpt>
      <trkpt lat="46.472234" lon="12.916634">
        <ele>1695.405096419199</ele>
      </trkpt>
      <trkpt lat="46.472429" lon="12.916868">
        <ele>1697.6950943694019</ele>
      </trkpt>
      <trkpt lat="46.472496" lon="12.917008">
        <ele>1698.5755057406334</ele>
      </trkpt>
      <trkpt lat="46.472557" lon="12.917232">
        <ele>1698.9338730988718</ele>
      </trkpt>
      <trkpt lat="46.472629" lon="12.917422">
        <ele>1697.5459241822164</ele>
      </trkpt>
      <trkpt lat="46.47282" lon="12.91767">
        <ele>1699.6163636016804</ele>
      </trkpt>
      <trkpt lat="46.472852" lon="12.917765">
        <ele>1701.086245964698</ele>
      </trkpt>
      <trkpt lat="46.472851" lon="12.917835">
        <ele>1701.3937548464053</ele>
      </trkpt>
      <trkpt lat="46.472808" lon="12.918049">
        <ele>1701.0010846545854</ele>
      </trkpt>
      <trkpt lat="46.472796" lon="12.91825">
        <ele>1702.0130817552185</ele>
      </trkpt>
      <trkpt lat="46.472793" lon="12.918469">
        <ele>1703.6099108032608</ele>
      </trkpt>
      <trkpt lat="46.472765" lon="12.918681">
        <ele>1704.5753537297412</ele>
      </trkpt>
      <trkpt lat="46.47269" lon="12.919053">
        <ele>1702.8413194789396</ele>
      </trkpt>
      <trkpt lat="46.4727" lon="12.919325">
        <ele>1702.6838655573931</ele>
      </trkpt>
      <trkpt lat="46.472694" lon="12.919696">
        <ele>1701.6049528196022</ele>
      </trkpt>
      <trkpt lat="46.472678" lon="12.919891">
        <ele>1700.1251393811317</ele>
      </trkpt>
      <trkpt lat="46.472656" lon="12.920026">
        <ele>1701.247764101349</ele>
      </trkpt>
      <trkpt lat="46.472512" lon="12.920444">
        <ele>1695.4337659751347</ele>
      </trkpt>
      <trkpt lat="46.472497" lon="12.92051">
        <ele>1693.1058506838517</ele>
      </trkpt>
      <trkpt lat="46.472501" lon="12.920583">
        <ele>1692.1219927984791</ele>
      </trkpt>
      <trkpt lat="46.472526" lon="12.920686">
        <ele>1690.865337459023</ele>
      </trkpt>
      <trkpt lat="46.472559" lon="12.920776">
        <ele>1689.8902462899923</ele>
      </trkpt>
      <trkpt lat="46.472725" lon="12.921034">
        <ele>1688.741381976618</ele>
      </trkpt>
      <trkpt lat="46.472776" lon="12.921149">
        <ele>1689.2604926355066</ele>
      </trkpt>
      <trkpt lat="46.472789" lon="12.921242">
        <ele>1689.9302929191012</ele>
      </trkpt>
      <trkpt lat="46.472774" lon="12.92136">
        <ele>1688.7407333114234</ele>
      </trkpt>
      <trkpt lat="46.472734" lon="12.921499">
        <ele>1685.583134667142</ele>
      </trkpt>
      <trkpt lat="46.472726" lon="12.921581">
        <ele>1684.1581947572895</ele>
      </trkpt>
      <trkpt lat="46.472749" lon="12.921823">
        <ele>1684.2029322370072</ele>
      </trkpt>
      <trkpt lat="46.47275" lon="12.921935">
        <ele>1684.4435879364323</ele>
      </trkpt>
      <trkpt lat="46.472735" lon="12.922064">
        <ele>1684.0337285870162</ele>
      </trkpt>
      <trkpt lat="46.472653" lon="12.922389">
        <ele>1680.5833503507142</ele>
      </trkpt>
      <trkpt lat="46.472588" lon="12.922711">
        <ele>1678.8596568298997</ele>
      </trkpt>
      <trkpt lat="46.472512" lon="12.923027">
        <ele>1676.870018537947</ele>
      </trkpt>
      <trkpt lat="46.472455" lon="12.923218">
        <ele>1676.0991403827745</ele>
      </trkpt>
      <trkpt lat="46.472362" lon="12.923418">
        <ele>1674.023152645883</ele>
      </trkpt>
      <trkpt lat="46.472217" lon="12.923923">
        <ele>1671.7964832052962</ele>
      </trkpt>
      <trkpt lat="46.472169" lon="12.924031">
        <ele>1672.232132378644</ele>
      </trkpt>
      <trkpt lat="46.472119" lon="12.924111">
        <ele>1671.954693455837</ele>
      </trkpt>
      <trkpt lat="46.472048" lon="12.924182">
        <ele>1671.5752632096396</ele>
      </trkpt>
      <trkpt lat="46.471897" lon="12.924283">
        <ele>1667.2964605281215</ele>
      </trkpt>
      <trkpt lat="46.471827" lon="12.924362">
        <ele>1663.8102152028275</ele>
      </trkpt>
      <trkpt lat="46.471793" lon="12.924447">
        <ele>1661.0805566018203</ele>
      </trkpt>
      <trkpt lat="46.471788" lon="12.924547">
        <ele>1659.6562566490252</ele>
      </trkpt>
      <trkpt lat="46.4718" lon="12.924687">
        <ele>1660.539756753236</ele>
      </trkpt>
      <trkpt lat="46.471816" lon="12.924766">
        <ele>1661.4890823274204</ele>
      </trkpt>
      <trkpt lat="46.47184" lon="12.924811">
        <ele>1662.4427762203702</ele>
      </trkpt>
      <trkpt lat="46.471873" lon="12.924829">
        <ele>1663.051795926938</ele>
      </trkpt>
      <trkpt lat="46.471957" lon="12.924794">
        <ele>1662.4805280500348</ele>
      </trkpt>
      <trkpt lat="46.472097" lon="12.924682">
        <ele>1659.9110440555896</ele>
      </trkpt>
      <trkpt lat="46.472243" lon="12.924518">
        <ele>1659.2554094481209</ele>
      </trkpt>
      <trkpt lat="46.472376" lon="12.92431">
        <ele>1659.4470222861542</ele>
      </trkpt>
      <trkpt lat="46.472499" lon="12.924153">
        <ele>1658.1438532877785</ele>
      </trkpt>
      <trkpt lat="46.472588" lon="12.924016">
        <ele>1658.0784349952082</ele>
      </trkpt>
      <trkpt lat="46.472804" lon="12.923761">
        <ele>1654.0166177381334</ele>
      </trkpt>
      <trkpt lat="46.472836" lon="12.923687">
        <ele>1654.6278209054326</ele>
      </trkpt>
      <trkpt lat="46.472857" lon="12.923613">
        <ele>1654.8963603547847</ele>
      </trkpt>
      <trkpt lat="46.472894" lon="12.923413">
        <ele>1656.6718198475585</ele>
      </trkpt>
      <trkpt lat="46.472935" lon="12.923338">
        <ele>1655.4894555109831</ele>
      </trkpt>
      <trkpt lat="46.472983" lon="12.923274">
        <ele>1654.1130777512537</ele>
      </trkpt>
      <trkpt lat="46.473129" lon="12.923124">
        <ele>1652.4824897984486</ele>
      </trkpt>
      <trkpt lat="46.473311" lon="12.923013">
        <ele>1650.9666333096436</ele>
      </trkpt>
      <trkpt lat="46.4736" lon="12.922796">
        <ele>1650.0068532909272</ele>
      </trkpt>
      <trkpt lat="46.473889" lon="12.922504">
        <ele>1649.4444012977901</ele>
      </trkpt>
      <trkpt lat="46.473973" lon="12.922437">
        <ele>1648.227007461841</ele>
      </trkpt>
      <trkpt lat="46.474052" lon="12.922386">
        <ele>1646.7449346335895</ele>
      </trkpt>
      <trkpt lat="46.474112" lon="12.922372">
        <ele>1645.430397061116</ele>
      </trkpt>
      <trkpt lat="46.47417" lon="12.922385">
        <ele>1643.5518719806282</ele>
      </trkpt>
      <trkpt lat="46.474542" lon="12.92275">
        <ele>1635.8040938202985</ele>
      </trkpt>
      <trkpt lat="46.474582" lon="12.922779">
        <ele>1635.430257663992</ele>
      </trkpt>
      <trkpt lat="46.474733" lon="12.922809">
        <ele>1635.954866188497</ele>
      </trkpt>
      <trkpt lat="46.474762" lon="12.922825">
        <ele>1635.8706453959087</ele>
      </trkpt>
      <trkpt lat="46.474781" lon="12.922848">
        <ele>1635.541611937674</ele>
      </trkpt>
      <trkpt lat="46.474804" lon="12.922904">
        <ele>1634.492011756224</ele>
      </trkpt>
      <trkpt lat="46.474821" lon="12.922976">
        <ele>1633.3024325256242</ele>
      </trkpt>
      <trkpt lat="46.474769" lon="12.922975">
        <ele>1631.903029100471</ele>
      </trkpt>
      <trkpt lat="46.474707" lon="12.922952">
        <ele>1631.3678264923972</ele>
      </trkpt>
      <trkpt lat="46.474611" lon="12.922985">
        <ele>1628.850072547519</ele>
      </trkpt>
      <trkpt lat="46.474395" lon="12.923041">
        <ele>1627.4902304972575</ele>
      </trkpt>
      <trkpt lat="46.474336" lon="12.923068">
        <ele>1627.3096385310394</ele>
      </trkpt>
      <trkpt lat="46.474205" lon="12.923192">
        <ele>1625.3888852507414</ele>
      </trkpt>
      <trkpt lat="46.47403" lon="12.923334">
        <ele>1619.7073657311623</ele>
      </trkpt>
      <trkpt lat="46.473992" lon="12.923365">
        <ele>1618.638746206678</ele>
      </trkpt>
      <trkpt lat="46.473879" lon="12.923485">
        <ele>1615.194826041747</ele>
      </trkpt>
      <trkpt lat="46.473755" lon="12.923703">
        <ele>1611.6229544222704</ele>
      </trkpt>
      <trkpt lat="46.473652" lon="12.924008">
        <ele>1606.5268814980063</ele>
      </trkpt>
      <trkpt lat="46.473501" lon="12.924386">
        <ele>1599.034374465534</ele>
      </trkpt>
      <trkpt lat="46.473429" lon="12.924477">
        <ele>1596.954865908751</ele>
      </trkpt>
      <trkpt lat="46.47337" lon="12.924614">
        <ele>1594.6020336200195</ele>
      </trkpt>
      <trkpt lat="46.47339" lon="12.924791">
        <ele>1591.768202133631</ele>
      </trkpt>
      <trkpt lat="46.473388" lon="12.924874">
        <ele>1590.595299800881</ele>
      </trkpt>
      <trkpt lat="46.473449" lon="12.924979">
        <ele>1588.514851847535</ele>
      </trkpt>
      <trkpt lat="46.473509" lon="12.925053">
        <ele>1586.6698682095873</ele>
      </trkpt>
      <trkpt lat="46.473593" lon="12.925064">
        <ele>1585.1869855530877</ele>
      </trkpt>
      <trkpt lat="46.473662" lon="12.925122">
        <ele>1583.550548926151</ele>
      </trkpt>
      <trkpt lat="46.473694" lon="12.925201">
        <ele>1582.4571430013414</ele>
      </trkpt>
      <trkpt lat="46.473704" lon="12.925389">
        <ele>1581.3672046321753</ele>
      </trkpt>
      <trkpt lat="46.473683" lon="12.925546">
        <ele>1580.6276372608522</ele>
      </trkpt>
      <trkpt lat="46.473654" lon="12.925613">
        <ele>1580.0773130446403</ele>
      </trkpt>
      <trkpt lat="46.473593" lon="12.925686">
        <ele>1578.1970819321873</ele>
      </trkpt>
      <trkpt lat="46.47354" lon="12.925898">
        <ele>1575.4911289047318</ele>
      </trkpt>
      <trkpt lat="46.473525" lon="12.926162">
        <ele>1573.916128672621</ele>
      </trkpt>
      <trkpt lat="46.473499" lon="12.92627">
        <ele>1573.737492681173</ele>
      </trkpt>
      <trkpt lat="46.473337" lon="12.92655">
        <ele>1569.0778468802514</ele>
      </trkpt>
      <trkpt lat="46.473265" lon="12.92676">
        <ele>1566.099659061671</ele>
      </trkpt>
      <trkpt lat="46.473224" lon="12.926958">
        <ele>1564.5999386078106</ele>
      </trkpt>
      <trkpt lat="46.473217" lon="12.9271">
        <ele>1566.2532043412598</ele>
      </trkpt>
      <trkpt lat="46.47318" lon="12.927153">
        <ele>1564.5211646999974</ele>
      </trkpt>
      <trkpt lat="46.473115" lon="12.927345">
        <ele>1561.9308558084963</ele>
      </trkpt>
      <trkpt lat="46.473075" lon="12.927587">
        <ele>1557.9209588269864</ele>
      </trkpt>
      <trkpt lat="46.473094" lon="12.927735">
        <ele>1558.9371167590007</ele>
      </trkpt>
      <trkpt lat="46.473075" lon="12.928066">
        <ele>1557.905541328891</ele>
      </trkpt>
      <trkpt lat="46.473027" lon="12.928333">
        <ele>1553.270158245035</ele>
      </trkpt>
      <trkpt lat="46.473067" lon="12.928618">
        <ele>1551.229815034468</ele>
      </trkpt>
      <trkpt lat="46.473062" lon="12.928886">
        <ele>1546.5140853220892</ele>
      </trkpt>
      <trkpt lat="46.473079" lon="12.929093">
        <ele>1543.4669926505703</ele>
      </trkpt>
      <trkpt lat="46.473059" lon="12.929521">
        <ele>1536.9409848026846</ele>
      </trkpt>
      <trkpt lat="46.473082" lon="12.929742">
        <ele>1534.2317389143277</ele>
      </trkpt>
      <trkpt lat="46.473124" lon="12.929928">
        <ele>1535.1410311616946</ele>
      </trkpt>
      <trkpt lat="46.473087" lon="12.930251">
        <ele>1530.6888409911664</ele>
      </trkpt>
      <trkpt lat="46.473105" lon="12.930535">
        <ele>1530.0354575457286</ele>
      </trkpt>
      <trkpt lat="46.473089" lon="12.930737">
        <ele>1526.9347395557247</ele>
      </trkpt>
      <trkpt lat="46.473112" lon="12.930875">
        <ele>1526.0037847951928</ele>
      </trkpt>
      <trkpt lat="46.473222" lon="12.931074">
        <ele>1524.999148463549</ele>
      </trkpt>
      <trkpt lat="46.473436" lon="12.931254">
        <ele>1525.969531769793</ele>
      </trkpt>
      <trkpt lat="46.473668" lon="12.931427">
        <ele>1524.7773253144378</ele>
      </trkpt>
      <trkpt lat="46.473872" lon="12.931534">
        <ele>1525.3769320588588</ele>
      </trkpt>
      <trkpt lat="46.473991" lon="12.931643">
        <ele>1524.3361122864771</ele>
      </trkpt>
      <trkpt lat="46.474083" lon="12.931796">
        <ele>1525.0721599883464</ele>
      </trkpt>
      <trkpt lat="46.474126" lon="12.931932">
        <ele>1525.1750001445248</ele>
      </trkpt>
      <trkpt lat="46.474175" lon="12.931986">
        <ele>1525.75491046564</ele>
      </trkpt>
      <trkpt lat="46.474281" lon="12.932084">
        <ele>1523.615751125338</ele>
      </trkpt>
      <trkpt lat="46.474446" lon="12.932128">
        <ele>1525.9961846070748</ele>
      </trkpt>
      <trkpt lat="46.474484" lon="12.932149">
        <ele>1526.5606077298226</ele>
      </trkpt>
      <trkpt lat="46.47452" lon="12.932213">
        <ele>1525.0099839520208</ele>
      </trkpt>
      <trkpt lat="46.474563" lon="12.93224">
        <ele>1525.9585854078282</ele>
      </trkpt>
      <trkpt lat="46.474668" lon="12.932282">
        <ele>1530.5237861786159</ele>
      </trkpt>
      <trkpt lat="46.474689" lon="12.93231">
        <ele>1532.4662662062553</ele>
      </trkpt>
      <trkpt lat="46.474703" lon="12.932351">
        <ele>1534.1580532771482</ele>
      </trkpt>
      <trkpt lat="46.474704" lon="12.932401">
        <ele>1535.021898298714</ele>
      </trkpt>
      <trkpt lat="46.474674" lon="12.932499">
        <ele>1534.8527879936896</ele>
      </trkpt>
      <trkpt lat="46.474613" lon="12.932718">
        <ele>1536.8422291165502</ele>
      </trkpt>
      <trkpt lat="46.474536" lon="12.932904">
        <ele>1534.0321241302731</ele>
      </trkpt>
      <trkpt lat="46.474531" lon="12.932953">
        <ele>1534.1732126558293</ele>
      </trkpt>
      <trkpt lat="46.474545" lon="12.93301">
        <ele>1535.073075411284</ele>
      </trkpt>
      <trkpt lat="46.474573" lon="12.933069">
        <ele>1536.802432868242</ele>
      </trkpt>
      <trkpt lat="46.474608" lon="12.933221">
        <ele>1538.1319473207666</ele>
      </trkpt>
      <trkpt lat="46.474666" lon="12.933476">
        <ele>1538.7732815174268</ele>
      </trkpt>
      <trkpt lat="46.474697" lon="12.933533">
        <ele>1538.5857796932542</ele>
      </trkpt>
      <trkpt lat="46.474911" lon="12.933688">
        <ele>1540.7492342679502</ele>
      </trkpt>
      <trkpt lat="46.47498" lon="12.933757">
        <ele>1541.185517461374</ele>
      </trkpt>
      <trkpt lat="46.475039" lon="12.933882">
        <ele>1541.1795175768452</ele>
      </trkpt>
      <trkpt lat="46.475079" lon="12.934219">
        <ele>1541.7867537331842</ele>
      </trkpt>
      <trkpt lat="46.475072" lon="12.934573">
        <ele>1546.1620822136715</ele>
      </trkpt>
      <trkpt lat="46.475075" lon="12.934699">
        <ele>1545.1789024112836</ele>
      </trkpt>
      <trkpt lat="46.475101" lon="12.934754">
        <ele>1544.495566992802</ele>
      </trkpt>
      <trkpt lat="46.475135" lon="12.934793">
        <ele>1544.8310625782044</ele>
      </trkpt>
      <trkpt lat="46.475194" lon="12.934837">
        <ele>1546.4195311274664</ele>
      </trkpt>
      <trkpt lat="46.475272" lon="12.934864">
        <ele>1550.2969192069475</ele>
      </trkpt>
      <trkpt lat="46.475308" lon="12.934909">
        <ele>1552.1299237212481</ele>
      </trkpt>
      <trkpt lat="46.475321" lon="12.935036">
        <ele>1552.0017583340725</ele>
      </trkpt>
      <trkpt lat="46.475322" lon="12.935191">
        <ele>1554.182136316279</ele>
      </trkpt>
      <trkpt lat="46.475311" lon="12.935325">
        <ele>1552.7863208346432</ele>
      </trkpt>
      <trkpt lat="46.475321" lon="12.935365">
        <ele>1553.1474209070652</ele>
      </trkpt>
      <trkpt lat="46.475345" lon="12.935403">
        <ele>1553.3940106336127</ele>
      </trkpt>
      <trkpt lat="46.47539" lon="12.935446">
        <ele>1554.0084907452795</ele>
      </trkpt>
      <trkpt lat="46.475469" lon="12.935493">
        <ele>1555.7354296825906</ele>
      </trkpt>
      <trkpt lat="46.475527" lon="12.935592">
        <ele>1553.9496761698865</ele>
      </trkpt>
      <trkpt lat="46.475565" lon="12.93563">
        <ele>1553.9677393634006</ele>
      </trkpt>
      <trkpt lat="46.475644" lon="12.935662">
        <ele>1556.3373333133368</ele>
      </trkpt>
      <trkpt lat="46.475711" lon="12.935664">
        <ele>1559.6122999960714</ele>
      </trkpt>
      <trkpt lat="46.475804" lon="12.935768">
        <ele>1561.3848608910844</ele>
      </trkpt>
      <trkpt lat="46.475834" lon="12.935837">
        <ele>1561.893842882946</ele>
      </trkpt>
      <trkpt lat="46.475866" lon="12.935992">
        <ele>1562.035897802633</ele>
      </trkpt>
      <trkpt lat="46.475917" lon="12.936121">
        <ele>1563.1921014919826</ele>
      </trkpt>
      <trkpt lat="46.47595" lon="12.93619">
        <ele>1562.8442268328524</ele>
      </trkpt>
      <trkpt lat="46.476064" lon="12.936219">
        <ele>1565.3208476376726</ele>
      </trkpt>
      <trkpt lat="46.476139" lon="12.936247">
        <ele>1565.805210407749</ele>
      </trkpt>
      <trkpt lat="46.476251" lon="12.936354">
        <ele>1564.0613026064225</ele>
      </trkpt>
      <trkpt lat="46.476422" lon="12.936452">
        <ele>1571.3697996930014</ele>
      </trkpt>
      <trkpt lat="46.476471" lon="12.936453">
        <ele>1574.7053373340773</ele>
      </trkpt>
      <trkpt lat="46.476517" lon="12.936485">
        <ele>1577.1860562475827</ele>
      </trkpt>
      <trkpt lat="46.476543" lon="12.936545">
        <ele>1577.9312776671886</ele>
      </trkpt>
      <trkpt lat="46.476557" lon="12.936622">
        <ele>1579.2593133453859</ele>
      </trkpt>
      <trkpt lat="46.476564" lon="12.936771">
        <ele>1582.5078124439442</ele>
      </trkpt>
      <trkpt lat="46.476538" lon="12.936908">
        <ele>1585.1439372533953</ele>
      </trkpt>
      <trkpt lat="46.476462" lon="12.937137">
        <ele>1587.0395505228353</ele>
      </trkpt>
      <trkpt lat="46.476414" lon="12.93734">
        <ele>1587.0068574882698</ele>
      </trkpt>
      <trkpt lat="46.476408" lon="12.937454">
        <ele>1587.4192975019373</ele>
      </trkpt>
      <trkpt lat="46.476424" lon="12.937571">
        <ele>1589.745500810266</ele>
      </trkpt>
      <trkpt lat="46.476465" lon="12.937748">
        <ele>1596.6070929888647</ele>
      </trkpt>
      <trkpt lat="46.476465" lon="12.937888">
        <ele>1601.1423036892224</ele>
      </trkpt>
      <trkpt lat="46.476246" lon="12.93847">
        <ele>1605.1194085299867</ele>
      </trkpt>
      <trkpt lat="46.476189" lon="12.938701">
        <ele>1604.3703761475585</ele>
      </trkpt>
      <trkpt lat="46.476211" lon="12.938835">
        <ele>1606.1162458628157</ele>
      </trkpt>
      <trkpt lat="46.476222" lon="12.938925">
        <ele>1605.6424632224016</ele>
      </trkpt>
      <trkpt lat="46.476262" lon="12.939037">
        <ele>1605.0903527276814</ele>
      </trkpt>
      <trkpt lat="46.476316" lon="12.939094">
        <ele>1605.2702707310987</ele>
      </trkpt>
      <trkpt lat="46.476433" lon="12.939111">
        <ele>1607.962001873282</ele>
      </trkpt>
      <trkpt lat="46.476545" lon="12.939169">
        <ele>1608.4444283788446</ele>
      </trkpt>
      <trkpt lat="46.476622" lon="12.939267">
        <ele>1607.4286692345736</ele>
      </trkpt>
      <trkpt lat="46.476662" lon="12.939291">
        <ele>1607.6428765460903</ele>
      </trkpt>
      <trkpt lat="46.476693" lon="12.939293">
        <ele>1607.7721850330186</ele>
      </trkpt>
      <trkpt lat="46.476783" lon="12.939246">
        <ele>1610.9246934284815</ele>
      </trkpt>
      <trkpt lat="46.476836" lon="12.939271">
        <ele>1609.6122323454993</ele>
      </trkpt>
      <trkpt lat="46.476919" lon="12.939395">
        <ele>1604.2156753322372</ele>
      </trkpt>
      <trkpt lat="46.476998" lon="12.939426">
        <ele>1605.869349781892</ele>
      </trkpt>
      <trkpt lat="46.477202" lon="12.939462">
        <ele>1608.7058177331494</ele>
      </trkpt>
      <trkpt lat="46.477308" lon="12.939461">
        <ele>1610.1884219075664</ele>
      </trkpt>
      <trkpt lat="46.477404" lon="12.939476">
        <ele>1610.6856395630589</ele>
      </trkpt>
      <trkpt lat="46.477569" lon="12.939635">
        <ele>1606.9024876734688</ele>
      </trkpt>
      <trkpt lat="46.477668" lon="12.939744">
        <ele>1607.3847794173382</ele>
      </trkpt>
      <trkpt lat="46.477754" lon="12.939876">
        <ele>1606.9359860771312</ele>
      </trkpt>
      <trkpt lat="46.477827" lon="12.940006">
        <ele>1606.4041070690594</ele>
      </trkpt>
      <trkpt lat="46.477873" lon="12.940063">
        <ele>1606.4637186840957</ele>
      </trkpt>
      <trkpt lat="46.47795" lon="12.940121">
        <ele>1608.1672771281703</ele>
      </trkpt>
      <trkpt lat="46.478093" lon="12.940366">
        <ele>1607.7529245805565</ele>
      </trkpt>
      <trkpt lat="46.47816" lon="12.940526">
        <ele>1606.10703954995</ele>
      </trkpt>
      <trkpt lat="46.478184" lon="12.940545">
        <ele>1606.3868777595249</ele>
      </trkpt>
      <trkpt lat="46.478212" lon="12.940546">
        <ele>1606.7191549663644</ele>
      </trkpt>
      <trkpt lat="46.4783" lon="12.940523">
        <ele>1609.2805368422266</ele>
      </trkpt>
      <trkpt lat="46.478343" lon="12.940527">
        <ele>1609.787047859149</ele>
      </trkpt>
      <trkpt lat="46.478369" lon="12.940553">
        <ele>1608.7936213717555</ele>
      </trkpt>
      <trkpt lat="46.478435" lon="12.940673">
        <ele>1604.0821433409649</ele>
      </trkpt>
      <trkpt lat="46.478464" lon="12.940706">
        <ele>1603.4118856888138</ele>
      </trkpt>
      <trkpt lat="46.478662" lon="12.940677">
        <ele>1611.3378608738756</ele>
      </trkpt>
      <trkpt lat="46.478707" lon="12.94069">
        <ele>1612.6282888884082</ele>
      </trkpt>
      <trkpt lat="46.478738" lon="12.940726">
        <ele>1613.375040284814</ele>
      </trkpt>
      <trkpt lat="46.478752" lon="12.940766">
        <ele>1613.5662829213677</ele>
      </trkpt>
      <trkpt lat="46.47876" lon="12.94083">
        <ele>1613.266915830515</ele>
      </trkpt>
      <trkpt lat="46.478758" lon="12.940913">
        <ele>1613.1250233157834</ele>
      </trkpt>
      <trkpt lat="46.478736" lon="12.941074">
        <ele>1612.7258557984142</ele>
      </trkpt>
      <trkpt lat="46.478708" lon="12.941192">
        <ele>1611.9192883426608</ele>
      </trkpt>
      <trkpt lat="46.478716" lon="12.941363">
        <ele>1616.1471922999983</ele>
      </trkpt>
      <trkpt lat="46.478658" lon="12.941657">
        <ele>1619.403831490728</ele>
      </trkpt>
      <trkpt lat="46.4786" lon="12.941952">
        <ele>1624.380361194052</ele>
      </trkpt>
      <trkpt lat="46.478491" lon="12.942304">
        <ele>1628.5064762506393</ele>
      </trkpt>
      <trkpt lat="46.478393" lon="12.942604">
        <ele>1629.06009172466</ele>
      </trkpt>
      <trkpt lat="46.478397" lon="12.942765">
        <ele>1628.3645419099967</ele>
      </trkpt>
      <trkpt lat="46.478499" lon="12.942935">
        <ele>1629.9439266191528</ele>
      </trkpt>
      <trkpt lat="46.478576" lon="12.943047">
        <ele>1630.8966613595262</ele>
      </trkpt>
      <trkpt lat="46.478715" lon="12.94322">
        <ele>1633.3626791286754</ele>
      </trkpt>
      <trkpt lat="46.478883" lon="12.943535">
        <ele>1632.73623462695</ele>
      </trkpt>
      <trkpt lat="46.478927" lon="12.943641">
        <ele>1632.57675492605</ele>
      </trkpt>
      <trkpt lat="46.478981" lon="12.943819">
        <ele>1632.0031634355446</ele>
      </trkpt>
      <trkpt lat="46.479005" lon="12.943933">
        <ele>1631.0247430346444</ele>
      </trkpt>
      <trkpt lat="46.479114" lon="12.944313">
        <ele>1628.62266072743</ele>
      </trkpt>
      <trkpt lat="46.47916" lon="12.944484">
        <ele>1630.771221371007</ele>
      </trkpt>
      <trkpt lat="46.479153" lon="12.944557">
        <ele>1631.459800062366</ele>
      </trkpt>
      <trkpt lat="46.478994" lon="12.945">
        <ele>1627.6031377492113</ele>
      </trkpt>
      <trkpt lat="46.478966" lon="12.945106">
        <ele>1628.7500569854938</ele>
      </trkpt>
      <trkpt lat="46.478902" lon="12.945194">
        <ele>1628.538990751488</ele>
      </trkpt>
      <trkpt lat="46.478736" lon="12.945366">
        <ele>1628.5537815073412</ele>
      </trkpt>
      <trkpt lat="46.478584" lon="12.945398">
        <ele>1623.1379898020691</ele>
      </trkpt>
      <trkpt lat="46.478536" lon="12.945419">
        <ele>1621.8002843776292</ele>
      </trkpt>
      <trkpt lat="46.478474" lon="12.945484">
        <ele>1620.2526517648982</ele>
      </trkpt>
      <trkpt lat="46.478422" lon="12.945591">
        <ele>1618.836544621025</ele>
      </trkpt>
      <trkpt lat="46.478355" lon="12.945873">
        <ele>1618.234411482485</ele>
      </trkpt>
      <trkpt lat="46.478299" lon="12.945985">
        <ele>1617.4397250686384</ele>
      </trkpt>
      <trkpt lat="46.478141" lon="12.946115">
        <ele>1612.6209914323751</ele>
      </trkpt>
      <trkpt lat="46.478035" lon="12.946254">
        <ele>1613.3145479752006</ele>
      </trkpt>
      <trkpt lat="46.477824" lon="12.946405">
        <ele>1611.32394910588</ele>
      </trkpt>
      <trkpt lat="46.4776" lon="12.946482">
        <ele>1604.583914988878</ele>
      </trkpt>
      <trkpt lat="46.47749" lon="12.94658">
        <ele>1602.8392303754542</ele>
      </trkpt>
      <trkpt lat="46.477396" lon="12.946694">
        <ele>1600.8647408683225</ele>
      </trkpt>
      <trkpt lat="46.477309" lon="12.946764">
        <ele>1595.7440494136126</ele>
      </trkpt>
      <trkpt lat="46.477272" lon="12.946801">
        <ele>1593.3368294117904</ele>
      </trkpt>
      <trkpt lat="46.477251" lon="12.946848">
        <ele>1591.8623314460674</ele>
      </trkpt>
      <trkpt lat="46.477253" lon="12.946914">
        <ele>1590.7720358538008</ele>
      </trkpt>
      <trkpt lat="46.477392" lon="12.947565">
        <ele>1583.15761585209</ele>
      </trkpt>
      <trkpt lat="46.47742" lon="12.947768">
        <ele>1580.491289366771</ele>
      </trkpt>
      <trkpt lat="46.477439" lon="12.947985">
        <ele>1578.2066897758045</ele>
      </trkpt>
      <trkpt lat="46.477446" lon="12.948164">
        <ele>1576.8341630340585</ele>
      </trkpt>
      <trkpt lat="46.477411" lon="12.948448">
        <ele>1571.8791533185336</ele>
      </trkpt>
      <trkpt lat="46.477414" lon="12.948628">
        <ele>1568.9559295735369</ele>
      </trkpt>
      <trkpt lat="46.47747" lon="12.948758">
        <ele>1568.20984978783</ele>
      </trkpt>
      <trkpt lat="46.477532" lon="12.948816">
        <ele>1567.5925464374523</ele>
      </trkpt>
      <trkpt lat="46.477566" lon="12.948828">
        <ele>1568.0175360270823</ele>
      </trkpt>
      <trkpt lat="46.477698" lon="12.948893">
        <ele>1566.25151184647</ele>
      </trkpt>
      <trkpt lat="46.477869" lon="12.948917">
        <ele>1566.0933074445961</ele>
      </trkpt>
      <trkpt lat="46.477963" lon="12.94897">
        <ele>1564.5236939783076</ele>
      </trkpt>
      <trkpt lat="46.478119" lon="12.949086">
        <ele>1562.018721542404</ele>
      </trkpt>
      <trkpt lat="46.478299" lon="12.949184">
        <ele>1562.1671817219828</ele>
      </trkpt>
      <trkpt lat="46.478559" lon="12.949301">
        <ele>1565.7951282998827</ele>
      </trkpt>
      <trkpt lat="46.478682" lon="12.949454">
        <ele>1563.6193352818439</ele>
      </trkpt>
      <trkpt lat="46.478878" lon="12.949621">
        <ele>1564.9449201525244</ele>
      </trkpt>
      <trkpt lat="46.478993" lon="12.949798">
        <ele>1563.6121040677303</ele>
      </trkpt>
      <trkpt lat="46.479037" lon="12.949834">
        <ele>1564.0563729458931</ele>
      </trkpt>
      <trkpt lat="46.479142" lon="12.949877">
        <ele>1565.6026535437038</ele>
      </trkpt>
      <trkpt lat="46.47924" lon="12.94987">
        <ele>1566.5809510727913</ele>
      </trkpt>
      <trkpt lat="46.47934" lon="12.949846">
        <ele>1566.5280598323084</ele>
      </trkpt>
      <trkpt lat="46.479521" lon="12.949784">
        <ele>1565.5485655517132</ele>
      </trkpt>
      <trkpt lat="46.479745" lon="12.949582">
        <ele>1566.387715540895</ele>
      </trkpt>
      <trkpt lat="46.479807" lon="12.949484">
        <ele>1567.4583155745308</ele>
      </trkpt>
      <trkpt lat="46.479854" lon="12.949392">
        <ele>1568.5341829706626</ele>
      </trkpt>
      <trkpt lat="46.479944" lon="12.949188">
        <ele>1570.8136753808865</ele>
      </trkpt>
      <trkpt lat="46.479987" lon="12.949161">
        <ele>1570.0872668443376</ele>
      </trkpt>
      <trkpt lat="46.48005" lon="12.949152">
        <ele>1568.3646137542917</ele>
      </trkpt>
      <trkpt lat="46.480122" lon="12.94919">
        <ele>1566.1514370382683</ele>
      </trkpt>
      <trkpt lat="46.48024" lon="12.949201">
        <ele>1566.303159313598</ele>
      </trkpt>
      <trkpt lat="46.480306" lon="12.949243">
        <ele>1565.4676483691644</ele>
      </trkpt>
      <trkpt lat="46.480496" lon="12.949299">
        <ele>1566.257636091558</ele>
      </trkpt>
      <trkpt lat="46.480692" lon="12.949409">
        <ele>1565.397229586943</ele>
      </trkpt>
      <trkpt lat="46.481015" lon="12.949527">
        <ele>1567.0788181509874</ele>
      </trkpt>
      <trkpt lat="46.481361" lon="12.94975">
        <ele>1567.3553397955345</ele>
      </trkpt>
      <trkpt lat="46.481414" lon="12.94984">
        <ele>1566.9234078576364</ele>
      </trkpt>
      <trkpt lat="46.481513" lon="12.950085">
        <ele>1565.5195058334264</ele>
      </trkpt>
      <trkpt lat="46.481622" lon="12.950281">
        <ele>1566.6880237237658</ele>
      </trkpt>
      <trkpt lat="46.482044" lon="12.951075">
        <ele>1566.8252447758841</ele>
      </trkpt>
      <trkpt lat="46.482126" lon="12.951178">
        <ele>1566.8741069756145</ele>
      </trkpt>
      <trkpt lat="46.482436" lon="12.951484">
        <ele>1569.0507778033195</ele>
      </trkpt>
      <trkpt lat="46.482778" lon="12.951972">
        <ele>1569.2417900384114</ele>
      </trkpt>
      <trkpt lat="46.48281" lon="12.952133">
        <ele>1567.7684939574212</ele>
      </trkpt>
      <trkpt lat="46.482905" lon="12.952456">
        <ele>1569.136649241119</ele>
      </trkpt>
      <trkpt lat="46.482935" lon="12.952658">
        <ele>1570.1139811714281</ele>
      </trkpt>
      <trkpt lat="46.482916" lon="12.952911">
        <ele>1570.434715216614</ele>
      </trkpt>
      <trkpt lat="46.482856" lon="12.953063">
        <ele>1568.995251577252</ele>
      </trkpt>
      <trkpt lat="46.482708" lon="12.953582">
        <ele>1561.758300302367</ele>
      </trkpt>
      <trkpt lat="46.482653" lon="12.953962">
        <ele>1555.5590409826414</ele>
      </trkpt>
      <trkpt lat="46.48264" lon="12.954134">
        <ele>1553.771147169982</ele>
      </trkpt>
      <trkpt lat="46.482535" lon="12.953899">
        <ele>1550.9128568310127</ele>
      </trkpt>
      <trkpt lat="46.482484" lon="12.953816">
        <ele>1549.7449631751451</ele>
      </trkpt>
      <trkpt lat="46.482408" lon="12.953695">
        <ele>1547.841661357264</ele>
      </trkpt>
      <trkpt lat="46.482236" lon="12.953362">
        <ele>1543.7025345299626</ele>
      </trkpt>
      <trkpt lat="46.482204" lon="12.953264">
        <ele>1542.964727259441</ele>
      </trkpt>
      <trkpt lat="46.482179" lon="12.953155">
        <ele>1542.2111399089003</ele>
      </trkpt>
      <trkpt lat="46.482144" lon="12.953142">
        <ele>1540.932263003883</ele>
      </trkpt>
      <trkpt lat="46.482129" lon="12.95315">
        <ele>1540.3782791252306</ele>
      </trkpt>
      <trkpt lat="46.482117" lon="12.953175">
        <ele>1539.9145862416308</ele>
      </trkpt>
      <trkpt lat="46.482079" lon="12.953691">
        <ele>1535.3377660070967</ele>
      </trkpt>
      <trkpt lat="46.482043" lon="12.954032">
        <ele>1532.8256265875532</ele>
      </trkpt>
      <trkpt lat="46.48203" lon="12.954202">
        <ele>1532.457371151365</ele>
      </trkpt>
      <trkpt lat="46.482006" lon="12.954401">
        <ele>1531.8941695028004</ele>
      </trkpt>
      <trkpt lat="46.481992" lon="12.954431">
        <ele>1531.4363050561021</ele>
      </trkpt>
      <trkpt lat="46.481964" lon="12.954446">
        <ele>1530.445035226221</ele>
      </trkpt>
      <trkpt lat="46.481937" lon="12.95443">
        <ele>1529.3240485829574</ele>
      </trkpt>
      <trkpt lat="46.481915" lon="12.954393">
        <ele>1528.3984556287269</ele>
      </trkpt>
      <trkpt lat="46.481711" lon="12.953815">
        <ele>1520.7759386936266</ele>
      </trkpt>
      <trkpt lat="46.481603" lon="12.953558">
        <ele>1518.2765545870657</ele>
      </trkpt>
      <trkpt lat="46.481397" lon="12.953275">
        <ele>1512.2147306974084</ele>
      </trkpt>
      <trkpt lat="46.481146" lon="12.952869">
        <ele>1505.3713796821921</ele>
      </trkpt>
      <trkpt lat="46.480909" lon="12.952412">
        <ele>1497.8530387370506</ele>
      </trkpt>
      <trkpt lat="46.48074" lon="12.952114">
        <ele>1493.9569055922905</ele>
      </trkpt>
      <trkpt lat="46.480538" lon="12.951914">
        <ele>1489.050556887642</ele>
      </trkpt>
      <trkpt lat="46.48041" lon="12.951738">
        <ele>1486.1018939384824</ele>
      </trkpt>
      <trkpt lat="46.480323" lon="12.951586">
        <ele>1485.9623353079119</ele>
      </trkpt>
      <trkpt lat="46.480283" lon="12.951548">
        <ele>1485.4332628521827</ele>
      </trkpt>
      <trkpt lat="46.480247" lon="12.951553">
        <ele>1484.126491130682</ele>
      </trkpt>
      <trkpt lat="46.480221" lon="12.9516">
        <ele>1482.2135727466346</ele>
      </trkpt>
      <trkpt lat="46.48023" lon="12.951691">
        <ele>1480.5505584951256</ele>
      </trkpt>
      <trkpt lat="46.480283" lon="12.951788">
        <ele>1480.6381258462916</ele>
      </trkpt>
      <trkpt lat="46.480356" lon="12.952015">
        <ele>1479.4137321945273</ele>
      </trkpt>
      <trkpt lat="46.480362" lon="12.952066">
        <ele>1478.8116489308402</ele>
      </trkpt>
      <trkpt lat="46.480355" lon="12.952094">
        <ele>1478.0648976050377</ele>
      </trkpt>
      <trkpt lat="46.480334" lon="12.952123">
        <ele>1476.7322229400565</ele>
      </trkpt>
      <trkpt lat="46.480291" lon="12.952112">
        <ele>1475.318533584709</ele>
      </trkpt>
      <trkpt lat="46.480114" lon="12.951942">
        <ele>1472.2556038882808</ele>
      </trkpt>
      <trkpt lat="46.480044" lon="12.951887">
        <ele>1470.9638400635577</ele>
      </trkpt>
      <trkpt lat="46.479995" lon="12.951842">
        <ele>1471.0167674890026</ele>
      </trkpt>
      <trkpt lat="46.479887" lon="12.951898">
        <ele>1467.9559762209853</ele>
      </trkpt>
      <trkpt lat="46.479722" lon="12.952047">
        <ele>1460.282605093598</ele>
      </trkpt>
      <trkpt lat="46.479568" lon="12.952104">
        <ele>1455.4890421094892</ele>
      </trkpt>
      <trkpt lat="46.479368" lon="12.952083">
        <ele>1457.2080891763867</ele>
      </trkpt>
      <trkpt lat="46.479275" lon="12.952207">
        <ele>1451.743861615135</ele>
      </trkpt>
      <trkpt lat="46.479085" lon="12.952428">
        <ele>1442.1681801101677</ele>
      </trkpt>
      <trkpt lat="46.478854" lon="12.952628">
        <ele>1435.583300376846</ele>
      </trkpt>
      <trkpt lat="46.478664" lon="12.952664">
        <ele>1429.833858923129</ele>
      </trkpt>
      <trkpt lat="46.478335" lon="12.95234">
        <ele>1422.2588690382845</ele>
      </trkpt>
      <trkpt lat="46.478176" lon="12.952299">
        <ele>1420.2827404260672</ele>
      </trkpt>
      <trkpt lat="46.477798" lon="12.952323">
        <ele>1407.6913737447173</ele>
      </trkpt>
      <trkpt lat="46.477598" lon="12.952163">
        <ele>1404.4510390755195</ele>
      </trkpt>
      <trkpt lat="46.477527" lon="12.952127">
        <ele>1405.2085572426913</ele>
      </trkpt>
      <trkpt lat="46.477482" lon="12.952144">
        <ele>1403.8873014104195</ele>
      </trkpt>
      <trkpt lat="46.477416" lon="12.952186">
        <ele>1399.915037856907</ele>
      </trkpt>
      <trkpt lat="46.477188" lon="12.952298">
        <ele>1389.1065171418768</ele>
      </trkpt>
      <trkpt lat="46.477006" lon="12.952365">
        <ele>1390.0374208464877</ele>
      </trkpt>
      <trkpt lat="46.476897" lon="12.95246">
        <ele>1385.67423170551</ele>
      </trkpt>
      <trkpt lat="46.476834" lon="12.952474">
        <ele>1384.3122605249764</ele>
      </trkpt>
      <trkpt lat="46.476775" lon="12.95247">
        <ele>1383.6122237401244</ele>
      </trkpt>
      <trkpt lat="46.476704" lon="12.952411">
        <ele>1382.2809567415916</ele>
      </trkpt>
      <trkpt lat="46.476626" lon="12.952288">
        <ele>1381.7528614201713</ele>
      </trkpt>
      <trkpt lat="46.476582" lon="12.95224">
        <ele>1380.1940168170634</ele>
      </trkpt>
      <trkpt lat="46.476523" lon="12.952194">
        <ele>1377.82661506936</ele>
      </trkpt>
      <trkpt lat="46.476428" lon="12.952177">
        <ele>1374.4690452571967</ele>
      </trkpt>
      <trkpt lat="46.476321" lon="12.952172">
        <ele>1372.4030279346766</ele>
      </trkpt>
      <trkpt lat="46.475913" lon="12.952288">
        <ele>1362.0678580531765</ele>
      </trkpt>
      <trkpt lat="46.475747" lon="12.952307">
        <ele>1359.7784147449688</ele>
      </trkpt>
      <trkpt lat="46.475729" lon="12.952338">
        <ele>1357.673774842584</ele>
      </trkpt>
      <trkpt lat="46.47573" lon="12.952371">
        <ele>1355.686266714493</ele>
      </trkpt>
      <trkpt lat="46.475741" lon="12.952384">
        <ele>1355.1172441118192</ele>
      </trkpt>
      <trkpt lat="46.476088" lon="12.952427">
        <ele>1355.8221826535537</ele>
      </trkpt>
      <trkpt lat="46.476109" lon="12.952456">
        <ele>1354.5670426467666</ele>
      </trkpt>
      <trkpt lat="46.476104" lon="12.952494">
        <ele>1352.5901103262213</ele>
      </trkpt>
      <trkpt lat="46.476088" lon="12.952513">
        <ele>1351.4576473229613</ele>
      </trkpt>
      <trkpt lat="46.475897" lon="12.952549">
        <ele>1347.6498615344444</ele>
      </trkpt>
      <trkpt lat="46.475638" lon="12.952699">
        <ele>1339.8833602157742</ele>
      </trkpt>
      <trkpt lat="46.475553" lon="12.952708">
        <ele>1337.98424043092</ele>
      </trkpt>
      <trkpt lat="46.475505" lon="12.952694">
        <ele>1337.3946101108775</ele>
      </trkpt>
      <trkpt lat="46.475466" lon="12.952668">
        <ele>1337.5721523498355</ele>
      </trkpt>
      <trkpt lat="46.475405" lon="12.952606">
        <ele>1337.8390332778424</ele>
      </trkpt>
      <trkpt lat="46.475379" lon="12.952603">
        <ele>1336.9365179508907</ele>
      </trkpt>
      <trkpt lat="46.475361" lon="12.952628">
        <ele>1335.0387642879657</ele>
      </trkpt>
      <trkpt lat="46.475359" lon="12.952649">
        <ele>1333.9648310932482</ele>
      </trkpt>
      <trkpt lat="46.475375" lon="12.952722">
        <ele>1331.3159267211754</ele>
      </trkpt>
      <trkpt lat="46.475421" lon="12.952806">
        <ele>1329.9112010891963</ele>
      </trkpt>
      <trkpt lat="46.47549" lon="12.952904">
        <ele>1328.397785286627</ele>
      </trkpt>
      <trkpt lat="46.475648" lon="12.953044">
        <ele>1326.4802078004016</ele>
      </trkpt>
      <trkpt lat="46.475941" lon="12.953322">
        <ele>1320.3111512708215</ele>
      </trkpt>
      <trkpt lat="46.476084" lon="12.953486">
        <ele>1316.0688076076815</ele>
      </trkpt>
      <trkpt lat="46.476129" lon="12.953565">
        <ele>1313.8716376123625</ele>
      </trkpt>
      <trkpt lat="46.476155" lon="12.953643">
        <ele>1311.414725177572</ele>
      </trkpt>
      <trkpt lat="46.476157" lon="12.953694">
        <ele>1309.6735169913454</ele>
      </trkpt>
      <trkpt lat="46.47614" lon="12.953758">
        <ele>1307.3547437374507</ele>
      </trkpt>
      <trkpt lat="46.476093" lon="12.953812">
        <ele>1305.2682511629125</ele>
      </trkpt>
      <trkpt lat="46.476011" lon="12.953855">
        <ele>1303.6600342919548</ele>
      </trkpt>
      <trkpt lat="46.475849" lon="12.953882">
        <ele>1304.048714632529</ele>
      </trkpt>
      <trkpt lat="46.47577" lon="12.953928">
        <ele>1303.925784690451</ele>
      </trkpt>
      <trkpt lat="46.475723" lon="12.953991">
        <ele>1303.0764034494339</ele>
      </trkpt>
      <trkpt lat="46.475692" lon="12.954072">
        <ele>1301.6841029694826</ele>
      </trkpt>
      <trkpt lat="46.475666" lon="12.954112">
        <ele>1300.5285516670501</ele>
      </trkpt>
      <trkpt lat="46.475599" lon="12.954169">
        <ele>1299.080742334956</ele>
      </trkpt>
      <trkpt lat="46.475558" lon="12.954183">
        <ele>1298.41973587485</ele>
      </trkpt>
      <trkpt lat="46.475495" lon="12.954187">
        <ele>1297.287499243992</ele>
      </trkpt>
      <trkpt lat="46.475126" lon="12.954151">
        <ele>1292.7316817413005</ele>
      </trkpt>
      <trkpt lat="46.475061" lon="12.954113">
        <ele>1292.1643538819994</ele>
      </trkpt>
      <trkpt lat="46.475016" lon="12.954044">
        <ele>1291.7097250579004</ele>
      </trkpt>
      <trkpt lat="46.474953" lon="12.953824">
        <ele>1289.2988272221032</ele>
      </trkpt>
      <trkpt lat="46.474908" lon="12.953702">
        <ele>1287.1950539096315</ele>
      </trkpt>
      <trkpt lat="46.474857" lon="12.953631">
        <ele>1285.6912938242976</ele>
      </trkpt>
      <trkpt lat="46.474794" lon="12.953568">
        <ele>1283.9810186078232</ele>
      </trkpt>
      <trkpt lat="46.47439" lon="12.953246">
        <ele>1277.3699033588605</ele>
      </trkpt>
      <trkpt lat="46.474176" lon="12.95304">
        <ele>1272.2521275773902</ele>
      </trkpt>
      <trkpt lat="46.473987" lon="12.952879">
        <ele>1266.5675313644883</ele>
      </trkpt>
      <trkpt lat="46.473701" lon="12.952563">
        <ele>1258.5440248108632</ele>
      </trkpt>
      <trkpt lat="46.473626" lon="12.95243">
        <ele>1257.417626297704</ele>
      </trkpt>
      <trkpt lat="46.473572" lon="12.952341">
        <ele>1256.2042494390705</ele>
      </trkpt>
      <trkpt lat="46.473553" lon="12.952323">
        <ele>1255.3279513349773</ele>
      </trkpt>
      <trkpt lat="46.47354" lon="12.95232">
        <ele>1254.6473731494675</ele>
      </trkpt>
      <trkpt lat="46.473514" lon="12.952335">
        <ele>1253.1964793666968</ele>
      </trkpt>
      <trkpt lat="46.473508" lon="12.952412">
        <ele>1252.5074059057786</ele>
      </trkpt>
      <trkpt lat="46.473574" lon="12.952886">
        <ele>1251.5682521407066</ele>
      </trkpt>
      <trkpt lat="46.473573" lon="12.952951">
        <ele>1250.4136745877802</ele>
      </trkpt>
      <trkpt lat="46.473545" lon="12.952992">
        <ele>1248.647248350013</ele>
      </trkpt>
      <trkpt lat="46.473508" lon="12.952988">
        <ele>1247.3195554286635</ele>
      </trkpt>
      <trkpt lat="46.473467" lon="12.952927">
        <ele>1247.004695288386</ele>
      </trkpt>
      <trkpt lat="46.473416" lon="12.952826">
        <ele>1246.4231557616322</ele>
      </trkpt>
      <trkpt lat="46.473326" lon="12.952718">
        <ele>1243.7791235231416</ele>
      </trkpt>
      <trkpt lat="46.473259" lon="12.952568">
        <ele>1240.322497695299</ele>
      </trkpt>
      <trkpt lat="46.473219" lon="12.952432">
        <ele>1237.0400991894464</ele>
      </trkpt>
      <trkpt lat="46.473202" lon="12.952257">
        <ele>1233.5647914846709</ele>
      </trkpt>
      <trkpt lat="46.473206" lon="12.952079">
        <ele>1232.104751885611</ele>
      </trkpt>
      <trkpt lat="46.473224" lon="12.951932">
        <ele>1232.6807853508542</ele>
      </trkpt>
      <trkpt lat="46.473214" lon="12.951882">
        <ele>1232.2769056136194</ele>
      </trkpt>
      <trkpt lat="46.473166" lon="12.951821">
        <ele>1231.8270612937226</ele>
      </trkpt>
      <trkpt lat="46.473119" lon="12.951819">
        <ele>1231.1857196479436</ele>
      </trkpt>
      <trkpt lat="46.472954" lon="12.951964">
        <ele>1224.0138452831573</ele>
      </trkpt>
      <trkpt lat="46.472897" lon="12.951906">
        <ele>1224.7866999997848</ele>
      </trkpt>
      <trkpt lat="46.47283" lon="12.951786">
        <ele>1227.6889482934919</ele>
      </trkpt>
      <trkpt lat="46.47275" lon="12.951702">
        <ele>1229.0523809777565</ele>
      </trkpt>
      <trkpt lat="46.472595" lon="12.951607">
        <ele>1228.978018596468</ele>
      </trkpt>
      <trkpt lat="46.47253" lon="12.951525">
        <ele>1227.2368756671995</ele>
      </trkpt>
      <trkpt lat="46.472455" lon="12.951385">
        <ele>1226.470552613115</ele>
      </trkpt>
      <trkpt lat="46.472298" lon="12.951204">
        <ele>1224.6959678938024</ele>
      </trkpt>
      <trkpt lat="46.472266" lon="12.951153">
        <ele>1224.629219947217</ele>
      </trkpt>
      <trkpt lat="46.472227" lon="12.951032">
        <ele>1225.33033301822</ele>
      </trkpt>
      <trkpt lat="46.472072" lon="12.950763">
        <ele>1222.7564353138405</ele>
      </trkpt>
      <trkpt lat="46.471938" lon="12.950379">
        <ele>1222.2307382534539</ele>
      </trkpt>
      <trkpt lat="46.471774" lon="12.950015">
        <ele>1219.2001298558494</ele>
      </trkpt>
      <trkpt lat="46.471657" lon="12.949758">
        <ele>1215.9481675886298</ele>
      </trkpt>
      <trkpt lat="46.471591" lon="12.949566">
        <ele>1213.9757618388767</ele>
      </trkpt>
      <trkpt lat="46.471512" lon="12.949468">
        <ele>1210.3185423949787</ele>
      </trkpt>
      <trkpt lat="46.471454" lon="12.949336">
        <ele>1209.1732344280813</ele>
      </trkpt>
      <trkpt lat="46.471369" lon="12.949035">
        <ele>1209.1969827763892</ele>
      </trkpt>
      <trkpt lat="46.4713" lon="12.948709">
        <ele>1208.0146151216893</ele>
      </trkpt>
      <trkpt lat="46.471227" lon="12.948318">
        <ele>1205.3258926921148</ele>
      </trkpt>
      <trkpt lat="46.471161" lon="12.94804">
        <ele>1202.6203110136375</ele>
      </trkpt>
      <trkpt lat="46.471136" lon="12.947886">
        <ele>1200.9860332667604</ele>
      </trkpt>
      <trkpt lat="46.47105" lon="12.947001">
        <ele>1187.3565636335811</ele>
      </trkpt>
      <trkpt lat="46.471057" lon="12.946891">
        <ele>1186.6334297466915</ele>
      </trkpt>
      <trkpt lat="46.471098" lon="12.946565">
        <ele>1182.976652097126</ele>
      </trkpt>
      <trkpt lat="46.471066" lon="12.946348">
        <ele>1177.6965682957882</ele>
      </trkpt>
      <trkpt lat="46.471009" lon="12.946096">
        <ele>1174.0460517858617</ele>
      </trkpt>
      <trkpt lat="46.470947" lon="12.945938">
        <ele>1171.7251532666116</ele>
      </trkpt>
      <trkpt lat="46.470822" lon="12.945674">
        <ele>1168.521011586187</ele>
      </trkpt>
      <trkpt lat="46.470748" lon="12.945461">
        <ele>1166.7567810978683</ele>
      </trkpt>
      <trkpt lat="46.470658" lon="12.945303">
        <ele>1164.3241246481855</ele>
      </trkpt>
      <trkpt lat="46.470608" lon="12.945134">
        <ele>1161.842094829735</ele>
      </trkpt>
      <trkpt lat="46.470733" lon="12.944952">
        <ele>1162.4779263124274</ele>
      </trkpt>
      <trkpt lat="46.47077" lon="12.944776">
        <ele>1159.5019680473265</ele>
      </trkpt>
      <trkpt lat="46.470765" lon="12.944721">
        <ele>1158.4652502045237</ele>
      </trkpt>
      <trkpt lat="46.470752" lon="12.944586">
        <ele>1158.4110889759593</ele>
      </trkpt>
      <trkpt lat="46.470736" lon="12.944582">
        <ele>1158.1192968172618</ele>
      </trkpt>
      <trkpt lat="46.470638" lon="12.944639">
        <ele>1154.3301823450313</ele>
      </trkpt>
      <trkpt lat="46.47057" lon="12.944629">
        <ele>1154.1664268264335</ele>
      </trkpt>
      <trkpt lat="46.470494" lon="12.944598">
        <ele>1155.191941442543</ele>
      </trkpt>
      <trkpt lat="46.470425" lon="12.944551">
        <ele>1156.911529351158</ele>
      </trkpt>
      <trkpt lat="46.47031" lon="12.944455">
        <ele>1158.3483801441457</ele>
      </trkpt>
      <trkpt lat="46.470235" lon="12.944417">
        <ele>1157.5357809631173</ele>
      </trkpt>
      <trkpt lat="46.470077" lon="12.944367">
        <ele>1155.8406005016336</ele>
      </trkpt>
      <trkpt lat="46.469625" lon="12.944105">
        <ele>1155.544798535494</ele>
      </trkpt>
      <trkpt lat="46.469524" lon="12.944022">
        <ele>1155.5954304133531</ele>
      </trkpt>
      <trkpt lat="46.469319" lon="12.943816">
        <ele>1155.8355124509521</ele>
      </trkpt>
      <trkpt lat="46.469296" lon="12.943777">
        <ele>1155.7568049939925</ele>
      </trkpt>
      <trkpt lat="46.469215" lon="12.943591">
        <ele>1155.5321231037383</ele>
      </trkpt>
      <trkpt lat="46.469023" lon="12.943116">
        <ele>1152.0845360439828</ele>
      </trkpt>
      <trkpt lat="46.468981" lon="12.942966">
        <ele>1150.4565033284418</ele>
      </trkpt>
      <trkpt lat="46.468977" lon="12.942887">
        <ele>1149.7352445695074</ele>
      </trkpt>
      <trkpt lat="46.469002" lon="12.942699">
        <ele>1147.8862620036932</ele>
      </trkpt>
      <trkpt lat="46.469022" lon="12.942657">
        <ele>1147.7976971057747</ele>
      </trkpt>
      <trkpt lat="46.469033" lon="12.942633">
        <ele>1147.7428395571476</ele>
      </trkpt>
      <trkpt lat="46.469147" lon="12.942523">
        <ele>1148.9829279221722</ele>
      </trkpt>
      <trkpt lat="46.46921" lon="12.94249">
        <ele>1149.6988593181327</ele>
      </trkpt>
      <trkpt lat="46.4692" lon="12.942329">
        <ele>1144.5904514812205</ele>
      </trkpt>
      <trkpt lat="46.46909" lon="12.942203">
        <ele>1144.2067232159793</ele>
      </trkpt>
      <trkpt lat="46.469023" lon="12.94216">
        <ele>1146.4581832394724</ele>
      </trkpt>
      <trkpt lat="46.468921" lon="12.942143">
        <ele>1147.9029412599787</ele>
      </trkpt>
      <trkpt lat="46.46867" lon="12.942183">
        <ele>1151.5851300091733</ele>
      </trkpt>
      <trkpt lat="46.468208" lon="12.942375">
        <ele>1157.620320374357</ele>
      </trkpt>
      <trkpt lat="46.467949" lon="12.942484">
        <ele>1158.7664612727729</ele>
      </trkpt>
      <trkpt lat="46.467856" lon="12.942597">
        <ele>1157.545924533102</ele>
      </trkpt>
      <trkpt lat="46.467808" lon="12.942755">
        <ele>1154.1953013566524</ele>
      </trkpt>
      <trkpt lat="46.467768" lon="12.942826">
        <ele>1153.3663357060161</ele>
      </trkpt>
      <trkpt lat="46.467707" lon="12.942873">
        <ele>1153.4412149741543</ele>
      </trkpt>
      <trkpt lat="46.467547" lon="12.943046">
        <ele>1152.4371239846832</ele>
      </trkpt>
      <trkpt lat="46.467346" lon="12.943193">
        <ele>1151.1207157181964</ele>
      </trkpt>
      <trkpt lat="46.4671" lon="12.943231">
        <ele>1152.0281080472205</ele>
      </trkpt>
      <trkpt lat="46.466995" lon="12.943312">
        <ele>1151.1520545769358</ele>
      </trkpt>
      <trkpt lat="46.46683" lon="12.943405">
        <ele>1149.8995945193722</ele>
      </trkpt>
      <trkpt lat="46.466693" lon="12.943422">
        <ele>1149.3545470999388</ele>
      </trkpt>
      <trkpt lat="46.466485" lon="12.943369">
        <ele>1149.6811354547608</ele>
      </trkpt>
      <trkpt lat="46.465837" lon="12.94308">
        <ele>1150.4113676236907</ele>
      </trkpt>
      <trkpt lat="46.465563" lon="12.94294">
        <ele>1152.4078997339184</ele>
      </trkpt>
      <trkpt lat="46.465423" lon="12.942805">
        <ele>1154.4163577666875</ele>
      </trkpt>
      <trkpt lat="46.465333" lon="12.942579">
        <ele>1154.7796877628978</ele>
      </trkpt>
      <trkpt lat="46.465231" lon="12.942013">
        <ele>1150.6524906761858</ele>
      </trkpt>
      <trkpt lat="46.465162" lon="12.941787">
        <ele>1149.3265039971923</ele>
      </trkpt>
      <trkpt lat="46.465036" lon="12.941534">
        <ele>1148.1577589712367</ele>
      </trkpt>
      <trkpt lat="46.4647" lon="12.941014">
        <ele>1146.1875624016209</ele>
      </trkpt>
      <trkpt lat="46.464644" lon="12.9409">
        <ele>1146.1139163168084</ele>
      </trkpt>
      <trkpt lat="46.464556" lon="12.94052">
        <ele>1145.5306114417222</ele>
      </trkpt>
      <trkpt lat="46.464502" lon="12.940328">
        <ele>1145.1056352314747</ele>
      </trkpt>
      <trkpt lat="46.464395" lon="12.940094">
        <ele>1145.6509154413613</ele>
      </trkpt>
      <trkpt lat="46.464337" lon="12.940006">
        <ele>1146.019931419527</ele>
      </trkpt>
      <trkpt lat="46.464287" lon="12.939955">
        <ele>1146.1876430789198</ele>
      </trkpt>
      <trkpt lat="46.464087" lon="12.939823">
        <ele>1146.4647730481693</ele>
      </trkpt>
      <trkpt lat="46.463935" lon="12.939663">
        <ele>1148.8657261642336</ele>
      </trkpt>
      <trkpt lat="46.463786" lon="12.939463">
        <ele>1151.6979403234582</ele>
      </trkpt>
      <trkpt lat="46.463307" lon="12.938626">
        <ele>1163.443855059119</ele>
      </trkpt>
      <trkpt lat="46.463223" lon="12.938519">
        <ele>1165.275118502865</ele>
      </trkpt>
      <trkpt lat="46.463169" lon="12.938464">
        <ele>1166.2154606952095</ele>
      </trkpt>
      <trkpt lat="46.462966" lon="12.938314">
        <ele>1169.3739536148116</ele>
      </trkpt>
      <trkpt lat="46.462854" lon="12.938197">
        <ele>1171.3093967785376</ele>
      </trkpt>
      <trkpt lat="46.46278" lon="12.938086">
        <ele>1172.2590477237632</ele>
      </trkpt>
      <trkpt lat="46.462749" lon="12.938019">
        <ele>1172.4843651509395</ele>
      </trkpt>
      <trkpt lat="46.462727" lon="12.937889">
        <ele>1173.5981495970618</ele>
      </trkpt>
      <trkpt lat="46.462735" lon="12.937815">
        <ele>1174.68783081589</ele>
      </trkpt>
      <trkpt lat="46.462807" lon="12.937402">
        <ele>1177.7873163334173</ele>
      </trkpt>
      <trkpt lat="46.46281" lon="12.937262">
        <ele>1177.5116944967165</ele>
      </trkpt>
      <trkpt lat="46.46278" lon="12.937144">
        <ele>1177.7528422902033</ele>
      </trkpt>
      <trkpt lat="46.462679" lon="12.936813">
        <ele>1181.3941582082423</ele>
      </trkpt>
      <trkpt lat="46.462658" lon="12.936624">
        <ele>1182.4041565456039</ele>
      </trkpt>
      <trkpt lat="46.462646" lon="12.936307">
        <ele>1182.949861693799</ele>
      </trkpt>
      <trkpt lat="46.462628" lon="12.936209">
        <ele>1183.3837460528434</ele>
      </trkpt>
      <trkpt lat="46.462595" lon="12.93613">
        <ele>1183.8494804413158</ele>
      </trkpt>
      <trkpt lat="46.462244" lon="12.935673">
        <ele>1185.583544827915</ele>
      </trkpt>
      <trkpt lat="46.462177" lon="12.935566">
        <ele>1187.6505988312588</ele>
      </trkpt>
      <trkpt lat="46.462144" lon="12.93548">
        <ele>1189.2007679701317</ele>
      </trkpt>
      <trkpt lat="46.462111" lon="12.935212">
        <ele>1192.5198134505029</ele>
      </trkpt>
      <trkpt lat="46.462095" lon="12.935131">
        <ele>1192.3229450171762</ele>
      </trkpt>
      <trkpt lat="46.462045" lon="12.934965">
        <ele>1190.97993034106</ele>
      </trkpt>
      <trkpt lat="46.461867" lon="12.934534">
        <ele>1186.6177999914319</ele>
      </trkpt>
      <trkpt lat="46.46171" lon="12.934007">
        <ele>1182.366238293615</ele>
      </trkpt>
      <trkpt lat="46.461591" lon="12.93356">
        <ele>1182.7344178448395</ele>
      </trkpt>
      <trkpt lat="46.461498" lon="12.933208">
        <ele>1183.1658759599895</ele>
      </trkpt>
      <trkpt lat="46.461435" lon="12.93294">
        <ele>1183.613769999186</ele>
      </trkpt>
      <trkpt lat="46.46128" lon="12.932357">
        <ele>1181.8028764195685</ele>
      </trkpt>
      <trkpt lat="46.461239" lon="12.932231">
        <ele>1181.0599068724578</ele>
      </trkpt>
      <trkpt lat="46.461115" lon="12.931943">
        <ele>1180.4713538352344</ele>
      </trkpt>
      <trkpt lat="46.460879" lon="12.931285">
        <ele>1181.426322748302</ele>
      </trkpt>
      <trkpt lat="46.460791" lon="12.930988">
        <ele>1183.4310792740887</ele>
      </trkpt>
      <trkpt lat="46.460741" lon="12.93067">
        <ele>1183.2927485034297</ele>
      </trkpt>
      <trkpt lat="46.460734" lon="12.930505">
        <ele>1183.201400393658</ele>
      </trkpt>
      <trkpt lat="46.460694" lon="12.930085">
        <ele>1184.7901496264956</ele>
      </trkpt>
      <trkpt lat="46.460652" lon="12.929936">
        <ele>1185.918682028427</ele>
      </trkpt>
      <trkpt lat="46.460574" lon="12.929774">
        <ele>1187.6291205748098</ele>
      </trkpt>
      <trkpt lat="46.460408" lon="12.929458">
        <ele>1187.7806866551628</ele>
      </trkpt>
      <trkpt lat="46.460333" lon="12.929383">
        <ele>1187.7554753870265</ele>
      </trkpt>
      <trkpt lat="46.460256" lon="12.929325">
        <ele>1187.1409699041724</ele>
      </trkpt>
      <trkpt lat="46.460181" lon="12.9293">
        <ele>1186.7811780416341</ele>
      </trkpt>
      <trkpt lat="46.460129" lon="12.929298">
        <ele>1186.4433399172917</ele>
      </trkpt>
      <trkpt lat="46.460018" lon="12.929348">
        <ele>1186.0786780623523</ele>
      </trkpt>
      <trkpt lat="46.459944" lon="12.929404">
        <ele>1186.2941866099832</ele>
      </trkpt>
      <trkpt lat="46.459844" lon="12.929534">
        <ele>1189.1478846030018</ele>
      </trkpt>
      <trkpt lat="46.459812" lon="12.929545">
        <ele>1189.5243018451818</ele>
      </trkpt>
      <trkpt lat="46.45975" lon="12.929537">
        <ele>1189.3157810419025</ele>
      </trkpt>
      <trkpt lat="46.459576" lon="12.929463">
        <ele>1189.850949375537</ele>
      </trkpt>
      <trkpt lat="46.45921" lon="12.929203">
        <ele>1189.971725874082</ele>
      </trkpt>
      <trkpt lat="46.459055" lon="12.929075">
        <ele>1189.4445470089684</ele>
      </trkpt>
      <trkpt lat="46.458875" lon="12.928965">
        <ele>1190.973957402814</ele>
      </trkpt>
      <trkpt lat="46.458751" lon="12.928844">
        <ele>1192.1248622100557</ele>
      </trkpt>
      <trkpt lat="46.458698" lon="12.92867">
        <ele>1189.6984489770034</ele>
      </trkpt>
      <trkpt lat="46.458591" lon="12.928441">
        <ele>1188.5946791980782</ele>
      </trkpt>
      <trkpt lat="46.458523" lon="12.928353">
        <ele>1188.6096508994515</ele>
      </trkpt>
      <trkpt lat="46.458408" lon="12.928228">
        <ele>1188.0960257936474</ele>
      </trkpt>
      <trkpt lat="46.458323" lon="12.928173">
        <ele>1188.2265097138438</ele>
      </trkpt>
      <trkpt lat="46.458288" lon="12.928136">
        <ele>1187.935322883337</ele>
      </trkpt>
      <trkpt lat="46.458135" lon="12.928016">
        <ele>1187.3635222549722</ele>
      </trkpt>
      <trkpt lat="46.458033" lon="12.927955">
        <ele>1186.9633495521555</ele>
      </trkpt>
      <trkpt lat="46.457903" lon="12.927913">
        <ele>1186.7022842465985</ele>
      </trkpt>
      <trkpt lat="46.4577" lon="12.927893">
        <ele>1186.325589817434</ele>
      </trkpt>
      <trkpt lat="46.457478" lon="12.927933">
        <ele>1185.9146529584305</ele>
      </trkpt>
      <trkpt lat="46.457383" lon="12.927961">
        <ele>1185.6404786471917</ele>
      </trkpt>
      <trkpt lat="46.457213" lon="12.928036">
        <ele>1185.4698707035718</ele>
      </trkpt>
      <trkpt lat="46.457143" lon="12.928055">
        <ele>1184.9433803309212</ele>
      </trkpt>
      <trkpt lat="46.45705" lon="12.928068">
        <ele>1183.9616546849807</ele>
      </trkpt>
      <trkpt lat="46.456848" lon="12.928125">
        <ele>1182.9222003592229</ele>
      </trkpt>
      <trkpt lat="46.456776" lon="12.928133">
        <ele>1181.737811587681</ele>
      </trkpt>
      <trkpt lat="46.456728" lon="12.928125">
        <ele>1180.4003235704095</ele>
      </trkpt>
      <trkpt lat="46.45659" lon="12.92816">
        <ele>1179.4840851846259</ele>
      </trkpt>
      <trkpt lat="46.456411" lon="12.928288">
        <ele>1182.2139231511626</ele>
      </trkpt>
      <trkpt lat="46.456246" lon="12.928335">
        <ele>1182.9919353444498</ele>
      </trkpt>
      <trkpt lat="46.45614" lon="12.928341">
        <ele>1182.9895929303634</ele>
      </trkpt>
      <trkpt lat="46.455828" lon="12.928303">
        <ele>1182.3841035230162</ele>
      </trkpt>
      <trkpt lat="46.455792" lon="12.928287">
        <ele>1182.176245859912</ele>
      </trkpt>
      <trkpt lat="46.455765" lon="12.928275">
        <ele>1182.0296624595262</ele>
      </trkpt>
      <trkpt lat="46.455645" lon="12.928176">
        <ele>1180.3673854804279</ele>
      </trkpt>
      <trkpt lat="46.455595" lon="12.928146">
        <ele>1179.9862216848198</ele>
      </trkpt>
      <trkpt lat="46.455418" lon="12.928116">
        <ele>1182.216224363808</ele>
      </trkpt>
      <trkpt lat="46.455313" lon="12.928121">
        <ele>1184.3508956948494</ele>
      </trkpt>
      <trkpt lat="46.455218" lon="12.92809">
        <ele>1184.4415386822413</ele>
      </trkpt>
      <trkpt lat="46.455126" lon="12.928038">
        <ele>1183.6160695733756</ele>
      </trkpt>
      <trkpt lat="46.455023" lon="12.927961">
        <ele>1180.393036480406</ele>
      </trkpt>
      <trkpt lat="46.454908" lon="12.927893">
        <ele>1176.1062093589544</ele>
      </trkpt>
      <trkpt lat="46.454773" lon="12.927871">
        <ele>1172.8309344222196</ele>
      </trkpt>
      <trkpt lat="46.454635" lon="12.927878">
        <ele>1169.6306298794016</ele>
      </trkpt>
      <trkpt lat="46.454505" lon="12.927956">
        <ele>1168.1577941164414</ele>
      </trkpt>
      <trkpt lat="46.454308" lon="12.92815">
        <ele>1167.64964785007</ele>
      </trkpt>
      <trkpt lat="46.453901" lon="12.928445">
        <ele>1163.6997541231344</ele>
      </trkpt>
      <trkpt lat="46.453613" lon="12.928676">
        <ele>1159.0574696088793</ele>
      </trkpt>
      <trkpt lat="46.453471" lon="12.928806">
        <ele>1156.8564456419806</ele>
      </trkpt>
      <trkpt lat="46.453213" lon="12.92908">
        <ele>1153.5477525133952</ele>
      </trkpt>
      <trkpt lat="46.452956" lon="12.929278">
        <ele>1146.1620436179917</ele>
      </trkpt>
      <trkpt lat="46.452903" lon="12.929378">
        <ele>1144.2905031124933</ele>
      </trkpt>
      <trkpt lat="46.452808" lon="12.929695">
        <ele>1143.8202555151545</ele>
      </trkpt>
      <trkpt lat="46.45279" lon="12.929723">
        <ele>1144.0717050836458</ele>
      </trkpt>
      <trkpt lat="46.452761" lon="12.929738">
        <ele>1144.0765552570524</ele>
      </trkpt>
      <trkpt lat="46.452695" lon="12.929726">
        <ele>1144.204000547008</ele>
      </trkpt>
      <trkpt lat="46.452478" lon="12.929633">
        <ele>1143.623199343891</ele>
      </trkpt>
      <trkpt lat="46.45236" lon="12.929575">
        <ele>1142.9172254177483</ele>
      </trkpt>
      <trkpt lat="46.452171" lon="12.929465">
        <ele>1139.9808201126166</ele>
      </trkpt>
      <trkpt lat="46.451926" lon="12.929348">
        <ele>1136.1913527050635</ele>
      </trkpt>
      <trkpt lat="46.451898" lon="12.9293">
        <ele>1135.0558273259876</ele>
      </trkpt>
      <trkpt lat="46.451903" lon="12.929261">
        <ele>1133.5774796482704</ele>
      </trkpt>
      <trkpt lat="46.451918" lon="12.929233">
        <ele>1132.2973754879965</ele>
      </trkpt>
      <trkpt lat="46.451945" lon="12.929215">
        <ele>1131.3056068699277</ele>
      </trkpt>
      <trkpt lat="46.451971" lon="12.929213">
        <ele>1131.0748938263478</ele>
      </trkpt>
      <trkpt lat="46.452006" lon="12.929228">
        <ele>1131.3922219522701</ele>
      </trkpt>
      <trkpt lat="46.452071" lon="12.929293">
        <ele>1133.429314457731</ele>
      </trkpt>
      <trkpt lat="46.452103" lon="12.92931">
        <ele>1134.0286284083606</ele>
      </trkpt>
      <trkpt lat="46.452135" lon="12.929323">
        <ele>1134.4972928740863</ele>
      </trkpt>
      <trkpt lat="46.452163" lon="12.929321">
        <ele>1134.415413637546</ele>
      </trkpt>
      <trkpt lat="46.4522" lon="12.929261">
        <ele>1132.1129918326142</ele>
      </trkpt>
      <trkpt lat="46.452195" lon="12.929225">
        <ele>1130.7516444570772</ele>
      </trkpt>
      <trkpt lat="46.452178" lon="12.92919">
        <ele>1129.4585057280685</ele>
      </trkpt>
      <trkpt lat="46.452123" lon="12.929146">
        <ele>1128.0174442394605</ele>
      </trkpt>
      <trkpt lat="46.451966" lon="12.929076">
        <ele>1126.2515940132043</ele>
      </trkpt>
      <trkpt lat="46.451868" lon="12.928988">
        <ele>1124.6790474211823</ele>
      </trkpt>
      <trkpt lat="46.451796" lon="12.928898">
        <ele>1123.0710452867904</ele>
      </trkpt>
      <trkpt lat="46.451717" lon="12.928843">
        <ele>1122.971240080452</ele>
      </trkpt>
      <trkpt lat="46.451506" lon="12.928565">
        <ele>1117.6683700029148</ele>
      </trkpt>
      <trkpt lat="46.451405" lon="12.928445">
        <ele>1114.8241579803216</ele>
      </trkpt>
      <trkpt lat="46.451345" lon="12.928393">
        <ele>1113.6414200862569</ele>
      </trkpt>
      <trkpt lat="46.451287" lon="12.92838">
        <ele>1112.2953556652171</ele>
      </trkpt>
      <trkpt lat="46.451251" lon="12.92839">
        <ele>1111.9146387109117</ele>
      </trkpt>
      <trkpt lat="46.451213" lon="12.928422">
        <ele>1111.7375930657513</ele>
      </trkpt>
      <trkpt lat="46.451175" lon="12.928473">
        <ele>1111.1021101666856</ele>
      </trkpt>
      <trkpt lat="46.451139" lon="12.928548">
        <ele>1111.4329895664844</ele>
      </trkpt>
      <trkpt lat="46.450986" lon="12.928773">
        <ele>1109.2053746237073</ele>
      </trkpt>
      <trkpt lat="46.45087" lon="12.928913">
        <ele>1106.7644656655452</ele>
      </trkpt>
      <trkpt lat="46.450801" lon="12.928978">
        <ele>1105.0708197308966</ele>
      </trkpt>
      <trkpt lat="46.45065" lon="12.929206">
        <ele>1103.8811954854455</ele>
      </trkpt>
      <trkpt lat="46.450567" lon="12.929415">
        <ele>1105.5951374675576</ele>
      </trkpt>
      <trkpt lat="46.45051" lon="12.929528">
        <ele>1105.5577242898398</ele>
      </trkpt>
      <trkpt lat="46.450351" lon="12.92974">
        <ele>1102.5575222155276</ele>
      </trkpt>
      <trkpt lat="46.450235" lon="12.929943">
        <ele>1101.0640315198289</ele>
      </trkpt>
      <trkpt lat="46.4501" lon="12.930121">
        <ele>1098.811138857329</ele>
      </trkpt>
      <trkpt lat="46.450008" lon="12.930215">
        <ele>1097.0647903986883</ele>
      </trkpt>
      <trkpt lat="46.4498" lon="12.930458">
        <ele>1093.969042582873</ele>
      </trkpt>
      <trkpt lat="46.449591" lon="12.930748">
        <ele>1091.084704522873</ele>
      </trkpt>
      <trkpt lat="46.449546" lon="12.930796">
        <ele>1090.3972656585902</ele>
      </trkpt>
      <trkpt lat="46.449286" lon="12.931177">
        <ele>1088.213501511606</ele>
      </trkpt>
      <trkpt lat="46.449213" lon="12.93133">
        <ele>1087.5930734999731</ele>
      </trkpt>
      <trkpt lat="46.44917" lon="12.931481">
        <ele>1089.5988430880466</ele>
      </trkpt>
      <trkpt lat="46.44914" lon="12.931533">
        <ele>1090.3714171196789</ele>
      </trkpt>
      <trkpt lat="46.449095" lon="12.931556">
        <ele>1090.1000118106508</ele>
      </trkpt>
      <trkpt lat="46.449049" lon="12.931552">
        <ele>1089.020609613354</ele>
      </trkpt>
      <trkpt lat="46.448992" lon="12.931577">
        <ele>1088.882236915964</ele>
      </trkpt>
      <trkpt lat="46.448948" lon="12.931641">
        <ele>1091.300862933259</ele>
      </trkpt>
      <trkpt lat="46.448919" lon="12.931706">
        <ele>1094.1964514648362</ele>
      </trkpt>
      <trkpt lat="46.44889" lon="12.931739">
        <ele>1095.7400027655285</ele>
      </trkpt>
      <trkpt lat="46.44885" lon="12.931729">
        <ele>1095.4707051745054</ele>
      </trkpt>
      <trkpt lat="46.448745" lon="12.931609">
        <ele>1091.267407510151</ele>
      </trkpt>
      <trkpt lat="46.448344" lon="12.931356">
        <ele>1080.9325950089533</ele>
      </trkpt>
      <trkpt lat="46.448293" lon="12.93134">
        <ele>1079.4953806606422</ele>
      </trkpt>
      <trkpt lat="46.448173" lon="12.931331">
        <ele>1075.9827227390444</ele>
      </trkpt>
      <trkpt lat="46.448038" lon="12.931398">
        <ele>1072.8308062648246</ele>
      </trkpt>
      <trkpt lat="46.447968" lon="12.931456">
        <ele>1071.4361394700315</ele>
      </trkpt>
      <trkpt lat="46.447833" lon="12.931595">
        <ele>1068.8371528591229</ele>
      </trkpt>
      <trkpt lat="46.447708" lon="12.931738">
        <ele>1067.2075393458877</ele>
      </trkpt>
      <trkpt lat="46.447551" lon="12.931948">
        <ele>1063.8103265604873</ele>
      </trkpt>
      <trkpt lat="46.447453" lon="12.932143">
        <ele>1063.3008149202283</ele>
      </trkpt>
      <trkpt lat="46.447425" lon="12.932188">
        <ele>1063.3757530065793</ele>
      </trkpt>
      <trkpt lat="46.447391" lon="12.932216">
        <ele>1062.705878535371</ele>
      </trkpt>
      <trkpt lat="46.447356" lon="12.932211">
        <ele>1060.8061178937455</ele>
      </trkpt>
      <trkpt lat="46.447325" lon="12.932186">
        <ele>1058.4718263665036</ele>
      </trkpt>
      <trkpt lat="46.447315" lon="12.932145">
        <ele>1056.6842110113378</ele>
      </trkpt>
      <trkpt lat="46.447325" lon="12.932096">
        <ele>1055.660391005427</ele>
      </trkpt>
      <trkpt lat="46.447346" lon="12.932055">
        <ele>1055.557258250382</ele>
      </trkpt>
      <trkpt lat="46.447513" lon="12.931828">
        <ele>1058.2841425511579</ele>
      </trkpt>
      <trkpt lat="46.447528" lon="12.931788">
        <ele>1058.0377011816747</ele>
      </trkpt>
      <trkpt lat="46.447521" lon="12.931758">
        <ele>1056.7989854426894</ele>
      </trkpt>
      <trkpt lat="46.447501" lon="12.93174">
        <ele>1055.168955634074</ele>
      </trkpt>
      <trkpt lat="46.447471" lon="12.931735">
        <ele>1053.4341674895013</ele>
      </trkpt>
      <trkpt lat="46.447436" lon="12.931746">
        <ele>1051.887282510945</ele>
      </trkpt>
      <trkpt lat="46.447375" lon="12.931841">
        <ele>1051.2495819798612</ele>
      </trkpt>
      <trkpt lat="46.447298" lon="12.931996">
        <ele>1051.852900376714</ele>
      </trkpt>
      <trkpt lat="46.44719" lon="12.932143">
        <ele>1050.7518222787855</ele>
      </trkpt>
      <trkpt lat="46.446908" lon="12.932391">
        <ele>1043.1870238504991</ele>
      </trkpt>
      <trkpt lat="46.446779" lon="12.932593">
        <ele>1042.6058229192183</ele>
      </trkpt>
      <trkpt lat="46.4465" lon="12.932877">
        <ele>1035.697026733849</ele>
      </trkpt>
      <trkpt lat="46.446346" lon="12.933016">
        <ele>1029.6024475049005</ele>
      </trkpt>
      <trkpt lat="46.446276" lon="12.933165">
        <ele>1026.9838851330492</ele>
      </trkpt>
      <trkpt lat="46.446248" lon="12.933245">
        <ele>1025.3028689423215</ele>
      </trkpt>
      <trkpt lat="46.446206" lon="12.933533">
        <ele>1021.1579093080558</ele>
      </trkpt>
      <trkpt lat="46.446206" lon="12.933698">
        <ele>1021.141462045021</ele>
      </trkpt>
      <trkpt lat="46.446177" lon="12.934019">
        <ele>1023.3202097801912</ele>
      </trkpt>
      <trkpt lat="46.446152" lon="12.934059">
        <ele>1023.2550019102553</ele>
      </trkpt>
      <trkpt lat="46.446119" lon="12.934074">
        <ele>1022.4103228592707</ele>
      </trkpt>
      <trkpt lat="46.446049" lon="12.934063">
        <ele>1019.8036702799184</ele>
      </trkpt>
      <trkpt lat="46.445981" lon="12.934078">
        <ele>1017.0992824659384</ele>
      </trkpt>
      <trkpt lat="46.445944" lon="12.934102">
        <ele>1015.5190048492918</ele>
      </trkpt>
      <trkpt lat="46.445908" lon="12.934151">
        <ele>1014.1069723960761</ele>
      </trkpt>
      <trkpt lat="46.445885" lon="12.934206">
        <ele>1013.3956135307553</ele>
      </trkpt>
      <trkpt lat="46.445872" lon="12.934319">
        <ele>1014.2485984345263</ele>
      </trkpt>
      <trkpt lat="46.445861" lon="12.934432">
        <ele>1016.7790513721955</ele>
      </trkpt>
      <trkpt lat="46.445872" lon="12.934503">
        <ele>1019.0135524539612</ele>
      </trkpt>
      <trkpt lat="46.445843" lon="12.934544">
        <ele>1020.6882031760049</ele>
      </trkpt>
      <trkpt lat="46.4458" lon="12.934567">
        <ele>1021.7133666198447</ele>
      </trkpt>
      <trkpt lat="46.445692" lon="12.934568">
        <ele>1022.3966152463211</ele>
      </trkpt>
      <trkpt lat="46.44565" lon="12.934548">
        <ele>1021.4163210240499</ele>
      </trkpt>
      <trkpt lat="46.445486" lon="12.93447">
        <ele>1019.0343084861954</ele>
      </trkpt>
      <trkpt lat="46.445353" lon="12.934424">
        <ele>1018.755754965447</ele>
      </trkpt>
      <trkpt lat="46.445185" lon="12.934306">
        <ele>1014.6231369625115</ele>
      </trkpt>
      <trkpt lat="46.44511" lon="12.934268">
        <ele>1012.1069237919291</ele>
      </trkpt>
      <trkpt lat="46.445049" lon="12.934272">
        <ele>1010.7962791119583</ele>
      </trkpt>
      <trkpt lat="46.445011" lon="12.93431">
        <ele>1010.1160084370049</ele>
      </trkpt>
      <trkpt lat="46.444975" lon="12.934367">
        <ele>1009.3101207439526</ele>
      </trkpt>
      <trkpt lat="46.444922" lon="12.934491">
        <ele>1006.9074905951782</ele>
      </trkpt>
      <trkpt lat="46.444859" lon="12.934684">
        <ele>1002.0559584235959</ele>
      </trkpt>
      <trkpt lat="46.444849" lon="12.934803">
        <ele>1000.801773038348</ele>
      </trkpt>
      <trkpt lat="46.44476" lon="12.935136">
        <ele>992.7872932321866</ele>
      </trkpt>
      <trkpt lat="46.444732" lon="12.935315">
        <ele>990.4443870836249</ele>
      </trkpt>
      <trkpt lat="46.444724" lon="12.935446">
        <ele>990.2528123803365</ele>
      </trkpt>
      <trkpt lat="46.444687" lon="12.935567">
        <ele>988.1997355628382</ele>
      </trkpt>
      <trkpt lat="46.444632" lon="12.935677">
        <ele>985.2719833491476</ele>
      </trkpt>
      <trkpt lat="46.444575" lon="12.935761">
        <ele>982.4721763143465</ele>
      </trkpt>
      <trkpt lat="46.444473" lon="12.936004">
        <ele>981.0050294795398</ele>
      </trkpt>
      <trkpt lat="46.444258" lon="12.936329">
        <ele>975.1137568147674</ele>
      </trkpt>
      <trkpt lat="46.444212" lon="12.936423">
        <ele>973.5250414775323</ele>
      </trkpt>
      <trkpt lat="46.444151" lon="12.936622">
        <ele>970.4554654304435</ele>
      </trkpt>
      <trkpt lat="46.444133" lon="12.936722">
        <ele>968.555648457689</ele>
      </trkpt>
      <trkpt lat="46.444125" lon="12.936836">
        <ele>965.5179319311601</ele>
      </trkpt>
      <trkpt lat="46.444143" lon="12.936954">
        <ele>963.1217601956687</ele>
      </trkpt>
      <trkpt lat="46.444187" lon="12.9371">
        <ele>960.5827246331486</ele>
      </trkpt>
      <trkpt lat="46.444204" lon="12.937137">
        <ele>960.6733034281054</ele>
      </trkpt>
      <trkpt lat="46.444226" lon="12.937166">
        <ele>961.1409612493298</ele>
      </trkpt>
      <trkpt lat="46.444289" lon="12.937209">
        <ele>963.2850652724601</ele>
      </trkpt>
      <trkpt lat="46.444326" lon="12.937271">
        <ele>964.0537118531798</ele>
      </trkpt>
      <trkpt lat="46.444331" lon="12.93732">
        <ele>965.155653352848</ele>
      </trkpt>
      <trkpt lat="46.444321" lon="12.937372">
        <ele>965.4454186228617</ele>
      </trkpt>
      <trkpt lat="46.444291" lon="12.937456">
        <ele>965.4735381501064</ele>
      </trkpt>
      <trkpt lat="46.444251" lon="12.937482">
        <ele>963.6259977909765</ele>
      </trkpt>
      <trkpt lat="46.4442" lon="12.937493">
        <ele>960.3179265266646</ele>
      </trkpt>
      <trkpt lat="46.444145" lon="12.937536">
        <ele>957.168729826719</ele>
      </trkpt>
      <trkpt lat="46.444115" lon="12.937585">
        <ele>955.5730518114726</ele>
      </trkpt>
      <trkpt lat="46.444071" lon="12.937866">
        <ele>958.727520098169</ele>
      </trkpt>
      <trkpt lat="46.444077" lon="12.937931">
        <ele>960.9934062593159</ele>
      </trkpt>
      <trkpt lat="46.444062" lon="12.93799">
        <ele>962.0192735198021</ele>
      </trkpt>
      <trkpt lat="46.44403" lon="12.938035">
        <ele>961.6554200245938</ele>
      </trkpt>
      <trkpt lat="46.443962" lon="12.938078">
        <ele>958.835686584992</ele>
      </trkpt>
      <trkpt lat="46.443921" lon="12.938133">
        <ele>958.128286881627</ele>
      </trkpt>
      <trkpt lat="46.443862" lon="12.938266">
        <ele>957.6208320629266</ele>
      </trkpt>
      <trkpt lat="46.443792" lon="12.938446">
        <ele>955.9312543406867</ele>
      </trkpt>
      <trkpt lat="46.443757" lon="12.938553">
        <ele>956.8928732516521</ele>
      </trkpt>
      <trkpt lat="46.443726" lon="12.93867">
        <ele>959.9044489730682</ele>
      </trkpt>
      <trkpt lat="46.443705" lon="12.938749">
        <ele>962.4692651857706</ele>
      </trkpt>
      <trkpt lat="46.443666" lon="12.938845">
        <ele>965.5002097461537</ele>
      </trkpt>
      <trkpt lat="46.443611" lon="12.938896">
        <ele>966.6029359634385</ele>
      </trkpt>
      <trkpt lat="46.443551" lon="12.938895">
        <ele>965.1471943453109</ele>
      </trkpt>
      <trkpt lat="46.44345" lon="12.938955">
        <ele>965.8951222375788</ele>
      </trkpt>
      <trkpt lat="46.443298" lon="12.93902">
        <ele>964.2125793832491</ele>
      </trkpt>
      <trkpt lat="46.443185" lon="12.939088">
        <ele>960.9926408575454</ele>
      </trkpt>
      <trkpt lat="46.443088" lon="12.939225">
        <ele>958.4919856302645</ele>
      </trkpt>
      <trkpt lat="46.442903" lon="12.939612">
        <ele>955.1050781631947</ele>
      </trkpt>
      <trkpt lat="46.442755" lon="12.939903">
        <ele>953.003444500343</ele>
      </trkpt>
      <trkpt lat="46.442713" lon="12.939965">
        <ele>952.1721062733965</ele>
      </trkpt>
      <trkpt lat="46.442585" lon="12.940115">
        <ele>950.7910629663327</ele>
      </trkpt>
      <trkpt lat="46.442431" lon="12.940243">
        <ele>948.1060292466914</ele>
      </trkpt>
      <trkpt lat="46.44223" lon="12.940351">
        <ele>944.3824170348202</ele>
      </trkpt>
      <trkpt lat="46.442171" lon="12.940391">
        <ele>943.56233999659</ele>
      </trkpt>
      <trkpt lat="46.442126" lon="12.940436">
        <ele>943.0430077031359</ele>
      </trkpt>
      <trkpt lat="46.44209" lon="12.940491">
        <ele>942.8373750667266</ele>
      </trkpt>
      <trkpt lat="46.442034" lon="12.940617">
        <ele>942.3914265008477</ele>
      </trkpt>
      <trkpt lat="46.441954" lon="12.940953">
        <ele>940.131327393915</ele>
      </trkpt>
      <trkpt lat="46.441943" lon="12.941248">
        <ele>938.2832630797902</ele>
      </trkpt>
      <trkpt lat="46.441946" lon="12.941405">
        <ele>937.0810226684274</ele>
      </trkpt>
      <trkpt lat="46.441983" lon="12.941606">
        <ele>936.4332834082442</ele>
      </trkpt>
      <trkpt lat="46.442026" lon="12.941779">
        <ele>935.8512151328628</ele>
      </trkpt>
      <trkpt lat="46.442129" lon="12.94205">
        <ele>934.7229970946605</ele>
      </trkpt>
      <trkpt lat="46.44214" lon="12.942115">
        <ele>933.0563118277977</ele>
      </trkpt>
      <trkpt lat="46.442122" lon="12.942166">
        <ele>930.6452256190216</ele>
      </trkpt>
      <trkpt lat="46.442099" lon="12.942184">
        <ele>928.9735627045586</ele>
      </trkpt>
      <trkpt lat="46.442056" lon="12.942171">
        <ele>927.3692831789629</ele>
      </trkpt>
      <trkpt lat="46.442003" lon="12.942095">
        <ele>927.6819747082413</ele>
      </trkpt>
      <trkpt lat="46.441918" lon="12.941923">
        <ele>928.7286379185961</ele>
      </trkpt>
      <trkpt lat="46.4418" lon="12.941715">
        <ele>927.6184348462119</ele>
      </trkpt>
      <trkpt lat="46.441688" lon="12.941498">
        <ele>925.2793909611041</ele>
      </trkpt>
      <trkpt lat="46.441598" lon="12.941263">
        <ele>923.5834546627676</ele>
      </trkpt>
      <trkpt lat="46.441448" lon="12.940791">
        <ele>919.3286698265317</ele>
      </trkpt>
      <trkpt lat="46.441395" lon="12.940571">
        <ele>917.6024197916304</ele>
      </trkpt>
      <trkpt lat="46.44138" lon="12.940371">
        <ele>916.7456884366043</ele>
      </trkpt>
      <trkpt lat="46.441391" lon="12.940136">
        <ele>915.9432725032692</ele>
      </trkpt>
      <trkpt lat="46.441388" lon="12.940088">
        <ele>915.4812354050352</ele>
      </trkpt>
      <trkpt lat="46.441368" lon="12.940061">
        <ele>914.6664733059974</ele>
      </trkpt>
      <trkpt lat="46.441308" lon="12.940083">
        <ele>913.0177075326039</ele>
      </trkpt>
      <trkpt lat="46.44125" lon="12.940191">
        <ele>911.8518340621022</ele>
      </trkpt>
      <trkpt lat="46.441128" lon="12.940491">
        <ele>908.0221988366465</ele>
      </trkpt>
      <trkpt lat="46.441028" lon="12.940858">
        <ele>903.4754364586797</ele>
      </trkpt>
      <trkpt lat="46.441013" lon="12.940978">
        <ele>901.9350803396628</ele>
      </trkpt>
      <trkpt lat="46.441006" lon="12.941206">
        <ele>899.5097767222867</ele>
      </trkpt>
      <trkpt lat="46.441008" lon="12.941541">
        <ele>895.2796238227154</ele>
      </trkpt>
      <trkpt lat="46.441031" lon="12.94176">
        <ele>892.111317432407</ele>
      </trkpt>
      <trkpt lat="46.441026" lon="12.94187">
        <ele>888.4471165623465</ele>
      </trkpt>
      <trkpt lat="46.441081" lon="12.941954">
        <ele>888.7815427668988</ele>
      </trkpt>
      <trkpt lat="46.441166" lon="12.942119">
        <ele>887.6889368745568</ele>
      </trkpt>
      <trkpt lat="46.441285" lon="12.942407">
        <ele>883.5279616092347</ele>
      </trkpt>
      <trkpt lat="46.441546" lon="12.942911">
        <ele>878.9993633345061</ele>
      </trkpt>
      <trkpt lat="46.441704" lon="12.943145">
        <ele>879.6434602504554</ele>
      </trkpt>
      <trkpt lat="46.441734" lon="12.943223">
        <ele>879.9157478709196</ele>
      </trkpt>
      <trkpt lat="46.441757" lon="12.943459">
        <ele>879.497176981184</ele>
      </trkpt>
      <trkpt lat="46.441736" lon="12.943559">
        <ele>877.1850716681608</ele>
      </trkpt>
      <trkpt lat="46.441712" lon="12.943578">
        <ele>876.0357106248347</ele>
      </trkpt>
      <trkpt lat="46.441689" lon="12.94357">
        <ele>875.2284864394849</ele>
      </trkpt>
      <trkpt lat="46.441668" lon="12.943529">
        <ele>874.6563576590318</ele>
      </trkpt>
      <trkpt lat="46.441653" lon="12.943314">
        <ele>874.7346193854597</ele>
      </trkpt>
      <trkpt lat="46.441615" lon="12.943231">
        <ele>873.7763572921855</ele>
      </trkpt>
      <trkpt lat="46.441476" lon="12.943156">
        <ele>870.2160316849379</ele>
      </trkpt>
      <trkpt lat="46.441286" lon="12.943106">
        <ele>865.7612746857734</ele>
      </trkpt>
      <trkpt lat="46.441246" lon="12.943075">
        <ele>865.360763790276</ele>
      </trkpt>
      <trkpt lat="46.441215" lon="12.943035">
        <ele>865.4659578780065</ele>
      </trkpt>
      <trkpt lat="46.441169" lon="12.942963">
        <ele>866.1739079231503</ele>
      </trkpt>
      <trkpt lat="46.441149" lon="12.942913">
        <ele>866.7301400456624</ele>
      </trkpt>
      <trkpt lat="46.441114" lon="12.942864">
        <ele>865.9167447496166</ele>
      </trkpt>
      <trkpt lat="46.441072" lon="12.942848">
        <ele>864.1603771549674</ele>
      </trkpt>
      <trkpt lat="46.441041" lon="12.942876">
        <ele>861.9915729409556</ele>
      </trkpt>
      <trkpt lat="46.441029" lon="12.94293">
        <ele>860.3006243471237</ele>
      </trkpt>
      <trkpt lat="46.441065" lon="12.943058">
        <ele>858.9622347163461</ele>
      </trkpt>
      <trkpt lat="46.441109" lon="12.94314">
        <ele>857.3667147797894</ele>
      </trkpt>
      <trkpt lat="46.441261" lon="12.943322">
        <ele>855.6504236517795</ele>
      </trkpt>
      <trkpt lat="46.441287" lon="12.943364">
        <ele>856.1386204020562</ele>
      </trkpt>
      <trkpt lat="46.441335" lon="12.943472">
        <ele>858.0813761836482</ele>
      </trkpt>
      <trkpt lat="46.441338" lon="12.943505">
        <ele>858.7333280116814</ele>
      </trkpt>
      <trkpt lat="46.441327" lon="12.943543">
        <ele>858.7606128146736</ele>
      </trkpt>
      <trkpt lat="46.441301" lon="12.943571">
        <ele>857.9691015041451</ele>
      </trkpt>
      <trkpt lat="46.4412" lon="12.943638">
        <ele>854.0528648988266</ele>
      </trkpt>
      <trkpt lat="46.441143" lon="12.943708">
        <ele>851.579405098132</ele>
      </trkpt>
      <trkpt lat="46.44114" lon="12.943784">
        <ele>851.5100008883277</ele>
      </trkpt>
      <trkpt lat="46.441154" lon="12.943935">
        <ele>850.7809237258673</ele>
      </trkpt>
      <trkpt lat="46.441171" lon="12.944014">
        <ele>851.6807229589454</ele>
      </trkpt>
      <trkpt lat="46.44116" lon="12.9441">
        <ele>851.6254116323705</ele>
      </trkpt>
      <trkpt lat="46.441129" lon="12.944194">
        <ele>851.2568163436113</ele>
      </trkpt>
      <trkpt lat="46.441084" lon="12.944283">
        <ele>850.3290495667559</ele>
      </trkpt>
      <trkpt lat="46.440945" lon="12.94452">
        <ele>845.7379024649456</ele>
      </trkpt>
      <trkpt lat="46.440901" lon="12.944615">
        <ele>843.2914463990862</ele>
      </trkpt>
      <trkpt lat="46.440842" lon="12.944865">
        <ele>839.8154806917036</ele>
      </trkpt>
      <trkpt lat="46.440778" lon="12.945173">
        <ele>839.4572103861256</ele>
      </trkpt>
      <trkpt lat="46.440659" lon="12.945574">
        <ele>838.9478615794441</ele>
      </trkpt>
      <trkpt lat="46.440634" lon="12.94563">
        <ele>838.4839037051311</ele>
      </trkpt>
      <trkpt lat="46.440593" lon="12.945658">
        <ele>837.3527091583139</ele>
      </trkpt>
      <trkpt lat="46.440568" lon="12.945627">
        <ele>836.4925585831915</ele>
      </trkpt>
      <trkpt lat="46.440551" lon="12.945571">
        <ele>835.7319753791489</ele>
      </trkpt>
      <trkpt lat="46.440553" lon="12.945498">
        <ele>835.4563754881374</ele>
      </trkpt>
      <trkpt lat="46.440574" lon="12.945352">
        <ele>834.4042902683581</ele>
      </trkpt>
      <trkpt lat="46.440622" lon="12.945134">
        <ele>830.102040412756</ele>
      </trkpt>
      <trkpt lat="46.440651" lon="12.944905">
        <ele>826.8275317080856</ele>
      </trkpt>
      <trkpt lat="46.440655" lon="12.944698">
        <ele>826.1940647979396</ele>
      </trkpt>
      <trkpt lat="46.440644" lon="12.944586">
        <ele>825.7139196516491</ele>
      </trkpt>
      <trkpt lat="46.440624" lon="12.944491">
        <ele>825.1714211361037</ele>
      </trkpt>
      <trkpt lat="46.440594" lon="12.944407">
        <ele>824.6862867242369</ele>
      </trkpt>
      <trkpt lat="46.440551" lon="12.944321">
        <ele>824.3335720314604</ele>
      </trkpt>
      <trkpt lat="46.440457" lon="12.944195">
        <ele>823.3390655212529</ele>
      </trkpt>
      <trkpt lat="46.44032" lon="12.944108">
        <ele>822.0022574963465</ele>
      </trkpt>
      <trkpt lat="46.44024" lon="12.944099">
        <ele>820.8912713284865</ele>
      </trkpt>
      <trkpt lat="46.440196" lon="12.944106">
        <ele>820.0639011122413</ele>
      </trkpt>
      <trkpt lat="46.440103" lon="12.944145">
        <ele>817.8725525015776</ele>
      </trkpt>
      <trkpt lat="46.44004" lon="12.944198">
        <ele>816.3294736725112</ele>
      </trkpt>
      <trkpt lat="46.439981" lon="12.944276">
        <ele>814.7435164360048</ele>
      </trkpt>
      <trkpt lat="46.439928" lon="12.944385">
        <ele>813.7316501860287</ele>
      </trkpt>
      <trkpt lat="46.439827" lon="12.944684">
        <ele>814.1790094122427</ele>
      </trkpt>
      <trkpt lat="46.439747" lon="12.945119">
        <ele>813.8130219468612</ele>
      </trkpt>
      <trkpt lat="46.439679" lon="12.945364">
        <ele>813.2292379194846</ele>
      </trkpt>
      <trkpt lat="46.439604" lon="12.945582">
        <ele>813.3165208656534</ele>
      </trkpt>
      <trkpt lat="46.439545" lon="12.945697">
        <ele>813.8485257106834</ele>
      </trkpt>
      <trkpt lat="46.43948" lon="12.945931">
        <ele>814.5528648588557</ele>
      </trkpt>
      <trkpt lat="46.43935" lon="12.946546">
        <ele>816.5475860480008</ele>
      </trkpt>
      <trkpt lat="46.439246" lon="12.947122">
        <ele>818.2573441760119</ele>
      </trkpt>
      <trkpt lat="46.4392" lon="12.947269">
        <ele>817.4209441506941</ele>
      </trkpt>
      <trkpt lat="46.439132" lon="12.947346">
        <ele>816.4889934789628</ele>
      </trkpt>
      <trkpt lat="46.439042" lon="12.947346">
        <ele>816.0146958091898</ele>
      </trkpt>
      <trkpt lat="46.43874" lon="12.947186">
        <ele>820.3540943380385</ele>
      </trkpt>
      <trkpt lat="46.43858" lon="12.947136">
        <ele>821.6360678129123</ele>
      </trkpt>
      <trkpt lat="46.438407" lon="12.947104">
        <ele>823.1834375041707</ele>
      </trkpt>
      <trkpt lat="46.438257" lon="12.947065">
        <ele>824.8110942232128</ele>
      </trkpt>
      <trkpt lat="46.438095" lon="12.947063">
        <ele>825.3959274410361</ele>
      </trkpt>
      <trkpt lat="46.437896" lon="12.947043">
        <ele>826.9136939330974</ele>
      </trkpt>
      <trkpt lat="46.437679" lon="12.94703">
        <ele>832.289126029304</ele>
      </trkpt>
      <trkpt lat="46.437611" lon="12.947066">
        <ele>834.1399673123328</ele>
      </trkpt>
      <trkpt lat="46.437597" lon="12.94717">
        <ele>836.1715441963022</ele>
      </trkpt>
      <trkpt lat="46.437628" lon="12.94727">
        <ele>836.320725103212</ele>
      </trkpt>
      <trkpt lat="46.437795" lon="12.947532">
        <ele>836.3658148120628</ele>
      </trkpt>
      <trkpt lat="46.437909" lon="12.947753">
        <ele>834.5653468944392</ele>
      </trkpt>
      <trkpt lat="46.437977" lon="12.947921">
        <ele>836.6608099363714</ele>
      </trkpt>
      <trkpt lat="46.438012" lon="12.948055">
        <ele>836.4492949735583</ele>
      </trkpt>
      <trkpt lat="46.438011" lon="12.948164">
        <ele>834.7818696357094</ele>
      </trkpt>
      <trkpt lat="46.437971" lon="12.948236">
        <ele>833.7836956445526</ele>
      </trkpt>
      <trkpt lat="46.437895" lon="12.948289">
        <ele>831.7191286395755</ele>
      </trkpt>
      <trkpt lat="46.437748" lon="12.948314">
        <ele>834.7520995936637</ele>
      </trkpt>
      <trkpt lat="46.437642" lon="12.948355">
        <ele>836.485695585454</ele>
      </trkpt>
      <trkpt lat="46.437593" lon="12.94841">
        <ele>837.3277872511967</ele>
      </trkpt>
      <trkpt lat="46.437564" lon="12.948506">
        <ele>838.5043547153323</ele>
      </trkpt>
      <trkpt lat="46.437565" lon="12.948789">
        <ele>837.259573582904</ele>
      </trkpt>
      <trkpt lat="46.437545" lon="12.948843">
        <ele>836.3295219836083</ele>
      </trkpt>
      <trkpt lat="46.437496" lon="12.948896">
        <ele>835.7550061488056</ele>
      </trkpt>
      <trkpt lat="46.437323" lon="12.948892">
        <ele>836.289568159852</ele>
      </trkpt>
      <trkpt lat="46.436942" lon="12.948819">
        <ele>839.1280206262402</ele>
      </trkpt>
      <trkpt lat="46.436816" lon="12.948744">
        <ele>839.9361125515902</ele>
      </trkpt>
      <trkpt lat="46.43661" lon="12.948339">
        <ele>839.9333239392522</ele>
      </trkpt>
      <trkpt lat="46.43655" lon="12.94826">
        <ele>839.6457056973113</ele>
      </trkpt>
      <trkpt lat="46.436409" lon="12.948155">
        <ele>838.9642822789523</ele>
      </trkpt>
      <trkpt lat="46.436299" lon="12.948048">
        <ele>839.8573451427773</ele>
      </trkpt>
      <trkpt lat="46.436191" lon="12.947886">
        <ele>841.1876451544149</ele>
      </trkpt>
      <trkpt lat="46.43602" lon="12.947721">
        <ele>841.6705068169724</ele>
      </trkpt>
      <trkpt lat="46.43594" lon="12.947675">
        <ele>842.3831391523684</ele>
      </trkpt>
      <trkpt lat="46.43585" lon="12.947766">
        <ele>842.1543398131791</ele>
      </trkpt>
      <trkpt lat="46.435766" lon="12.948156">
        <ele>841.5025988434327</ele>
      </trkpt>
      <trkpt lat="46.43561" lon="12.948473">
        <ele>841.1566931252798</ele>
      </trkpt>
      <trkpt lat="46.435261" lon="12.949166">
        <ele>843.7923115015728</ele>
      </trkpt>
      <trkpt lat="46.435202" lon="12.949213">
        <ele>843.7771281464073</ele>
      </trkpt>
      <trkpt lat="46.434796" lon="12.949381">
        <ele>847.1918625227554</ele>
      </trkpt>
      <trkpt lat="46.434637" lon="12.949461">
        <ele>848.6878331941462</ele>
      </trkpt>
      <trkpt lat="46.434452" lon="12.94951">
        <ele>848.6971590257369</ele>
      </trkpt>
      <trkpt lat="46.434371" lon="12.949484">
        <ele>849.3374584557912</ele>
      </trkpt>
      <trkpt lat="46.434072" lon="12.949348">
        <ele>850.7448214422577</ele>
      </trkpt>
      <trkpt lat="46.433855" lon="12.949201">
        <ele>853.1469751600891</ele>
      </trkpt>
      <trkpt lat="46.433618" lon="12.949017">
        <ele>853.8304055767321</ele>
      </trkpt>
      <trkpt lat="46.433406" lon="12.948835">
        <ele>854.479108250463</ele>
      </trkpt>
      <trkpt lat="46.43334" lon="12.948808">
        <ele>854.0478313231291</ele>
      </trkpt>
      <trkpt lat="46.433048" lon="12.948566">
        <ele>856.3868869128839</ele>
      </trkpt>
      <trkpt lat="46.43296" lon="12.948473">
        <ele>858.2355840028944</ele>
      </trkpt>
      <trkpt lat="46.432793" lon="12.948252">
        <ele>860.2795653502831</ele>
      </trkpt>
      <trkpt lat="46.432716" lon="12.948203">
        <ele>861.0029343184485</ele>
      </trkpt>
      <trkpt lat="46.432668" lon="12.94819">
        <ele>861.5761767283618</ele>
      </trkpt>
      <trkpt lat="46.432265" lon="12.948288">
        <ele>862.1178538444123</ele>
      </trkpt>
      <trkpt lat="46.431975" lon="12.948255">
        <ele>867.0048991382642</ele>
      </trkpt>
      <trkpt lat="46.431635" lon="12.948445">
        <ele>868.2748471349694</ele>
      </trkpt>
      <trkpt lat="46.431542" lon="12.948438">
        <ele>869.1591811089079</ele>
      </trkpt>
      <trkpt lat="46.431093" lon="12.948324">
        <ele>875.1145352433516</ele>
      </trkpt>
      <trkpt lat="46.430745" lon="12.948339">
        <ele>876.5968643054573</ele>
      </trkpt>
      <trkpt lat="46.430225" lon="12.948286">
        <ele>880.9198438447285</ele>
      </trkpt>
      <trkpt lat="46.430169" lon="12.948246">
        <ele>881.5241323877417</ele>
      </trkpt>
      <trkpt lat="46.430071" lon="12.948124">
        <ele>883.1501218408276</ele>
      </trkpt>
      <trkpt lat="46.429627" lon="12.947149">
        <ele>886.1666217439109</ele>
      </trkpt>
      <trkpt lat="46.429369" lon="12.946549">
        <ele>885.1998714834086</ele>
      </trkpt>
      <trkpt lat="46.429277" lon="12.94638">
        <ele>884.6014293162157</ele>
      </trkpt>
      <trkpt lat="46.42921" lon="12.946292">
        <ele>883.8927412296059</ele>
      </trkpt>
      <trkpt lat="46.429077" lon="12.946178">
        <ele>882.367331022075</ele>
      </trkpt>
      <trkpt lat="46.428891" lon="12.946071">
        <ele>880.4989742782163</ele>
      </trkpt>
      <trkpt lat="46.428799" lon="12.946031">
        <ele>879.9657313880773</ele>
      </trkpt>
      <trkpt lat="46.428656" lon="12.945992">
        <ele>879.6633649689575</ele>
      </trkpt>
      <trkpt lat="46.428282" lon="12.945923">
        <ele>878.7828255595844</ele>
      </trkpt>
      <trkpt lat="46.42816" lon="12.945855">
        <ele>878.1607763332836</ele>
      </trkpt>
      <trkpt lat="46.42803" lon="12.945718">
        <ele>877.3743075354955</ele>
      </trkpt>
      <trkpt lat="46.427764" lon="12.945357">
        <ele>875.3850402553411</ele>
      </trkpt>
      <trkpt lat="46.42739" lon="12.944941">
        <ele>874.4543767253516</ele>
      </trkpt>
      <trkpt lat="46.426833" lon="12.94452">
        <ele>871.9043783056791</ele>
      </trkpt>
      <trkpt lat="46.426703" lon="12.944345">
        <ele>871.3453985599626</ele>
      </trkpt>
      <trkpt lat="46.426547" lon="12.943952">
        <ele>870.6890722071919</ele>
      </trkpt>
      <trkpt lat="46.426505" lon="12.943606">
        <ele>870.780686954724</ele>
      </trkpt>
      <trkpt lat="46.426495" lon="12.943301">
        <ele>870.70404918759</ele>
      </trkpt>
      <trkpt lat="46.426536" lon="12.943015">
        <ele>870.9858505791344</ele>
      </trkpt>
      <trkpt lat="46.426601" lon="12.942731">
        <ele>871.2584533728214</ele>
      </trkpt>
      <trkpt lat="46.426665" lon="12.942552">
        <ele>871.7698744494492</ele>
      </trkpt>
      <trkpt lat="46.426777" lon="12.942387">
        <ele>872.7809603019839</ele>
      </trkpt>
      <trkpt lat="46.426854" lon="12.942309">
        <ele>873.3459184805847</ele>
      </trkpt>
      <trkpt lat="46.427098" lon="12.942143">
        <ele>873.9522225685484</ele>
      </trkpt>
      <trkpt lat="46.427184" lon="12.942129">
        <ele>874.1311247479558</ele>
      </trkpt>
      <trkpt lat="46.427309" lon="12.942146">
        <ele>874.401546361747</ele>
      </trkpt>
      <trkpt lat="46.427535" lon="12.942234">
        <ele>874.7456668559485</ele>
      </trkpt>
      <trkpt lat="46.427592" lon="12.942247">
        <ele>874.6104074485019</ele>
      </trkpt>
      <trkpt lat="46.427728" lon="12.942242">
        <ele>873.5828435599757</ele>
      </trkpt>
      <trkpt lat="46.428054" lon="12.942192">
        <ele>871.8800647993694</ele>
      </trkpt>
      <trkpt lat="46.428124" lon="12.942196">
        <ele>871.8999571993656</ele>
      </trkpt>
      <trkpt lat="46.428217" lon="12.942226">
        <ele>872.2066596526208</ele>
      </trkpt>
      <trkpt lat="46.42836" lon="12.942308">
        <ele>872.8511285848361</ele>
      </trkpt>
      <trkpt lat="46.428446" lon="12.942318">
        <ele>872.7124042986705</ele>
      </trkpt>
      <trkpt lat="46.428523" lon="12.942314">
        <ele>872.4816294078557</ele>
      </trkpt>
      <trkpt lat="46.428968" lon="12.942125">
        <ele>871.2390352456695</ele>
      </trkpt>
      <trkpt lat="46.429042" lon="12.942121">
        <ele>871.2940094497983</ele>
      </trkpt>
      <trkpt lat="46.429596" lon="12.942191">
        <ele>867.7121371187408</ele>
      </trkpt>
      <trkpt lat="46.429829" lon="12.942267">
        <ele>867.4522550638956</ele>
      </trkpt>
      <trkpt lat="46.429936" lon="12.942278">
        <ele>866.5008871273926</ele>
      </trkpt>
      <trkpt lat="46.42997" lon="12.94227">
        <ele>866.1959154075431</ele>
      </trkpt>
      <trkpt lat="46.430098" lon="12.942188">
        <ele>864.3939378890377</ele>
      </trkpt>
      <trkpt lat="46.430311" lon="12.942027">
        <ele>862.4861139382604</ele>
      </trkpt>
      <trkpt lat="46.43043" lon="12.941887">
        <ele>860.4165805322363</ele>
      </trkpt>
      <trkpt lat="46.430484" lon="12.94178">
        <ele>859.2143374850858</ele>
      </trkpt>
      <trkpt lat="46.430539" lon="12.941574">
        <ele>857.4164697424872</ele>
      </trkpt>
      <trkpt lat="46.430608" lon="12.941362">
        <ele>855.858963665013</ele>
      </trkpt>
      <trkpt lat="46.430672" lon="12.941225">
        <ele>854.424907392153</ele>
      </trkpt>
      <trkpt lat="46.430843" lon="12.94094">
        <ele>849.9867579661325</ele>
      </trkpt>
      <trkpt lat="46.430924" lon="12.94083">
        <ele>848.3603189484497</ele>
      </trkpt>
      <trkpt lat="46.431109" lon="12.940662">
        <ele>845.9463732111592</ele>
      </trkpt>
      <trkpt lat="46.431141" lon="12.94061">
        <ele>845.3586230015093</ele>
      </trkpt>
      <trkpt lat="46.431161" lon="12.940535">
        <ele>844.4870092482308</ele>
      </trkpt>
      <trkpt lat="46.431166" lon="12.940485">
        <ele>844.3108101322107</ele>
      </trkpt>
      <trkpt lat="46.431158" lon="12.940391">
        <ele>844.1796405195992</ele>
      </trkpt>
      <trkpt lat="46.43112" lon="12.940306">
        <ele>844.3757686962833</ele>
      </trkpt>
      <trkpt lat="46.431091" lon="12.940279">
        <ele>844.3991484318288</ele>
      </trkpt>
      <trkpt lat="46.431002" lon="12.940271">
        <ele>843.5385862101073</ele>
      </trkpt>
      <trkpt lat="46.430613" lon="12.94037">
        <ele>840.6852175345956</ele>
      </trkpt>
      <trkpt lat="46.430522" lon="12.940376">
        <ele>840.3945929752315</ele>
      </trkpt>
      <trkpt lat="46.430106" lon="12.940358">
        <ele>838.4898054745133</ele>
      </trkpt>
      <trkpt lat="46.429866" lon="12.940359">
        <ele>836.3995235742212</ele>
      </trkpt>
      <trkpt lat="46.429685" lon="12.940323">
        <ele>835.0717222945752</ele>
      </trkpt>
      <trkpt lat="46.429454" lon="12.940197">
        <ele>833.5540546160129</ele>
      </trkpt>
      <trkpt lat="46.429381" lon="12.940137">
        <ele>831.9960958376043</ele>
      </trkpt>
      <trkpt lat="46.429353" lon="12.940096">
        <ele>831.623954886225</ele>
      </trkpt>
      <trkpt lat="46.4289" lon="12.939003">
        <ele>825.4104141415737</ele>
      </trkpt>
      <trkpt lat="46.428646" lon="12.938215">
        <ele>818.4406275620797</ele>
      </trkpt>
      <trkpt lat="46.428625" lon="12.938124">
        <ele>817.8714045603134</ele>
      </trkpt>
      <trkpt lat="46.428548" lon="12.937443">
        <ele>812.9633803761528</ele>
      </trkpt>
      <trkpt lat="46.428531" lon="12.937361">
        <ele>812.4238213274948</ele>
      </trkpt>
      <trkpt lat="46.428489" lon="12.937224">
        <ele>811.1929854399909</ele>
      </trkpt>
      <trkpt lat="46.428436" lon="12.937091">
        <ele>809.5398068853491</ele>
      </trkpt>
      <trkpt lat="46.428394" lon="12.93692">
        <ele>807.1953831520073</ele>
      </trkpt>
      <trkpt lat="46.428383" lon="12.936819">
        <ele>806.2363745009064</ele>
      </trkpt>
      <trkpt lat="46.428395" lon="12.936622">
        <ele>804.9526318825625</ele>
      </trkpt>
      <trkpt lat="46.428447" lon="12.936267">
        <ele>802.7363962790979</ele>
      </trkpt>
      <trkpt lat="46.428453" lon="12.936079">
        <ele>801.8483527633748</ele>
      </trkpt>
      <trkpt lat="46.428436" lon="12.935885">
        <ele>800.7142514724484</ele>
      </trkpt>
      <trkpt lat="46.428379" lon="12.935551">
        <ele>797.2590997570027</ele>
      </trkpt>
      <trkpt lat="46.428288" lon="12.935189">
        <ele>795.0272790612971</ele>
      </trkpt>
      <trkpt lat="46.428191" lon="12.934908">
        <ele>792.8441030338479</ele>
      </trkpt>
      <trkpt lat="46.428136" lon="12.934779">
        <ele>791.9037810372536</ele>
      </trkpt>
      <trkpt lat="46.428026" lon="12.934558">
        <ele>789.925191709066</ele>
      </trkpt>
      <trkpt lat="46.427892" lon="12.934318">
        <ele>787.3220889556967</ele>
      </trkpt>
      <trkpt lat="46.427839" lon="12.93426">
        <ele>786.4682918055674</ele>
      </trkpt>
      <trkpt lat="46.42779" lon="12.934236">
        <ele>785.771096279246</ele>
      </trkpt>
      <trkpt lat="46.427694" lon="12.934226">
        <ele>784.4327175607245</ele>
      </trkpt>
      <trkpt lat="46.427644" lon="12.934233">
        <ele>783.5988034035998</ele>
      </trkpt>
      <trkpt lat="46.42753" lon="12.93425">
        <ele>781.821500340955</ele>
      </trkpt>
      <trkpt lat="46.427169" lon="12.934274">
        <ele>779.8712730369589</ele>
      </trkpt>
      <trkpt lat="46.427055" lon="12.934297">
        <ele>779.2004368613175</ele>
      </trkpt>
      <trkpt lat="46.426755" lon="12.934406">
        <ele>776.3417133715159</ele>
      </trkpt>
      <trkpt lat="46.426403" lon="12.934493">
        <ele>773.559117320638</ele>
      </trkpt>
      <trkpt lat="46.426353" lon="12.934485">
        <ele>773.1090438523795</ele>
      </trkpt>
      <trkpt lat="46.42631" lon="12.934465">
        <ele>772.6486226362825</ele>
      </trkpt>
      <trkpt lat="46.426285" lon="12.934436">
        <ele>772.3866612300632</ele>
      </trkpt>
      <trkpt lat="46.426261" lon="12.934348">
        <ele>772.1413420734079</ele>
      </trkpt>
      <trkpt lat="46.426261" lon="12.934285">
        <ele>771.6937782593994</ele>
      </trkpt>
      <trkpt lat="46.426273" lon="12.934211">
        <ele>771.4443169725313</ele>
      </trkpt>
      <trkpt lat="46.426397" lon="12.933731">
        <ele>770.5498255603815</ele>
      </trkpt>
      <trkpt lat="46.426443" lon="12.933516">
        <ele>768.6903933239744</ele>
      </trkpt>
      <trkpt lat="46.426442" lon="12.933419">
        <ele>767.8083184323557</ele>
      </trkpt>
      <trkpt lat="46.42642" lon="12.933341">
        <ele>766.8704340188322</ele>
      </trkpt>
      <trkpt lat="46.426373" lon="12.933263">
        <ele>765.826881500834</ele>
      </trkpt>
      <trkpt lat="46.426311" lon="12.933205">
        <ele>764.830425456455</ele>
      </trkpt>
      <trkpt lat="46.426175" lon="12.933128">
        <ele>762.9354397619256</ele>
      </trkpt>
      <trkpt lat="46.426115" lon="12.933073">
        <ele>762.0970312216843</ele>
      </trkpt>
      <trkpt lat="46.426083" lon="12.932995">
        <ele>761.7091139488391</ele>
      </trkpt>
      <trkpt lat="46.426065" lon="12.932896">
        <ele>761.2780967781339</ele>
      </trkpt>
      <trkpt lat="46.426065" lon="12.932578">
        <ele>760.1784744030558</ele>
      </trkpt>
      <trkpt lat="46.426054" lon="12.93249">
        <ele>759.3630118059157</ele>
      </trkpt>
      <trkpt lat="46.426026" lon="12.932363">
        <ele>758.0753893981632</ele>
      </trkpt>
      <trkpt lat="46.42595" lon="12.932152">
        <ele>756.3232250293803</ele>
      </trkpt>
      <trkpt lat="46.425897" lon="12.932057">
        <ele>755.7401071080491</ele>
      </trkpt>
      <trkpt lat="46.425844" lon="12.932004">
        <ele>755.4431025454063</ele>
      </trkpt>
      <trkpt lat="46.425801" lon="12.931986">
        <ele>755.1703129670794</ele>
      </trkpt>
      <trkpt lat="46.425708" lon="12.931992">
        <ele>754.5693836231695</ele>
      </trkpt>
      <trkpt lat="46.425649" lon="12.932028">
        <ele>754.2199131267275</ele>
      </trkpt>
      <trkpt lat="46.425399" lon="12.932268">
        <ele>753.0538793115722</ele>
      </trkpt>
      <trkpt lat="46.425327" lon="12.932315">
        <ele>752.3433375887884</ele>
      </trkpt>
      <trkpt lat="46.425257" lon="12.932345">
        <ele>751.7066737746576</ele>
      </trkpt>
      <trkpt lat="46.425141" lon="12.932374">
        <ele>750.9422338945873</ele>
      </trkpt>
      <trkpt lat="46.424886" lon="12.932405">
        <ele>750.2684298523341</ele>
      </trkpt>
      <trkpt lat="46.42467" lon="12.93248">
        <ele>748.3816239292105</ele>
      </trkpt>
      <trkpt lat="46.424534" lon="12.932496">
        <ele>746.7092201201756</ele>
      </trkpt>
      <trkpt lat="46.424451" lon="12.932481">
        <ele>745.8449303644945</ele>
      </trkpt>
      <trkpt lat="46.424378" lon="12.93249">
        <ele>745.1576697198359</ele>
      </trkpt>
      <trkpt lat="46.424141" lon="12.932661">
        <ele>743.3629059082416</ele>
      </trkpt>
      <trkpt lat="46.424058" lon="12.932707">
        <ele>742.5060823773373</ele>
      </trkpt>
      <trkpt lat="46.424056" lon="12.932662">
        <ele>742.3851088251463</ele>
      </trkpt>
      <trkpt lat="46.424076" lon="12.932568">
        <ele>742.1555387949228</ele>
      </trkpt>
      <trkpt lat="46.424079" lon="12.932521">
        <ele>741.860973576593</ele>
      </trkpt>
      <trkpt lat="46.424053" lon="12.932327">
        <ele>739.6306613509627</ele>
      </trkpt>
      <trkpt lat="46.424014" lon="12.932233">
        <ele>737.9220771317873</ele>
      </trkpt>
      <trkpt lat="46.423933" lon="12.93212">
        <ele>735.1813345078634</ele>
      </trkpt>
      <trkpt lat="46.423858" lon="12.932062">
        <ele>733.2018399290605</ele>
      </trkpt>
      <trkpt lat="46.423624" lon="12.932182">
        <ele>730.4914694326228</ele>
      </trkpt>
      <trkpt lat="46.423524" lon="12.932265">
        <ele>729.7430172147156</ele>
      </trkpt>
      <trkpt lat="46.42348" lon="12.932316">
        <ele>729.3180092435133</ele>
      </trkpt>
      <trkpt lat="46.423356" lon="12.932506">
        <ele>728.2565422544595</ele>
      </trkpt>
      <trkpt lat="46.423318" lon="12.932395">
        <ele>726.984148062571</ele>
      </trkpt>
      <trkpt lat="46.423317" lon="12.932022">
        <ele>725.5045634276828</ele>
      </trkpt>
      <trkpt lat="46.423291" lon="12.931924">
        <ele>724.7674460473465</ele>
      </trkpt>
      <trkpt lat="46.423226" lon="12.931791">
        <ele>723.4184683319068</ele>
      </trkpt>
      <trkpt lat="46.423203" lon="12.931754">
        <ele>722.9804929019125</ele>
      </trkpt>
      <trkpt lat="46.423186" lon="12.931686">
        <ele>722.3487875340827</ele>
      </trkpt>
      <trkpt lat="46.423062" lon="12.931683">
        <ele>720.9376536479907</ele>
      </trkpt>
      <trkpt lat="46.422958" lon="12.931699">
        <ele>720.1545879161927</ele>
      </trkpt>
      <trkpt lat="46.422826" lon="12.931669">
        <ele>719.1728017243515</ele>
      </trkpt>
      <trkpt lat="46.422717" lon="12.931595">
        <ele>718.699519093583</ele>
      </trkpt>
      <trkpt lat="46.42269" lon="12.931717">
        <ele>718.8841637185158</ele>
      </trkpt>
    </trkseg>
  </trk>
</gpx>
