<?xml version="1.0" encoding="UTF-8"?>
<gpx creator="https://gpx.studio" version="1.1" schemaLocation="http://www.topografix.com/GPX/1/1 http://www.topografix.com/GPX/1/1/gpx.xsd http://www.garmin.com/xmlschemas/GpxExtensions/v3 http://www.garmin.com/xmlschemas/GpxExtensionsv3.xsd http://www.garmin.com/xmlschemas/TrackPointExtension/v1 http://www.garmin.com/xmlschemas/TrackPointExtensionv1.xsd http://www.garmin.com/xmlschemas/PowerExtension/v1 http://www.garmin.com/xmlschemas/PowerExtensionv1.xsd http://www.topografix.com/GPX/gpx_style/0/2 http://www.topografix.com/GPX/gpx_style/0/2/gpx_style.xsd" xmlns="http://www.topografix.com/GPX/1/1" xmlns:xsi="http://www.w3.org/2001/XMLSchema-instance" xsi:schemaLocation="http://www.topografix.com/GPX/1/1 http://www.topografix.com/GPX/1/1/gpx.xsd http://www.garmin.com/xmlschemas/GpxExtensions/v3 http://www.garmin.com/xmlschemas/GpxExtensionsv3.xsd http://www.garmin.com/xmlschemas/TrackPointExtension/v1 http://www.garmin.com/xmlschemas/TrackPointExtensionv1.xsd http://www.garmin.com/xmlschemas/PowerExtension/v1 http://www.garmin.com/xmlschemas/PowerExtensionv1.xsd http://www.topografix.com/GPX/gpx_style/0/2 http://www.topografix.com/GPX/gpx_style/0/2/gpx_style.xsd" xmlns:gpxtpx="http://www.garmin.com/xmlschemas/TrackPointExtension/v1" xmlns:gpxx="http://www.garmin.com/xmlschemas/GpxExtensions/v3" xmlns:gpxpx="http://www.garmin.com/xmlschemas/PowerExtension/v1" xmlns:gpx_style="http://www.topografix.com/GPX/gpx_style/0/2">
  <metadata>
    <name>UTMA b</name>
    <author>
      <name>gpx.studio</name>
      <link href="https://gpx.studio"/>
    </author>
  </metadata>
  <trk>
    <name>UTMA b</name>
    <extensions>
      <gpx_style:line>
        <gpx_style:color>ff2600</gpx_style:color>
        <gpx_style:opacity>0.8</gpx_style:opacity>
      </gpx_style:line>
    </extensions>
    <trkseg>
      <trkpt lat="46.417152" lon="12.932969">
        <ele>642.87706879309</ele>
        <time>2025-03-30T08:34:16.262Z</time>
      </trkpt>
      <trkpt lat="46.417151" lon="12.932974">
        <ele>642.8576411867244</ele>
        <time>2025-03-30T08:34:16.621Z</time>
      </trkpt>
      <trkpt lat="46.417144" lon="12.933231">
        <ele>645.2238810060985</ele>
        <time>2025-03-30T08:34:34.382Z</time>
      </trkpt>
      <trkpt lat="46.41703" lon="12.933194">
        <ele>641.9023862474422</ele>
        <time>2025-03-30T08:34:46.083Z</time>
      </trkpt>
      <trkpt lat="46.416907" lon="12.933208">
        <ele>641.6529895180075</ele>
        <time>2025-03-30T08:34:58.441Z</time>
      </trkpt>
      <trkpt lat="46.41686" lon="12.933276">
        <ele>645.1107464270065</ele>
        <time>2025-03-30T08:35:05.090Z</time>
      </trkpt>
      <trkpt lat="46.416855" lon="12.933285">
        <ele>645.5851783478099</ele>
        <time>2025-03-30T08:35:05.888Z</time>
      </trkpt>
      <trkpt lat="46.416862" lon="12.93351">
        <ele>652.8879793357459</ele>
        <time>2025-03-30T08:35:21.441Z</time>
      </trkpt>
      <trkpt lat="46.416914" lon="12.933666">
        <ele>656.5125674392633</ele>
        <time>2025-03-30T08:35:33.407Z</time>
      </trkpt>
      <trkpt lat="46.416962" lon="12.933875">
        <ele>662.9634690609454</ele>
        <time>2025-03-30T08:35:48.619Z</time>
      </trkpt>
      <trkpt lat="46.417221" lon="12.934223">
        <ele>666.774877805476</ele>
        <time>2025-03-30T08:36:23.983Z</time>
      </trkpt>
      <trkpt lat="46.417406" lon="12.934433">
        <ele>671.4653777999099</ele>
        <time>2025-03-30T08:36:47.514Z</time>
      </trkpt>
      <trkpt lat="46.417485" lon="12.934575">
        <ele>675.535267812839</ele>
        <time>2025-03-30T08:37:00.114Z</time>
      </trkpt>
      <trkpt lat="46.417487" lon="12.934578">
        <ele>675.6135264097188</ele>
        <time>2025-03-30T08:37:00.402Z</time>
      </trkpt>
      <trkpt lat="46.41735" lon="12.934631">
        <ele>678.7663308144538</ele>
        <time>2025-03-30T08:37:14.605Z</time>
      </trkpt>
      <trkpt lat="46.417169" lon="12.934669">
        <ele>681.1721572788172</ele>
        <time>2025-03-30T08:37:32.924Z</time>
      </trkpt>
      <trkpt lat="46.417066" lon="12.934814">
        <ele>683.2236806250871</ele>
        <time>2025-03-30T08:37:47.301Z</time>
      </trkpt>
      <trkpt lat="46.41694" lon="12.935157">
        <ele>684.7475158610036</ele>
        <time>2025-03-30T08:38:14.140Z</time>
      </trkpt>
      <trkpt lat="46.416962" lon="12.935463">
        <ele>688.5612124109292</ele>
        <time>2025-03-30T08:38:35.386Z</time>
      </trkpt>
      <trkpt lat="46.417029" lon="12.935725">
        <ele>697.036341155831</ele>
        <time>2025-03-30T08:38:54.683Z</time>
      </trkpt>
      <trkpt lat="46.417047" lon="12.935731">
        <ele>697.763655078843</ele>
        <time>2025-03-30T08:38:56.533Z</time>
      </trkpt>
      <trkpt lat="46.417295" lon="12.935827">
        <ele>707.655219097046</ele>
        <time>2025-03-30T08:39:22.244Z</time>
      </trkpt>
      <trkpt lat="46.417066" lon="12.936047">
        <ele>710.4901377356599</ele>
        <time>2025-03-30T08:39:49.757Z</time>
      </trkpt>
      <trkpt lat="46.417" lon="12.936141">
        <ele>712.4253602251557</ele>
        <time>2025-03-30T08:39:59.022Z</time>
      </trkpt>
      <trkpt lat="46.416936" lon="12.936235">
        <ele>714.4070762873614</ele>
        <time>2025-03-30T08:40:08.145Z</time>
      </trkpt>
      <trkpt lat="46.416822" lon="12.93668">
        <ele>723.152982042852</ele>
        <time>2025-03-30T08:40:40.928Z</time>
      </trkpt>
      <trkpt lat="46.416737" lon="12.937061">
        <ele>729.676793622006</ele>
        <time>2025-03-30T08:41:08.582Z</time>
      </trkpt>
      <trkpt lat="46.416559" lon="12.937351">
        <ele>732.3255958031586</ele>
        <time>2025-03-30T08:41:35.396Z</time>
      </trkpt>
      <trkpt lat="46.416713" lon="12.937337">
        <ele>737.1398445175147</ele>
        <time>2025-03-30T08:41:50.852Z</time>
      </trkpt>
      <trkpt lat="46.416814" lon="12.937329">
        <ele>739.2530749029733</ele>
        <time>2025-03-30T08:42:00.984Z</time>
      </trkpt>
      <trkpt lat="46.416999" lon="12.937351">
        <ele>741.2989558211029</ele>
        <time>2025-03-30T08:42:19.577Z</time>
      </trkpt>
      <trkpt lat="46.417069" lon="12.937458">
        <ele>743.9585137222535</ele>
        <time>2025-03-30T08:42:29.763Z</time>
      </trkpt>
      <trkpt lat="46.417232" lon="12.937689">
        <ele>747.5256139462157</ele>
        <time>2025-03-30T08:42:52.589Z</time>
      </trkpt>
      <trkpt lat="46.417295" lon="12.937855">
        <ele>746.696050417658</ele>
        <time>2025-03-30T08:43:05.674Z</time>
      </trkpt>
      <trkpt lat="46.417359" lon="12.937848">
        <ele>745.2759069276296</ele>
        <time>2025-03-30T08:43:12.103Z</time>
      </trkpt>
      <trkpt lat="46.417517" lon="12.937834">
        <ele>743.3190074005826</ele>
        <time>2025-03-30T08:43:27.959Z</time>
      </trkpt>
      <trkpt lat="46.417857" lon="12.937823">
        <ele>748.0624584440122</ele>
        <time>2025-03-30T08:44:02.025Z</time>
      </trkpt>
      <trkpt lat="46.418279" lon="12.937667">
        <ele>750.6065494312674</ele>
        <time>2025-03-30T08:44:45.647Z</time>
      </trkpt>
      <trkpt lat="46.418626" lon="12.937238">
        <ele>750.4542211175499</ele>
        <time>2025-03-30T08:45:31.317Z</time>
      </trkpt>
      <trkpt lat="46.418844" lon="12.937126">
        <ele>746.1361204199177</ele>
        <time>2025-03-30T08:45:54.483Z</time>
      </trkpt>
      <trkpt lat="46.419251" lon="12.936943">
        <ele>743.1034206287762</ele>
        <time>2025-03-30T08:46:37.165Z</time>
      </trkpt>
      <trkpt lat="46.419503" lon="12.936766">
        <ele>743.0132817478155</ele>
        <time>2025-03-30T08:47:05.211Z</time>
      </trkpt>
      <trkpt lat="46.419714" lon="12.936659">
        <ele>742.5402689442897</ele>
        <time>2025-03-30T08:47:27.601Z</time>
      </trkpt>
      <trkpt lat="46.419947" lon="12.936648">
        <ele>742.6584594663582</ele>
        <time>2025-03-30T08:47:50.953Z</time>
      </trkpt>
      <trkpt lat="46.42025" lon="12.936616">
        <ele>740.5819408054908</ele>
        <time>2025-03-30T08:48:21.384Z</time>
      </trkpt>
      <trkpt lat="46.420512" lon="12.936755">
        <ele>747.6863291840235</ele>
        <time>2025-03-30T08:48:49.328Z</time>
      </trkpt>
      <trkpt lat="46.420638" lon="12.936889">
        <ele>751.4724509531266</ele>
        <time>2025-03-30T08:49:04.977Z</time>
      </trkpt>
      <trkpt lat="46.420668" lon="12.936922">
        <ele>752.2027634073248</ele>
        <time>2025-03-30T08:49:08.748Z</time>
      </trkpt>
      <trkpt lat="46.420886" lon="12.937099">
        <ele>749.5256469721066</ele>
        <time>2025-03-30T08:49:33.772Z</time>
      </trkpt>
      <trkpt lat="46.421148" lon="12.937228">
        <ele>750.8550516646837</ele>
        <time>2025-03-30T08:50:01.487Z</time>
      </trkpt>
      <trkpt lat="46.421404" lon="12.937426">
        <ele>749.5060304200236</ele>
        <time>2025-03-30T08:50:30.547Z</time>
      </trkpt>
      <trkpt lat="46.421588" lon="12.937565">
        <ele>747.7216308767715</ele>
        <time>2025-03-30T08:50:51.327Z</time>
      </trkpt>
      <trkpt lat="46.421788" lon="12.937431">
        <ele>741.394229358666</ele>
        <time>2025-03-30T08:51:13.394Z</time>
      </trkpt>
      <trkpt lat="46.421785" lon="12.937447">
        <ele>741.7921419673612</ele>
        <time>2025-03-30T08:51:14.538Z</time>
      </trkpt>
      <trkpt lat="46.421761" lon="12.937594">
        <ele>745.6416473476359</ele>
        <time>2025-03-30T08:51:24.969Z</time>
      </trkpt>
      <trkpt lat="46.42175781726837" lon="12.9376300573349">
        <ele>746.5868128078966</ele>
        <time>2025-03-30T08:51:25.000Z</time>
      </trkpt>
      <trkpt lat="46.421746492385864" lon="12.937660098075867">
        <ele>747.4783896385187</ele>
        <time>2025-03-30T08:51:28.000Z</time>
      </trkpt>
      <trkpt lat="46.42174446582794" lon="12.937674760818481">
        <ele>747.8636498751781</ele>
        <time>2025-03-30T08:51:29.000Z</time>
      </trkpt>
      <trkpt lat="46.42175245285034" lon="12.937724709510803">
        <ele>748.9678983231291</ele>
        <time>2025-03-30T08:51:32.000Z</time>
      </trkpt>
      <trkpt lat="46.421756982803345" lon="12.937739729881287">
        <ele>749.2709907312127</ele>
        <time>2025-03-30T08:51:33.000Z</time>
      </trkpt>
      <trkpt lat="46.42176008224487" lon="12.937753677368164">
        <ele>749.5680809635336</ele>
        <time>2025-03-30T08:51:34.000Z</time>
      </trkpt>
      <trkpt lat="46.421767711639404" lon="12.937798857688904">
        <ele>750.5223504790396</ele>
        <time>2025-03-30T08:51:36.000Z</time>
      </trkpt>
      <trkpt lat="46.42178738117218" lon="12.937849640846252">
        <ele>751.451694018991</ele>
        <time>2025-03-30T08:51:39.000Z</time>
      </trkpt>
      <trkpt lat="46.42179298400879" lon="12.937905550003052">
        <ele>752.5864547050433</ele>
        <time>2025-03-30T08:51:41.000Z</time>
      </trkpt>
      <trkpt lat="46.421802401542664" lon="12.937938690185547">
        <ele>753.1701510167942</ele>
        <time>2025-03-30T08:51:43.000Z</time>
      </trkpt>
      <trkpt lat="46.421818017959595" lon="12.937965154647827">
        <ele>753.5208903233627</ele>
        <time>2025-03-30T08:51:45.000Z</time>
      </trkpt>
      <trkpt lat="46.42182278633118" lon="12.937980890274048">
        <ele>753.7905540406618</ele>
        <time>2025-03-30T08:51:46.000Z</time>
      </trkpt>
      <trkpt lat="46.42182016372681" lon="12.93800139427185">
        <ele>754.2569964225747</ele>
        <time>2025-03-30T08:51:47.000Z</time>
      </trkpt>
      <trkpt lat="46.42182469367981" lon="12.938039302825928">
        <ele>754.9991575244652</ele>
        <time>2025-03-30T08:51:49.000Z</time>
      </trkpt>
      <trkpt lat="46.42181885242462" lon="12.938074111938477">
        <ele>755.8066884954467</ele>
        <time>2025-03-30T08:51:51.000Z</time>
      </trkpt>
      <trkpt lat="46.421818017959595" lon="12.938088059425354">
        <ele>756.1109793448959</ele>
        <time>2025-03-30T08:51:52.000Z</time>
      </trkpt>
      <trkpt lat="46.42182123661041" lon="12.938137531280518">
        <ele>757.1218243709184</ele>
        <time>2025-03-30T08:51:55.000Z</time>
      </trkpt>
      <trkpt lat="46.421836733818054" lon="12.938171029090881">
        <ele>757.6192556109702</ele>
        <time>2025-03-30T08:51:57.000Z</time>
      </trkpt>
      <trkpt lat="46.42184269428253" lon="12.938183069229126">
        <ele>757.7821445175985</ele>
        <time>2025-03-30T08:51:58.000Z</time>
      </trkpt>
      <trkpt lat="46.42184388637543" lon="12.93819272518158">
        <ele>757.9629445151418</ele>
        <time>2025-03-30T08:51:59.000Z</time>
      </trkpt>
      <trkpt lat="46.421875" lon="12.938243508338928">
        <ele>758.472119932351</ele>
        <time>2025-03-30T08:52:03.000Z</time>
      </trkpt>
      <trkpt lat="46.42187786102295" lon="12.938258171081543">
        <ele>758.7043251885656</ele>
        <time>2025-03-30T08:52:04.000Z</time>
      </trkpt>
      <trkpt lat="46.421886563301086" lon="12.938270330429077">
        <ele>758.7980800291394</ele>
        <time>2025-03-30T08:52:05.000Z</time>
      </trkpt>
      <trkpt lat="46.42189419269562" lon="12.938284397125244">
        <ele>758.9878159132213</ele>
        <time>2025-03-30T08:52:06.000Z</time>
      </trkpt>
      <trkpt lat="46.42190432548523" lon="12.938297033309937">
        <ele>759.1761996127792</ele>
        <time>2025-03-30T08:52:07.000Z</time>
      </trkpt>
      <trkpt lat="46.42191004753113" lon="12.938326120376587">
        <ele>759.8682446711271</ele>
        <time>2025-03-30T08:52:09.000Z</time>
      </trkpt>
      <trkpt lat="46.42192614078522" lon="12.938351392745972">
        <ele>760.3549772739411</ele>
        <time>2025-03-30T08:52:11.000Z</time>
      </trkpt>
      <trkpt lat="46.42193937301636" lon="12.93836510181427">
        <ele>760.5717318552877</ele>
        <time>2025-03-30T08:52:12.000Z</time>
      </trkpt>
      <trkpt lat="46.42196547985077" lon="12.938387393951416">
        <ele>760.8743673100113</ele>
        <time>2025-03-30T08:52:14.000Z</time>
      </trkpt>
      <trkpt lat="46.42198932170868" lon="12.93841004371643">
        <ele>761.2061165944228</ele>
        <time>2025-03-30T08:52:16.000Z</time>
      </trkpt>
      <trkpt lat="46.421998620033264" lon="12.93843936920166">
        <ele>761.8571108280435</ele>
        <time>2025-03-30T08:52:18.000Z</time>
      </trkpt>
      <trkpt lat="46.422009110450745" lon="12.938456654548645">
        <ele>762.1456405125447</ele>
        <time>2025-03-30T08:52:21.000Z</time>
      </trkpt>
      <trkpt lat="46.422022342681885" lon="12.938482642173767">
        <ele>762.6204762548853</ele>
        <time>2025-03-30T08:52:24.000Z</time>
      </trkpt>
      <trkpt lat="46.4220290184021" lon="12.93848717212677">
        <ele>762.6393146577782</ele>
        <time>2025-03-30T08:52:25.000Z</time>
      </trkpt>
      <trkpt lat="46.42203664779663" lon="12.938493251800537">
        <ele>762.6896663426103</ele>
        <time>2025-03-30T08:52:26.000Z</time>
      </trkpt>
      <trkpt lat="46.42203617095947" lon="12.938515186309814">
        <ele>763.3082912668629</ele>
        <time>2025-03-30T08:52:28.000Z</time>
      </trkpt>
      <trkpt lat="46.422043561935425" lon="12.938526153564453">
        <ele>763.5126266914058</ele>
        <time>2025-03-30T08:52:29.000Z</time>
      </trkpt>
      <trkpt lat="46.422057151794434" lon="12.93858289718628">
        <ele>764.9663796919855</ele>
        <time>2025-03-30T08:52:32.000Z</time>
      </trkpt>
      <trkpt lat="46.422078013420105" lon="12.93861472606659">
        <ele>765.6912996858459</ele>
        <time>2025-03-30T08:52:35.000Z</time>
      </trkpt>
      <trkpt lat="46.422091007232666" lon="12.938634157180786">
        <ele>766.1610074000349</ele>
        <time>2025-03-30T08:52:37.000Z</time>
      </trkpt>
      <trkpt lat="46.42209804058075" lon="12.938640475273132">
        <ele>766.2820459621504</ele>
        <time>2025-03-30T08:52:38.000Z</time>
      </trkpt>
      <trkpt lat="46.42210853099823" lon="12.938654780387878">
        <ele>766.6110581124793</ele>
        <time>2025-03-30T08:52:40.000Z</time>
      </trkpt>
      <trkpt lat="46.422109603881836" lon="12.938663363456726">
        <ele>766.8519583646664</ele>
        <time>2025-03-30T08:52:41.000Z</time>
      </trkpt>
      <trkpt lat="46.42211663722992" lon="12.938669919967651">
        <ele>766.9938942782487</ele>
        <time>2025-03-30T08:52:42.000Z</time>
      </trkpt>
      <trkpt lat="46.4221054315567" lon="12.938690662384033">
        <ele>767.6686748970525</ele>
        <time>2025-03-30T08:52:44.000Z</time>
      </trkpt>
      <trkpt lat="46.4220826625824" lon="12.938717007637024">
        <ele>768.5380917121503</ele>
        <time>2025-03-30T08:52:46.000Z</time>
      </trkpt>
      <trkpt lat="46.42207646369934" lon="12.938721776008606">
        <ele>768.6995391679209</ele>
        <time>2025-03-30T08:52:47.000Z</time>
      </trkpt>
      <trkpt lat="46.422067046165466" lon="12.938724279403687">
        <ele>768.8111204702528</ele>
        <time>2025-03-30T08:52:48.000Z</time>
      </trkpt>
      <trkpt lat="46.422064423561096" lon="12.938734650611877">
        <ele>769.1036086838367</ele>
        <time>2025-03-30T08:52:50.000Z</time>
      </trkpt>
      <trkpt lat="46.4220689535141" lon="12.938746929168701">
        <ele>769.419818299508</ele>
        <time>2025-03-30T08:52:51.000Z</time>
      </trkpt>
      <trkpt lat="46.42208552360535" lon="12.938769698143005">
        <ele>769.9979470623595</ele>
        <time>2025-03-30T08:52:54.000Z</time>
      </trkpt>
      <trkpt lat="46.42208993434906" lon="12.938772439956665">
        <ele>770.0638570387509</ele>
        <time>2025-03-30T08:52:55.000Z</time>
      </trkpt>
      <trkpt lat="46.42208015918732" lon="12.93877398967743">
        <ele>770.1307209702052</ele>
        <time>2025-03-30T08:52:57.000Z</time>
      </trkpt>
      <trkpt lat="46.4220666885376" lon="12.938781023025513">
        <ele>770.353733664811</ele>
        <time>2025-03-30T08:52:59.000Z</time>
      </trkpt>
      <trkpt lat="46.42204928398132" lon="12.938778758049011">
        <ele>770.3300021198414</ele>
        <time>2025-03-30T08:53:02.000Z</time>
      </trkpt>
      <trkpt lat="46.42204821109772" lon="12.938771367073059">
        <ele>770.1374954127807</ele>
        <time>2025-03-30T08:53:03.000Z</time>
      </trkpt>
      <trkpt lat="46.42204666137695" lon="12.93876838684082">
        <ele>770.0629888937797</ele>
        <time>2025-03-30T08:53:04.000Z</time>
      </trkpt>
      <trkpt lat="46.42204451560974" lon="12.938766479492188">
        <ele>770.018628649226</ele>
        <time>2025-03-30T08:53:05.000Z</time>
      </trkpt>
      <trkpt lat="46.422035694122314" lon="12.938765168190002">
        <ele>770.0085819709564</ele>
        <time>2025-03-30T08:53:06.000Z</time>
      </trkpt>
      <trkpt lat="46.422030448913574" lon="12.938765168190002">
        <ele>770.023037859165</ele>
        <time>2025-03-30T08:53:07.000Z</time>
      </trkpt>
      <trkpt lat="46.42201888561249" lon="12.938767671585083">
        <ele>770.1177368984547</ele>
        <time>2025-03-30T08:53:08.000Z</time>
      </trkpt>
      <trkpt lat="46.42200481891632" lon="12.93876326084137">
        <ele>770.0469595142212</ele>
        <time>2025-03-30T08:53:10.000Z</time>
      </trkpt>
      <trkpt lat="46.42197942733765" lon="12.938769102096558">
        <ele>770.5638129503234</ele>
        <time>2025-03-30T08:53:13.000Z</time>
      </trkpt>
      <trkpt lat="46.42193269729614" lon="12.938775181770325">
        <ele>771.4677125490616</ele>
        <time>2025-03-30T08:53:18.000Z</time>
      </trkpt>
      <trkpt lat="46.42192625999451" lon="12.938783288002014">
        <ele>771.7861288410515</ele>
        <time>2025-03-30T08:53:19.000Z</time>
      </trkpt>
      <trkpt lat="46.42191696166992" lon="12.938791990280151">
        <ele>772.1706944519442</ele>
        <time>2025-03-30T08:53:20.000Z</time>
      </trkpt>
      <trkpt lat="46.42187988758087" lon="12.938809394836426">
        <ele>773.3919222158538</ele>
        <time>2025-03-30T08:53:23.000Z</time>
      </trkpt>
      <trkpt lat="46.42186903953552" lon="12.938815832138062">
        <ele>774.0199237141422</ele>
        <time>2025-03-30T08:53:24.000Z</time>
      </trkpt>
      <trkpt lat="46.42185866832733" lon="12.938824534416199">
        <ele>774.7076207764759</ele>
        <time>2025-03-30T08:53:25.000Z</time>
      </trkpt>
      <trkpt lat="46.42184793949127" lon="12.938829779624939">
        <ele>775.2839825642319</ele>
        <time>2025-03-30T08:53:26.000Z</time>
      </trkpt>
      <trkpt lat="46.4218213558197" lon="12.938839793205261">
        <ele>776.6001560655425</ele>
        <time>2025-03-30T08:53:28.000Z</time>
      </trkpt>
      <trkpt lat="46.421812295913696" lon="12.938843488693237">
        <ele>777.0561864132306</ele>
        <time>2025-03-30T08:53:29.000Z</time>
      </trkpt>
      <trkpt lat="46.42176282405853" lon="12.938883543014526">
        <ele>780.1776353109724</ele>
        <time>2025-03-30T08:53:35.000Z</time>
      </trkpt>
      <trkpt lat="46.42175102233887" lon="12.938895344734192">
        <ele>780.9463680774267</ele>
        <time>2025-03-30T08:53:36.000Z</time>
      </trkpt>
      <trkpt lat="46.42172169685364" lon="12.938915848731995">
        <ele>782.5560423952655</ele>
        <time>2025-03-30T08:53:39.000Z</time>
      </trkpt>
      <trkpt lat="46.42167830467224" lon="12.938960194587708">
        <ele>785.3858802238178</ele>
        <time>2025-03-30T08:53:43.000Z</time>
      </trkpt>
      <trkpt lat="46.42167115211487" lon="12.93896484375">
        <ele>785.7624943871181</ele>
        <time>2025-03-30T08:53:44.000Z</time>
      </trkpt>
      <trkpt lat="46.42166554927826" lon="12.93896996974945">
        <ele>786.106020244576</ele>
        <time>2025-03-30T08:53:45.000Z</time>
      </trkpt>
      <trkpt lat="46.42164206504822" lon="12.938974499702454">
        <ele>786.9405035092999</ele>
        <time>2025-03-30T08:53:49.000Z</time>
      </trkpt>
      <trkpt lat="46.42163562774658" lon="12.938968181610107">
        <ele>786.8778019329909</ele>
        <time>2025-03-30T08:53:50.000Z</time>
      </trkpt>
      <trkpt lat="46.42160952091217" lon="12.938952922821045">
        <ele>786.9536654017616</ele>
        <time>2025-03-30T08:53:53.000Z</time>
      </trkpt>
      <trkpt lat="46.42158329486847" lon="12.938931941986084">
        <ele>786.8195602049144</ele>
        <time>2025-03-30T08:53:55.000Z</time>
      </trkpt>
      <trkpt lat="46.421568632125854" lon="12.938929319381714">
        <ele>787.0481683439991</ele>
        <time>2025-03-30T08:53:56.000Z</time>
      </trkpt>
      <trkpt lat="46.421536684036255" lon="12.938939929008484">
        <ele>788.1144131143656</ele>
        <time>2025-03-30T08:53:59.000Z</time>
      </trkpt>
      <trkpt lat="46.42152488231659" lon="12.938941955566406">
        <ele>788.410720293471</ele>
        <time>2025-03-30T08:54:01.000Z</time>
      </trkpt>
      <trkpt lat="46.42151653766632" lon="12.93894636631012">
        <ele>788.6832126325626</ele>
        <time>2025-03-30T08:54:02.000Z</time>
      </trkpt>
      <trkpt lat="46.42149746417999" lon="12.938943266868591">
        <ele>788.8418490503364</ele>
        <time>2025-03-30T08:54:05.000Z</time>
      </trkpt>
      <trkpt lat="46.42149043083191" lon="12.938944339752197">
        <ele>788.9780832665319</ele>
        <time>2025-03-30T08:54:06.000Z</time>
      </trkpt>
      <trkpt lat="46.42146623134613" lon="12.93894338607788">
        <ele>789.2844070700801</ele>
        <time>2025-03-30T08:54:08.000Z</time>
      </trkpt>
      <trkpt lat="46.42143392562866" lon="12.938940644264221">
        <ele>789.6434283377981</ele>
        <time>2025-03-30T08:54:11.000Z</time>
      </trkpt>
      <trkpt lat="46.42142617702484" lon="12.938940405845642">
        <ele>789.7441900358466</ele>
        <time>2025-03-30T08:54:12.000Z</time>
      </trkpt>
      <trkpt lat="46.42139983177185" lon="12.93893313407898">
        <ele>789.8564999313685</ele>
        <time>2025-03-30T08:54:15.000Z</time>
      </trkpt>
      <trkpt lat="46.421390771865845" lon="12.93892753124237">
        <ele>789.7914363741752</ele>
        <time>2025-03-30T08:54:16.000Z</time>
      </trkpt>
      <trkpt lat="46.42137396335602" lon="12.938920974731445">
        <ele>789.8099168621695</ele>
        <time>2025-03-30T08:54:18.000Z</time>
      </trkpt>
      <trkpt lat="46.421351075172424" lon="12.938921928405762">
        <ele>790.1587254429323</ele>
        <time>2025-03-30T08:54:20.000Z</time>
      </trkpt>
      <trkpt lat="46.421342968940735" lon="12.938926339149475">
        <ele>790.4039946386636</ele>
        <time>2025-03-30T08:54:21.000Z</time>
      </trkpt>
      <trkpt lat="46.421321868896484" lon="12.938924312591553">
        <ele>790.6334743835613</ele>
        <time>2025-03-30T08:54:23.000Z</time>
      </trkpt>
      <trkpt lat="46.42130887508392" lon="12.93892526626587">
        <ele>790.8389429718561</ele>
        <time>2025-03-30T08:54:24.000Z</time>
      </trkpt>
      <trkpt lat="46.42128050327301" lon="12.938929557800293">
        <ele>791.3794244695758</ele>
        <time>2025-03-30T08:54:27.000Z</time>
      </trkpt>
      <trkpt lat="46.42125415802002" lon="12.938933968544006">
        <ele>791.9236880230092</ele>
        <time>2025-03-30T08:54:29.000Z</time>
      </trkpt>
      <trkpt lat="46.421245098114014" lon="12.938931584358215">
        <ele>792.0170680987604</ele>
        <time>2025-03-30T08:54:30.000Z</time>
      </trkpt>
      <trkpt lat="46.42122721672058" lon="12.938918948173523">
        <ele>792.0432492772401</ele>
        <time>2025-03-30T08:54:32.000Z</time>
      </trkpt>
      <trkpt lat="46.421215295791626" lon="12.938914895057678">
        <ele>792.1710128389009</ele>
        <time>2025-03-30T08:54:33.000Z</time>
      </trkpt>
      <trkpt lat="46.4211927652359" lon="12.93891716003418">
        <ele>792.6173268891949</ele>
        <time>2025-03-30T08:54:35.000Z</time>
      </trkpt>
      <trkpt lat="46.42118549346924" lon="12.93891429901123">
        <ele>792.6958437740609</ele>
        <time>2025-03-30T08:54:36.000Z</time>
      </trkpt>
      <trkpt lat="46.42116069793701" lon="12.938920021057129">
        <ele>793.2489360430974</ele>
        <time>2025-03-30T08:54:39.000Z</time>
      </trkpt>
      <trkpt lat="46.421138644218445" lon="12.938937067985535">
        <ele>793.9228673746071</ele>
        <time>2025-03-30T08:54:41.000Z</time>
      </trkpt>
      <trkpt lat="46.421127915382385" lon="12.938945889472961">
        <ele>794.2468111696945</ele>
        <time>2025-03-30T08:54:42.000Z</time>
      </trkpt>
      <trkpt lat="46.42110896110535" lon="12.938964128494263">
        <ele>794.8361822254869</ele>
        <time>2025-03-30T08:54:44.000Z</time>
      </trkpt>
      <trkpt lat="46.42110323905945" lon="12.938976049423218">
        <ele>795.0960810924709</ele>
        <time>2025-03-30T08:54:45.000Z</time>
      </trkpt>
      <trkpt lat="46.42109656333923" lon="12.938996434211731">
        <ele>795.7092959472607</ele>
        <time>2025-03-30T08:54:47.000Z</time>
      </trkpt>
      <trkpt lat="46.42108678817749" lon="12.939009189605713">
        <ele>796.1625743229348</ele>
        <time>2025-03-30T08:54:48.000Z</time>
      </trkpt>
      <trkpt lat="46.421071" lon="12.939004">
        <ele>796.2635470884322</ele>
        <time>2025-03-30T08:54:49.663Z</time>
      </trkpt>
      <trkpt lat="46.420989" lon="12.939149">
        <ele>800.5273476235479</ele>
        <time>2025-03-30T08:55:02.946Z</time>
      </trkpt>
      <trkpt lat="46.420841" lon="12.939541">
        <ele>807.6081954641164</ele>
        <time>2025-03-30T08:55:34.601Z</time>
      </trkpt>
      <trkpt lat="46.420735" lon="12.939858">
        <ele>811.8195050652675</ele>
        <time>2025-03-30T08:55:59.555Z</time>
      </trkpt>
      <trkpt lat="46.420592" lon="12.940115">
        <ele>812.4899439655414</ele>
        <time>2025-03-30T08:56:22.947Z</time>
      </trkpt>
      <trkpt lat="46.420467" lon="12.940447">
        <ele>813.7534419812998</ele>
        <time>2025-03-30T08:56:49.740Z</time>
      </trkpt>
      <trkpt lat="46.42039" lon="12.940714">
        <ele>815.8173463522459</ele>
        <time>2025-03-30T08:57:10.239Z</time>
      </trkpt>
      <trkpt lat="46.420218" lon="12.941221">
        <ele>819.373406500376</ele>
        <time>2025-03-30T08:57:50.261Z</time>
      </trkpt>
      <trkpt lat="46.420091" lon="12.941667">
        <ele>822.2566798827038</ele>
        <time>2025-03-30T08:58:24.439Z</time>
      </trkpt>
      <trkpt lat="46.420069" lon="12.941873">
        <ele>824.595861906014</ele>
        <time>2025-03-30T08:58:39.203Z</time>
      </trkpt>
      <trkpt lat="46.419948" lon="12.942444">
        <ele>825.7677340174987</ele>
        <time>2025-03-30T08:59:21.513Z</time>
      </trkpt>
      <trkpt lat="46.419834" lon="12.942742">
        <ele>822.4051095500226</ele>
        <time>2025-03-30T08:59:45.651Z</time>
      </trkpt>
      <trkpt lat="46.419821" lon="12.942925">
        <ele>821.4474898144995</ele>
        <time>2025-03-30T08:59:58.681Z</time>
      </trkpt>
      <trkpt lat="46.41985" lon="12.943381">
        <ele>823.2528398907393</ele>
        <time>2025-03-30T09:00:31.115Z</time>
      </trkpt>
      <trkpt lat="46.419787" lon="12.944003">
        <ele>823.1957481640783</ele>
        <time>2025-03-30T09:01:15.643Z</time>
      </trkpt>
      <trkpt lat="46.419787" lon="12.944389">
        <ele>823.4386847889571</ele>
        <time>2025-03-30T09:01:42.982Z</time>
      </trkpt>
      <trkpt lat="46.41985" lon="12.944593">
        <ele>824.4358048449001</ele>
        <time>2025-03-30T09:01:58.814Z</time>
      </trkpt>
      <trkpt lat="46.41991" lon="12.944829">
        <ele>826.0811620366501</ele>
        <time>2025-03-30T09:02:16.629Z</time>
      </trkpt>
      <trkpt lat="46.420043" lon="12.945076">
        <ele>832.4234598767705</ele>
        <time>2025-03-30T09:02:38.827Z</time>
      </trkpt>
      <trkpt lat="46.420043" lon="12.945349">
        <ele>836.1376394540508</ele>
        <time>2025-03-30T09:02:58.163Z</time>
      </trkpt>
      <trkpt lat="46.419972" lon="12.945542">
        <ele>837.4438424323588</ele>
        <time>2025-03-30T09:03:13.657Z</time>
      </trkpt>
      <trkpt lat="46.419969" lon="12.945671">
        <ele>839.1845200214384</ele>
        <time>2025-03-30T09:03:22.799Z</time>
      </trkpt>
      <trkpt lat="46.420034" lon="12.945727">
        <ele>840.5914278976668</ele>
        <time>2025-03-30T09:03:30.566Z</time>
      </trkpt>
      <trkpt lat="46.42003" lon="12.945727">
        <ele>840.5502638203851</ele>
        <time>2025-03-30T09:03:30.976Z</time>
      </trkpt>
      <trkpt lat="46.420018672943115" lon="12.945759654045105">
        <ele>840.865212058743</ele>
        <time>2025-03-30T09:03:33.524Z</time>
      </trkpt>
      <trkpt lat="46.420035004615784" lon="12.945773482322693">
        <ele>841.1693063805674</ele>
        <time>2025-03-30T09:03:34.524Z</time>
      </trkpt>
      <trkpt lat="46.42005467414856" lon="12.945810794830322">
        <ele>841.7258837112653</ele>
        <time>2025-03-30T09:03:36.524Z</time>
      </trkpt>
      <trkpt lat="46.420053243637085" lon="12.945824265480042">
        <ele>841.8678939267697</ele>
        <time>2025-03-30T09:03:37.524Z</time>
      </trkpt>
      <trkpt lat="46.42004382610321" lon="12.94583809375763">
        <ele>841.9886772990778</ele>
        <time>2025-03-30T09:03:38.524Z</time>
      </trkpt>
      <trkpt lat="46.42000341415405" lon="12.945903301239014">
        <ele>842.673455405872</ele>
        <time>2025-03-30T09:03:42.524Z</time>
      </trkpt>
      <trkpt lat="46.419981598854065" lon="12.945934653282166">
        <ele>843.1559800229126</ele>
        <time>2025-03-30T09:03:44.524Z</time>
      </trkpt>
      <trkpt lat="46.41995453834534" lon="12.945963382720947">
        <ele>843.8137856458229</ele>
        <time>2025-03-30T09:03:46.524Z</time>
      </trkpt>
      <trkpt lat="46.419936776161194" lon="12.946001052856445">
        <ele>844.5952728637039</ele>
        <time>2025-03-30T09:03:49.524Z</time>
      </trkpt>
      <trkpt lat="46.419928312301636" lon="12.946017026901245">
        <ele>844.94734712382</ele>
        <time>2025-03-30T09:03:50.524Z</time>
      </trkpt>
      <trkpt lat="46.419934034347534" lon="12.9461190700531">
        <ele>846.0202390987381</ele>
        <time>2025-03-30T09:03:54.524Z</time>
      </trkpt>
      <trkpt lat="46.41993737220764" lon="12.94614040851593">
        <ele>846.20717665703</ele>
        <time>2025-03-30T09:03:55.524Z</time>
      </trkpt>
      <trkpt lat="46.41993701457977" lon="12.946160435676575">
        <ele>846.43622485914</ele>
        <time>2025-03-30T09:03:56.524Z</time>
      </trkpt>
      <trkpt lat="46.41993582248688" lon="12.946178555488586">
        <ele>846.6582809480715</ele>
        <time>2025-03-30T09:03:57.524Z</time>
      </trkpt>
      <trkpt lat="46.419936180114746" lon="12.94621479511261">
        <ele>847.061294234761</ele>
        <time>2025-03-30T09:03:59.524Z</time>
      </trkpt>
      <trkpt lat="46.4199333190918" lon="12.946232914924622">
        <ele>847.313839985375</ele>
        <time>2025-03-30T09:04:01.524Z</time>
      </trkpt>
      <trkpt lat="46.419931054115295" lon="12.946242809295654">
        <ele>847.4631048853531</ele>
        <time>2025-03-30T09:04:02.524Z</time>
      </trkpt>
      <trkpt lat="46.419925689697266" lon="12.94626522064209">
        <ele>847.8040216264192</ele>
        <time>2025-03-30T09:04:05.524Z</time>
      </trkpt>
      <trkpt lat="46.41991639137268" lon="12.946290373802185">
        <ele>848.2381746860701</ele>
        <time>2025-03-30T09:04:07.524Z</time>
      </trkpt>
      <trkpt lat="46.41990530490875" lon="12.946332097053528">
        <ele>848.8825804100397</ele>
        <time>2025-03-30T09:04:10.524Z</time>
      </trkpt>
      <trkpt lat="46.419894099235535" lon="12.946359515190125">
        <ele>849.3647865037045</ele>
        <time>2025-03-30T09:04:13.524Z</time>
      </trkpt>
      <trkpt lat="46.419886350631714" lon="12.946378111839294">
        <ele>849.6853915022733</ele>
        <time>2025-03-30T09:04:14.524Z</time>
      </trkpt>
      <trkpt lat="46.41988003253937" lon="12.946394324302673">
        <ele>849.9505509867483</ele>
        <time>2025-03-30T09:04:15.524Z</time>
      </trkpt>
      <trkpt lat="46.41987407207489" lon="12.946410655975342">
        <ele>850.2049715244127</ele>
        <time>2025-03-30T09:04:16.524Z</time>
      </trkpt>
      <trkpt lat="46.41987073421478" lon="12.946423053741455">
        <ele>850.4011298791344</ele>
        <time>2025-03-30T09:04:17.524Z</time>
      </trkpt>
      <trkpt lat="46.41986656188965" lon="12.946465373039246">
        <ele>850.9475685934976</ele>
        <time>2025-03-30T09:04:20.524Z</time>
      </trkpt>
      <trkpt lat="46.41986930370331" lon="12.946479558944702">
        <ele>851.0174765333046</ele>
        <time>2025-03-30T09:04:21.524Z</time>
      </trkpt>
      <trkpt lat="46.419870376586914" lon="12.946496844291687">
        <ele>851.1644918023125</ele>
        <time>2025-03-30T09:04:23.524Z</time>
      </trkpt>
      <trkpt lat="46.419867515563965" lon="12.946510195732117">
        <ele>851.3804429810161</ele>
        <time>2025-03-30T09:04:24.524Z</time>
      </trkpt>
      <trkpt lat="46.41985869407654" lon="12.946533679962158">
        <ele>851.869254256879</ele>
        <time>2025-03-30T09:04:26.524Z</time>
      </trkpt>
      <trkpt lat="46.419856548309326" lon="12.946544528007507">
        <ele>852.042225775962</ele>
        <time>2025-03-30T09:04:27.524Z</time>
      </trkpt>
      <trkpt lat="46.41985464096069" lon="12.946556568145752">
        <ele>852.2187540163795</ele>
        <time>2025-03-30T09:04:28.524Z</time>
      </trkpt>
      <trkpt lat="46.41984295845032" lon="12.946582913398743">
        <ele>852.7858087993205</ele>
        <time>2025-03-30T09:04:30.524Z</time>
      </trkpt>
      <trkpt lat="46.419832825660706" lon="12.946597814559937">
        <ele>853.1783423289753</ele>
        <time>2025-03-30T09:04:31.524Z</time>
      </trkpt>
      <trkpt lat="46.41980302333832" lon="12.946666955947876">
        <ele>854.4350387983154</ele>
        <time>2025-03-30T09:04:36.524Z</time>
      </trkpt>
      <trkpt lat="46.419790625572205" lon="12.94670057296753">
        <ele>854.9283398439043</ele>
        <time>2025-03-30T09:04:38.524Z</time>
      </trkpt>
      <trkpt lat="46.41978049278259" lon="12.946735858917236">
        <ele>855.4384586955769</ele>
        <time>2025-03-30T09:04:41.524Z</time>
      </trkpt>
      <trkpt lat="46.41979134082794" lon="12.946749806404114">
        <ele>855.400374681439</ele>
        <time>2025-03-30T09:04:42.524Z</time>
      </trkpt>
      <trkpt lat="46.41978359222412" lon="12.946777939796448">
        <ele>855.7783338763348</ele>
        <time>2025-03-30T09:04:44.524Z</time>
      </trkpt>
      <trkpt lat="46.419780015945435" lon="12.946791172027588">
        <ele>855.9432383483374</ele>
        <time>2025-03-30T09:04:45.524Z</time>
      </trkpt>
      <trkpt lat="46.41978585720062" lon="12.946813344955444">
        <ele>856.0838931398972</ele>
        <time>2025-03-30T09:04:46.524Z</time>
      </trkpt>
      <trkpt lat="46.419769287109375" lon="12.946832060813904">
        <ele>856.4022150257055</ele>
        <time>2025-03-30T09:04:48.524Z</time>
      </trkpt>
      <trkpt lat="46.41975939273834" lon="12.946874618530273">
        <ele>856.8105420198576</ele>
        <time>2025-03-30T09:04:51.524Z</time>
      </trkpt>
      <trkpt lat="46.41974723339081" lon="12.946917295455933">
        <ele>857.5171813493448</ele>
        <time>2025-03-30T09:04:53.524Z</time>
      </trkpt>
      <trkpt lat="46.419740319252014" lon="12.946935892105103">
        <ele>857.8715075404576</ele>
        <time>2025-03-30T09:04:54.524Z</time>
      </trkpt>
      <trkpt lat="46.41973114013672" lon="12.946975708007812">
        <ele>858.5126558571685</ele>
        <time>2025-03-30T09:04:56.524Z</time>
      </trkpt>
      <trkpt lat="46.419718980789185" lon="12.94701600074768">
        <ele>859.1733982947198</ele>
        <time>2025-03-30T09:04:58.524Z</time>
      </trkpt>
      <trkpt lat="46.41971242427826" lon="12.947033762931824">
        <ele>859.4688159748187</ele>
        <time>2025-03-30T09:04:59.524Z</time>
      </trkpt>
      <trkpt lat="46.419708371162415" lon="12.947051286697388">
        <ele>859.741904557322</ele>
        <time>2025-03-30T09:05:00.524Z</time>
      </trkpt>
      <trkpt lat="46.41970753669739" lon="12.947067022323608">
        <ele>859.9763365932804</ele>
        <time>2025-03-30T09:05:01.524Z</time>
      </trkpt>
      <trkpt lat="46.41968643665314" lon="12.947091937065125">
        <ele>860.5217351881997</ele>
        <time>2025-03-30T09:05:03.524Z</time>
      </trkpt>
      <trkpt lat="46.4196594953537" lon="12.947110295295715">
        <ele>860.9585093852806</ele>
        <time>2025-03-30T09:05:05.524Z</time>
      </trkpt>
      <trkpt lat="46.41960024833679" lon="12.947108268737793">
        <ele>861.9741326825128</ele>
        <time>2025-03-30T09:05:09.524Z</time>
      </trkpt>
      <trkpt lat="46.41958498954773" lon="12.94711446762085">
        <ele>862.3797639986313</ele>
        <time>2025-03-30T09:05:11.524Z</time>
      </trkpt>
      <trkpt lat="46.41956615447998" lon="12.947135925292969">
        <ele>862.9446750365661</ele>
        <time>2025-03-30T09:05:14.524Z</time>
      </trkpt>
      <trkpt lat="46.41956877708435" lon="12.947152137756348">
        <ele>862.9766180010217</ele>
        <time>2025-03-30T09:05:16.524Z</time>
      </trkpt>
      <trkpt lat="46.419569969177246" lon="12.947155237197876">
        <ele>862.9681009262545</ele>
        <time>2025-03-30T09:05:17.524Z</time>
      </trkpt>
      <trkpt lat="46.419551730155945" lon="12.94716215133667">
        <ele>863.3996422281883</ele>
        <time>2025-03-30T09:05:21.524Z</time>
      </trkpt>
      <trkpt lat="46.419524788856506" lon="12.947217345237732">
        <ele>864.1809383523382</ele>
        <time>2025-03-30T09:05:27.524Z</time>
      </trkpt>
      <trkpt lat="46.41951870918274" lon="12.947219252586365">
        <ele>864.305873375217</ele>
        <time>2025-03-30T09:05:28.524Z</time>
      </trkpt>
      <trkpt lat="46.419512152671814" lon="12.947230577468872">
        <ele>864.4682835031563</ele>
        <time>2025-03-30T09:05:29.524Z</time>
      </trkpt>
      <trkpt lat="46.4194895029068" lon="12.947260737419128">
        <ele>864.9689245581103</ele>
        <time>2025-03-30T09:05:33.524Z</time>
      </trkpt>
      <trkpt lat="46.4194837808609" lon="12.947267055511475">
        <ele>865.0887694170378</ele>
        <time>2025-03-30T09:05:34.524Z</time>
      </trkpt>
      <trkpt lat="46.41946196556091" lon="12.947261691093445">
        <ele>865.3955530751409</ele>
        <time>2025-03-30T09:05:36.524Z</time>
      </trkpt>
      <trkpt lat="46.419437408447266" lon="12.947270512580872">
        <ele>865.8166397565219</ele>
        <time>2025-03-30T09:05:39.524Z</time>
      </trkpt>
      <trkpt lat="46.41942536830902" lon="12.947272062301636">
        <ele>866.0089480380412</ele>
        <time>2025-03-30T09:05:40.524Z</time>
      </trkpt>
      <trkpt lat="46.41941273212433" lon="12.947287559509277">
        <ele>866.2814791827695</ele>
        <time>2025-03-30T09:05:41.524Z</time>
      </trkpt>
      <trkpt lat="46.419392704963684" lon="12.947294354438782">
        <ele>866.4587665292952</ele>
        <time>2025-03-30T09:05:43.524Z</time>
      </trkpt>
      <trkpt lat="46.419387" lon="12.947304">
        <ele>866.4560771286024</ele>
        <time>2025-03-30T09:05:44.409Z</time>
      </trkpt>
      <trkpt lat="46.419291" lon="12.947475">
        <ele>868.0505540749452</ele>
        <time>2025-03-30T09:05:59.781Z</time>
      </trkpt>
      <trkpt lat="46.419263" lon="12.947694">
        <ele>870.7053772573405</ele>
        <time>2025-03-30T09:06:15.306Z</time>
      </trkpt>
      <trkpt lat="46.419192" lon="12.947997">
        <ele>872.0757057061038</ele>
        <time>2025-03-30T09:06:37.613Z</time>
      </trkpt>
      <trkpt lat="46.419336" lon="12.948046">
        <ele>874.0712480361693</ele>
        <time>2025-03-30T09:06:52.568Z</time>
      </trkpt>
      <trkpt lat="46.419328" lon="12.948229">
        <ele>875.8672572997302</ele>
        <time>2025-03-30T09:07:05.349Z</time>
      </trkpt>
      <trkpt lat="46.419335" lon="12.948396">
        <ele>876.9525912944752</ele>
        <time>2025-03-30T09:07:17.011Z</time>
      </trkpt>
      <trkpt lat="46.419337" lon="12.948816">
        <ele>879.4396917251327</ele>
        <time>2025-03-30T09:07:46.287Z</time>
      </trkpt>
      <trkpt lat="46.419267" lon="12.949091">
        <ele>881.2161629696438</ele>
        <time>2025-03-30T09:08:06.720Z</time>
      </trkpt>
      <trkpt lat="46.419263" lon="12.949309">
        <ele>886.4524842772116</ele>
        <time>2025-03-30T09:08:21.921Z</time>
      </trkpt>
      <trkpt lat="46.41931" lon="12.949526">
        <ele>897.0858879060701</ele>
        <time>2025-03-30T09:08:37.776Z</time>
      </trkpt>
      <trkpt lat="46.419385" lon="12.949491">
        <ele>897.542006343579</ele>
        <time>2025-03-30T09:08:45.742Z</time>
      </trkpt>
      <trkpt lat="46.419506" lon="12.949565">
        <ele>903.5141183153122</ele>
        <time>2025-03-30T09:08:59.019Z</time>
      </trkpt>
      <trkpt lat="46.419546" lon="12.949548">
        <ele>903.2733681958646</ele>
        <time>2025-03-30T09:09:03.233Z</time>
      </trkpt>
      <trkpt lat="46.419858" lon="12.949641">
        <ele>907.4215767280476</ele>
        <time>2025-03-30T09:09:35.439Z</time>
      </trkpt>
      <trkpt lat="46.419969" lon="12.949806">
        <ele>912.5635878798699</ele>
        <time>2025-03-30T09:09:51.509Z</time>
      </trkpt>
      <trkpt lat="46.419971" lon="12.949809">
        <ele>912.6773500118532</ele>
        <time>2025-03-30T09:09:51.796Z</time>
      </trkpt>
      <trkpt lat="46.419978" lon="12.949818">
        <ele>913.0066507940096</ele>
        <time>2025-03-30T09:09:52.731Z</time>
      </trkpt>
      <trkpt lat="46.419831" lon="12.949954">
        <ele>921.1142362613527</ele>
        <time>2025-03-30T09:10:10.175Z</time>
      </trkpt>
      <trkpt lat="46.419652" lon="12.950008">
        <ele>926.2165081465956</ele>
        <time>2025-03-30T09:10:28.467Z</time>
      </trkpt>
      <trkpt lat="46.419632" lon="12.950061">
        <ele>929.2829239461108</ele>
        <time>2025-03-30T09:10:32.634Z</time>
      </trkpt>
      <trkpt lat="46.419632" lon="12.950131">
        <ele>933.1765535787622</ele>
        <time>2025-03-30T09:10:37.462Z</time>
      </trkpt>
      <trkpt lat="46.419809" lon="12.950392">
        <ele>946.1385783210675</ele>
        <time>2025-03-30T09:11:02.714Z</time>
      </trkpt>
      <trkpt lat="46.419838" lon="12.950506">
        <ele>951.8561017101958</ele>
        <time>2025-03-30T09:11:11.095Z</time>
      </trkpt>
      <trkpt lat="46.419336" lon="12.95069">
        <ele>965.6669353065381</ele>
        <time>2025-03-30T09:12:02.899Z</time>
      </trkpt>
      <trkpt lat="46.419035" lon="12.951057">
        <ele>966.7961759345159</ele>
        <time>2025-03-30T09:12:42.240Z</time>
      </trkpt>
      <trkpt lat="46.419124" lon="12.951164">
        <ele>971.2724392574046</ele>
        <time>2025-03-30T09:12:53.805Z</time>
      </trkpt>
      <trkpt lat="46.419233" lon="12.951251">
        <ele>976.744349601087</ele>
        <time>2025-03-30T09:13:06.252Z</time>
      </trkpt>
      <trkpt lat="46.419331" lon="12.951316">
        <ele>983.3434155661982</ele>
        <time>2025-03-30T09:13:17.033Z</time>
      </trkpt>
      <trkpt lat="46.419333" lon="12.951318">
        <ele>983.5285684546893</ele>
        <time>2025-03-30T09:13:17.276Z</time>
      </trkpt>
      <trkpt lat="46.419455" lon="12.951312">
        <ele>988.5429873183714</ele>
        <time>2025-03-30T09:13:29.489Z</time>
      </trkpt>
      <trkpt lat="46.419521" lon="12.951345">
        <ele>993.1165961077456</ele>
        <time>2025-03-30T09:13:36.473Z</time>
      </trkpt>
      <trkpt lat="46.419608" lon="12.951449">
        <ele>1001.874442972733</ele>
        <time>2025-03-30T09:13:47.752Z</time>
      </trkpt>
      <trkpt lat="46.419607" lon="12.951492">
        <ele>1004.6227453224442</ele>
        <time>2025-03-30T09:13:50.719Z</time>
      </trkpt>
      <trkpt lat="46.419508" lon="12.951538">
        <ele>1005.0117961979831</ele>
        <time>2025-03-30T09:14:01.119Z</time>
      </trkpt>
      <trkpt lat="46.419395" lon="12.951659">
        <ele>1007.0399639838951</ele>
        <time>2025-03-30T09:14:15.171Z</time>
      </trkpt>
      <trkpt lat="46.419371" lon="12.951757">
        <ele>1010.2689942724708</ele>
        <time>2025-03-30T09:14:22.344Z</time>
      </trkpt>
      <trkpt lat="46.419404" lon="12.951861">
        <ele>1016.3337515233461</ele>
        <time>2025-03-30T09:14:30.240Z</time>
      </trkpt>
      <trkpt lat="46.419384" lon="12.951932">
        <ele>1017.3812792196335</ele>
        <time>2025-03-30T09:14:35.530Z</time>
      </trkpt>
      <trkpt lat="46.4192" lon="12.95217">
        <ele>1016.8237766717386</ele>
        <time>2025-03-30T09:15:00.195Z</time>
      </trkpt>
      <trkpt lat="46.419071" lon="12.952724">
        <ele>1021.9004199021927</ele>
        <time>2025-03-30T09:15:40.527Z</time>
      </trkpt>
      <trkpt lat="46.41908" lon="12.952835">
        <ele>1024.6523288865576</ele>
        <time>2025-03-30T09:15:48.235Z</time>
      </trkpt>
      <trkpt lat="46.419033" lon="12.953119">
        <ele>1027.4271209195836</ele>
        <time>2025-03-30T09:16:08.380Z</time>
      </trkpt>
      <trkpt lat="46.419107" lon="12.953203">
        <ele>1033.1265954213734</ele>
        <time>2025-03-30T09:16:17.781Z</time>
      </trkpt>
      <trkpt lat="46.419099" lon="12.953401">
        <ele>1035.5395660987558</ele>
        <time>2025-03-30T09:16:31.461Z</time>
      </trkpt>
      <trkpt lat="46.419131" lon="12.953364">
        <ele>1036.372244314319</ele>
        <time>2025-03-30T09:16:35.555Z</time>
      </trkpt>
      <trkpt lat="46.419206" lon="12.953401">
        <ele>1037.4296658003416</ele>
        <time>2025-03-30T09:16:43.481Z</time>
      </trkpt>
      <trkpt lat="46.419237" lon="12.953369">
        <ele>1037.3552149915567</ele>
        <time>2025-03-30T09:16:47.287Z</time>
      </trkpt>
      <trkpt lat="46.419403" lon="12.95295">
        <ele>1035.1919438322016</ele>
        <time>2025-03-30T09:17:20.619Z</time>
      </trkpt>
      <trkpt lat="46.419549" lon="12.952768">
        <ele>1035.393955823143</ele>
        <time>2025-03-30T09:17:39.879Z</time>
      </trkpt>
      <trkpt lat="46.419808" lon="12.952583">
        <ele>1035.5409705398774</ele>
        <time>2025-03-30T09:18:08.763Z</time>
      </trkpt>
      <trkpt lat="46.419913" lon="12.952597">
        <ele>1035.4470388492605</ele>
        <time>2025-03-30T09:18:19.312Z</time>
      </trkpt>
      <trkpt lat="46.419999" lon="12.952551">
        <ele>1035.291142857486</ele>
        <time>2025-03-30T09:18:28.482Z</time>
      </trkpt>
      <trkpt lat="46.420135" lon="12.952566">
        <ele>1033.9584799323447</ele>
        <time>2025-03-30T09:18:42.128Z</time>
      </trkpt>
      <trkpt lat="46.420326" lon="12.952588">
        <ele>1030.508688531467</ele>
        <time>2025-03-30T09:19:01.298Z</time>
      </trkpt>
      <trkpt lat="46.420559" lon="12.952908">
        <ele>1029.126792350808</ele>
        <time>2025-03-30T09:19:33.400Z</time>
      </trkpt>
      <trkpt lat="46.420694" lon="12.952946">
        <ele>1027.7909771500395</ele>
        <time>2025-03-30T09:19:47.159Z</time>
      </trkpt>
      <trkpt lat="46.420852" lon="12.952891">
        <ele>1026.2400520411336</ele>
        <time>2025-03-30T09:20:03.416Z</time>
      </trkpt>
      <trkpt lat="46.420935" lon="12.952933">
        <ele>1025.475101329237</ele>
        <time>2025-03-30T09:20:12.211Z</time>
      </trkpt>
      <trkpt lat="46.421137" lon="12.95316">
        <ele>1020.254683112131</ele>
        <time>2025-03-30T09:20:37.776Z</time>
      </trkpt>
      <trkpt lat="46.421249" lon="12.953212">
        <ele>1015.6810480741949</ele>
        <time>2025-03-30T09:20:49.541Z</time>
      </trkpt>
      <trkpt lat="46.42139" lon="12.953141">
        <ele>1011.4719994041707</ele>
        <time>2025-03-30T09:21:04.474Z</time>
      </trkpt>
      <trkpt lat="46.421551" lon="12.953131">
        <ele>1009.3421268138468</ele>
        <time>2025-03-30T09:21:20.597Z</time>
      </trkpt>
      <trkpt lat="46.421752" lon="12.953302">
        <ele>1007.6919507741561</ele>
        <time>2025-03-30T09:21:43.910Z</time>
      </trkpt>
      <trkpt lat="46.42181" lon="12.953421">
        <ele>1006.6793661969034</ele>
        <time>2025-03-30T09:21:53.961Z</time>
      </trkpt>
      <trkpt lat="46.421971" lon="12.953531">
        <ele>1004.5685690340957</ele>
        <time>2025-03-30T09:22:11.766Z</time>
      </trkpt>
      <trkpt lat="46.422353" lon="12.953512">
        <ele>993.8693081823249</ele>
        <time>2025-03-30T09:22:50.008Z</time>
      </trkpt>
      <trkpt lat="46.422425" lon="12.953446">
        <ele>992.1217024670736</ele>
        <time>2025-03-30T09:22:58.529Z</time>
      </trkpt>
      <trkpt lat="46.422505" lon="12.953289">
        <ele>991.2706636264336</ele>
        <time>2025-03-30T09:23:11.994Z</time>
      </trkpt>
      <trkpt lat="46.422596" lon="12.953225">
        <ele>989.3344635878301</ele>
        <time>2025-03-30T09:23:22.112Z</time>
      </trkpt>
      <trkpt lat="46.422711" lon="12.953299">
        <ele>986.2596697325158</ele>
        <time>2025-03-30T09:23:34.699Z</time>
      </trkpt>
      <trkpt lat="46.422882" lon="12.953218">
        <ele>987.0869615831771</ele>
        <time>2025-03-30T09:23:52.696Z</time>
      </trkpt>
      <trkpt lat="46.422948" lon="12.953492">
        <ele>987.9398693371728</ele>
        <time>2025-03-30T09:24:12.714Z</time>
      </trkpt>
      <trkpt lat="46.422912" lon="12.953806">
        <ele>988.762141156551</ele>
        <time>2025-03-30T09:24:34.667Z</time>
      </trkpt>
      <trkpt lat="46.422916" lon="12.953887">
        <ele>990.60257151976</ele>
        <time>2025-03-30T09:24:40.267Z</time>
      </trkpt>
      <trkpt lat="46.422932" lon="12.954176">
        <ele>996.2094106399614</ele>
        <time>2025-03-30T09:25:00.263Z</time>
      </trkpt>
      <trkpt lat="46.423142" lon="12.954383">
        <ele>1011.6946202455943</ele>
        <time>2025-03-30T09:25:25.665Z</time>
      </trkpt>
      <trkpt lat="46.423319" lon="12.954713">
        <ele>1011.1988491021857</ele>
        <time>2025-03-30T09:25:54.502Z</time>
      </trkpt>
      <trkpt lat="46.424293" lon="12.954339">
        <ele>1030.1313464250375</ele>
        <time>2025-03-30T09:27:35.309Z</time>
      </trkpt>
      <trkpt lat="46.424476" lon="12.954329">
        <ele>1028.2431566956873</ele>
        <time>2025-03-30T09:27:53.631Z</time>
      </trkpt>
      <trkpt lat="46.42484" lon="12.954543">
        <ele>1026.4823140075312</ele>
        <time>2025-03-30T09:28:32.927Z</time>
      </trkpt>
      <trkpt lat="46.425016" lon="12.954508">
        <ele>1027.0520290969794</ele>
        <time>2025-03-30T09:28:50.700Z</time>
      </trkpt>
      <trkpt lat="46.425211" lon="12.954323">
        <ele>1028.1392613513096</ele>
        <time>2025-03-30T09:29:14.011Z</time>
      </trkpt>
      <trkpt lat="46.425319" lon="12.954449">
        <ele>1029.1098898285782</ele>
        <time>2025-03-30T09:29:27.877Z</time>
      </trkpt>
      <trkpt lat="46.425393" lon="12.954673">
        <ele>1029.9252018193397</ele>
        <time>2025-03-30T09:29:45.008Z</time>
      </trkpt>
      <trkpt lat="46.425568" lon="12.954959">
        <ele>1036.1982587793236</ele>
        <time>2025-03-30T09:30:11.382Z</time>
      </trkpt>
      <trkpt lat="46.425911" lon="12.955332">
        <ele>1049.9461410495437</ele>
        <time>2025-03-30T09:30:54.270Z</time>
      </trkpt>
      <trkpt lat="46.426049" lon="12.955549">
        <ele>1056.042645111338</ele>
        <time>2025-03-30T09:31:14.631Z</time>
      </trkpt>
      <trkpt lat="46.426149" lon="12.955828">
        <ele>1056.3512060702103</ele>
        <time>2025-03-30T09:31:36.318Z</time>
      </trkpt>
      <trkpt lat="46.426255" lon="12.95589">
        <ele>1055.8608336709399</ele>
        <time>2025-03-30T09:31:47.753Z</time>
      </trkpt>
      <trkpt lat="46.426669" lon="12.956002">
        <ele>1059.2907527592959</ele>
        <time>2025-03-30T09:32:29.888Z</time>
      </trkpt>
      <trkpt lat="46.426738" lon="12.956126">
        <ele>1062.541879216385</ele>
        <time>2025-03-30T09:32:40.878Z</time>
      </trkpt>
      <trkpt lat="46.426902" lon="12.956218">
        <ele>1065.857531453713</ele>
        <time>2025-03-30T09:32:58.470Z</time>
      </trkpt>
      <trkpt lat="46.426992" lon="12.956268">
        <ele>1066.3773880570977</ele>
        <time>2025-03-30T09:33:08.112Z</time>
      </trkpt>
      <trkpt lat="46.427115" lon="12.956247">
        <ele>1066.2054953302284</ele>
        <time>2025-03-30T09:33:20.503Z</time>
      </trkpt>
      <trkpt lat="46.427377" lon="12.956428">
        <ele>1060.9786848551923</ele>
        <time>2025-03-30T09:33:49.537Z</time>
      </trkpt>
      <trkpt lat="46.427743" lon="12.956486">
        <ele>1059.5546842104638</ele>
        <time>2025-03-30T09:34:26.374Z</time>
      </trkpt>
      <trkpt lat="46.427804" lon="12.956464">
        <ele>1059.6598190293596</ele>
        <time>2025-03-30T09:34:32.662Z</time>
      </trkpt>
      <trkpt lat="46.427824" lon="12.95638">
        <ele>1060.7681709018034</ele>
        <time>2025-03-30T09:34:38.790Z</time>
      </trkpt>
      <trkpt lat="46.42786" lon="12.95604">
        <ele>1065.473470662394</ele>
        <time>2025-03-30T09:35:02.512Z</time>
      </trkpt>
      <trkpt lat="46.42791" lon="12.955889">
        <ele>1067.6479381642196</ele>
        <time>2025-03-30T09:35:14.064Z</time>
      </trkpt>
      <trkpt lat="46.428295" lon="12.955829">
        <ele>1068.256259464084</ele>
        <time>2025-03-30T09:35:52.805Z</time>
      </trkpt>
      <trkpt lat="46.428424" lon="12.955668">
        <ele>1068.1625324469007</ele>
        <time>2025-03-30T09:36:09.830Z</time>
      </trkpt>
      <trkpt lat="46.428599" lon="12.955526">
        <ele>1065.4696052162908</ele>
        <time>2025-03-30T09:36:29.891Z</time>
      </trkpt>
      <trkpt lat="46.428852" lon="12.955732">
        <ele>1065.5246194242666</ele>
        <time>2025-03-30T09:36:58.918Z</time>
      </trkpt>
      <trkpt lat="46.42897" lon="12.955727">
        <ele>1064.4671246436483</ele>
        <time>2025-03-30T09:37:10.729Z</time>
      </trkpt>
      <trkpt lat="46.429069" lon="12.955674">
        <ele>1065.4407315605208</ele>
        <time>2025-03-30T09:37:21.287Z</time>
      </trkpt>
      <trkpt lat="46.430043" lon="12.955211">
        <ele>1067.5552645825153</ele>
        <time>2025-03-30T09:39:03.835Z</time>
      </trkpt>
      <trkpt lat="46.430255" lon="12.955257">
        <ele>1067.9071758917735</ele>
        <time>2025-03-30T09:39:25.282Z</time>
      </trkpt>
      <trkpt lat="46.430332" lon="12.955329">
        <ele>1068.3140488488798</ele>
        <time>2025-03-30T09:39:34.447Z</time>
      </trkpt>
      <trkpt lat="46.430516" lon="12.955352">
        <ele>1068.8949162995962</ele>
        <time>2025-03-30T09:39:52.924Z</time>
      </trkpt>
      <trkpt lat="46.430594" lon="12.955362">
        <ele>1068.9078293876248</ele>
        <time>2025-03-30T09:40:00.758Z</time>
      </trkpt>
      <trkpt lat="46.430744" lon="12.955326">
        <ele>1068.763645588356</ele>
        <time>2025-03-30T09:40:15.969Z</time>
      </trkpt>
      <trkpt lat="46.430956" lon="12.955344">
        <ele>1066.4490765118464</ele>
        <time>2025-03-30T09:40:37.216Z</time>
      </trkpt>
      <trkpt lat="46.431062" lon="12.955306">
        <ele>1066.6601580693182</ele>
        <time>2025-03-30T09:40:48.140Z</time>
      </trkpt>
      <trkpt lat="46.431235" lon="12.955142">
        <ele>1068.8390885163117</ele>
        <time>2025-03-30T09:41:08.816Z</time>
      </trkpt>
      <trkpt lat="46.431276" lon="12.955142">
        <ele>1068.8115847192444</ele>
        <time>2025-03-30T09:41:12.918Z</time>
      </trkpt>
      <trkpt lat="46.431388" lon="12.955203">
        <ele>1067.1137106691713</ele>
        <time>2025-03-30T09:41:24.887Z</time>
      </trkpt>
      <trkpt lat="46.431977" lon="12.955203">
        <ele>1058.3829358395296</ele>
        <time>2025-03-30T09:42:23.817Z</time>
      </trkpt>
      <trkpt lat="46.432219" lon="12.955129">
        <ele>1056.0038935644648</ele>
        <time>2025-03-30T09:42:48.561Z</time>
      </trkpt>
      <trkpt lat="46.432293" lon="12.955176">
        <ele>1053.0508914026918</ele>
        <time>2025-03-30T09:42:56.643Z</time>
      </trkpt>
      <trkpt lat="46.432794" lon="12.955196">
        <ele>1036.6361971737947</ele>
        <time>2025-03-30T09:43:46.788Z</time>
      </trkpt>
      <trkpt lat="46.43305" lon="12.955024">
        <ele>1037.494786893945</ele>
        <time>2025-03-30T09:44:15.014Z</time>
      </trkpt>
      <trkpt lat="46.433207" lon="12.955018">
        <ele>1035.3101701176015</ele>
        <time>2025-03-30T09:44:30.727Z</time>
      </trkpt>
      <trkpt lat="46.433395" lon="12.9549">
        <ele>1035.5915207130458</ele>
        <time>2025-03-30T09:44:51.221Z</time>
      </trkpt>
      <trkpt lat="46.433672" lon="12.954879">
        <ele>1031.0517572737183</ele>
        <time>2025-03-30T09:45:18.973Z</time>
      </trkpt>
      <trkpt lat="46.433861" lon="12.954931">
        <ele>1026.004194204991</ele>
        <time>2025-03-30T09:45:38.219Z</time>
      </trkpt>
      <trkpt lat="46.433968" lon="12.954917">
        <ele>1022.3673935045465</ele>
        <time>2025-03-30T09:45:48.968Z</time>
      </trkpt>
      <trkpt lat="46.434288" lon="12.954725">
        <ele>1009.7801130473209</ele>
        <time>2025-03-30T09:46:23.614Z</time>
      </trkpt>
      <trkpt lat="46.434375" lon="12.954707">
        <ele>1005.3171541153513</ele>
        <time>2025-03-30T09:46:32.406Z</time>
      </trkpt>
      <trkpt lat="46.434453" lon="12.954692">
        <ele>1000.2211034060869</ele>
        <time>2025-03-30T09:46:40.278Z</time>
      </trkpt>
      <trkpt lat="46.4344" lon="12.954459">
        <ele>1003.2796721923763</ele>
        <time>2025-03-30T09:46:57.196Z</time>
      </trkpt>
      <trkpt lat="46.434314" lon="12.954354">
        <ele>1003.5236806574145</ele>
        <time>2025-03-30T09:47:08.441Z</time>
      </trkpt>
      <trkpt lat="46.433775" lon="12.953869">
        <ele>980.8332989264356</ele>
        <time>2025-03-30T09:48:11.897Z</time>
      </trkpt>
      <trkpt lat="46.433343" lon="12.953678">
        <ele>966.5915169734245</ele>
        <time>2025-03-30T09:48:57.081Z</time>
      </trkpt>
      <trkpt lat="46.433028" lon="12.953687">
        <ele>968.8935642979652</ele>
        <time>2025-03-30T09:49:28.603Z</time>
      </trkpt>
      <trkpt lat="46.432719" lon="12.953573">
        <ele>960.2592680036938</ele>
        <time>2025-03-30T09:50:00.503Z</time>
      </trkpt>
      <trkpt lat="46.432291" lon="12.953544">
        <ele>956.2023668802004</ele>
        <time>2025-03-30T09:50:43.372Z</time>
      </trkpt>
      <trkpt lat="46.431905" lon="12.953287">
        <ele>941.3138396855157</ele>
        <time>2025-03-30T09:51:25.864Z</time>
      </trkpt>
      <trkpt lat="46.43179" lon="12.953023">
        <ele>933.6615825631832</ele>
        <time>2025-03-30T09:51:47.399Z</time>
      </trkpt>
      <trkpt lat="46.431789" lon="12.953019">
        <ele>933.5763478521628</ele>
        <time>2025-03-30T09:51:47.692Z</time>
      </trkpt>
      <trkpt lat="46.431692" lon="12.952648">
        <ele>927.9062198334155</ele>
        <time>2025-03-30T09:52:15.054Z</time>
      </trkpt>
      <trkpt lat="46.431602" lon="12.952409">
        <ele>926.0978494598093</ele>
        <time>2025-03-30T09:52:33.834Z</time>
      </trkpt>
      <trkpt lat="46.431491" lon="12.952146">
        <ele>925.1364254981522</ele>
        <time>2025-03-30T09:52:55.100Z</time>
      </trkpt>
      <trkpt lat="46.43136" lon="12.95191">
        <ele>924.8131962736604</ele>
        <time>2025-03-30T09:53:15.995Z</time>
      </trkpt>
      <trkpt lat="46.431293" lon="12.95177">
        <ele>923.704901425066</ele>
        <time>2025-03-30T09:53:27.748Z</time>
      </trkpt>
      <trkpt lat="46.431211" lon="12.951665">
        <ele>923.1501813920572</ele>
        <time>2025-03-30T09:53:38.690Z</time>
      </trkpt>
      <trkpt lat="46.430905" lon="12.951408">
        <ele>920.0348330784225</ele>
        <time>2025-03-30T09:54:14.065Z</time>
      </trkpt>
      <trkpt lat="46.430692" lon="12.951207">
        <ele>917.5666516200997</ele>
        <time>2025-03-30T09:54:39.486Z</time>
      </trkpt>
      <trkpt lat="46.430621" lon="12.95114">
        <ele>916.8561460776792</ele>
        <time>2025-03-30T09:54:47.959Z</time>
      </trkpt>
      <trkpt lat="46.430587" lon="12.951117">
        <ele>916.572632549519</ele>
        <time>2025-03-30T09:54:51.712Z</time>
      </trkpt>
      <trkpt lat="46.430552" lon="12.951112">
        <ele>916.3968295822265</ele>
        <time>2025-03-30T09:54:55.230Z</time>
      </trkpt>
      <trkpt lat="46.430522" lon="12.951125">
        <ele>916.4128552102794</ele>
        <time>2025-03-30T09:54:58.362Z</time>
      </trkpt>
      <trkpt lat="46.430463" lon="12.951179">
        <ele>917.18851898138</ele>
        <time>2025-03-30T09:55:05.341Z</time>
      </trkpt>
      <trkpt lat="46.430386" lon="12.951205">
        <ele>917.9004412895123</ele>
        <time>2025-03-30T09:55:13.250Z</time>
      </trkpt>
      <trkpt lat="46.430307" lon="12.951209">
        <ele>918.5520598558343</ele>
        <time>2025-03-30T09:55:21.158Z</time>
      </trkpt>
      <trkpt lat="46.430243" lon="12.951178">
        <ele>918.6755574532077</ele>
        <time>2025-03-30T09:55:27.908Z</time>
      </trkpt>
      <trkpt lat="46.430117" lon="12.951022">
        <ele>918.6400378480948</ele>
        <time>2025-03-30T09:55:44.480Z</time>
      </trkpt>
      <trkpt lat="46.430089" lon="12.950955">
        <ele>918.4293103881118</ele>
        <time>2025-03-30T09:55:49.883Z</time>
      </trkpt>
      <trkpt lat="46.43007" lon="12.950883">
        <ele>918.082546315052</ele>
        <time>2025-03-30T09:55:55.199Z</time>
      </trkpt>
      <trkpt lat="46.430066" lon="12.950755">
        <ele>916.8539268379529</ele>
        <time>2025-03-30T09:56:04.034Z</time>
      </trkpt>
      <trkpt lat="46.430052" lon="12.950711">
        <ele>916.6147463186941</ele>
        <time>2025-03-30T09:56:07.375Z</time>
      </trkpt>
      <trkpt lat="46.429992" lon="12.950578">
        <ele>916.0860468733263</ele>
        <time>2025-03-30T09:56:18.336Z</time>
      </trkpt>
      <trkpt lat="46.429969" lon="12.950484">
        <ele>915.2013012879185</ele>
        <time>2025-03-30T09:56:25.214Z</time>
      </trkpt>
      <trkpt lat="46.429968" lon="12.950409">
        <ele>914.2635718375313</ele>
        <time>2025-03-30T09:56:30.386Z</time>
      </trkpt>
      <trkpt lat="46.43" lon="12.95027">
        <ele>912.0870874505417</ele>
        <time>2025-03-30T09:56:40.491Z</time>
      </trkpt>
      <trkpt lat="46.430003" lon="12.9502">
        <ele>911.228740357139</ele>
        <time>2025-03-30T09:56:45.327Z</time>
      </trkpt>
      <trkpt lat="46.429999" lon="12.950112">
        <ele>910.2976704519635</ele>
        <time>2025-03-30T09:56:51.408Z</time>
      </trkpt>
      <trkpt lat="46.429964" lon="12.949951">
        <ele>909.1595726509815</ele>
        <time>2025-03-30T09:57:03.049Z</time>
      </trkpt>
      <trkpt lat="46.429736" lon="12.949216">
        <ele>901.8749559556018</ele>
        <time>2025-03-30T09:57:58.631Z</time>
      </trkpt>
      <trkpt lat="46.429643" lon="12.949012">
        <ele>899.8144082713115</ele>
        <time>2025-03-30T09:58:15.497Z</time>
      </trkpt>
      <trkpt lat="46.429499" lon="12.948668">
        <ele>897.6525360648769</ele>
        <time>2025-03-30T09:58:43.251Z</time>
      </trkpt>
      <trkpt lat="46.429397" lon="12.9483">
        <ele>895.78261217563</ele>
        <time>2025-03-30T09:59:10.603Z</time>
      </trkpt>
      <trkpt lat="46.429387" lon="12.94824">
        <ele>895.4239631191999</ele>
        <time>2025-03-30T09:59:14.859Z</time>
      </trkpt>
      <trkpt lat="46.429355" lon="12.948044">
        <ele>894.736499425542</ele>
        <time>2025-03-30T09:59:28.749Z</time>
      </trkpt>
      <trkpt lat="46.429328" lon="12.947807">
        <ele>893.7618152628581</ele>
        <time>2025-03-30T09:59:45.314Z</time>
      </trkpt>
      <trkpt lat="46.42933" lon="12.947736">
        <ele>893.3429020933751</ele>
        <time>2025-03-30T09:59:50.214Z</time>
      </trkpt>
      <trkpt lat="46.429348" lon="12.94766">
        <ele>892.8551099306844</ele>
        <time>2025-03-30T09:59:55.755Z</time>
      </trkpt>
      <trkpt lat="46.429373" lon="12.947602">
        <ele>892.355657404486</ele>
        <time>2025-03-30T10:00:00.472Z</time>
      </trkpt>
      <trkpt lat="46.429627" lon="12.947149">
        <ele>886.1666217439109</ele>
        <time>2025-03-30T10:00:40.742Z</time>
      </trkpt>
      <trkpt lat="46.42959" lon="12.947054">
        <ele>885.7861021395802</ele>
        <time>2025-03-30T10:00:48.266Z</time>
      </trkpt>
      <trkpt lat="46.429742" lon="12.946973">
        <ele>884.8888957780052</ele>
        <time>2025-03-30T10:01:04.467Z</time>
      </trkpt>
      <trkpt lat="46.429884" lon="12.946922">
        <ele>884.9250987626051</ele>
        <time>2025-03-30T10:01:19.103Z</time>
      </trkpt>
      <trkpt lat="46.429964" lon="12.946917">
        <ele>885.0107738573563</ele>
        <time>2025-03-30T10:01:27.114Z</time>
      </trkpt>
      <trkpt lat="46.430128" lon="12.946928">
        <ele>885.3752144110041</ele>
        <time>2025-03-30T10:01:43.539Z</time>
      </trkpt>
      <trkpt lat="46.430344" lon="12.946956">
        <ele>886.1406840848649</ele>
        <time>2025-03-30T10:02:05.236Z</time>
      </trkpt>
      <trkpt lat="46.43043" lon="12.946949">
        <ele>886.4736520497507</ele>
        <time>2025-03-30T10:02:13.853Z</time>
      </trkpt>
      <trkpt lat="46.43052" lon="12.946921">
        <ele>886.737522907183</ele>
        <time>2025-03-30T10:02:23.062Z</time>
      </trkpt>
      <trkpt lat="46.430549" lon="12.946903">
        <ele>886.8044442683901</ele>
        <time>2025-03-30T10:02:26.217Z</time>
      </trkpt>
      <trkpt lat="46.430563" lon="12.946895">
        <ele>886.8441400004264</ele>
        <time>2025-03-30T10:02:27.722Z</time>
      </trkpt>
      <trkpt lat="46.430644" lon="12.946827">
        <ele>887.178393558017</ele>
        <time>2025-03-30T10:02:37.084Z</time>
      </trkpt>
      <trkpt lat="46.430776" lon="12.94668">
        <ele>887.9157690715801</ele>
        <time>2025-03-30T10:02:53.732Z</time>
      </trkpt>
      <trkpt lat="46.430813" lon="12.946628">
        <ele>888.131381395855</ele>
        <time>2025-03-30T10:02:58.885Z</time>
      </trkpt>
      <trkpt lat="46.430832" lon="12.94658">
        <ele>888.2343471906061</ele>
        <time>2025-03-30T10:03:02.702Z</time>
      </trkpt>
      <trkpt lat="46.43084" lon="12.946527">
        <ele>888.2721785754934</ele>
        <time>2025-03-30T10:03:06.443Z</time>
      </trkpt>
      <trkpt lat="46.430838" lon="12.946409">
        <ele>888.5320198681117</ele>
        <time>2025-03-30T10:03:14.582Z</time>
      </trkpt>
      <trkpt lat="46.430764" lon="12.946082">
        <ele>889.8073264960915</ele>
        <time>2025-03-30T10:03:38.315Z</time>
      </trkpt>
      <trkpt lat="46.43074" lon="12.945944">
        <ele>890.3407970741458</ele>
        <time>2025-03-30T10:03:48.129Z</time>
      </trkpt>
      <trkpt lat="46.430737" lon="12.945871">
        <ele>890.6857649656946</ele>
        <time>2025-03-30T10:03:53.171Z</time>
      </trkpt>
      <trkpt lat="46.430744" lon="12.94577">
        <ele>891.141935034192</ele>
        <time>2025-03-30T10:04:00.170Z</time>
      </trkpt>
      <trkpt lat="46.430762" lon="12.945702">
        <ele>891.6383107645476</ele>
        <time>2025-03-30T10:04:05.193Z</time>
      </trkpt>
      <trkpt lat="46.430791" lon="12.945631">
        <ele>892.4736378623729</ele>
        <time>2025-03-30T10:04:10.884Z</time>
      </trkpt>
      <trkpt lat="46.430839" lon="12.945558">
        <ele>893.4396906497825</ele>
        <time>2025-03-30T10:04:17.841Z</time>
      </trkpt>
      <trkpt lat="46.430921" lon="12.945484">
        <ele>894.6418838628406</ele>
        <time>2025-03-30T10:04:27.502Z</time>
      </trkpt>
      <trkpt lat="46.430975" lon="12.945449">
        <ele>895.3499145665214</ele>
        <time>2025-03-30T10:04:33.419Z</time>
      </trkpt>
      <trkpt lat="46.431525" lon="12.945141">
        <ele>898.3109817300378</ele>
        <time>2025-03-30T10:05:32.403Z</time>
      </trkpt>
      <trkpt lat="46.431668" lon="12.945027">
        <ele>899.1445562334828</ele>
        <time>2025-03-30T10:05:48.727Z</time>
      </trkpt>
      <trkpt lat="46.431826" lon="12.945021">
        <ele>900.479943311434</ele>
        <time>2025-03-30T10:06:04.540Z</time>
      </trkpt>
      <trkpt lat="46.431945" lon="12.944997">
        <ele>901.0792393001667</ele>
        <time>2025-03-30T10:06:16.560Z</time>
      </trkpt>
      <trkpt lat="46.43207" lon="12.944972">
        <ele>901.191355992913</ele>
        <time>2025-03-30T10:06:29.184Z</time>
      </trkpt>
      <trkpt lat="46.432242" lon="12.944886">
        <ele>901.1598745688334</ele>
        <time>2025-03-30T10:06:47.385Z</time>
      </trkpt>
      <trkpt lat="46.432537" lon="12.944676">
        <ele>902.5780395927111</ele>
        <time>2025-03-30T10:07:20.260Z</time>
      </trkpt>
      <trkpt lat="46.43314" lon="12.944121">
        <ele>903.4705846295717</ele>
        <time>2025-03-30T10:08:31.704Z</time>
      </trkpt>
      <trkpt lat="46.433257" lon="12.944014">
        <ele>904.4964046282707</ele>
        <time>2025-03-30T10:08:45.541Z</time>
      </trkpt>
      <trkpt lat="46.433398" lon="12.943851">
        <ele>905.1856752908654</ele>
        <time>2025-03-30T10:09:03.578Z</time>
      </trkpt>
      <trkpt lat="46.433482" lon="12.943821">
        <ele>906.2429253129226</ele>
        <time>2025-03-30T10:09:12.233Z</time>
      </trkpt>
      <trkpt lat="46.433574" lon="12.943823">
        <ele>908.1538333425212</ele>
        <time>2025-03-30T10:09:21.438Z</time>
      </trkpt>
      <trkpt lat="46.433641" lon="12.94378">
        <ele>909.2242791364959</ele>
        <time>2025-03-30T10:09:28.767Z</time>
      </trkpt>
      <trkpt lat="46.433666" lon="12.943703">
        <ele>909.280049466185</ele>
        <time>2025-03-30T10:09:34.636Z</time>
      </trkpt>
      <trkpt lat="46.433692" lon="12.943455">
        <ele>909.283179883703</ele>
        <time>2025-03-30T10:09:51.933Z</time>
      </trkpt>
      <trkpt lat="46.433702" lon="12.943306">
        <ele>910.1794029610901</ele>
        <time>2025-03-30T10:10:02.255Z</time>
      </trkpt>
      <trkpt lat="46.433717" lon="12.943092">
        <ele>911.6000865765691</ele>
        <time>2025-03-30T10:10:17.087Z</time>
      </trkpt>
      <trkpt lat="46.433738" lon="12.942956">
        <ele>912.6323203121618</ele>
        <time>2025-03-30T10:10:26.697Z</time>
      </trkpt>
      <trkpt lat="46.433776" lon="12.942859">
        <ele>913.6495841155793</ele>
        <time>2025-03-30T10:10:34.390Z</time>
      </trkpt>
      <trkpt lat="46.433825" lon="12.942757">
        <ele>914.6108523948358</ele>
        <time>2025-03-30T10:10:42.963Z</time>
      </trkpt>
      <trkpt lat="46.433906" lon="12.942773">
        <ele>916.5045260039519</ele>
        <time>2025-03-30T10:10:51.141Z</time>
      </trkpt>
      <trkpt lat="46.434052" lon="12.943111">
        <ele>922.8521868192765</ele>
        <time>2025-03-30T10:11:18.646Z</time>
      </trkpt>
      <trkpt lat="46.434166" lon="12.943291">
        <ele>926.5342986189276</ele>
        <time>2025-03-30T10:11:35.502Z</time>
      </trkpt>
      <trkpt lat="46.434301" lon="12.943415">
        <ele>929.3947713508002</ele>
        <time>2025-03-30T10:11:51.487Z</time>
      </trkpt>
      <trkpt lat="46.434459" lon="12.943512">
        <ele>931.2695575495018</ele>
        <time>2025-03-30T10:12:08.651Z</time>
      </trkpt>
      <trkpt lat="46.434606" lon="12.943559">
        <ele>932.5635513688151</ele>
        <time>2025-03-30T10:12:23.711Z</time>
      </trkpt>
      <trkpt lat="46.434988" lon="12.943717">
        <ele>932.4436114468419</ele>
        <time>2025-03-30T10:13:03.452Z</time>
      </trkpt>
      <trkpt lat="46.435025" lon="12.943707">
        <ele>932.3342637618612</ele>
        <time>2025-03-30T10:13:07.217Z</time>
      </trkpt>
      <trkpt lat="46.435408" lon="12.943614">
        <ele>928.0636496411962</ele>
        <time>2025-03-30T10:13:46.069Z</time>
      </trkpt>
      <trkpt lat="46.435534" lon="12.943678">
        <ele>926.2346181935578</ele>
        <time>2025-03-30T10:13:59.425Z</time>
      </trkpt>
      <trkpt lat="46.43578" lon="12.944099">
        <ele>926.4269024705491</ele>
        <time>2025-03-30T10:14:37.483Z</time>
      </trkpt>
      <trkpt lat="46.435973" lon="12.944062">
        <ele>929.0497754971896</ele>
        <time>2025-03-30T10:14:56.960Z</time>
      </trkpt>
      <trkpt lat="46.436164" lon="12.944008">
        <ele>924.8429753614648</ele>
        <time>2025-03-30T10:15:16.428Z</time>
      </trkpt>
      <trkpt lat="46.436374" lon="12.943802">
        <ele>924.5532848934918</ele>
        <time>2025-03-30T10:15:41.789Z</time>
      </trkpt>
      <trkpt lat="46.436416" lon="12.943863">
        <ele>923.1174361227334</ele>
        <time>2025-03-30T10:15:47.734Z</time>
      </trkpt>
      <trkpt lat="46.436548" lon="12.944419">
        <ele>912.8565891544399</ele>
        <time>2025-03-30T10:16:28.281Z</time>
      </trkpt>
      <trkpt lat="46.436776" lon="12.944824">
        <ele>903.721927129726</ele>
        <time>2025-03-30T10:17:04.338Z</time>
      </trkpt>
      <trkpt lat="46.437214" lon="12.945558">
        <ele>878.8348773492447</ele>
        <time>2025-03-30T10:18:11.283Z</time>
      </trkpt>
      <trkpt lat="46.437366" lon="12.945626">
        <ele>878.8937951683744</ele>
        <time>2025-03-30T10:18:27.197Z</time>
      </trkpt>
      <trkpt lat="46.437894" lon="12.946194">
        <ele>856.8018325006196</ele>
        <time>2025-03-30T10:19:32.957Z</time>
      </trkpt>
      <trkpt lat="46.438238" lon="12.946497">
        <ele>844.1023010444618</ele>
        <time>2025-03-30T10:20:13.218Z</time>
      </trkpt>
      <trkpt lat="46.438515" lon="12.946567">
        <ele>840.405940927051</ele>
        <time>2025-03-30T10:20:41.349Z</time>
      </trkpt>
      <trkpt lat="46.438895" lon="12.946837">
        <ele>830.6004270998726</ele>
        <time>2025-03-30T10:21:23.681Z</time>
      </trkpt>
      <trkpt lat="46.438975" lon="12.946835">
        <ele>828.9969560727</ele>
        <time>2025-03-30T10:21:31.686Z</time>
      </trkpt>
      <trkpt lat="46.439045402095985" lon="12.946833639192988">
        <ele>827.2021230188857</ele>
        <time>2025-03-30T10:21:38.730Z</time>
      </trkpt>
      <trkpt lat="46.439051" lon="12.946835">
        <ele>826.9708831946825</ele>
        <time>2025-03-30T10:21:39.295Z</time>
      </trkpt>
      <trkpt lat="46.4390717" lon="12.9468317">
        <ele>826.164065706602</ele>
        <time>2025-03-30T10:21:39.364Z</time>
      </trkpt>
      <trkpt lat="46.4390783" lon="12.94685">
        <ele>825.8181696192177</ele>
        <time>2025-03-30T10:21:40.363Z</time>
      </trkpt>
      <trkpt lat="46.4390817" lon="12.9468633">
        <ele>825.6287721346077</ele>
        <time>2025-03-30T10:21:41.364Z</time>
      </trkpt>
      <trkpt lat="46.4390833" lon="12.9468717">
        <ele>825.5324425953016</ele>
        <time>2025-03-30T10:21:42.363Z</time>
      </trkpt>
      <trkpt lat="46.4390883" lon="12.9468883">
        <ele>825.1187481270921</ele>
        <time>2025-03-30T10:21:43.364Z</time>
      </trkpt>
      <trkpt lat="46.4390917" lon="12.9469017">
        <ele>824.8082942468197</ele>
        <time>2025-03-30T10:21:44.364Z</time>
      </trkpt>
      <trkpt lat="46.439095" lon="12.9469117">
        <ele>824.5549628781467</ele>
        <time>2025-03-30T10:21:45.363Z</time>
      </trkpt>
      <trkpt lat="46.4390983" lon="12.94692">
        <ele>824.3296473801882</ele>
        <time>2025-03-30T10:21:46.364Z</time>
      </trkpt>
      <trkpt lat="46.4391017" lon="12.9469317">
        <ele>824.0605842040843</ele>
        <time>2025-03-30T10:21:47.364Z</time>
      </trkpt>
      <trkpt lat="46.4391067" lon="12.946945">
        <ele>823.7261309689825</ele>
        <time>2025-03-30T10:21:48.364Z</time>
      </trkpt>
      <trkpt lat="46.43911" lon="12.9469667">
        <ele>823.3495348474037</ele>
        <time>2025-03-30T10:21:49.364Z</time>
      </trkpt>
      <trkpt lat="46.4391117" lon="12.9469833">
        <ele>823.0928613165181</ele>
        <time>2025-03-30T10:21:50.363Z</time>
      </trkpt>
      <trkpt lat="46.43911" lon="12.9470017">
        <ele>822.911861287078</ele>
        <time>2025-03-30T10:21:51.364Z</time>
      </trkpt>
      <trkpt lat="46.4391133" lon="12.9470167">
        <ele>822.6376638193134</ele>
        <time>2025-03-30T10:21:52.363Z</time>
      </trkpt>
      <trkpt lat="46.43911" lon="12.9470283">
        <ele>822.5792293809905</ele>
        <time>2025-03-30T10:21:53.363Z</time>
      </trkpt>
      <trkpt lat="46.4391133" lon="12.9470483">
        <ele>822.2300175770259</ele>
        <time>2025-03-30T10:21:54.364Z</time>
      </trkpt>
      <trkpt lat="46.4391167" lon="12.947075">
        <ele>821.6901332244147</ele>
        <time>2025-03-30T10:21:55.364Z</time>
      </trkpt>
      <trkpt lat="46.439115" lon="12.9471">
        <ele>821.2923154354892</ele>
        <time>2025-03-30T10:21:56.364Z</time>
      </trkpt>
      <trkpt lat="46.4391267" lon="12.9471383">
        <ele>820.447127286649</ele>
        <time>2025-03-30T10:21:57.363Z</time>
      </trkpt>
      <trkpt lat="46.4391283" lon="12.947155">
        <ele>820.153050321401</ele>
        <time>2025-03-30T10:21:58.363Z</time>
      </trkpt>
      <trkpt lat="46.4391283" lon="12.9471667">
        <ele>819.9643029602018</ele>
        <time>2025-03-30T10:21:59.364Z</time>
      </trkpt>
      <trkpt lat="46.4391317" lon="12.9471833">
        <ele>819.6581848954444</ele>
        <time>2025-03-30T10:22:00.363Z</time>
      </trkpt>
      <trkpt lat="46.4391367" lon="12.9471933">
        <ele>819.4482453370556</ele>
        <time>2025-03-30T10:22:01.364Z</time>
      </trkpt>
      <trkpt lat="46.4391433" lon="12.9472017">
        <ele>819.256034399891</ele>
        <time>2025-03-30T10:22:02.364Z</time>
      </trkpt>
      <trkpt lat="46.4391517" lon="12.9472017">
        <ele>819.1755961490629</ele>
        <time>2025-03-30T10:22:03.364Z</time>
      </trkpt>
      <trkpt lat="46.4391617" lon="12.947195">
        <ele>819.1420016624868</ele>
        <time>2025-03-30T10:22:04.364Z</time>
      </trkpt>
      <trkpt lat="46.4391717" lon="12.9471867">
        <ele>819.0725281097756</ele>
        <time>2025-03-30T10:22:05.364Z</time>
      </trkpt>
      <trkpt lat="46.4391817" lon="12.947175">
        <ele>819.0332620730868</ele>
        <time>2025-03-30T10:22:06.364Z</time>
      </trkpt>
      <trkpt lat="46.4391883" lon="12.9471633">
        <ele>819.0451609384963</ele>
        <time>2025-03-30T10:22:07.363Z</time>
      </trkpt>
      <trkpt lat="46.4391933" lon="12.94715">
        <ele>819.0974624554121</ele>
        <time>2025-03-30T10:22:08.364Z</time>
      </trkpt>
      <trkpt lat="46.4391967" lon="12.9471367">
        <ele>819.1750642070822</ele>
        <time>2025-03-30T10:22:09.364Z</time>
      </trkpt>
      <trkpt lat="46.4392017" lon="12.94712">
        <ele>819.2484571486611</ele>
        <time>2025-03-30T10:22:10.364Z</time>
      </trkpt>
      <trkpt lat="46.4392067" lon="12.9471">
        <ele>819.3456777346805</ele>
        <time>2025-03-30T10:22:11.364Z</time>
      </trkpt>
      <trkpt lat="46.43921" lon="12.9470867">
        <ele>819.4040520346815</ele>
        <time>2025-03-30T10:22:12.363Z</time>
      </trkpt>
      <trkpt lat="46.4392183" lon="12.9470733">
        <ele>819.3333845425315</ele>
        <time>2025-03-30T10:22:13.364Z</time>
      </trkpt>
      <trkpt lat="46.4392267" lon="12.9470567">
        <ele>819.275512139826</ele>
        <time>2025-03-30T10:22:14.364Z</time>
      </trkpt>
      <trkpt lat="46.4392333" lon="12.9470383">
        <ele>819.2397396526778</ele>
        <time>2025-03-30T10:22:15.364Z</time>
      </trkpt>
      <trkpt lat="46.4392367" lon="12.9470183">
        <ele>819.2365918584135</ele>
        <time>2025-03-30T10:22:16.363Z</time>
      </trkpt>
      <trkpt lat="46.43924" lon="12.947">
        <ele>819.2217197428519</ele>
        <time>2025-03-30T10:22:17.363Z</time>
      </trkpt>
      <trkpt lat="46.439245" lon="12.94698">
        <ele>819.1558389222231</ele>
        <time>2025-03-30T10:22:18.364Z</time>
      </trkpt>
      <trkpt lat="46.43925" lon="12.9469583">
        <ele>819.0853879052813</ele>
        <time>2025-03-30T10:22:19.363Z</time>
      </trkpt>
      <trkpt lat="46.439255" lon="12.9469367">
        <ele>819.0027793719415</ele>
        <time>2025-03-30T10:22:20.364Z</time>
      </trkpt>
      <trkpt lat="46.4392583" lon="12.946915">
        <ele>818.9661159465031</ele>
        <time>2025-03-30T10:22:21.363Z</time>
      </trkpt>
      <trkpt lat="46.4392617" lon="12.9468933">
        <ele>818.9181620483438</ele>
        <time>2025-03-30T10:22:22.363Z</time>
      </trkpt>
      <trkpt lat="46.439265" lon="12.946865">
        <ele>818.858043068848</ele>
        <time>2025-03-30T10:22:23.364Z</time>
      </trkpt>
      <trkpt lat="46.4392717" lon="12.9468367">
        <ele>818.5987842715627</ele>
        <time>2025-03-30T10:22:24.363Z</time>
      </trkpt>
      <trkpt lat="46.439275" lon="12.946815">
        <ele>818.4655780837375</ele>
        <time>2025-03-30T10:22:25.364Z</time>
      </trkpt>
      <trkpt lat="46.4392767" lon="12.94679">
        <ele>818.3892556241558</ele>
        <time>2025-03-30T10:22:26.363Z</time>
      </trkpt>
      <trkpt lat="46.4392733" lon="12.9467633">
        <ele>818.4950949701648</ele>
        <time>2025-03-30T10:22:27.363Z</time>
      </trkpt>
      <trkpt lat="46.4392733" lon="12.9467383">
        <ele>818.4795159415504</ele>
        <time>2025-03-30T10:22:28.364Z</time>
      </trkpt>
      <trkpt lat="46.4392833" lon="12.9467167">
        <ele>818.1527580509337</ele>
        <time>2025-03-30T10:22:29.364Z</time>
      </trkpt>
      <trkpt lat="46.4392917" lon="12.946695">
        <ele>817.9051247709076</ele>
        <time>2025-03-30T10:22:30.363Z</time>
      </trkpt>
      <trkpt lat="46.439295" lon="12.946665">
        <ele>817.8082240093884</ele>
        <time>2025-03-30T10:22:31.364Z</time>
      </trkpt>
      <trkpt lat="46.4392967" lon="12.9466283">
        <ele>817.7598294954457</ele>
        <time>2025-03-30T10:22:32.364Z</time>
      </trkpt>
      <trkpt lat="46.4393" lon="12.946605">
        <ele>817.6763442093336</ele>
        <time>2025-03-30T10:22:33.364Z</time>
      </trkpt>
      <trkpt lat="46.4393017" lon="12.94658">
        <ele>817.6371696567037</ele>
        <time>2025-03-30T10:22:34.364Z</time>
      </trkpt>
      <trkpt lat="46.439305" lon="12.946565">
        <ele>817.5619403816563</ele>
        <time>2025-03-30T10:22:35.445Z</time>
      </trkpt>
      <trkpt lat="46.439343" lon="12.946579">
        <ele>816.6511943038637</ele>
        <time>2025-03-30T10:22:39.354Z</time>
      </trkpt>
      <trkpt lat="46.43935" lon="12.946546">
        <ele>816.5475860480008</ele>
        <time>2025-03-30T10:22:41.726Z</time>
      </trkpt>
      <trkpt lat="46.439478" lon="12.945939">
        <ele>814.5754149260274</ele>
        <time>2025-03-30T10:23:25.342Z</time>
      </trkpt>
      <trkpt lat="46.43948" lon="12.945931">
        <ele>814.5528648588557</ele>
        <time>2025-03-30T10:23:25.926Z</time>
      </trkpt>
      <trkpt lat="46.439545" lon="12.945697">
        <ele>813.8485257106834</ele>
        <time>2025-03-30T10:23:43.261Z</time>
      </trkpt>
      <trkpt lat="46.439585" lon="12.945618">
        <ele>813.5112307607151</ele>
        <time>2025-03-30T10:23:49.996Z</time>
      </trkpt>
      <trkpt lat="46.439604" lon="12.945582">
        <ele>813.3165208656534</ele>
        <time>2025-03-30T10:23:53.111Z</time>
      </trkpt>
      <trkpt lat="46.439642" lon="12.945681">
        <ele>812.2286819322096</ele>
        <time>2025-03-30T10:24:00.897Z</time>
      </trkpt>
      <trkpt lat="46.439572" lon="12.945925">
        <ele>812.653453687266</ele>
        <time>2025-03-30T10:24:19.056Z</time>
      </trkpt>
      <trkpt lat="46.439583" lon="12.946088">
        <ele>812.5231455268466</ele>
        <time>2025-03-30T10:24:30.309Z</time>
      </trkpt>
      <trkpt lat="46.439611" lon="12.946187">
        <ele>812.3199380643517</ele>
        <time>2025-03-30T10:24:37.661Z</time>
      </trkpt>
      <trkpt lat="46.439716" lon="12.946327">
        <ele>810.4999695994197</ele>
        <time>2025-03-30T10:24:51.878Z</time>
      </trkpt>
      <trkpt lat="46.439828" lon="12.946452">
        <ele>808.1294764764893</ele>
        <time>2025-03-30T10:25:05.965Z</time>
      </trkpt>
      <trkpt lat="46.439859" lon="12.946379">
        <ele>807.7709825645786</ele>
        <time>2025-03-30T10:25:11.856Z</time>
      </trkpt>
      <trkpt lat="46.439927" lon="12.946229">
        <ele>808.6767300382485</ele>
        <time>2025-03-30T10:25:24.192Z</time>
      </trkpt>
      <trkpt lat="46.44002" lon="12.946186">
        <ele>810.5540369302096</ele>
        <time>2025-03-30T10:25:33.924Z</time>
      </trkpt>
      <trkpt lat="46.440149" lon="12.946289">
        <ele>813.3894717109538</ele>
        <time>2025-03-30T10:25:48.604Z</time>
      </trkpt>
      <trkpt lat="46.440386" lon="12.946499">
        <ele>819.8255613181655</ele>
        <time>2025-03-30T10:26:16.291Z</time>
      </trkpt>
      <trkpt lat="46.440564" lon="12.946733">
        <ele>826.0892768083393</ele>
        <time>2025-03-30T10:26:40.238Z</time>
      </trkpt>
      <trkpt lat="46.440694" lon="12.947051">
        <ele>831.4139839219633</ele>
        <time>2025-03-30T10:27:05.642Z</time>
      </trkpt>
      <trkpt lat="46.440713" lon="12.947125">
        <ele>831.4120642537299</ele>
        <time>2025-03-30T10:27:11.067Z</time>
      </trkpt>
      <trkpt lat="46.440746" lon="12.947202">
        <ele>831.5812863915776</ele>
        <time>2025-03-30T10:27:17.297Z</time>
      </trkpt>
      <trkpt lat="46.4408" lon="12.947281">
        <ele>832.2913717074314</ele>
        <time>2025-03-30T10:27:24.942Z</time>
      </trkpt>
      <trkpt lat="46.440884" lon="12.94735">
        <ele>832.4748093956697</ele>
        <time>2025-03-30T10:27:34.566Z</time>
      </trkpt>
      <trkpt lat="46.440877" lon="12.947365">
        <ele>832.258749708996</ele>
        <time>2025-03-30T10:27:35.810Z</time>
      </trkpt>
      <trkpt lat="46.440884" lon="12.94735">
        <ele>832.4748093956697</ele>
        <time>2025-03-30T10:27:37.054Z</time>
      </trkpt>
      <trkpt lat="46.441056" lon="12.94734">
        <ele>832.3143607435986</ele>
        <time>2025-03-30T10:27:54.217Z</time>
      </trkpt>
      <trkpt lat="46.441116" lon="12.947313">
        <ele>832.3581572320019</ele>
        <time>2025-03-30T10:28:00.480Z</time>
      </trkpt>
      <trkpt lat="46.441321" lon="12.947263">
        <ele>830.1511232102362</ele>
        <time>2025-03-30T10:28:21.206Z</time>
      </trkpt>
      <trkpt lat="46.441413" lon="12.947229">
        <ele>828.9708081144522</ele>
        <time>2025-03-30T10:28:30.671Z</time>
      </trkpt>
      <trkpt lat="46.441445" lon="12.947231">
        <ele>828.6341727131788</ele>
        <time>2025-03-30T10:28:33.864Z</time>
      </trkpt>
      <trkpt lat="46.441475" lon="12.947248">
        <ele>828.0430551420498</ele>
        <time>2025-03-30T10:28:37.075Z</time>
      </trkpt>
      <trkpt lat="46.441524" lon="12.947297">
        <ele>826.6612333370543</ele>
        <time>2025-03-30T10:28:43.008Z</time>
      </trkpt>
      <trkpt lat="46.441703" lon="12.947309">
        <ele>825.3455660371291</ele>
        <time>2025-03-30T10:29:00.874Z</time>
      </trkpt>
      <trkpt lat="46.4418" lon="12.947259">
        <ele>826.3592966292691</ele>
        <time>2025-03-30T10:29:11.137Z</time>
      </trkpt>
      <trkpt lat="46.441888" lon="12.947285">
        <ele>826.0982804702289</ele>
        <time>2025-03-30T10:29:20.091Z</time>
      </trkpt>
      <trkpt lat="46.441954" lon="12.947362">
        <ele>824.9382381592468</ele>
        <time>2025-03-30T10:29:28.534Z</time>
      </trkpt>
      <trkpt lat="46.44204" lon="12.947402">
        <ele>824.8349811162077</ele>
        <time>2025-03-30T10:29:37.538Z</time>
      </trkpt>
      <trkpt lat="46.442217" lon="12.947421">
        <ele>826.1568700946409</ele>
        <time>2025-03-30T10:29:55.234Z</time>
      </trkpt>
      <trkpt lat="46.442489" lon="12.94753">
        <ele>825.4944137329865</ele>
        <time>2025-03-30T10:30:23.369Z</time>
      </trkpt>
      <trkpt lat="46.442504" lon="12.947548">
        <ele>824.8847575766786</ele>
        <time>2025-03-30T10:30:25.309Z</time>
      </trkpt>
      <trkpt lat="46.442522" lon="12.947568">
        <ele>824.2043627014708</ele>
        <time>2025-03-30T10:30:27.569Z</time>
      </trkpt>
      <trkpt lat="46.442611" lon="12.947487">
        <ele>824.8281358743737</ele>
        <time>2025-03-30T10:30:38.043Z</time>
      </trkpt>
      <trkpt lat="46.442631" lon="12.947434">
        <ele>825.522643125155</ele>
        <time>2025-03-30T10:30:42.194Z</time>
      </trkpt>
      <trkpt lat="46.4427" lon="12.947452">
        <ele>823.7696652915965</ele>
        <time>2025-03-30T10:30:49.184Z</time>
      </trkpt>
      <trkpt lat="46.442729" lon="12.947565">
        <ele>821.95446140341</ele>
        <time>2025-03-30T10:30:57.468Z</time>
      </trkpt>
      <trkpt lat="46.442785" lon="12.947664">
        <ele>820.704997472774</ele>
        <time>2025-03-30T10:31:06.268Z</time>
      </trkpt>
      <trkpt lat="46.442984" lon="12.947736">
        <ele>821.808140655522</ele>
        <time>2025-03-30T10:31:26.716Z</time>
      </trkpt>
      <trkpt lat="46.443088" lon="12.947739">
        <ele>823.3686262175147</ele>
        <time>2025-03-30T10:31:37.087Z</time>
      </trkpt>
      <trkpt lat="46.443193" lon="12.947774">
        <ele>824.4409517842793</ele>
        <time>2025-03-30T10:31:47.828Z</time>
      </trkpt>
      <trkpt lat="46.443269" lon="12.947742">
        <ele>825.727020316377</ele>
        <time>2025-03-30T10:31:55.718Z</time>
      </trkpt>
      <trkpt lat="46.443317" lon="12.947603">
        <ele>828.4643216946945</ele>
        <time>2025-03-30T10:32:06.400Z</time>
      </trkpt>
      <trkpt lat="46.443347" lon="12.94746">
        <ele>831.0944154058916</ele>
        <time>2025-03-30T10:32:16.670Z</time>
      </trkpt>
      <trkpt lat="46.443411" lon="12.947396">
        <ele>831.3733543277347</ele>
        <time>2025-03-30T10:32:24.419Z</time>
      </trkpt>
      <trkpt lat="46.443437" lon="12.947393">
        <ele>831.4796873837086</ele>
        <time>2025-03-30T10:32:27.019Z</time>
      </trkpt>
      <trkpt lat="46.443465" lon="12.947428">
        <ele>831.0859059270277</ele>
        <time>2025-03-30T10:32:30.703Z</time>
      </trkpt>
      <trkpt lat="46.443509" lon="12.947511">
        <ele>830.1147986703077</ele>
        <time>2025-03-30T10:32:37.897Z</time>
      </trkpt>
      <trkpt lat="46.443581" lon="12.947562">
        <ele>830.5203123008175</ele>
        <time>2025-03-30T10:32:45.885Z</time>
      </trkpt>
      <trkpt lat="46.443727" lon="12.947595">
        <ele>832.0411272566987</ele>
        <time>2025-03-30T10:33:00.617Z</time>
      </trkpt>
      <trkpt lat="46.443833" lon="12.94764">
        <ele>831.5166509198067</ele>
        <time>2025-03-30T10:33:11.628Z</time>
      </trkpt>
      <trkpt lat="46.443921" lon="12.947812">
        <ele>825.9499268116438</ele>
        <time>2025-03-30T10:33:26.346Z</time>
      </trkpt>
      <trkpt lat="46.444029" lon="12.948083">
        <ele>818.5939650817659</ele>
        <time>2025-03-30T10:33:47.854Z</time>
      </trkpt>
      <trkpt lat="46.44419" lon="12.948082">
        <ele>821.4997211455122</ele>
        <time>2025-03-30T10:34:03.906Z</time>
      </trkpt>
      <trkpt lat="46.444264" lon="12.948108">
        <ele>821.7946634961434</ele>
        <time>2025-03-30T10:34:11.497Z</time>
      </trkpt>
      <trkpt lat="46.444297" lon="12.948108">
        <ele>822.2935330026692</ele>
        <time>2025-03-30T10:34:14.787Z</time>
      </trkpt>
      <trkpt lat="46.444544" lon="12.94816">
        <ele>826.9434684280868</ele>
        <time>2025-03-30T10:34:39.672Z</time>
      </trkpt>
      <trkpt lat="46.444926" lon="12.948549">
        <ele>838.6342533990696</ele>
        <time>2025-03-30T10:35:26.200Z</time>
      </trkpt>
      <trkpt lat="46.445066" lon="12.948737">
        <ele>840.7697372637007</ele>
        <time>2025-03-30T10:35:45.217Z</time>
      </trkpt>
      <trkpt lat="46.445196" lon="12.948892">
        <ele>840.6581374216257</ele>
        <time>2025-03-30T10:36:01.992Z</time>
      </trkpt>
      <trkpt lat="46.445222" lon="12.948912">
        <ele>840.6552355387322</ele>
        <time>2025-03-30T10:36:04.926Z</time>
      </trkpt>
      <trkpt lat="46.445268" lon="12.948949">
        <ele>840.532330658775</ele>
        <time>2025-03-30T10:36:10.169Z</time>
      </trkpt>
      <trkpt lat="46.445358" lon="12.949">
        <ele>839.7414367713118</ele>
        <time>2025-03-30T10:36:19.802Z</time>
      </trkpt>
      <trkpt lat="46.445421" lon="12.949048">
        <ele>837.8910216406296</ele>
        <time>2025-03-30T10:36:26.896Z</time>
      </trkpt>
      <trkpt lat="46.445517" lon="12.949021">
        <ele>834.8560405036952</ele>
        <time>2025-03-30T10:36:36.645Z</time>
      </trkpt>
      <trkpt lat="46.445597" lon="12.948917">
        <ele>834.1082107004064</ele>
        <time>2025-03-30T10:36:47.353Z</time>
      </trkpt>
      <trkpt lat="46.445656" lon="12.94878">
        <ele>835.2412594718741</ele>
        <time>2025-03-30T10:36:58.452Z</time>
      </trkpt>
      <trkpt lat="46.445772" lon="12.948605">
        <ele>833.2943845614766</ele>
        <time>2025-03-30T10:37:15.134Z</time>
      </trkpt>
      <trkpt lat="46.445909" lon="12.948511">
        <ele>830.2550704418102</ele>
        <time>2025-03-30T10:37:30.243Z</time>
      </trkpt>
      <trkpt lat="46.446048" lon="12.948442">
        <ele>828.6355603273812</ele>
        <time>2025-03-30T10:37:44.890Z</time>
      </trkpt>
      <trkpt lat="46.446269" lon="12.948415">
        <ele>821.0329505386137</ele>
        <time>2025-03-30T10:38:07.003Z</time>
      </trkpt>
      <trkpt lat="46.44646" lon="12.948372">
        <ele>812.675160056966</ele>
        <time>2025-03-30T10:38:26.274Z</time>
      </trkpt>
      <trkpt lat="46.446563" lon="12.948286">
        <ele>810.3199590095726</ele>
        <time>2025-03-30T10:38:38.122Z</time>
      </trkpt>
      <trkpt lat="46.446667" lon="12.948144">
        <ele>810.0623152308707</ele>
        <time>2025-03-30T10:38:52.359Z</time>
      </trkpt>
      <trkpt lat="46.446894" lon="12.947986">
        <ele>807.2960526185783</ele>
        <time>2025-03-30T10:39:17.460Z</time>
      </trkpt>
      <trkpt lat="46.446968" lon="12.948047">
        <ele>805.4515208173177</ele>
        <time>2025-03-30T10:39:25.945Z</time>
      </trkpt>
      <trkpt lat="46.446996" lon="12.948053">
        <ele>805.2656629621172</ele>
        <time>2025-03-30T10:39:28.767Z</time>
      </trkpt>
      <trkpt lat="46.447123" lon="12.948046">
        <ele>805.0509081505473</ele>
        <time>2025-03-30T10:39:41.438Z</time>
      </trkpt>
      <trkpt lat="46.447164" lon="12.948045">
        <ele>805.006227352372</ele>
        <time>2025-03-30T10:39:45.526Z</time>
      </trkpt>
      <trkpt lat="46.447541" lon="12.948175">
        <ele>805.8693795984973</ele>
        <time>2025-03-30T10:40:24.161Z</time>
      </trkpt>
      <trkpt lat="46.44767" lon="12.948299">
        <ele>806.2046438192932</ele>
        <time>2025-03-30T10:40:39.588Z</time>
      </trkpt>
      <trkpt lat="46.448042" lon="12.948843">
        <ele>809.9401648732087</ele>
        <time>2025-03-30T10:41:32.241Z</time>
      </trkpt>
      <trkpt lat="46.448467" lon="12.949056">
        <ele>815.2997167088163</ele>
        <time>2025-03-30T10:42:17.071Z</time>
      </trkpt>
      <trkpt lat="46.448745" lon="12.949387">
        <ele>815.3779379104741</ele>
        <time>2025-03-30T10:42:52.923Z</time>
      </trkpt>
      <trkpt lat="46.448875" lon="12.949501">
        <ele>815.7744397427223</ele>
        <time>2025-03-30T10:43:08.067Z</time>
      </trkpt>
      <trkpt lat="46.449617" lon="12.949736">
        <ele>820.5794908083462</ele>
        <time>2025-03-30T10:44:23.790Z</time>
      </trkpt>
      <trkpt lat="46.450227" lon="12.949666">
        <ele>824.5370940863789</ele>
        <time>2025-03-30T10:45:24.800Z</time>
      </trkpt>
      <trkpt lat="46.450372" lon="12.949588">
        <ele>825.9964330228809</ele>
        <time>2025-03-30T10:45:40.218Z</time>
      </trkpt>
      <trkpt lat="46.450814" lon="12.94904">
        <ele>831.9925401256884</ele>
        <time>2025-03-30T10:46:38.177Z</time>
      </trkpt>
      <trkpt lat="46.451023" lon="12.948897">
        <ele>832.548257001208</ele>
        <time>2025-03-30T10:47:01.214Z</time>
      </trkpt>
      <trkpt lat="46.451261" lon="12.948529">
        <ele>835.3443741067899</ele>
        <time>2025-03-30T10:47:35.886Z</time>
      </trkpt>
      <trkpt lat="46.451452" lon="12.94846">
        <ele>836.2350865237152</ele>
        <time>2025-03-30T10:47:55.510Z</time>
      </trkpt>
      <trkpt lat="46.452439" lon="12.948355">
        <ele>839.5666108346012</ele>
        <time>2025-03-30T10:49:34.184Z</time>
      </trkpt>
      <trkpt lat="46.452691" lon="12.948375">
        <ele>840.9598170121935</ele>
        <time>2025-03-30T10:49:59.347Z</time>
      </trkpt>
      <trkpt lat="46.452763" lon="12.948436">
        <ele>840.9008946968185</ele>
        <time>2025-03-30T10:50:07.659Z</time>
      </trkpt>
      <trkpt lat="46.452823" lon="12.948576">
        <ele>841.33441906069</ele>
        <time>2025-03-30T10:50:18.984Z</time>
      </trkpt>
      <trkpt lat="46.452869" lon="12.948637">
        <ele>843.0213905938327</ele>
        <time>2025-03-30T10:50:25.196Z</time>
      </trkpt>
      <trkpt lat="46.452965" lon="12.948676">
        <ele>844.9489566754563</ele>
        <time>2025-03-30T10:50:35.135Z</time>
      </trkpt>
      <trkpt lat="46.453191" lon="12.948504">
        <ele>846.2590682881314</ele>
        <time>2025-03-30T10:51:00.578Z</time>
      </trkpt>
      <trkpt lat="46.453239" lon="12.948479">
        <ele>846.7167921096503</ele>
        <time>2025-03-30T10:51:05.662Z</time>
      </trkpt>
      <trkpt lat="46.453274" lon="12.948481">
        <ele>847.1187256328553</ele>
        <time>2025-03-30T10:51:09.154Z</time>
      </trkpt>
      <trkpt lat="46.453291" lon="12.948499">
        <ele>847.4828987449979</ele>
        <time>2025-03-30T10:51:11.252Z</time>
      </trkpt>
      <trkpt lat="46.453308" lon="12.94854">
        <ele>848.066811892247</ele>
        <time>2025-03-30T10:51:14.539Z</time>
      </trkpt>
      <trkpt lat="46.453309" lon="12.94859">
        <ele>848.5674435327793</ele>
        <time>2025-03-30T10:51:17.975Z</time>
      </trkpt>
      <trkpt lat="46.453268" lon="12.948801">
        <ele>850.9048452242976</ele>
        <time>2025-03-30T10:51:33.034Z</time>
      </trkpt>
      <trkpt lat="46.453277" lon="12.94891">
        <ele>852.534104748858</ele>
        <time>2025-03-30T10:51:40.575Z</time>
      </trkpt>
      <trkpt lat="46.453332" lon="12.949004">
        <ele>853.9927302156176</ele>
        <time>2025-03-30T10:51:49.046Z</time>
      </trkpt>
      <trkpt lat="46.453512" lon="12.949138">
        <ele>856.5218389786913</ele>
        <time>2025-03-30T10:52:09.215Z</time>
      </trkpt>
      <trkpt lat="46.453718" lon="12.949222">
        <ele>860.4545170768502</ele>
        <time>2025-03-30T10:52:30.549Z</time>
      </trkpt>
      <trkpt lat="46.453741" lon="12.949275">
        <ele>861.9011831424434</ele>
        <time>2025-03-30T10:52:34.851Z</time>
      </trkpt>
      <trkpt lat="46.453739" lon="12.949334">
        <ele>863.7350987767425</ele>
        <time>2025-03-30T10:52:38.908Z</time>
      </trkpt>
      <trkpt lat="46.45371" lon="12.949404">
        <ele>865.463141732572</ele>
        <time>2025-03-30T10:52:44.518Z</time>
      </trkpt>
      <trkpt lat="46.453655" lon="12.949463">
        <ele>866.7835235390079</ele>
        <time>2025-03-30T10:52:51.336Z</time>
      </trkpt>
      <trkpt lat="46.453561" lon="12.9495">
        <ele>867.0588477470382</ele>
        <time>2025-03-30T10:53:01.046Z</time>
      </trkpt>
      <trkpt lat="46.453387" lon="12.949474">
        <ele>865.4104333786986</ele>
        <time>2025-03-30T10:53:18.486Z</time>
      </trkpt>
      <trkpt lat="46.453273" lon="12.949493">
        <ele>865.5193056488228</ele>
        <time>2025-03-30T10:53:29.927Z</time>
      </trkpt>
      <trkpt lat="46.453234" lon="12.949529">
        <ele>865.9935814021467</ele>
        <time>2025-03-30T10:53:34.535Z</time>
      </trkpt>
      <trkpt lat="46.45314" lon="12.949765">
        <ele>869.0089334794778</ele>
        <time>2025-03-30T10:53:53.260Z</time>
      </trkpt>
      <trkpt lat="46.453067" lon="12.949915">
        <ele>871.4807751962364</ele>
        <time>2025-03-30T10:54:05.875Z</time>
      </trkpt>
      <trkpt lat="46.452954" lon="12.949996">
        <ele>873.8963198792308</ele>
        <time>2025-03-30T10:54:18.440Z</time>
      </trkpt>
      <trkpt lat="46.452882" lon="12.950098">
        <ele>877.3223621787877</ele>
        <time>2025-03-30T10:54:28.471Z</time>
      </trkpt>
      <trkpt lat="46.452802" lon="12.950143">
        <ele>879.9710651539028</ele>
        <time>2025-03-30T10:54:37.025Z</time>
      </trkpt>
      <trkpt lat="46.452655" lon="12.950161">
        <ele>883.1660330061321</ele>
        <time>2025-03-30T10:54:51.733Z</time>
      </trkpt>
      <trkpt lat="46.452454" lon="12.950121">
        <ele>885.0390599767222</ele>
        <time>2025-03-30T10:55:11.961Z</time>
      </trkpt>
      <trkpt lat="46.452411" lon="12.950135">
        <ele>885.7591755367309</ele>
        <time>2025-03-30T10:55:16.354Z</time>
      </trkpt>
      <trkpt lat="46.452321" lon="12.950182">
        <ele>886.8035500099093</ele>
        <time>2025-03-30T10:55:25.916Z</time>
      </trkpt>
      <trkpt lat="46.45230460166931" lon="12.950179100036621">
        <ele>886.7618792245062</ele>
        <time>2025-03-30T10:55:25.958Z</time>
      </trkpt>
      <trkpt lat="46.45228159427643" lon="12.950188636779785">
        <ele>886.9036500290267</ele>
        <time>2025-03-30T10:55:28.958Z</time>
      </trkpt>
      <trkpt lat="46.45225512981415" lon="12.950156450271606">
        <ele>886.00205514155</ele>
        <time>2025-03-30T10:55:33.958Z</time>
      </trkpt>
      <trkpt lat="46.45222520828247" lon="12.950199961662292">
        <ele>886.5618638360579</ele>
        <time>2025-03-30T10:55:40.958Z</time>
      </trkpt>
      <trkpt lat="46.4522203207016" lon="12.950300455093384">
        <ele>888.5270250572033</ele>
        <time>2025-03-30T10:55:43.958Z</time>
      </trkpt>
      <trkpt lat="46.452189922332764" lon="12.950397849082947">
        <ele>890.7304038573664</ele>
        <time>2025-03-30T10:55:53.958Z</time>
      </trkpt>
      <trkpt lat="46.45219051837921" lon="12.950441360473633">
        <ele>891.8563549609632</ele>
        <time>2025-03-30T10:55:54.958Z</time>
      </trkpt>
      <trkpt lat="46.45220124721527" lon="12.950490117073059">
        <ele>893.381931238537</ele>
        <time>2025-03-30T10:56:00.958Z</time>
      </trkpt>
      <trkpt lat="46.45223593711853" lon="12.95052695274353">
        <ele>895.1488447659531</ele>
        <time>2025-03-30T10:56:05.958Z</time>
      </trkpt>
      <trkpt lat="46.45224916934967" lon="12.950527667999268">
        <ele>895.2885869790681</ele>
        <time>2025-03-30T10:56:07.958Z</time>
      </trkpt>
      <trkpt lat="46.45227754116058" lon="12.950567245483398">
        <ele>897.1087617230975</ele>
        <time>2025-03-30T10:56:13.958Z</time>
      </trkpt>
      <trkpt lat="46.45234155654907" lon="12.950597167015076">
        <ele>898.0214816945727</ele>
        <time>2025-03-30T10:56:21.958Z</time>
      </trkpt>
      <trkpt lat="46.45235764980316" lon="12.950639128684998">
        <ele>899.4897129872859</ele>
        <time>2025-03-30T10:56:25.958Z</time>
      </trkpt>
      <trkpt lat="46.45234203338623" lon="12.950697302818298">
        <ele>902.665549860415</ele>
        <time>2025-03-30T10:56:30.958Z</time>
      </trkpt>
      <trkpt lat="46.45234513282776" lon="12.950732111930847">
        <ele>904.5582665781362</ele>
        <time>2025-03-30T10:56:33.958Z</time>
      </trkpt>
      <trkpt lat="46.45240902900696" lon="12.950821876525879">
        <ele>908.5127745395761</ele>
        <time>2025-03-30T10:56:41.958Z</time>
      </trkpt>
      <trkpt lat="46.452409744262695" lon="12.950839519500732">
        <ele>909.5221452098195</ele>
        <time>2025-03-30T10:56:43.958Z</time>
      </trkpt>
      <trkpt lat="46.45237994194031" lon="12.95084810256958">
        <ele>910.5478866459594</ele>
        <time>2025-03-30T10:56:48.958Z</time>
      </trkpt>
      <trkpt lat="46.45234763622284" lon="12.950835943222046">
        <ele>910.3196667341816</ele>
        <time>2025-03-30T10:56:51.958Z</time>
      </trkpt>
      <trkpt lat="46.45231914520264" lon="12.950729131698608">
        <ele>904.6928089203882</ele>
        <time>2025-03-30T10:56:57.958Z</time>
      </trkpt>
      <trkpt lat="46.45227122306824" lon="12.95067024230957">
        <ele>901.5342079105543</ele>
        <time>2025-03-30T10:57:03.958Z</time>
      </trkpt>
      <trkpt lat="46.45224988460541" lon="12.950663566589355">
        <ele>900.9709152321118</ele>
        <time>2025-03-30T10:57:07.958Z</time>
      </trkpt>
      <trkpt lat="46.45216727256775" lon="12.950666069984436">
        <ele>900.3799801246693</ele>
        <time>2025-03-30T10:57:15.958Z</time>
      </trkpt>
      <trkpt lat="46.45206308364868" lon="12.950737237930298">
        <ele>901.4137218494498</ele>
        <time>2025-03-30T10:57:24.958Z</time>
      </trkpt>
      <trkpt lat="46.45202589035034" lon="12.95084273815155">
        <ele>904.8399601289525</ele>
        <time>2025-03-30T10:57:34.958Z</time>
      </trkpt>
      <trkpt lat="46.45198309421539" lon="12.951056361198425">
        <ele>912.7434260735149</ele>
        <time>2025-03-30T10:57:49.958Z</time>
      </trkpt>
      <trkpt lat="46.451964139938354" lon="12.95107901096344">
        <ele>912.656233253317</ele>
        <time>2025-03-30T10:57:52.958Z</time>
      </trkpt>
      <trkpt lat="46.45198404788971" lon="12.951208472251892">
        <ele>919.2040291429092</ele>
        <time>2025-03-30T10:58:02.958Z</time>
      </trkpt>
      <trkpt lat="46.45197534561157" lon="12.951221704483032">
        <ele>919.098977949739</ele>
        <time>2025-03-30T10:58:03.958Z</time>
      </trkpt>
      <trkpt lat="46.45198464393616" lon="12.951336026191711">
        <ele>923.162077233034</ele>
        <time>2025-03-30T10:58:11.958Z</time>
      </trkpt>
      <trkpt lat="46.45196878910065" lon="12.951374292373657">
        <ele>922.6927559464409</ele>
        <time>2025-03-30T10:58:15.958Z</time>
      </trkpt>
      <trkpt lat="46.45212471485138" lon="12.951704025268555">
        <ele>932.7725320894745</ele>
        <time>2025-03-30T10:58:46.958Z</time>
      </trkpt>
      <trkpt lat="46.45211946964264" lon="12.951749920845032">
        <ele>932.3450033269291</ele>
        <time>2025-03-30T10:58:49.958Z</time>
      </trkpt>
      <trkpt lat="46.45213484764099" lon="12.95182466506958">
        <ele>932.8918757654335</ele>
        <time>2025-03-30T10:58:55.958Z</time>
      </trkpt>
      <trkpt lat="46.45219027996063" lon="12.951922416687012">
        <ele>934.940680003049</ele>
        <time>2025-03-30T10:59:03.958Z</time>
      </trkpt>
      <trkpt lat="46.452229380607605" lon="12.951958060264587">
        <ele>936.3570012809387</ele>
        <time>2025-03-30T10:59:08.958Z</time>
      </trkpt>
      <trkpt lat="46.45224213600159" lon="12.952154517173767">
        <ele>935.5881831491347</ele>
        <time>2025-03-30T10:59:25.958Z</time>
      </trkpt>
      <trkpt lat="46.45226800441742" lon="12.952261924743652">
        <ele>935.9741096389523</ele>
        <time>2025-03-30T10:59:30.958Z</time>
      </trkpt>
      <trkpt lat="46.45233225822449" lon="12.952370524406433">
        <ele>938.6328185871815</ele>
        <time>2025-03-30T10:59:38.958Z</time>
      </trkpt>
      <trkpt lat="46.452351093292236" lon="12.952427387237549">
        <ele>939.4138904287013</ele>
        <time>2025-03-30T10:59:42.958Z</time>
      </trkpt>
      <trkpt lat="46.45235550403595" lon="12.95248568058014">
        <ele>939.3284227554647</ele>
        <time>2025-03-30T10:59:46.958Z</time>
      </trkpt>
      <trkpt lat="46.45246148109436" lon="12.952776312828064">
        <ele>945.7591446111129</ele>
        <time>2025-03-30T11:00:06.958Z</time>
      </trkpt>
      <trkpt lat="46.45245587825775" lon="12.952838897705078">
        <ele>945.7442398772664</ele>
        <time>2025-03-30T11:00:11.958Z</time>
      </trkpt>
      <trkpt lat="46.4524872303009" lon="12.952892899513245">
        <ele>947.9321916724191</ele>
        <time>2025-03-30T11:00:15.958Z</time>
      </trkpt>
      <trkpt lat="46.45249116420746" lon="12.952991008758545">
        <ele>948.6141124840507</ele>
        <time>2025-03-30T11:00:21.958Z</time>
      </trkpt>
      <trkpt lat="46.45248281955719" lon="12.953049182891846">
        <ele>948.4552180790818</ele>
        <time>2025-03-30T11:00:24.958Z</time>
      </trkpt>
      <trkpt lat="46.45255661010742" lon="12.953178524971008">
        <ele>952.0656037112817</ele>
        <time>2025-03-30T11:00:34.958Z</time>
      </trkpt>
      <trkpt lat="46.452619433403015" lon="12.953262090682983">
        <ele>954.8990438359954</ele>
        <time>2025-03-30T11:00:41.958Z</time>
      </trkpt>
      <trkpt lat="46.4526401758194" lon="12.953343987464905">
        <ele>955.2985355052377</ele>
        <time>2025-03-30T11:00:47.958Z</time>
      </trkpt>
      <trkpt lat="46.45266819000244" lon="12.953400254249573">
        <ele>956.1060983232088</ele>
        <time>2025-03-30T11:00:51.958Z</time>
      </trkpt>
      <trkpt lat="46.45280194282532" lon="12.953542232513428">
        <ele>960.3904992256182</ele>
        <time>2025-03-30T11:01:08.634Z</time>
      </trkpt>
      <trkpt lat="46.452814" lon="12.953551">
        <ele>960.8060423932236</ele>
        <time>2025-03-30T11:01:09.991Z</time>
      </trkpt>
      <trkpt lat="46.452811" lon="12.95356">
        <ele>960.6219114026574</ele>
        <time>2025-03-30T11:01:10.684Z</time>
      </trkpt>
      <trkpt lat="46.452828" lon="12.953686">
        <ele>960.3758334690403</ele>
        <time>2025-03-30T11:01:19.586Z</time>
      </trkpt>
      <trkpt lat="46.452917" lon="12.953869">
        <ele>962.855988983016</ele>
        <time>2025-03-30T11:01:35.117Z</time>
      </trkpt>
      <trkpt lat="46.453024" lon="12.954015">
        <ele>966.4915601993212</ele>
        <time>2025-03-30T11:01:49.896Z</time>
      </trkpt>
      <trkpt lat="46.453419" lon="12.954411">
        <ele>981.9918474677718</ele>
        <time>2025-03-30T11:02:38.210Z</time>
      </trkpt>
      <trkpt lat="46.453484" lon="12.954546">
        <ele>984.3594474307531</ele>
        <time>2025-03-30T11:02:49.629Z</time>
      </trkpt>
      <trkpt lat="46.453556" lon="12.954726">
        <ele>987.0608928263381</ele>
        <time>2025-03-30T11:03:04.060Z</time>
      </trkpt>
      <trkpt lat="46.453633" lon="12.954841">
        <ele>989.8981709858649</ele>
        <time>2025-03-30T11:03:15.179Z</time>
      </trkpt>
      <trkpt lat="46.453924" lon="12.95522">
        <ele>999.454258828707</ele>
        <time>2025-03-30T11:03:54.527Z</time>
      </trkpt>
      <trkpt lat="46.454071" lon="12.955487">
        <ele>1003.562116015831</ele>
        <time>2025-03-30T11:04:18.224Z</time>
      </trkpt>
      <trkpt lat="46.454104" lon="12.955575">
        <ele>1003.8882851002504</ele>
        <time>2025-03-30T11:04:25.183Z</time>
      </trkpt>
      <trkpt lat="46.454125" lon="12.955628">
        <ele>1004.1929177459051</ele>
        <time>2025-03-30T11:04:29.429Z</time>
      </trkpt>
      <trkpt lat="46.454162" lon="12.95563">
        <ele>1005.999102247715</ele>
        <time>2025-03-30T11:04:33.161Z</time>
      </trkpt>
      <trkpt lat="46.454291" lon="12.955486">
        <ele>1013.2104770211423</ele>
        <time>2025-03-30T11:04:49.567Z</time>
      </trkpt>
      <trkpt lat="46.454321" lon="12.955473">
        <ele>1014.3642661615564</ele>
        <time>2025-03-30T11:04:52.691Z</time>
      </trkpt>
      <trkpt lat="46.454344" lon="12.955487">
        <ele>1015.0582057158815</ele>
        <time>2025-03-30T11:04:55.179Z</time>
      </trkpt>
      <trkpt lat="46.454361" lon="12.955509">
        <ele>1015.5201684558817</ele>
        <time>2025-03-30T11:04:57.451Z</time>
      </trkpt>
      <trkpt lat="46.45438" lon="12.955681">
        <ele>1014.4771536508736</ele>
        <time>2025-03-30T11:05:09.426Z</time>
      </trkpt>
      <trkpt lat="46.45445" lon="12.955897">
        <ele>1013.7175890267144</ele>
        <time>2025-03-30T11:05:25.836Z</time>
      </trkpt>
      <trkpt lat="46.454469" lon="12.955933">
        <ele>1014.0374574222101</ele>
        <time>2025-03-30T11:05:28.953Z</time>
      </trkpt>
      <trkpt lat="46.454485" lon="12.955961">
        <ele>1014.3082059968096</ele>
        <time>2025-03-30T11:05:31.453Z</time>
      </trkpt>
      <trkpt lat="46.454531" lon="12.956106">
        <ele>1015.0299368431942</ele>
        <time>2025-03-30T11:05:42.427Z</time>
      </trkpt>
      <trkpt lat="46.454549" lon="12.956175">
        <ele>1015.6225223276028</ele>
        <time>2025-03-30T11:05:47.499Z</time>
      </trkpt>
      <trkpt lat="46.454555" lon="12.956237">
        <ele>1016.1792154645666</ele>
        <time>2025-03-30T11:05:51.803Z</time>
      </trkpt>
      <trkpt lat="46.454547" lon="12.956287">
        <ele>1016.2170365346757</ele>
        <time>2025-03-30T11:05:55.331Z</time>
      </trkpt>
      <trkpt lat="46.454531" lon="12.956336">
        <ele>1016.6219022614276</ele>
        <time>2025-03-30T11:05:59.058Z</time>
      </trkpt>
      <trkpt lat="46.454508" lon="12.956377">
        <ele>1017.66717733918</ele>
        <time>2025-03-30T11:06:02.692Z</time>
      </trkpt>
      <trkpt lat="46.454431" lon="12.956406">
        <ele>1018.7458320976402</ele>
        <time>2025-03-30T11:06:10.630Z</time>
      </trkpt>
      <trkpt lat="46.454353" lon="12.956397">
        <ele>1018.9293637889398</ele>
        <time>2025-03-30T11:06:18.438Z</time>
      </trkpt>
      <trkpt lat="46.454098" lon="12.956466">
        <ele>1021.6145056929702</ele>
        <time>2025-03-30T11:06:44.322Z</time>
      </trkpt>
      <trkpt lat="46.454068" lon="12.956501">
        <ele>1022.3880925195865</ele>
        <time>2025-03-30T11:06:48.162Z</time>
      </trkpt>
      <trkpt lat="46.454065" lon="12.956548">
        <ele>1023.4973886667381</ele>
        <time>2025-03-30T11:06:51.407Z</time>
      </trkpt>
      <trkpt lat="46.454076" lon="12.956602">
        <ele>1024.8248304654326</ele>
        <time>2025-03-30T11:06:55.278Z</time>
      </trkpt>
      <trkpt lat="46.454144" lon="12.956656">
        <ele>1026.565117099332</ele>
        <time>2025-03-30T11:07:03.012Z</time>
      </trkpt>
      <trkpt lat="46.454272" lon="12.956692">
        <ele>1028.0891622768495</ele>
        <time>2025-03-30T11:07:16.022Z</time>
      </trkpt>
      <trkpt lat="46.454289" lon="12.956709">
        <ele>1028.6340451446706</ele>
        <time>2025-03-30T11:07:18.082Z</time>
      </trkpt>
      <trkpt lat="46.454297" lon="12.956729">
        <ele>1029.2449374199289</ele>
        <time>2025-03-30T11:07:19.671Z</time>
      </trkpt>
      <trkpt lat="46.454297" lon="12.956757">
        <ele>1030.0719601697128</ele>
        <time>2025-03-30T11:07:21.595Z</time>
      </trkpt>
      <trkpt lat="46.454289" lon="12.956773">
        <ele>1030.5242843417202</ele>
        <time>2025-03-30T11:07:22.954Z</time>
      </trkpt>
      <trkpt lat="46.454228" lon="12.956799">
        <ele>1031.1374044874221</ele>
        <time>2025-03-30T11:07:29.298Z</time>
      </trkpt>
      <trkpt lat="46.454175" lon="12.956841">
        <ele>1032.202194518638</ele>
        <time>2025-03-30T11:07:35.323Z</time>
      </trkpt>
      <trkpt lat="46.454146" lon="12.956878">
        <ele>1033.0768275270723</ele>
        <time>2025-03-30T11:07:39.175Z</time>
      </trkpt>
      <trkpt lat="46.454148" lon="12.956931">
        <ele>1034.5567047151958</ele>
        <time>2025-03-30T11:07:42.824Z</time>
      </trkpt>
      <trkpt lat="46.454177" lon="12.956973">
        <ele>1035.8111805877822</ele>
        <time>2025-03-30T11:07:46.912Z</time>
      </trkpt>
      <trkpt lat="46.454214" lon="12.95701">
        <ele>1036.9603225720682</ele>
        <time>2025-03-30T11:07:51.395Z</time>
      </trkpt>
      <trkpt lat="46.454222" lon="12.957066">
        <ele>1038.4153311590019</ele>
        <time>2025-03-30T11:07:55.326Z</time>
      </trkpt>
      <trkpt lat="46.454175" lon="12.957111">
        <ele>1039.4673323721563</ele>
        <time>2025-03-30T11:08:00.944Z</time>
      </trkpt>
      <trkpt lat="46.454152" lon="12.95715">
        <ele>1040.5993868640824</ele>
        <time>2025-03-30T11:08:04.473Z</time>
      </trkpt>
      <trkpt lat="46.454135" lon="12.957235">
        <ele>1043.401448034582</ele>
        <time>2025-03-30T11:08:10.557Z</time>
      </trkpt>
      <trkpt lat="46.454166" lon="12.957291">
        <ele>1044.9499644814844</ele>
        <time>2025-03-30T11:08:15.495Z</time>
      </trkpt>
      <trkpt lat="46.454286" lon="12.957327">
        <ele>1045.1943021338182</ele>
        <time>2025-03-30T11:08:27.722Z</time>
      </trkpt>
      <trkpt lat="46.454355" lon="12.957325">
        <ele>1045.1637003162737</ele>
        <time>2025-03-30T11:08:34.608Z</time>
      </trkpt>
      <trkpt lat="46.454429" lon="12.957339">
        <ele>1045.670116050744</ele>
        <time>2025-03-30T11:08:42.054Z</time>
      </trkpt>
      <trkpt lat="46.454576" lon="12.9574">
        <ele>1048.1947873616941</ele>
        <time>2025-03-30T11:08:57.310Z</time>
      </trkpt>
      <trkpt lat="46.454682" lon="12.957479">
        <ele>1051.169959032431</ele>
        <time>2025-03-30T11:09:09.200Z</time>
      </trkpt>
      <trkpt lat="46.454854" lon="12.957641">
        <ele>1056.973356997504</ele>
        <time>2025-03-30T11:09:29.660Z</time>
      </trkpt>
      <trkpt lat="46.45486" lon="12.957669">
        <ele>1057.6442468249656</ele>
        <time>2025-03-30T11:09:31.675Z</time>
      </trkpt>
      <trkpt lat="46.454852" lon="12.957694">
        <ele>1058.1429063549372</ele>
        <time>2025-03-30T11:09:33.570Z</time>
      </trkpt>
      <trkpt lat="46.45481" lon="12.957718">
        <ele>1058.3943284371817</ele>
        <time>2025-03-30T11:09:38.074Z</time>
      </trkpt>
      <trkpt lat="46.454731" lon="12.957817">
        <ele>1060.386908420278</ele>
        <time>2025-03-30T11:09:48.488Z</time>
      </trkpt>
      <trkpt lat="46.454684" lon="12.957853">
        <ele>1061.3020732833943</ele>
        <time>2025-03-30T11:09:53.791Z</time>
      </trkpt>
      <trkpt lat="46.454659" lon="12.957908">
        <ele>1063.0197692735837</ele>
        <time>2025-03-30T11:09:58.321Z</time>
      </trkpt>
      <trkpt lat="46.454666" lon="12.957957">
        <ele>1064.556396317722</ele>
        <time>2025-03-30T11:10:01.761Z</time>
      </trkpt>
      <trkpt lat="46.454901" lon="12.958167">
        <ele>1071.1068528828687</ele>
        <time>2025-03-30T11:10:29.299Z</time>
      </trkpt>
      <trkpt lat="46.455014" lon="12.958242">
        <ele>1073.2119340892068</ele>
        <time>2025-03-30T11:10:41.698Z</time>
      </trkpt>
      <trkpt lat="46.455039" lon="12.958266">
        <ele>1073.583470860955</ele>
        <time>2025-03-30T11:10:44.689Z</time>
      </trkpt>
      <trkpt lat="46.455069" lon="12.958344">
        <ele>1075.3063984233495</ele>
        <time>2025-03-30T11:10:50.830Z</time>
      </trkpt>
      <trkpt lat="46.455055" lon="12.958345">
        <ele>1075.4447085896022</ele>
        <time>2025-03-30T11:10:52.228Z</time>
      </trkpt>
      <trkpt lat="46.455042" lon="12.958346">
        <ele>1075.574632686174</ele>
        <time>2025-03-30T11:10:53.527Z</time>
      </trkpt>
      <trkpt lat="46.455005" lon="12.958373">
        <ele>1076.524813593583</ele>
        <time>2025-03-30T11:10:57.659Z</time>
      </trkpt>
      <trkpt lat="46.454948" lon="12.958399">
        <ele>1077.2158242734322</ele>
        <time>2025-03-30T11:11:03.621Z</time>
      </trkpt>
      <trkpt lat="46.454804" lon="12.958562">
        <ele>1081.3786313573617</ele>
        <time>2025-03-30T11:11:21.843Z</time>
      </trkpt>
      <trkpt lat="46.454694" lon="12.958628">
        <ele>1083.6909506979775</ele>
        <time>2025-03-30T11:11:33.720Z</time>
      </trkpt>
      <trkpt lat="46.45456" lon="12.958696">
        <ele>1085.3821072495905</ele>
        <time>2025-03-30T11:11:47.885Z</time>
      </trkpt>
      <trkpt lat="46.454473" lon="12.958766">
        <ele>1086.837065799116</ele>
        <time>2025-03-30T11:11:57.811Z</time>
      </trkpt>
      <trkpt lat="46.454328" lon="12.95892">
        <ele>1090.18813469191</ele>
        <time>2025-03-30T11:12:15.740Z</time>
      </trkpt>
      <trkpt lat="46.454142" lon="12.959111">
        <ele>1096.0149245452874</ele>
        <time>2025-03-30T11:12:38.476Z</time>
      </trkpt>
      <trkpt lat="46.454069" lon="12.959151">
        <ele>1098.0523371910135</ele>
        <time>2025-03-30T11:12:46.262Z</time>
      </trkpt>
      <trkpt lat="46.453682" lon="12.959145">
        <ele>1103.987062580417</ele>
        <time>2025-03-30T11:13:24.882Z</time>
      </trkpt>
      <trkpt lat="46.453531" lon="12.959165">
        <ele>1106.4053438900983</ele>
        <time>2025-03-30T11:13:40.012Z</time>
      </trkpt>
      <trkpt lat="46.453295" lon="12.959156">
        <ele>1105.9957111194292</ele>
        <time>2025-03-30T11:14:03.570Z</time>
      </trkpt>
      <trkpt lat="46.453229" lon="12.959201">
        <ele>1106.4672314164716</ele>
        <time>2025-03-30T11:14:10.846Z</time>
      </trkpt>
      <trkpt lat="46.453186" lon="12.959336">
        <ele>1109.2222056605242</ele>
        <time>2025-03-30T11:14:21.071Z</time>
      </trkpt>
      <trkpt lat="46.453136" lon="12.959421">
        <ele>1110.1725749544162</ele>
        <time>2025-03-30T11:14:28.755Z</time>
      </trkpt>
      <trkpt lat="46.453074" lon="12.959485">
        <ele>1110.2383523137983</ele>
        <time>2025-03-30T11:14:36.347Z</time>
      </trkpt>
      <trkpt lat="46.453037" lon="12.959592">
        <ele>1112.7630522292054</ele>
        <time>2025-03-30T11:14:44.577Z</time>
      </trkpt>
      <trkpt lat="46.453006" lon="12.959657">
        <ele>1114.1816515227742</ele>
        <time>2025-03-30T11:14:50.012Z</time>
      </trkpt>
      <trkpt lat="46.452962" lon="12.959727">
        <ele>1117.9951097553833</ele>
        <time>2025-03-30T11:14:56.526Z</time>
      </trkpt>
      <trkpt lat="46.452925" lon="12.959716">
        <ele>1119.1169143003895</ele>
        <time>2025-03-30T11:15:00.294Z</time>
      </trkpt>
      <trkpt lat="46.452894" lon="12.959662">
        <ele>1118.4113123776826</ele>
        <time>2025-03-30T11:15:05.126Z</time>
      </trkpt>
      <trkpt lat="46.452745" lon="12.959449">
        <ele>1121.1188533846507</ele>
        <time>2025-03-30T11:15:25.995Z</time>
      </trkpt>
      <trkpt lat="46.452625" lon="12.959297">
        <ele>1120.4198472689181</ele>
        <time>2025-03-30T11:15:41.888Z</time>
      </trkpt>
      <trkpt lat="46.452547" lon="12.959246">
        <ele>1120.931965310705</ele>
        <time>2025-03-30T11:15:50.424Z</time>
      </trkpt>
      <trkpt lat="46.452466" lon="12.959176">
        <ele>1119.7682002708088</ele>
        <time>2025-03-30T11:15:59.831Z</time>
      </trkpt>
      <trkpt lat="46.452323" lon="12.959111">
        <ele>1119.2553978568865</ele>
        <time>2025-03-30T11:16:14.784Z</time>
      </trkpt>
      <trkpt lat="46.452184" lon="12.959016">
        <ele>1117.5514361947455</ele>
        <time>2025-03-30T11:16:30.115Z</time>
      </trkpt>
      <trkpt lat="46.452029" lon="12.959061">
        <ele>1121.647128938824</ele>
        <time>2025-03-30T11:16:45.888Z</time>
      </trkpt>
      <trkpt lat="46.451951" lon="12.959061">
        <ele>1122.3767172118955</ele>
        <time>2025-03-30T11:16:53.671Z</time>
      </trkpt>
      <trkpt lat="46.451796" lon="12.959123">
        <ele>1125.478193880335</ele>
        <time>2025-03-30T11:17:09.715Z</time>
      </trkpt>
      <trkpt lat="46.45164" lon="12.959162">
        <ele>1128.8222595182324</ele>
        <time>2025-03-30T11:17:25.511Z</time>
      </trkpt>
      <trkpt lat="46.451485" lon="12.959148">
        <ele>1128.6521045548275</ele>
        <time>2025-03-30T11:17:41.008Z</time>
      </trkpt>
      <trkpt lat="46.451311" lon="12.959055">
        <ele>1126.2580858568108</ele>
        <time>2025-03-30T11:17:59.511Z</time>
      </trkpt>
      <trkpt lat="46.45122" lon="12.958993">
        <ele>1127.0545281719963</ele>
        <time>2025-03-30T11:18:09.542Z</time>
      </trkpt>
      <trkpt lat="46.451131" lon="12.958901">
        <ele>1126.3846401568555</ele>
        <time>2025-03-30T11:18:20.445Z</time>
      </trkpt>
      <trkpt lat="46.451072" lon="12.958802">
        <ele>1124.5720987913903</ele>
        <time>2025-03-30T11:18:29.444Z</time>
      </trkpt>
      <trkpt lat="46.45096" lon="12.95855">
        <ele>1120.5581412491183</ele>
        <time>2025-03-30T11:18:50.061Z</time>
      </trkpt>
      <trkpt lat="46.450879" lon="12.958308">
        <ele>1116.2538646687801</ele>
        <time>2025-03-30T11:19:08.558Z</time>
      </trkpt>
      <trkpt lat="46.45067" lon="12.95785">
        <ele>1105.872482787448</ele>
        <time>2025-03-30T11:19:46.327Z</time>
      </trkpt>
      <trkpt lat="46.450499" lon="12.957667">
        <ele>1102.3032131149416</ele>
        <time>2025-03-30T11:20:07.528Z</time>
      </trkpt>
      <trkpt lat="46.450451" lon="12.957594">
        <ele>1100.1844751686795</ele>
        <time>2025-03-30T11:20:14.465Z</time>
      </trkpt>
      <trkpt lat="46.450329" lon="12.95751">
        <ele>1098.3708019420537</ele>
        <time>2025-03-30T11:20:27.939Z</time>
      </trkpt>
      <trkpt lat="46.450126" lon="12.957479">
        <ele>1098.5274173679677</ele>
        <time>2025-03-30T11:20:48.308Z</time>
      </trkpt>
      <trkpt lat="46.450025" lon="12.957454">
        <ele>1098.021874036521</ele>
        <time>2025-03-30T11:20:58.532Z</time>
      </trkpt>
      <trkpt lat="46.449911" lon="12.957448">
        <ele>1098.2759504074152</ele>
        <time>2025-03-30T11:21:09.915Z</time>
      </trkpt>
      <trkpt lat="46.449648" lon="12.95733">
        <ele>1094.6807089653696</ele>
        <time>2025-03-30T11:21:37.385Z</time>
      </trkpt>
      <trkpt lat="46.449594" lon="12.957285">
        <ele>1093.219566940415</ele>
        <time>2025-03-30T11:21:43.598Z</time>
      </trkpt>
      <trkpt lat="46.449526" lon="12.957271">
        <ele>1092.9452161468416</ele>
        <time>2025-03-30T11:21:50.451Z</time>
      </trkpt>
      <trkpt lat="46.449435" lon="12.957209">
        <ele>1090.32057932298</ele>
        <time>2025-03-30T11:22:00.482Z</time>
      </trkpt>
      <trkpt lat="46.449268" lon="12.957156">
        <ele>1087.0530157445448</ele>
        <time>2025-03-30T11:22:17.540Z</time>
      </trkpt>
      <trkpt lat="46.449189" lon="12.957181">
        <ele>1087.3997301459724</ele>
        <time>2025-03-30T11:22:25.608Z</time>
      </trkpt>
      <trkpt lat="46.44909" lon="12.957266">
        <ele>1089.8496148392142</ele>
        <time>2025-03-30T11:22:37.086Z</time>
      </trkpt>
      <trkpt lat="46.448945" lon="12.957423">
        <ele>1092.6859549515864</ele>
        <time>2025-03-30T11:22:55.138Z</time>
      </trkpt>
      <trkpt lat="46.448815" lon="12.957544">
        <ele>1092.7430497453843</ele>
        <time>2025-03-30T11:23:10.549Z</time>
      </trkpt>
      <trkpt lat="46.448697" lon="12.957631">
        <ele>1091.606058255035</ele>
        <time>2025-03-30T11:23:23.756Z</time>
      </trkpt>
      <trkpt lat="46.448444" lon="12.957791">
        <ele>1084.028760025762</ele>
        <time>2025-03-30T11:23:51.295Z</time>
      </trkpt>
      <trkpt lat="46.4483" lon="12.957954">
        <ele>1079.7838359569919</ele>
        <time>2025-03-30T11:24:09.518Z</time>
      </trkpt>
      <trkpt lat="46.448167" lon="12.958016">
        <ele>1074.1025878460825</ele>
        <time>2025-03-30T11:24:23.457Z</time>
      </trkpt>
      <trkpt lat="46.448052" lon="12.958128">
        <ele>1070.8544564101721</ele>
        <time>2025-03-30T11:24:37.277Z</time>
      </trkpt>
      <trkpt lat="46.447673" lon="12.958524">
        <ele>1068.3112658930138</ele>
        <time>2025-03-30T11:25:23.878Z</time>
      </trkpt>
      <trkpt lat="46.447499" lon="12.95874">
        <ele>1070.773532066591</ele>
        <time>2025-03-30T11:25:46.726Z</time>
      </trkpt>
      <trkpt lat="46.447339" lon="12.958962">
        <ele>1074.499154439331</ele>
        <time>2025-03-30T11:26:08.814Z</time>
      </trkpt>
      <trkpt lat="46.447291" lon="12.959015">
        <ele>1075.8424752710005</ele>
        <time>2025-03-30T11:26:14.832Z</time>
      </trkpt>
      <trkpt lat="46.447224" lon="12.95905">
        <ele>1077.57596217348</ele>
        <time>2025-03-30T11:26:21.937Z</time>
      </trkpt>
      <trkpt lat="46.447139" lon="12.959058">
        <ele>1079.67297396822</ele>
        <time>2025-03-30T11:26:30.436Z</time>
      </trkpt>
      <trkpt lat="46.446911" lon="12.959042">
        <ele>1083.9777430796737</ele>
        <time>2025-03-30T11:26:53.214Z</time>
      </trkpt>
      <trkpt lat="46.446835" lon="12.959024">
        <ele>1085.0893142718287</ele>
        <time>2025-03-30T11:27:00.898Z</time>
      </trkpt>
      <trkpt lat="46.446751" lon="12.958889">
        <ele>1084.773043370793</ele>
        <time>2025-03-30T11:27:13.405Z</time>
      </trkpt>
      <trkpt lat="46.446702" lon="12.958797">
        <ele>1084.4358192103805</ele>
        <time>2025-03-30T11:27:21.400Z</time>
      </trkpt>
      <trkpt lat="46.446626" lon="12.958694">
        <ele>1083.737419837047</ele>
        <time>2025-03-30T11:27:31.776Z</time>
      </trkpt>
      <trkpt lat="46.446564" lon="12.958635">
        <ele>1082.2302482443163</ele>
        <time>2025-03-30T11:27:39.174Z</time>
      </trkpt>
      <trkpt lat="46.446486" lon="12.958628">
        <ele>1081.4558610396675</ele>
        <time>2025-03-30T11:27:46.972Z</time>
      </trkpt>
      <trkpt lat="46.446396" lon="12.958663">
        <ele>1081.2288640122229</ele>
        <time>2025-03-30T11:27:56.269Z</time>
      </trkpt>
      <trkpt lat="46.446273" lon="12.958733">
        <ele>1082.642638094688</ele>
        <time>2025-03-30T11:28:09.453Z</time>
      </trkpt>
      <trkpt lat="46.446138" lon="12.958775">
        <ele>1084.8316544223078</ele>
        <time>2025-03-30T11:28:23.230Z</time>
      </trkpt>
      <trkpt lat="46.44606" lon="12.958776">
        <ele>1086.4400835501901</ele>
        <time>2025-03-30T11:28:31.013Z</time>
      </trkpt>
      <trkpt lat="46.446026" lon="12.958749">
        <ele>1086.2222639368847</ele>
        <time>2025-03-30T11:28:34.880Z</time>
      </trkpt>
      <trkpt lat="46.445952" lon="12.958663">
        <ele>1085.263959325677</ele>
        <time>2025-03-30T11:28:44.340Z</time>
      </trkpt>
      <trkpt lat="46.445839" lon="12.958576">
        <ele>1084.5865509179143</ele>
        <time>2025-03-30T11:28:57.104Z</time>
      </trkpt>
      <trkpt lat="46.44579" lon="12.958547">
        <ele>1084.2692323230465</ele>
        <time>2025-03-30T11:29:02.384Z</time>
      </trkpt>
      <trkpt lat="46.445689" lon="12.958538">
        <ele>1084.6277040857494</ele>
        <time>2025-03-30T11:29:12.481Z</time>
      </trkpt>
      <trkpt lat="46.445643" lon="12.958549">
        <ele>1085.195856496088</ele>
        <time>2025-03-30T11:29:17.133Z</time>
      </trkpt>
      <trkpt lat="46.445603" lon="12.958569">
        <ele>1086.0089556414682</ele>
        <time>2025-03-30T11:29:21.354Z</time>
      </trkpt>
      <trkpt lat="46.445534" lon="12.958638">
        <ele>1088.012450382926</ele>
        <time>2025-03-30T11:29:29.715Z</time>
      </trkpt>
      <trkpt lat="46.445489" lon="12.9585878">
        <ele>1087.6045663423556</ele>
        <time>2025-03-30T11:29:35.177Z</time>
      </trkpt>
      <trkpt lat="46.4454814" lon="12.9585472">
        <ele>1087.0681000503364</ele>
        <time>2025-03-30T11:29:36.177Z</time>
      </trkpt>
      <trkpt lat="46.4454712" lon="12.958505">
        <ele>1086.6493946022347</ele>
        <time>2025-03-30T11:29:37.177Z</time>
      </trkpt>
      <trkpt lat="46.4454571" lon="12.9584609">
        <ele>1086.3172350554098</ele>
        <time>2025-03-30T11:29:38.177Z</time>
      </trkpt>
      <trkpt lat="46.4454405" lon="12.958418">
        <ele>1086.0978100905934</ele>
        <time>2025-03-30T11:29:39.177Z</time>
      </trkpt>
      <trkpt lat="46.445402" lon="12.9583556">
        <ele>1085.9176616997186</ele>
        <time>2025-03-30T11:29:41.177Z</time>
      </trkpt>
      <trkpt lat="46.4453855" lon="12.9583354">
        <ele>1085.789141360887</ele>
        <time>2025-03-30T11:29:42.177Z</time>
      </trkpt>
      <trkpt lat="46.4453407" lon="12.958288">
        <ele>1085.4558549736987</ele>
        <time>2025-03-30T11:29:47.177Z</time>
      </trkpt>
      <trkpt lat="46.4453426" lon="12.9582855">
        <ele>1085.3730907779704</ele>
        <time>2025-03-30T11:29:53.177Z</time>
      </trkpt>
      <trkpt lat="46.4453488" lon="12.9582844">
        <ele>1085.2617308419526</ele>
        <time>2025-03-30T11:29:59.177Z</time>
      </trkpt>
      <trkpt lat="46.4453548" lon="12.9582768">
        <ele>1085.0121024848283</ele>
        <time>2025-03-30T11:30:00.177Z</time>
      </trkpt>
      <trkpt lat="46.4453631" lon="12.958259">
        <ele>1084.5174559990055</ele>
        <time>2025-03-30T11:30:05.177Z</time>
      </trkpt>
      <trkpt lat="46.4453662" lon="12.958254">
        <ele>1084.371197998497</ele>
        <time>2025-03-30T11:30:06.177Z</time>
      </trkpt>
      <trkpt lat="46.4453733" lon="12.9582475">
        <ele>1084.1452782783963</ele>
        <time>2025-03-30T11:30:07.177Z</time>
      </trkpt>
      <trkpt lat="46.4453936" lon="12.9582275">
        <ele>1083.4938831944585</ele>
        <time>2025-03-30T11:30:09.177Z</time>
      </trkpt>
      <trkpt lat="46.4453989" lon="12.958216">
        <ele>1083.2054560910233</ele>
        <time>2025-03-30T11:30:10.177Z</time>
      </trkpt>
      <trkpt lat="46.4453963" lon="12.9582099">
        <ele>1083.112284595183</ele>
        <time>2025-03-30T11:30:11.177Z</time>
      </trkpt>
      <trkpt lat="46.4453961" lon="12.9581983">
        <ele>1082.873138274334</ele>
        <time>2025-03-30T11:30:15.177Z</time>
      </trkpt>
      <trkpt lat="46.4453901" lon="12.9581902">
        <ele>1082.7492569016288</ele>
        <time>2025-03-30T11:30:17.177Z</time>
      </trkpt>
      <trkpt lat="46.4453838" lon="12.9581846">
        <ele>1082.6802418777797</ele>
        <time>2025-03-30T11:30:18.177Z</time>
      </trkpt>
      <trkpt lat="46.4453678" lon="12.9581792">
        <ele>1082.6986603128153</ele>
        <time>2025-03-30T11:30:20.177Z</time>
      </trkpt>
      <trkpt lat="46.4453527" lon="12.9581694">
        <ele>1082.5895340694983</ele>
        <time>2025-03-30T11:30:22.177Z</time>
      </trkpt>
      <trkpt lat="46.4453381" lon="12.9581605">
        <ele>1082.4824541246412</ele>
        <time>2025-03-30T11:30:25.177Z</time>
      </trkpt>
      <trkpt lat="46.4453413" lon="12.9581604">
        <ele>1082.4547314037807</ele>
        <time>2025-03-30T11:30:27.177Z</time>
      </trkpt>
      <trkpt lat="46.4453424" lon="12.9581599">
        <ele>1082.4333222222806</ele>
        <time>2025-03-30T11:30:28.177Z</time>
      </trkpt>
      <trkpt lat="46.4453427" lon="12.9581589">
        <ele>1082.405459640531</ele>
        <time>2025-03-30T11:30:34.177Z</time>
      </trkpt>
      <trkpt lat="46.445343" lon="12.9581595">
        <ele>1082.4184264991293</ele>
        <time>2025-03-30T11:30:38.177Z</time>
      </trkpt>
      <trkpt lat="46.4453415" lon="12.9581605">
        <ele>1082.4557182702292</ele>
        <time>2025-03-30T11:30:42.177Z</time>
      </trkpt>
      <trkpt lat="46.4453293" lon="12.9581565">
        <ele>1082.446472233379</ele>
        <time>2025-03-30T11:30:46.177Z</time>
      </trkpt>
      <trkpt lat="46.4453291" lon="12.9581557">
        <ele>1082.4269528574557</ele>
        <time>2025-03-30T11:30:47.177Z</time>
      </trkpt>
      <trkpt lat="46.4453279" lon="12.9581603">
        <ele>1082.5573863270351</ele>
        <time>2025-03-30T11:30:53.177Z</time>
      </trkpt>
      <trkpt lat="46.445326" lon="12.9581533">
        <ele>1082.3868922635775</ele>
        <time>2025-03-30T11:30:59.177Z</time>
      </trkpt>
      <trkpt lat="46.4453174" lon="12.9581558">
        <ele>1082.5183808253448</ele>
        <time>2025-03-30T11:31:02.177Z</time>
      </trkpt>
      <trkpt lat="46.4453015" lon="12.9581483">
        <ele>1082.3486550568682</ele>
        <time>2025-03-30T11:31:04.177Z</time>
      </trkpt>
      <trkpt lat="46.4452907" lon="12.9581407">
        <ele>1082.1004988861366</ele>
        <time>2025-03-30T11:31:05.177Z</time>
      </trkpt>
      <trkpt lat="46.4452808" lon="12.9581369">
        <ele>1081.9587564066778</ele>
        <time>2025-03-30T11:31:06.177Z</time>
      </trkpt>
      <trkpt lat="46.4452647" lon="12.9581361">
        <ele>1081.8778113447397</ele>
        <time>2025-03-30T11:31:08.177Z</time>
      </trkpt>
      <trkpt lat="46.4452533" lon="12.9581328">
        <ele>1081.7415611302283</ele>
        <time>2025-03-30T11:31:10.177Z</time>
      </trkpt>
      <trkpt lat="46.4452367" lon="12.9581233">
        <ele>1081.4033422005305</ele>
        <time>2025-03-30T11:31:12.177Z</time>
      </trkpt>
      <trkpt lat="46.4452279" lon="12.9581163">
        <ele>1081.1635218905203</ele>
        <time>2025-03-30T11:31:13.177Z</time>
      </trkpt>
      <trkpt lat="46.445193" lon="12.9581164">
        <ele>1081.0240085498858</ele>
        <time>2025-03-30T11:31:17.177Z</time>
      </trkpt>
      <trkpt lat="46.4451477" lon="12.9581245">
        <ele>1080.5282470797913</ele>
        <time>2025-03-30T11:31:21.177Z</time>
      </trkpt>
      <trkpt lat="46.4451401" lon="12.9581259">
        <ele>1080.440965442991</ele>
        <time>2025-03-30T11:31:22.177Z</time>
      </trkpt>
      <trkpt lat="46.4451215" lon="12.9581309">
        <ele>1080.2723504542412</ele>
        <time>2025-03-30T11:31:28.177Z</time>
      </trkpt>
      <trkpt lat="46.4451033" lon="12.9581346">
        <ele>1080.0704355034622</ele>
        <time>2025-03-30T11:31:30.177Z</time>
      </trkpt>
      <trkpt lat="46.445044" lon="12.9581408">
        <ele>1078.5734196644678</ele>
        <time>2025-03-30T11:31:35.177Z</time>
      </trkpt>
      <trkpt lat="46.4450315" lon="12.958144">
        <ele>1078.159374332812</ele>
        <time>2025-03-30T11:31:36.177Z</time>
      </trkpt>
      <trkpt lat="46.4450085" lon="12.9581506">
        <ele>1077.4119349833002</ele>
        <time>2025-03-30T11:31:38.177Z</time>
      </trkpt>
      <trkpt lat="46.444963" lon="12.958174">
        <ele>1076.1821089025807</ele>
        <time>2025-03-30T11:31:42.177Z</time>
      </trkpt>
      <trkpt lat="46.4449564" lon="12.9581843">
        <ele>1076.1786936881026</ele>
        <time>2025-03-30T11:31:43.177Z</time>
      </trkpt>
      <trkpt lat="46.4449326" lon="12.9582147">
        <ele>1075.6789014127708</ele>
        <time>2025-03-30T11:31:49.177Z</time>
      </trkpt>
      <trkpt lat="46.4449145" lon="12.958208">
        <ele>1074.547454658572</ele>
        <time>2025-03-30T11:31:55.177Z</time>
      </trkpt>
      <trkpt lat="46.444907" lon="12.958205">
        <ele>1074.0754498146364</ele>
        <time>2025-03-30T11:31:59.177Z</time>
      </trkpt>
      <trkpt lat="46.4449045" lon="12.9582098">
        <ele>1074.0488091043967</ele>
        <time>2025-03-30T11:32:01.177Z</time>
      </trkpt>
      <trkpt lat="46.4448964" lon="12.9582242">
        <ele>1073.9324880936545</ele>
        <time>2025-03-30T11:32:03.177Z</time>
      </trkpt>
      <trkpt lat="46.4448474" lon="12.9582973">
        <ele>1072.8037254997175</ele>
        <time>2025-03-30T11:32:06.177Z</time>
      </trkpt>
      <trkpt lat="46.4447819" lon="12.9583765">
        <ele>1070.4437546109812</ele>
        <time>2025-03-30T11:32:10.177Z</time>
      </trkpt>
      <trkpt lat="46.4447685" lon="12.9583848">
        <ele>1069.7352852900588</ele>
        <time>2025-03-30T11:32:11.177Z</time>
      </trkpt>
      <trkpt lat="46.4447548" lon="12.9583928">
        <ele>1069.0108156825838</ele>
        <time>2025-03-30T11:32:12.177Z</time>
      </trkpt>
      <trkpt lat="46.4447409" lon="12.9584019">
        <ele>1068.2972881265266</ele>
        <time>2025-03-30T11:32:13.177Z</time>
      </trkpt>
      <trkpt lat="46.4447031" lon="12.9584927">
        <ele>1067.3732201479</ele>
        <time>2025-03-30T11:32:16.177Z</time>
      </trkpt>
      <trkpt lat="46.4446953" lon="12.9585249">
        <ele>1067.4402336364649</ele>
        <time>2025-03-30T11:32:17.177Z</time>
      </trkpt>
      <trkpt lat="46.4446804" lon="12.9585678">
        <ele>1067.415683861002</ele>
        <time>2025-03-30T11:32:19.177Z</time>
      </trkpt>
      <trkpt lat="46.4446664" lon="12.9586104">
        <ele>1067.5626516043988</ele>
        <time>2025-03-30T11:32:21.177Z</time>
      </trkpt>
      <trkpt lat="46.4446616" lon="12.9586259">
        <ele>1067.6406236815967</ele>
        <time>2025-03-30T11:32:22.177Z</time>
      </trkpt>
      <trkpt lat="46.4446612" lon="12.9586358">
        <ele>1067.845264750626</ele>
        <time>2025-03-30T11:32:26.177Z</time>
      </trkpt>
      <trkpt lat="46.4446552" lon="12.9586189">
        <ele>1067.109992919413</ele>
        <time>2025-03-30T11:32:28.177Z</time>
      </trkpt>
      <trkpt lat="46.4446426" lon="12.9585561">
        <ele>1064.9079688576608</ele>
        <time>2025-03-30T11:32:31.177Z</time>
      </trkpt>
      <trkpt lat="46.4446377" lon="12.9585337">
        <ele>1064.1008830454616</ele>
        <time>2025-03-30T11:32:32.177Z</time>
      </trkpt>
      <trkpt lat="46.4446308" lon="12.9584977">
        <ele>1062.848904540635</ele>
        <time>2025-03-30T11:32:34.177Z</time>
      </trkpt>
      <trkpt lat="46.4446229" lon="12.9584911">
        <ele>1062.1880329432317</ele>
        <time>2025-03-30T11:32:35.177Z</time>
      </trkpt>
      <trkpt lat="46.4446183" lon="12.958497">
        <ele>1062.0350786136664</ele>
        <time>2025-03-30T11:32:36.177Z</time>
      </trkpt>
      <trkpt lat="46.4446167" lon="12.95852">
        <ele>1062.4931771159945</ele>
        <time>2025-03-30T11:32:38.177Z</time>
      </trkpt>
      <trkpt lat="46.4445991" lon="12.9585747">
        <ele>1062.7858114342343</ele>
        <time>2025-03-30T11:32:41.177Z</time>
      </trkpt>
      <trkpt lat="46.444574" lon="12.958611">
        <ele>1062.415265223074</ele>
        <time>2025-03-30T11:32:43.177Z</time>
      </trkpt>
      <trkpt lat="46.4445596" lon="12.9586308">
        <ele>1062.1875539530356</ele>
        <time>2025-03-30T11:32:44.177Z</time>
      </trkpt>
      <trkpt lat="46.4445296" lon="12.9586663">
        <ele>1061.5902695212094</ele>
        <time>2025-03-30T11:32:46.177Z</time>
      </trkpt>
      <trkpt lat="46.4445174" lon="12.9586832">
        <ele>1061.4183727814975</ele>
        <time>2025-03-30T11:32:47.177Z</time>
      </trkpt>
      <trkpt lat="46.4445042" lon="12.9586992">
        <ele>1061.1794030164585</ele>
        <time>2025-03-30T11:32:48.177Z</time>
      </trkpt>
      <trkpt lat="46.444481" lon="12.9587063">
        <ele>1060.2258261896038</ele>
        <time>2025-03-30T11:32:49.177Z</time>
      </trkpt>
      <trkpt lat="46.4444393" lon="12.9587343">
        <ele>1059.381112434097</ele>
        <time>2025-03-30T11:32:51.177Z</time>
      </trkpt>
      <trkpt lat="46.4444093" lon="12.9587447">
        <ele>1058.5402934145443</ele>
        <time>2025-03-30T11:32:53.177Z</time>
      </trkpt>
      <trkpt lat="46.4443972" lon="12.9587407">
        <ele>1057.93851933761</ele>
        <time>2025-03-30T11:32:54.177Z</time>
      </trkpt>
      <trkpt lat="46.4443848" lon="12.9587391">
        <ele>1057.4013437715337</ele>
        <time>2025-03-30T11:32:56.177Z</time>
      </trkpt>
      <trkpt lat="46.4443691" lon="12.958736">
        <ele>1056.6826667674018</ele>
        <time>2025-03-30T11:33:00.177Z</time>
      </trkpt>
      <trkpt lat="46.4443679" lon="12.958737">
        <ele>1056.669578824771</ele>
        <time>2025-03-30T11:33:01.177Z</time>
      </trkpt>
      <trkpt lat="46.4443857" lon="12.9587103">
        <ele>1056.4903506816058</ele>
        <time>2025-03-30T11:33:06.177Z</time>
      </trkpt>
      <trkpt lat="46.4443953" lon="12.9586968">
        <ele>1056.4589704343716</ele>
        <time>2025-03-30T11:33:07.177Z</time>
      </trkpt>
      <trkpt lat="46.4443893" lon="12.958651">
        <ele>1054.7782597551081</ele>
        <time>2025-03-30T11:33:10.177Z</time>
      </trkpt>
      <trkpt lat="46.4443835" lon="12.9586547">
        <ele>1054.6421346278594</ele>
        <time>2025-03-30T11:33:11.177Z</time>
      </trkpt>
      <trkpt lat="46.4443763" lon="12.9586615">
        <ele>1054.5472837775164</ele>
        <time>2025-03-30T11:33:12.177Z</time>
      </trkpt>
      <trkpt lat="46.4443545" lon="12.9586786">
        <ele>1054.1148504014016</ele>
        <time>2025-03-30T11:33:14.177Z</time>
      </trkpt>
      <trkpt lat="46.4443229" lon="12.9587018">
        <ele>1053.342353424522</ele>
        <time>2025-03-30T11:33:16.177Z</time>
      </trkpt>
      <trkpt lat="46.4443074" lon="12.9587168">
        <ele>1053.1076140700402</ele>
        <time>2025-03-30T11:33:17.177Z</time>
      </trkpt>
      <trkpt lat="46.4442653" lon="12.9587473">
        <ele>1052.2738831838071</ele>
        <time>2025-03-30T11:33:20.177Z</time>
      </trkpt>
      <trkpt lat="46.4442592" lon="12.9587591">
        <ele>1052.4569756889887</ele>
        <time>2025-03-30T11:33:21.177Z</time>
      </trkpt>
      <trkpt lat="46.4442362" lon="12.9587692">
        <ele>1051.7853428039555</ele>
        <time>2025-03-30T11:33:22.177Z</time>
      </trkpt>
      <trkpt lat="46.4442212" lon="12.9587719">
        <ele>1051.168312716562</ele>
        <time>2025-03-30T11:33:23.177Z</time>
      </trkpt>
      <trkpt lat="46.4442126" lon="12.9587662">
        <ele>1050.5155400496183</ele>
        <time>2025-03-30T11:33:25.177Z</time>
      </trkpt>
      <trkpt lat="46.4442066" lon="12.9587556">
        <ele>1049.7826922978245</ele>
        <time>2025-03-30T11:33:27.177Z</time>
      </trkpt>
      <trkpt lat="46.4442111" lon="12.9587459">
        <ele>1049.600889698282</ele>
        <time>2025-03-30T11:33:28.177Z</time>
      </trkpt>
      <trkpt lat="46.4442282" lon="12.9586686">
        <ele>1047.469521505169</ele>
        <time>2025-03-30T11:33:31.177Z</time>
      </trkpt>
      <trkpt lat="46.4442297" lon="12.9586531">
        <ele>1046.9715444963463</ele>
        <time>2025-03-30T11:33:32.177Z</time>
      </trkpt>
      <trkpt lat="46.4442262" lon="12.9586323">
        <ele>1046.0227557937033</ele>
        <time>2025-03-30T11:33:33.177Z</time>
      </trkpt>
      <trkpt lat="46.4442191" lon="12.9585757">
        <ele>1043.5588461561008</ele>
        <time>2025-03-30T11:33:35.177Z</time>
      </trkpt>
      <trkpt lat="46.4442051" lon="12.9585657">
        <ele>1042.4643471750003</ele>
        <time>2025-03-30T11:33:37.177Z</time>
      </trkpt>
      <trkpt lat="46.4442012" lon="12.9585703">
        <ele>1042.4344939771165</ele>
        <time>2025-03-30T11:33:39.177Z</time>
      </trkpt>
      <trkpt lat="46.4441933" lon="12.9585768">
        <ele>1042.2697426470804</ele>
        <time>2025-03-30T11:33:40.177Z</time>
      </trkpt>
      <trkpt lat="46.444159" lon="12.9585811">
        <ele>1040.663788687436</ele>
        <time>2025-03-30T11:33:42.177Z</time>
      </trkpt>
      <trkpt lat="46.4441399" lon="12.9585908">
        <ele>1040.047580810309</ele>
        <time>2025-03-30T11:33:43.177Z</time>
      </trkpt>
      <trkpt lat="46.4441239" lon="12.9585937">
        <ele>1039.3405405404899</ele>
        <time>2025-03-30T11:33:44.177Z</time>
      </trkpt>
      <trkpt lat="46.4441028" lon="12.958601">
        <ele>1038.582813755319</ele>
        <time>2025-03-30T11:33:46.177Z</time>
      </trkpt>
      <trkpt lat="46.4440862" lon="12.9585988">
        <ele>1037.6821078593696</ele>
        <time>2025-03-30T11:33:47.177Z</time>
      </trkpt>
      <trkpt lat="46.4440944" lon="12.9585858">
        <ele>1037.580441363703</ele>
        <time>2025-03-30T11:33:49.177Z</time>
      </trkpt>
      <trkpt lat="46.4441121" lon="12.9585456">
        <ele>1036.9131583288136</ele>
        <time>2025-03-30T11:33:51.177Z</time>
      </trkpt>
      <trkpt lat="46.4441186" lon="12.9585296">
        <ele>1036.632612532757</ele>
        <time>2025-03-30T11:33:52.177Z</time>
      </trkpt>
      <trkpt lat="46.4441294" lon="12.9584885">
        <ele>1035.6333508767354</ele>
        <time>2025-03-30T11:33:54.177Z</time>
      </trkpt>
      <trkpt lat="46.4441338" lon="12.9584616">
        <ele>1034.847867716223</ele>
        <time>2025-03-30T11:33:55.177Z</time>
      </trkpt>
      <trkpt lat="46.4441449" lon="12.9584118">
        <ele>1033.5539404614747</ele>
        <time>2025-03-30T11:33:57.177Z</time>
      </trkpt>
      <trkpt lat="46.4441451" lon="12.9583751">
        <ele>1032.1821057423817</ele>
        <time>2025-03-30T11:33:58.177Z</time>
      </trkpt>
      <trkpt lat="46.4441488" lon="12.9583216">
        <ele>1030.485456663176</ele>
        <time>2025-03-30T11:34:00.177Z</time>
      </trkpt>
      <trkpt lat="46.4441659" lon="12.9582413">
        <ele>1028.6039573414023</ele>
        <time>2025-03-30T11:34:03.177Z</time>
      </trkpt>
      <trkpt lat="46.4441698" lon="12.9582071">
        <ele>1027.6290024572388</ele>
        <time>2025-03-30T11:34:05.177Z</time>
      </trkpt>
      <trkpt lat="46.4441648" lon="12.9581608">
        <ele>1026.0815657985709</ele>
        <time>2025-03-30T11:34:08.177Z</time>
      </trkpt>
      <trkpt lat="46.4441481" lon="12.9581396">
        <ele>1024.5622739509608</ele>
        <time>2025-03-30T11:34:12.177Z</time>
      </trkpt>
      <trkpt lat="46.4441385" lon="12.9581477">
        <ele>1024.22742961191</ele>
        <time>2025-03-30T11:34:13.177Z</time>
      </trkpt>
      <trkpt lat="46.4441137" lon="12.9581665">
        <ele>1023.1936698248027</ele>
        <time>2025-03-30T11:34:15.177Z</time>
      </trkpt>
      <trkpt lat="46.4440735" lon="12.9582069">
        <ele>1021.7425100642664</ele>
        <time>2025-03-30T11:34:18.177Z</time>
      </trkpt>
      <trkpt lat="46.4440398" lon="12.958242">
        <ele>1020.9830312116196</ele>
        <time>2025-03-30T11:34:20.177Z</time>
      </trkpt>
      <trkpt lat="46.4439851" lon="12.958293">
        <ele>1019.8079358138607</ele>
        <time>2025-03-30T11:34:23.177Z</time>
      </trkpt>
      <trkpt lat="46.4439635" lon="12.9583082">
        <ele>1019.2050574644152</ele>
        <time>2025-03-30T11:34:24.177Z</time>
      </trkpt>
      <trkpt lat="46.4439472" lon="12.9583216">
        <ele>1018.8394404167473</ele>
        <time>2025-03-30T11:34:25.177Z</time>
      </trkpt>
      <trkpt lat="46.4439173" lon="12.958332">
        <ele>1017.5686489110174</ele>
        <time>2025-03-30T11:34:26.177Z</time>
      </trkpt>
      <trkpt lat="46.4438987" lon="12.9583488">
        <ele>1017.2345489957427</ele>
        <time>2025-03-30T11:34:27.177Z</time>
      </trkpt>
      <trkpt lat="46.4438831" lon="12.9583663">
        <ele>1017.1638214807917</ele>
        <time>2025-03-30T11:34:28.177Z</time>
      </trkpt>
      <trkpt lat="46.4438631" lon="12.9583853">
        <ele>1017.019092680541</ele>
        <time>2025-03-30T11:34:29.177Z</time>
      </trkpt>
      <trkpt lat="46.4438447" lon="12.9584025">
        <ele>1016.8784599766354</ele>
        <time>2025-03-30T11:34:30.177Z</time>
      </trkpt>
      <trkpt lat="46.4438255" lon="12.958418">
        <ele>1016.6164550110143</ele>
        <time>2025-03-30T11:34:31.177Z</time>
      </trkpt>
      <trkpt lat="46.4437878" lon="12.9584485">
        <ele>1016.0895584086725</ele>
        <time>2025-03-30T11:34:33.177Z</time>
      </trkpt>
      <trkpt lat="46.4437454" lon="12.9584742">
        <ele>1015.3424769402807</ele>
        <time>2025-03-30T11:34:35.177Z</time>
      </trkpt>
      <trkpt lat="46.4437368" lon="12.9584974">
        <ele>1015.9741606711433</ele>
        <time>2025-03-30T11:34:36.177Z</time>
      </trkpt>
      <trkpt lat="46.4437124" lon="12.9585119">
        <ele>1015.5442785818238</ele>
        <time>2025-03-30T11:34:37.177Z</time>
      </trkpt>
      <trkpt lat="46.4436944" lon="12.9585222">
        <ele>1015.1876615272622</ele>
        <time>2025-03-30T11:34:38.177Z</time>
      </trkpt>
      <trkpt lat="46.4436603" lon="12.9585438">
        <ele>1014.5393981284824</ele>
        <time>2025-03-30T11:34:40.177Z</time>
      </trkpt>
      <trkpt lat="46.4436271" lon="12.9585718">
        <ele>1014.5464471398022</ele>
        <time>2025-03-30T11:34:42.177Z</time>
      </trkpt>
      <trkpt lat="46.4435876" lon="12.9586061">
        <ele>1014.5663632855649</ele>
        <time>2025-03-30T11:34:44.177Z</time>
      </trkpt>
      <trkpt lat="46.4435638" lon="12.9586173">
        <ele>1014.1223505328</ele>
        <time>2025-03-30T11:34:45.177Z</time>
      </trkpt>
      <trkpt lat="46.4435441" lon="12.9586272">
        <ele>1013.7579741214702</ele>
        <time>2025-03-30T11:34:46.177Z</time>
      </trkpt>
      <trkpt lat="46.443518" lon="12.9586313">
        <ele>1012.8917520726427</ele>
        <time>2025-03-30T11:34:47.177Z</time>
      </trkpt>
      <trkpt lat="46.4434945" lon="12.9586397">
        <ele>1012.2921646609805</ele>
        <time>2025-03-30T11:34:48.177Z</time>
      </trkpt>
      <trkpt lat="46.4434328" lon="12.9586372">
        <ele>1009.7550644029566</ele>
        <time>2025-03-30T11:34:50.177Z</time>
      </trkpt>
      <trkpt lat="46.443412" lon="12.9586373">
        <ele>1008.8882420048213</ele>
        <time>2025-03-30T11:34:51.177Z</time>
      </trkpt>
      <trkpt lat="46.4433925" lon="12.9586433">
        <ele>1008.1571191378434</ele>
        <time>2025-03-30T11:34:52.177Z</time>
      </trkpt>
      <trkpt lat="46.4433388" lon="12.9586847">
        <ele>1007.2578365106169</ele>
        <time>2025-03-30T11:34:55.177Z</time>
      </trkpt>
      <trkpt lat="46.4433174" lon="12.9586935">
        <ele>1006.6154434873473</ele>
        <time>2025-03-30T11:34:56.177Z</time>
      </trkpt>
      <trkpt lat="46.4432693" lon="12.9586941">
        <ele>1004.2894013683983</ele>
        <time>2025-03-30T11:34:58.177Z</time>
      </trkpt>
      <trkpt lat="46.4432426" lon="12.9586914">
        <ele>1002.8452944096482</ele>
        <time>2025-03-30T11:34:59.177Z</time>
      </trkpt>
      <trkpt lat="46.4432085" lon="12.9586863">
        <ele>1000.9391188473708</ele>
        <time>2025-03-30T11:35:00.177Z</time>
      </trkpt>
      <trkpt lat="46.4431013" lon="12.9586631">
        <ele>995.5831221222286</ele>
        <time>2025-03-30T11:35:02.177Z</time>
      </trkpt>
      <trkpt lat="46.4430513" lon="12.958652">
        <ele>993.4014230783436</ele>
        <time>2025-03-30T11:35:04.177Z</time>
      </trkpt>
      <trkpt lat="46.4429934" lon="12.9586598">
        <ele>991.8817436513411</ele>
        <time>2025-03-30T11:35:06.177Z</time>
      </trkpt>
      <trkpt lat="46.4429379" lon="12.9586676">
        <ele>990.4150195499692</ele>
        <time>2025-03-30T11:35:08.177Z</time>
      </trkpt>
      <trkpt lat="46.4429171" lon="12.9586814">
        <ele>990.2468120910085</ele>
        <time>2025-03-30T11:35:09.177Z</time>
      </trkpt>
      <trkpt lat="46.442866" lon="12.9587007">
        <ele>989.4233221636263</ele>
        <time>2025-03-30T11:35:11.177Z</time>
      </trkpt>
      <trkpt lat="46.442844" lon="12.9587152">
        <ele>989.1510936021422</ele>
        <time>2025-03-30T11:35:12.177Z</time>
      </trkpt>
      <trkpt lat="46.442804" lon="12.9587555">
        <ele>989.0891790970464</ele>
        <time>2025-03-30T11:35:15.177Z</time>
      </trkpt>
      <trkpt lat="46.4427938" lon="12.9587616">
        <ele>988.9840572595641</ele>
        <time>2025-03-30T11:35:16.177Z</time>
      </trkpt>
      <trkpt lat="46.4426993" lon="12.9587945">
        <ele>987.3738964941718</ele>
        <time>2025-03-30T11:35:21.177Z</time>
      </trkpt>
      <trkpt lat="46.4426737" lon="12.958806">
        <ele>986.9321204715092</ele>
        <time>2025-03-30T11:35:22.177Z</time>
      </trkpt>
      <trkpt lat="46.4426493" lon="12.9588147">
        <ele>986.463968746245</ele>
        <time>2025-03-30T11:35:23.177Z</time>
      </trkpt>
      <trkpt lat="46.4425652" lon="12.958869">
        <ele>985.3233840738972</ele>
        <time>2025-03-30T11:35:26.177Z</time>
      </trkpt>
      <trkpt lat="46.4425415" lon="12.9588999">
        <ele>985.4298915602132</ele>
        <time>2025-03-30T11:35:27.177Z</time>
      </trkpt>
      <trkpt lat="46.4425174" lon="12.9589249">
        <ele>985.5393871179791</ele>
        <time>2025-03-30T11:35:28.177Z</time>
      </trkpt>
      <trkpt lat="46.4424676" lon="12.9589473">
        <ele>984.9845970384438</ele>
        <time>2025-03-30T11:35:30.177Z</time>
      </trkpt>
      <trkpt lat="46.4424403" lon="12.9589354">
        <ele>984.0612250621168</ele>
        <time>2025-03-30T11:35:31.177Z</time>
      </trkpt>
      <trkpt lat="46.4423864" lon="12.9588959">
        <ele>981.7911034699027</ele>
        <time>2025-03-30T11:35:33.177Z</time>
      </trkpt>
      <trkpt lat="46.4423591" lon="12.9588893">
        <ele>981.0069794323787</ele>
        <time>2025-03-30T11:35:34.177Z</time>
      </trkpt>
      <trkpt lat="46.4423296" lon="12.9588914">
        <ele>980.3678313985528</ele>
        <time>2025-03-30T11:35:35.177Z</time>
      </trkpt>
      <trkpt lat="46.4422972" lon="12.9588956">
        <ele>979.7032248282729</ele>
        <time>2025-03-30T11:35:36.177Z</time>
      </trkpt>
      <trkpt lat="46.4422275" lon="12.9589101">
        <ele>978.4318881048523</ele>
        <time>2025-03-30T11:35:38.177Z</time>
      </trkpt>
      <trkpt lat="46.4421892" lon="12.9589223">
        <ele>977.859834801141</ele>
        <time>2025-03-30T11:35:39.177Z</time>
      </trkpt>
      <trkpt lat="46.4421492" lon="12.9589337">
        <ele>977.229531226147</ele>
        <time>2025-03-30T11:35:40.177Z</time>
      </trkpt>
      <trkpt lat="46.4421081" lon="12.958939">
        <ele>976.4098581953978</ele>
        <time>2025-03-30T11:35:41.177Z</time>
      </trkpt>
      <trkpt lat="46.4420248" lon="12.9589685">
        <ele>975.2836122403467</ele>
        <time>2025-03-30T11:35:44.177Z</time>
      </trkpt>
      <trkpt lat="46.4420102" lon="12.9589878">
        <ele>975.4337522638316</ele>
        <time>2025-03-30T11:35:45.177Z</time>
      </trkpt>
      <trkpt lat="46.4419774" lon="12.9590185">
        <ele>975.4169246106239</ele>
        <time>2025-03-30T11:35:47.177Z</time>
      </trkpt>
      <trkpt lat="46.4419417" lon="12.9590598">
        <ele>975.5238732433759</ele>
        <time>2025-03-30T11:35:49.177Z</time>
      </trkpt>
      <trkpt lat="46.4419205" lon="12.9590825">
        <ele>975.815289059663</ele>
        <time>2025-03-30T11:35:50.177Z</time>
      </trkpt>
      <trkpt lat="46.4418301" lon="12.9591223">
        <ele>975.1451710007489</ele>
        <time>2025-03-30T11:35:53.177Z</time>
      </trkpt>
      <trkpt lat="46.4417872" lon="12.9591349">
        <ele>974.6609720327879</ele>
        <time>2025-03-30T11:35:54.177Z</time>
      </trkpt>
      <trkpt lat="46.441741" lon="12.9591469">
        <ele>974.1978616855763</ele>
        <time>2025-03-30T11:35:55.177Z</time>
      </trkpt>
      <trkpt lat="46.4417013" lon="12.9591618">
        <ele>974.1004056433273</ele>
        <time>2025-03-30T11:35:56.177Z</time>
      </trkpt>
      <trkpt lat="46.4416705" lon="12.9591695">
        <ele>973.8965182170801</ele>
        <time>2025-03-30T11:35:57.177Z</time>
      </trkpt>
      <trkpt lat="46.4416425" lon="12.9591717">
        <ele>973.5611252058558</ele>
        <time>2025-03-30T11:35:58.177Z</time>
      </trkpt>
      <trkpt lat="46.4416081" lon="12.9591824">
        <ele>973.474425593603</ele>
        <time>2025-03-30T11:36:00.177Z</time>
      </trkpt>
      <trkpt lat="46.4415795" lon="12.9591952">
        <ele>973.5230429091137</ele>
        <time>2025-03-30T11:36:02.177Z</time>
      </trkpt>
      <trkpt lat="46.4414744" lon="12.9591877">
        <ele>972.0818110268832</ele>
        <time>2025-03-30T11:36:05.177Z</time>
      </trkpt>
      <trkpt lat="46.4414319" lon="12.9591909">
        <ele>971.7055747081215</ele>
        <time>2025-03-30T11:36:06.177Z</time>
      </trkpt>
      <trkpt lat="46.4413924" lon="12.9591979">
        <ele>971.4626032919122</ele>
        <time>2025-03-30T11:36:07.177Z</time>
      </trkpt>
      <trkpt lat="46.4412813" lon="12.959222">
        <ele>970.8428251575747</ele>
        <time>2025-03-30T11:36:10.177Z</time>
      </trkpt>
      <trkpt lat="46.4412537" lon="12.9592288">
        <ele>970.7185478530762</ele>
        <time>2025-03-30T11:36:11.177Z</time>
      </trkpt>
      <trkpt lat="46.4412167" lon="12.9592396">
        <ele>970.6650673290462</ele>
        <time>2025-03-30T11:36:13.177Z</time>
      </trkpt>
      <trkpt lat="46.4412045" lon="12.9592418">
        <ele>970.6040110216501</ele>
        <time>2025-03-30T11:36:15.177Z</time>
      </trkpt>
      <trkpt lat="46.4411988" lon="12.959236">
        <ele>970.2996992575988</ele>
        <time>2025-03-30T11:36:21.177Z</time>
      </trkpt>
      <trkpt lat="46.4411931" lon="12.9592343">
        <ele>970.1600764481702</ele>
        <time>2025-03-30T11:36:25.177Z</time>
      </trkpt>
      <trkpt lat="46.441198" lon="12.9592318">
        <ele>970.1227745852746</ele>
        <time>2025-03-30T11:36:31.177Z</time>
      </trkpt>
      <trkpt lat="46.4411971" lon="12.9592337">
        <ele>970.1854678984911</ele>
        <time>2025-03-30T11:36:34.177Z</time>
      </trkpt>
      <trkpt lat="46.4411971" lon="12.9592334">
        <ele>970.1733125116192</ele>
        <time>2025-03-30T11:36:35.177Z</time>
      </trkpt>
      <trkpt lat="46.441192" lon="12.959227">
        <ele>969.8802849243294</ele>
        <time>2025-03-30T11:36:41.177Z</time>
      </trkpt>
      <trkpt lat="46.441192" lon="12.9592274">
        <ele>969.894244772767</ele>
        <time>2025-03-30T11:36:43.177Z</time>
      </trkpt>
      <trkpt lat="46.4411939" lon="12.9592291">
        <ele>969.9774394401547</ele>
        <time>2025-03-30T11:36:49.177Z</time>
      </trkpt>
      <trkpt lat="46.4411766" lon="12.9592202">
        <ele>969.446210797261</ele>
        <time>2025-03-30T11:36:52.177Z</time>
      </trkpt>
      <trkpt lat="46.441162" lon="12.9592181">
        <ele>969.217551140488</ele>
        <time>2025-03-30T11:36:56.177Z</time>
      </trkpt>
      <trkpt lat="46.441151" lon="12.9592187">
        <ele>969.1480091660272</ele>
        <time>2025-03-30T11:36:59.177Z</time>
      </trkpt>
      <trkpt lat="46.4411481" lon="12.9592172">
        <ele>969.0706420645266</ele>
        <time>2025-03-30T11:37:05.177Z</time>
      </trkpt>
      <trkpt lat="46.4411477" lon="12.9592163">
        <ele>969.0352813086538</ele>
        <time>2025-03-30T11:37:06.177Z</time>
      </trkpt>
      <trkpt lat="46.4411478" lon="12.9592124">
        <ele>968.8972166137229</ele>
        <time>2025-03-30T11:37:12.177Z</time>
      </trkpt>
      <trkpt lat="46.44115" lon="12.9592139">
        <ele>968.9688852004922</ele>
        <time>2025-03-30T11:37:17.177Z</time>
      </trkpt>
      <trkpt lat="46.4411501" lon="12.9592143">
        <ele>968.9839531440405</ele>
        <time>2025-03-30T11:37:19.177Z</time>
      </trkpt>
      <trkpt lat="46.4411506" lon="12.9592148">
        <ele>969.0058952281503</ele>
        <time>2025-03-30T11:37:21.177Z</time>
      </trkpt>
      <trkpt lat="46.4411512" lon="12.9592141">
        <ele>968.9859564825247</ele>
        <time>2025-03-30T11:37:24.177Z</time>
      </trkpt>
      <trkpt lat="46.4411492" lon="12.9592154">
        <ele>969.0156537893951</ele>
        <time>2025-03-30T11:37:25.177Z</time>
      </trkpt>
      <trkpt lat="46.4411191" lon="12.9592269">
        <ele>969.1783512589816</ele>
        <time>2025-03-30T11:37:27.177Z</time>
      </trkpt>
      <trkpt lat="46.4410929" lon="12.9592322">
        <ele>969.1545184714354</ele>
        <time>2025-03-30T11:37:28.177Z</time>
      </trkpt>
      <trkpt lat="46.4410351" lon="12.9592547">
        <ele>969.6922408427439</ele>
        <time>2025-03-30T11:37:30.177Z</time>
      </trkpt>
      <trkpt lat="46.4409645" lon="12.9592695">
        <ele>969.9380398429217</ele>
        <time>2025-03-30T11:37:32.177Z</time>
      </trkpt>
      <trkpt lat="46.4408926" lon="12.9592835">
        <ele>970.1919669003917</ele>
        <time>2025-03-30T11:37:34.177Z</time>
      </trkpt>
      <trkpt lat="46.4408536" lon="12.9592892">
        <ele>970.268214950105</ele>
        <time>2025-03-30T11:37:35.177Z</time>
      </trkpt>
      <trkpt lat="46.4408153" lon="12.9592998">
        <ele>970.4701621495533</ele>
        <time>2025-03-30T11:37:36.177Z</time>
      </trkpt>
      <trkpt lat="46.4407373" lon="12.9593059">
        <ele>970.5723426647344</ele>
        <time>2025-03-30T11:37:38.177Z</time>
      </trkpt>
      <trkpt lat="46.4406964" lon="12.9593022">
        <ele>970.4411975283133</ele>
        <time>2025-03-30T11:37:39.177Z</time>
      </trkpt>
      <trkpt lat="46.4406078" lon="12.9593082">
        <ele>970.7485384745514</ele>
        <time>2025-03-30T11:37:41.177Z</time>
      </trkpt>
      <trkpt lat="46.4405117" lon="12.9593077">
        <ele>971.000639694141</ele>
        <time>2025-03-30T11:37:43.177Z</time>
      </trkpt>
      <trkpt lat="46.440406" lon="12.9592926">
        <ele>971.1471307516777</ele>
        <time>2025-03-30T11:37:45.177Z</time>
      </trkpt>
      <trkpt lat="46.4403022" lon="12.9592688">
        <ele>971.1365001442055</ele>
        <time>2025-03-30T11:37:47.177Z</time>
      </trkpt>
      <trkpt lat="46.4401571" lon="12.9591918">
        <ele>970.3664207172116</ele>
        <time>2025-03-30T11:37:50.177Z</time>
      </trkpt>
      <trkpt lat="46.4401166" lon="12.9591528">
        <ele>970.0184371177642</ele>
        <time>2025-03-30T11:37:51.177Z</time>
      </trkpt>
      <trkpt lat="46.4400789" lon="12.9591027">
        <ele>969.7062788748677</ele>
        <time>2025-03-30T11:37:52.177Z</time>
      </trkpt>
      <trkpt lat="46.4400077" lon="12.9589835">
        <ele>969.2091856341916</ele>
        <time>2025-03-30T11:37:54.177Z</time>
      </trkpt>
      <trkpt lat="46.4398874" lon="12.958766">
        <ele>968.7314447624663</ele>
        <time>2025-03-30T11:37:57.177Z</time>
      </trkpt>
      <trkpt lat="46.4397994" lon="12.9586227">
        <ele>968.4964439125197</ele>
        <time>2025-03-30T11:37:59.177Z</time>
      </trkpt>
      <trkpt lat="46.4397994" lon="12.9586227">
        <ele>968.4964439125197</ele>
        <time>2025-03-30T11:38:02.177Z</time>
      </trkpt>
      <trkpt lat="46.4396799" lon="12.958578">
        <ele>969.566211097024</ele>
        <time>2025-04-22T08:14:52.809Z</time>
      </trkpt>
      <trkpt lat="46.4394982" lon="12.9585566">
        <ele>971.8698270255127</ele>
        <time>2025-04-22T08:15:02.295Z</time>
      </trkpt>
      <trkpt lat="46.4394982" lon="12.9585566">
        <ele>971.8698270255127</ele>
        <time>2025-04-22T08:15:23.360Z</time>
      </trkpt>
      <trkpt lat="46.4394537" lon="12.9585673">
        <ele>972.6493747092982</ele>
        <time>2025-04-22T08:17:30.053Z</time>
      </trkpt>
      <trkpt lat="46.4394166" lon="12.9585834">
        <ele>973.4216611231907</ele>
        <time>2025-04-22T08:17:32.219Z</time>
      </trkpt>
      <trkpt lat="46.43927294652647" lon="12.958622574608114">
        <ele>975.0694986521669</ele>
        <time>2025-04-22T08:17:40.355Z</time>
      </trkpt>
      <trkpt lat="46.43915930549099" lon="12.958687200158579">
        <ele>976.1541213418882</ele>
        <time>2025-04-22T08:17:47.149Z</time>
      </trkpt>
      <trkpt lat="46.4391566" lon="12.9586861">
        <ele>976.1464799747491</ele>
        <time>2025-04-22T08:17:47.336Z</time>
      </trkpt>
      <trkpt lat="46.4390626" lon="12.9587992">
        <ele>977.7078825520261</ele>
        <time>2025-04-22T08:17:50.336Z</time>
      </trkpt>
      <trkpt lat="46.4390166" lon="12.9588729">
        <ele>978.5220927351415</ele>
        <time>2025-04-22T08:17:52.336Z</time>
      </trkpt>
      <trkpt lat="46.4389955" lon="12.9588991">
        <ele>978.7578766036518</ele>
        <time>2025-04-22T08:17:53.336Z</time>
      </trkpt>
      <trkpt lat="46.4389393" lon="12.958968">
        <ele>979.4040210067999</ele>
        <time>2025-04-22T08:17:56.336Z</time>
      </trkpt>
      <trkpt lat="46.4388725" lon="12.9590063">
        <ele>979.2905306625353</ele>
        <time>2025-04-22T08:17:59.336Z</time>
      </trkpt>
      <trkpt lat="46.4388086" lon="12.9590706">
        <ele>979.4342102871386</ele>
        <time>2025-04-22T08:18:02.336Z</time>
      </trkpt>
      <trkpt lat="46.4387834" lon="12.9591259">
        <ele>979.9873210030203</ele>
        <time>2025-04-22T08:18:04.336Z</time>
      </trkpt>
      <trkpt lat="46.4387732" lon="12.9591519">
        <ele>980.2528615415315</ele>
        <time>2025-04-22T08:18:05.336Z</time>
      </trkpt>
      <trkpt lat="46.438743" lon="12.9592083">
        <ele>980.6723593249455</ele>
        <time>2025-04-22T08:18:07.336Z</time>
      </trkpt>
      <trkpt lat="46.4387225" lon="12.9592498">
        <ele>981.0237438968231</ele>
        <time>2025-04-22T08:18:08.336Z</time>
      </trkpt>
      <trkpt lat="46.438673" lon="12.9593525">
        <ele>981.9081713845628</ele>
        <time>2025-04-22T08:18:11.336Z</time>
      </trkpt>
      <trkpt lat="46.4386438" lon="12.9593975">
        <ele>981.991903407561</ele>
        <time>2025-04-22T08:18:13.336Z</time>
      </trkpt>
      <trkpt lat="46.4386304" lon="12.9594156">
        <ele>981.9661077318253</ele>
        <time>2025-04-22T08:18:14.336Z</time>
      </trkpt>
      <trkpt lat="46.4385919" lon="12.9594582">
        <ele>981.6956653784848</ele>
        <time>2025-04-22T08:18:16.336Z</time>
      </trkpt>
      <trkpt lat="46.4385714" lon="12.9595012">
        <ele>981.8267566818306</ele>
        <time>2025-04-22T08:18:17.336Z</time>
      </trkpt>
      <trkpt lat="46.438537" lon="12.9596057">
        <ele>982.2217426368225</ele>
        <time>2025-04-22T08:18:19.336Z</time>
      </trkpt>
      <trkpt lat="46.4385207" lon="12.9596603">
        <ele>982.3232277725378</ele>
        <time>2025-04-22T08:18:20.336Z</time>
      </trkpt>
      <trkpt lat="46.4384952" lon="12.9597715">
        <ele>982.666677997683</ele>
        <time>2025-04-22T08:18:22.336Z</time>
      </trkpt>
      <trkpt lat="46.4384855" lon="12.9598309">
        <ele>982.8227265907326</ele>
        <time>2025-04-22T08:18:23.336Z</time>
      </trkpt>
      <trkpt lat="46.4384798" lon="12.959892">
        <ele>983.1184959033624</ele>
        <time>2025-04-22T08:18:24.336Z</time>
      </trkpt>
      <trkpt lat="46.4384709" lon="12.9600142">
        <ele>983.8044844349315</ele>
        <time>2025-04-22T08:18:26.336Z</time>
      </trkpt>
      <trkpt lat="46.4384679" lon="12.9601272">
        <ele>984.643207317316</ele>
        <time>2025-04-22T08:18:28.336Z</time>
      </trkpt>
      <trkpt lat="46.4384717" lon="12.9601823">
        <ele>985.2403333702392</ele>
        <time>2025-04-22T08:18:29.336Z</time>
      </trkpt>
      <trkpt lat="46.4384779" lon="12.9602341">
        <ele>985.879761342369</ele>
        <time>2025-04-22T08:18:30.336Z</time>
      </trkpt>
      <trkpt lat="46.4384896" lon="12.9602848">
        <ele>986.7052914208481</ele>
        <time>2025-04-22T08:18:31.336Z</time>
      </trkpt>
      <trkpt lat="46.4385042" lon="12.9603344">
        <ele>987.6749254519557</ele>
        <time>2025-04-22T08:18:32.336Z</time>
      </trkpt>
      <trkpt lat="46.4385178" lon="12.9603783">
        <ele>988.5883568974173</ele>
        <time>2025-04-22T08:18:33.336Z</time>
      </trkpt>
      <trkpt lat="46.438529" lon="12.9606442">
        <ele>990.9065861511801</ele>
        <time>2025-04-22T08:19:26.336Z</time>
      </trkpt>
      <trkpt lat="46.4385211" lon="12.9606618">
        <ele>990.6386281780543</ele>
        <time>2025-04-22T08:19:27.336Z</time>
      </trkpt>
      <trkpt lat="46.4385074" lon="12.9606951">
        <ele>990.1581710276024</ele>
        <time>2025-04-22T08:19:29.336Z</time>
      </trkpt>
      <trkpt lat="46.4384979" lon="12.9607437">
        <ele>989.8912576681903</ele>
        <time>2025-04-22T08:19:31.336Z</time>
      </trkpt>
      <trkpt lat="46.4384876" lon="12.9607781">
        <ele>989.5210653500753</ele>
        <time>2025-04-22T08:19:32.336Z</time>
      </trkpt>
      <trkpt lat="46.4384736" lon="12.9609065">
        <ele>991.7437557043987</ele>
        <time>2025-04-22T08:19:35.336Z</time>
      </trkpt>
      <trkpt lat="46.4384755" lon="12.9609966">
        <ele>994.7822164652583</ele>
        <time>2025-04-22T08:19:37.336Z</time>
      </trkpt>
      <trkpt lat="46.4384742" lon="12.9610532">
        <ele>997.0680977969926</ele>
        <time>2025-04-22T08:19:38.336Z</time>
      </trkpt>
      <trkpt lat="46.4384674" lon="12.9611323">
        <ele>1000.0120272434265</ele>
        <time>2025-04-22T08:19:40.336Z</time>
      </trkpt>
      <trkpt lat="46.4384544" lon="12.961152">
        <ele>1000.2034805993336</ele>
        <time>2025-04-22T08:19:41.336Z</time>
      </trkpt>
      <trkpt lat="46.4384297" lon="12.9611996">
        <ele>1000.8731692536126</ele>
        <time>2025-04-22T08:19:43.336Z</time>
      </trkpt>
      <trkpt lat="46.4384073" lon="12.9612382">
        <ele>1001.4115642001223</ele>
        <time>2025-04-22T08:19:45.336Z</time>
      </trkpt>
      <trkpt lat="46.4384016" lon="12.9612547">
        <ele>1001.8650931220014</ele>
        <time>2025-04-22T08:19:46.336Z</time>
      </trkpt>
      <trkpt lat="46.4383664" lon="12.9613323">
        <ele>1003.3442597877188</ele>
        <time>2025-04-22T08:19:49.336Z</time>
      </trkpt>
      <trkpt lat="46.4383182" lon="12.9614118">
        <ele>1004.2232015578968</ele>
        <time>2025-04-22T08:19:51.336Z</time>
      </trkpt>
      <trkpt lat="46.4382265" lon="12.961502">
        <ele>1003.5684826201744</ele>
        <time>2025-04-22T08:19:55.336Z</time>
      </trkpt>
      <trkpt lat="46.4382101" lon="12.9615187">
        <ele>1003.4512331213396</ele>
        <time>2025-04-22T08:19:56.336Z</time>
      </trkpt>
      <trkpt lat="46.4381795" lon="12.9615555">
        <ele>1003.1236648792562</ele>
        <time>2025-04-22T08:19:58.336Z</time>
      </trkpt>
      <trkpt lat="46.4381495" lon="12.9615734">
        <ele>1002.3321036714565</ele>
        <time>2025-04-22T08:20:00.336Z</time>
      </trkpt>
      <trkpt lat="46.4381187" lon="12.9616029">
        <ele>1002.0365170138878</ele>
        <time>2025-04-22T08:20:02.336Z</time>
      </trkpt>
      <trkpt lat="46.4381001" lon="12.9616109">
        <ele>1001.5396777912272</ele>
        <time>2025-04-22T08:20:03.336Z</time>
      </trkpt>
      <trkpt lat="46.4380818" lon="12.9616231">
        <ele>1001.0720096629731</ele>
        <time>2025-04-22T08:20:04.336Z</time>
      </trkpt>
      <trkpt lat="46.4380322" lon="12.9616544">
        <ele>999.2109746573772</ele>
        <time>2025-04-22T08:20:07.336Z</time>
      </trkpt>
      <trkpt lat="46.4380168" lon="12.9616653">
        <ele>998.6418332545898</ele>
        <time>2025-04-22T08:20:08.336Z</time>
      </trkpt>
      <trkpt lat="46.4379887" lon="12.9616911">
        <ele>997.8404254872952</ele>
        <time>2025-04-22T08:20:10.336Z</time>
      </trkpt>
      <trkpt lat="46.4379549" lon="12.9617218">
        <ele>998.0466309074109</ele>
        <time>2025-04-22T08:20:12.336Z</time>
      </trkpt>
      <trkpt lat="46.4379425" lon="12.9617348">
        <ele>998.4394828184159</ele>
        <time>2025-04-22T08:20:13.336Z</time>
      </trkpt>
      <trkpt lat="46.4379304" lon="12.9617469">
        <ele>998.8051372895861</ele>
        <time>2025-04-22T08:20:14.336Z</time>
      </trkpt>
      <trkpt lat="46.4379149" lon="12.9617709">
        <ele>999.5304023570789</ele>
        <time>2025-04-22T08:20:16.336Z</time>
      </trkpt>
      <trkpt lat="46.4379027" lon="12.9617799">
        <ele>999.8023767566337</ele>
        <time>2025-04-22T08:20:17.336Z</time>
      </trkpt>
      <trkpt lat="46.4378942" lon="12.9617893">
        <ele>1000.0864389082999</ele>
        <time>2025-04-22T08:20:18.336Z</time>
      </trkpt>
      <trkpt lat="46.4378649" lon="12.9618264">
        <ele>1000.8533157834436</ele>
        <time>2025-04-22T08:20:21.336Z</time>
      </trkpt>
      <trkpt lat="46.4378553" lon="12.9618426">
        <ele>993.9781950017814</ele>
        <time>2025-04-22T08:20:22.336Z</time>
      </trkpt>
      <trkpt lat="46.4378193" lon="12.9618912">
        <ele>992.8770371038916</ele>
        <time>2025-04-22T08:20:25.336Z</time>
      </trkpt>
      <trkpt lat="46.4377812" lon="12.9619429">
        <ele>991.8460848192158</ele>
        <time>2025-04-22T08:20:30.336Z</time>
      </trkpt>
      <trkpt lat="46.4377781" lon="12.9619461">
        <ele>991.7474264894877</ele>
        <time>2025-04-22T08:20:31.336Z</time>
      </trkpt>
      <trkpt lat="46.4377769" lon="12.9619463">
        <ele>991.6880725039592</ele>
        <time>2025-04-22T08:20:32.336Z</time>
      </trkpt>
      <trkpt lat="46.4377637" lon="12.9619597">
        <ele>991.2714002647231</ele>
        <time>2025-04-22T08:20:38.336Z</time>
      </trkpt>
      <trkpt lat="46.4377634" lon="12.9619603">
        <ele>991.2682758332683</ele>
        <time>2025-04-22T08:20:39.336Z</time>
      </trkpt>
      <trkpt lat="46.4377525" lon="12.961975">
        <ele>991.0112610308496</ele>
        <time>2025-04-22T08:20:44.336Z</time>
      </trkpt>
      <trkpt lat="46.4377528" lon="12.9619825">
        <ele>991.1485591058505</ele>
        <time>2025-04-22T08:20:45.336Z</time>
      </trkpt>
      <trkpt lat="46.4377509" lon="12.961996">
        <ele>991.1952032127433</ele>
        <time>2025-04-22T08:20:48.336Z</time>
      </trkpt>
      <trkpt lat="46.4377425" lon="12.9620077">
        <ele>990.8968614996594</ele>
        <time>2025-04-22T08:20:49.336Z</time>
      </trkpt>
      <trkpt lat="46.4377249" lon="12.9620297">
        <ele>990.306587506298</ele>
        <time>2025-04-22T08:20:51.336Z</time>
      </trkpt>
      <trkpt lat="46.4377138" lon="12.9620427">
        <ele>989.9511528050766</ele>
        <time>2025-04-22T08:20:52.336Z</time>
      </trkpt>
      <trkpt lat="46.4377072" lon="12.9620598">
        <ele>989.8694503157122</ele>
        <time>2025-04-22T08:20:53.336Z</time>
      </trkpt>
      <trkpt lat="46.4376885" lon="12.9620837">
        <ele>989.3606446668549</ele>
        <time>2025-04-22T08:20:55.336Z</time>
      </trkpt>
      <trkpt lat="46.4376606" lon="12.96213">
        <ele>988.8596641687986</ele>
        <time>2025-04-22T08:20:59.336Z</time>
      </trkpt>
      <trkpt lat="46.437649" lon="12.9621399">
        <ele>988.5415527216288</ele>
        <time>2025-04-22T08:21:00.336Z</time>
      </trkpt>
      <trkpt lat="46.4376323" lon="12.9621658">
        <ele>988.1586267676926</ele>
        <time>2025-04-22T08:21:02.336Z</time>
      </trkpt>
      <trkpt lat="46.4376132" lon="12.9621911">
        <ele>987.5960498825581</ele>
        <time>2025-04-22T08:21:04.336Z</time>
      </trkpt>
      <trkpt lat="46.437604" lon="12.9622007">
        <ele>987.3179938911477</ele>
        <time>2025-04-22T08:21:05.336Z</time>
      </trkpt>
      <trkpt lat="46.437595" lon="12.9622174">
        <ele>987.117194898407</ele>
        <time>2025-04-22T08:21:07.336Z</time>
      </trkpt>
      <trkpt lat="46.437581" lon="12.962252">
        <ele>986.9111089569286</ele>
        <time>2025-04-22T08:21:09.336Z</time>
      </trkpt>
      <trkpt lat="46.4375576" lon="12.9622791">
        <ele>986.341857373304</ele>
        <time>2025-04-22T08:21:11.336Z</time>
      </trkpt>
      <trkpt lat="46.4375478" lon="12.962291">
        <ele>986.1256165058485</ele>
        <time>2025-04-22T08:21:12.336Z</time>
      </trkpt>
      <trkpt lat="46.4375326" lon="12.9623157">
        <ele>985.8814260766032</ele>
        <time>2025-04-22T08:21:14.336Z</time>
      </trkpt>
      <trkpt lat="46.4375251" lon="12.9623215">
        <ele>985.697819648004</ele>
        <time>2025-04-22T08:21:15.336Z</time>
      </trkpt>
      <trkpt lat="46.4375198" lon="12.9623391">
        <ele>985.5352658012332</ele>
        <time>2025-04-22T08:21:17.336Z</time>
      </trkpt>
      <trkpt lat="46.437514" lon="12.9623444">
        <ele>985.344252771405</ele>
        <time>2025-04-22T08:21:20.336Z</time>
      </trkpt>
      <trkpt lat="46.4375061" lon="12.9623337">
        <ele>985.0780864328838</ele>
        <time>2025-04-22T08:21:26.336Z</time>
      </trkpt>
      <trkpt lat="46.4375033" lon="12.9623342">
        <ele>984.985169723438</ele>
        <time>2025-04-22T08:21:29.336Z</time>
      </trkpt>
      <trkpt lat="46.4375116" lon="12.9623424">
        <ele>985.2638655116692</ele>
        <time>2025-04-22T08:21:35.336Z</time>
      </trkpt>
      <trkpt lat="46.4375116" lon="12.9623444">
        <ele>985.2645345808813</ele>
        <time>2025-04-22T08:21:36.336Z</time>
      </trkpt>
      <trkpt lat="46.4374735" lon="12.9623865">
        <ele>983.6715979200333</ele>
        <time>2025-04-22T08:21:42.336Z</time>
      </trkpt>
      <trkpt lat="46.4374606" lon="12.9624017">
        <ele>983.1264197742111</ele>
        <time>2025-04-22T08:21:44.336Z</time>
      </trkpt>
      <trkpt lat="46.4374556" lon="12.9624109">
        <ele>982.9298641923922</ele>
        <time>2025-04-22T08:21:45.336Z</time>
      </trkpt>
      <trkpt lat="46.4374288" lon="12.9624553">
        <ele>981.937771632852</ele>
        <time>2025-04-22T08:21:51.336Z</time>
      </trkpt>
      <trkpt lat="46.4374049" lon="12.9625072">
        <ele>981.199830418537</ele>
        <time>2025-04-22T08:21:57.336Z</time>
      </trkpt>
      <trkpt lat="46.437393" lon="12.9625243">
        <ele>980.7967749532484</ele>
        <time>2025-04-22T08:21:59.336Z</time>
      </trkpt>
      <trkpt lat="46.4373827" lon="12.9625497">
        <ele>980.4837952207846</ele>
        <time>2025-04-22T08:22:02.336Z</time>
      </trkpt>
      <trkpt lat="46.4373808" lon="12.9625804">
        <ele>980.508964255096</ele>
        <time>2025-04-22T08:22:05.336Z</time>
      </trkpt>
      <trkpt lat="46.4373867" lon="12.9625974">
        <ele>980.8393064114908</ele>
        <time>2025-04-22T08:22:07.336Z</time>
      </trkpt>
      <trkpt lat="46.4373884" lon="12.9626093">
        <ele>980.9493298870875</ele>
        <time>2025-04-22T08:22:08.336Z</time>
      </trkpt>
      <trkpt lat="46.4373956" lon="12.9626362">
        <ele>981.3175570418604</ele>
        <time>2025-04-22T08:22:10.336Z</time>
      </trkpt>
      <trkpt lat="46.437399" lon="12.9626465">
        <ele>981.4797103091358</ele>
        <time>2025-04-22T08:22:11.336Z</time>
      </trkpt>
      <trkpt lat="46.4373811" lon="12.9627073">
        <ele>981.0216114956128</ele>
        <time>2025-04-22T08:22:17.336Z</time>
      </trkpt>
      <trkpt lat="46.437377" lon="12.9627358">
        <ele>980.9195968845744</ele>
        <time>2025-04-22T08:22:19.336Z</time>
      </trkpt>
      <trkpt lat="46.4373723" lon="12.9627473">
        <ele>980.7255730438701</ele>
        <time>2025-04-22T08:22:20.336Z</time>
      </trkpt>
      <trkpt lat="46.4373461" lon="12.9627873">
        <ele>979.5562250444127</ele>
        <time>2025-04-22T08:22:24.336Z</time>
      </trkpt>
      <trkpt lat="46.4373215" lon="12.9628196">
        <ele>978.4391471157287</ele>
        <time>2025-04-22T08:22:28.336Z</time>
      </trkpt>
      <trkpt lat="46.4373148" lon="12.9628257">
        <ele>978.1250823709124</ele>
        <time>2025-04-22T08:22:29.336Z</time>
      </trkpt>
      <trkpt lat="46.4372927" lon="12.9628458">
        <ele>977.1176583489588</ele>
        <time>2025-04-22T08:22:34.336Z</time>
      </trkpt>
      <trkpt lat="46.4372718" lon="12.9628567">
        <ele>976.1710103797504</ele>
        <time>2025-04-22T08:22:37.336Z</time>
      </trkpt>
      <trkpt lat="46.4372476" lon="12.9628729">
        <ele>975.0895468207311</ele>
        <time>2025-04-22T08:22:41.336Z</time>
      </trkpt>
      <trkpt lat="46.4372242" lon="12.9628969">
        <ele>974.1214017533326</ele>
        <time>2025-04-22T08:22:45.336Z</time>
      </trkpt>
      <trkpt lat="46.43719" lon="12.9629216">
        <ele>972.6386080844161</ele>
        <time>2025-04-22T08:22:50.336Z</time>
      </trkpt>
      <trkpt lat="46.4371832" lon="12.9629267">
        <ele>972.3494392153781</ele>
        <time>2025-04-22T08:22:51.336Z</time>
      </trkpt>
      <trkpt lat="46.4371625" lon="12.9629411">
        <ele>971.4650912269467</ele>
        <time>2025-04-22T08:22:54.336Z</time>
      </trkpt>
      <trkpt lat="46.4371464" lon="12.9629513">
        <ele>970.7682832740485</ele>
        <time>2025-04-22T08:22:56.336Z</time>
      </trkpt>
      <trkpt lat="46.4371391" lon="12.9629568">
        <ele>970.4091096562602</ele>
        <time>2025-04-22T08:22:57.336Z</time>
      </trkpt>
      <trkpt lat="46.437096" lon="12.9630117">
        <ele>968.6842442019995</ele>
        <time>2025-04-22T08:23:03.336Z</time>
      </trkpt>
      <trkpt lat="46.4370853" lon="12.9630285">
        <ele>968.2638504522326</ele>
        <time>2025-04-22T08:23:05.336Z</time>
      </trkpt>
      <trkpt lat="46.4370575" lon="12.9630827">
        <ele>967.2672560586293</ele>
        <time>2025-04-22T08:23:11.336Z</time>
      </trkpt>
      <trkpt lat="46.4370475" lon="12.9631391">
        <ele>967.257966133793</ele>
        <time>2025-04-22T08:23:16.336Z</time>
      </trkpt>
      <trkpt lat="46.437039" lon="12.9631749">
        <ele>967.1320379891881</ele>
        <time>2025-04-22T08:23:19.336Z</time>
      </trkpt>
      <trkpt lat="46.4370179" lon="12.9632002">
        <ele>965.9693153501452</ele>
        <time>2025-04-22T08:23:22.336Z</time>
      </trkpt>
      <trkpt lat="46.4369724" lon="12.9632402">
        <ele>963.6290850736768</ele>
        <time>2025-04-22T08:23:28.336Z</time>
      </trkpt>
      <trkpt lat="46.4369667" lon="12.9632455">
        <ele>963.3626358906586</ele>
        <time>2025-04-22T08:23:29.336Z</time>
      </trkpt>
      <trkpt lat="46.4369415" lon="12.9632802">
        <ele>962.3129621022731</ele>
        <time>2025-04-22T08:23:34.336Z</time>
      </trkpt>
      <trkpt lat="46.4369111" lon="12.9633255">
        <ele>961.3104102838818</ele>
        <time>2025-04-22T08:23:39.336Z</time>
      </trkpt>
      <trkpt lat="46.4369052" lon="12.9633353">
        <ele>961.1457185574407</ele>
        <time>2025-04-22T08:23:40.336Z</time>
      </trkpt>
      <trkpt lat="46.436892" lon="12.9633598">
        <ele>960.7201265142496</ele>
        <time>2025-04-22T08:23:43.336Z</time>
      </trkpt>
      <trkpt lat="46.4368861" lon="12.963368">
        <ele>960.4382174649335</ele>
        <time>2025-04-22T08:23:44.336Z</time>
      </trkpt>
      <trkpt lat="46.4368799" lon="12.9633763">
        <ele>960.1551610446145</ele>
        <time>2025-04-22T08:23:45.336Z</time>
      </trkpt>
      <trkpt lat="46.4368344" lon="12.9634265">
        <ele>958.4307055468425</ele>
        <time>2025-04-22T08:23:51.336Z</time>
      </trkpt>
      <trkpt lat="46.4368291" lon="12.9634338">
        <ele>958.2608180247798</ele>
        <time>2025-04-22T08:23:52.336Z</time>
      </trkpt>
      <trkpt lat="46.4368248" lon="12.9634397">
        <ele>958.1291146299754</ele>
        <time>2025-04-22T08:23:53.336Z</time>
      </trkpt>
      <trkpt lat="46.4367958" lon="12.9634944">
        <ele>957.4266764739932</ele>
        <time>2025-04-22T08:23:59.336Z</time>
      </trkpt>
      <trkpt lat="46.436793" lon="12.963507">
        <ele>957.4002926307318</ele>
        <time>2025-04-22T08:24:00.336Z</time>
      </trkpt>
      <trkpt lat="46.4367897" lon="12.9635193">
        <ele>957.3181266868628</ele>
        <time>2025-04-22T08:24:01.336Z</time>
      </trkpt>
      <trkpt lat="46.4367598" lon="12.9635629">
        <ele>955.7570885856738</ele>
        <time>2025-04-22T08:24:06.336Z</time>
      </trkpt>
      <trkpt lat="46.436753" lon="12.963568">
        <ele>955.4779177665218</ele>
        <time>2025-04-22T08:24:07.336Z</time>
      </trkpt>
      <trkpt lat="46.4367154" lon="12.963613">
        <ele>954.0930372849427</ele>
        <time>2025-04-22T08:24:13.336Z</time>
      </trkpt>
      <trkpt lat="46.4366896" lon="12.9636439">
        <ele>953.4440636410001</ele>
        <time>2025-04-22T08:24:17.336Z</time>
      </trkpt>
      <trkpt lat="46.4366789" lon="12.9636621">
        <ele>953.2662725385921</ele>
        <time>2025-04-22T08:24:19.336Z</time>
      </trkpt>
      <trkpt lat="46.4366578" lon="12.9637099">
        <ele>952.4266390186717</ele>
        <time>2025-04-22T08:24:24.336Z</time>
      </trkpt>
      <trkpt lat="46.4366413" lon="12.963733">
        <ele>951.573033231422</ele>
        <time>2025-04-22T08:24:26.279Z</time>
      </trkpt>
      <trkpt lat="46.43664903870601" lon="12.963820669258354">
        <ele>951.3537585681772</ele>
        <time>2025-04-22T08:24:31.428Z</time>
      </trkpt>
      <trkpt lat="46.43664197384601" lon="12.963841172185425">
        <ele>951.0884731196327</ele>
        <time>2025-04-22T08:24:32.763Z</time>
      </trkpt>
      <trkpt lat="46.43664197384601" lon="12.963867533090166">
        <ele>950.9618399032046</ele>
        <time>2025-04-22T08:24:34.511Z</time>
      </trkpt>
      <trkpt lat="46.43665" lon="12.963892">
        <ele>950.8241585981417</ele>
        <time>2025-04-22T08:24:36.308Z</time>
      </trkpt>
      <trkpt lat="46.436703" lon="12.963851">
        <ele>951.8777491093283</ele>
        <time>2025-04-22T08:24:42.088Z</time>
      </trkpt>
      <trkpt lat="46.436772" lon="12.963856">
        <ele>952.4295263960353</ele>
        <time>2025-04-22T08:24:48.737Z</time>
      </trkpt>
      <trkpt lat="46.437066" lon="12.96413">
        <ele>953.9708661274501</ele>
        <time>2025-04-22T08:25:22.366Z</time>
      </trkpt>
      <trkpt lat="46.437116" lon="12.964142">
        <ele>954.5157858615062</ele>
        <time>2025-04-22T08:25:27.243Z</time>
      </trkpt>
      <trkpt lat="46.437169" lon="12.964123">
        <ele>955.5200255073877</ele>
        <time>2025-04-22T08:25:32.497Z</time>
      </trkpt>
      <trkpt lat="46.437326" lon="12.963905">
        <ele>960.3004993344955</ele>
        <time>2025-04-22T08:25:53.411Z</time>
      </trkpt>
      <trkpt lat="46.437421" lon="12.963814">
        <ele>961.0789728341031</ele>
        <time>2025-04-22T08:26:04.366Z</time>
      </trkpt>
      <trkpt lat="46.43806" lon="12.963519">
        <ele>970.1239154604878</ele>
        <time>2025-04-22T08:27:08.904Z</time>
      </trkpt>
      <trkpt lat="46.438205" lon="12.963434">
        <ele>971.5540208515997</ele>
        <time>2025-04-22T08:27:23.955Z</time>
      </trkpt>
      <trkpt lat="46.438506" lon="12.963163">
        <ele>974.8236212740256</ele>
        <time>2025-04-22T08:27:58.048Z</time>
      </trkpt>
      <trkpt lat="46.438667" lon="12.963019">
        <ele>976.636816368064</ele>
        <time>2025-04-22T08:28:16.250Z</time>
      </trkpt>
      <trkpt lat="46.438827" lon="12.962934">
        <ele>978.1979211964656</ele>
        <time>2025-04-22T08:28:32.649Z</time>
      </trkpt>
      <trkpt lat="46.439015" lon="12.962921">
        <ele>979.0023647249164</ele>
        <time>2025-04-22T08:28:50.764Z</time>
      </trkpt>
      <trkpt lat="46.439187" lon="12.962934">
        <ele>980.822563537618</ele>
        <time>2025-04-22T08:29:07.341Z</time>
      </trkpt>
      <trkpt lat="46.439496" lon="12.963154">
        <ele>983.495719149543</ele>
        <time>2025-04-22T08:29:40.468Z</time>
      </trkpt>
      <trkpt lat="46.439688" lon="12.963278">
        <ele>986.1007056696893</ele>
        <time>2025-04-22T08:30:00.695Z</time>
      </trkpt>
      <trkpt lat="46.439962" lon="12.96332">
        <ele>988.6168708972773</ele>
        <time>2025-04-22T08:30:27.213Z</time>
      </trkpt>
      <trkpt lat="46.440396" lon="12.9635">
        <ele>993.0455285697567</ele>
        <time>2025-04-22T08:31:10.656Z</time>
      </trkpt>
      <trkpt lat="46.44043" lon="12.963521">
        <ele>993.5866929705144</ele>
        <time>2025-04-22T08:31:14.212Z</time>
      </trkpt>
      <trkpt lat="46.44049" lon="12.963534">
        <ele>995.677627275217</ele>
        <time>2025-04-22T08:31:20.050Z</time>
      </trkpt>
      <trkpt lat="46.440504" lon="12.963525">
        <ele>996.5634835429432</ele>
        <time>2025-04-22T08:31:21.523Z</time>
      </trkpt>
      <trkpt lat="46.44051516056061" lon="12.963561534881592">
        <ele>996.2517807083175</ele>
        <time>2025-04-22T08:31:24.090Z</time>
      </trkpt>
      <trkpt lat="46.44054341316223" lon="12.963567733764648">
        <ele>997.4641394394115</ele>
        <time>2025-04-22T08:31:26.090Z</time>
      </trkpt>
      <trkpt lat="46.44055676460266" lon="12.963576078414917">
        <ele>997.9074777015194</ele>
        <time>2025-04-22T08:31:27.090Z</time>
      </trkpt>
      <trkpt lat="46.44060242176056" lon="12.96358335018158">
        <ele>1000.2079471111916</ele>
        <time>2025-04-22T08:31:30.090Z</time>
      </trkpt>
      <trkpt lat="46.4406179189682" lon="12.963580131530762">
        <ele>1001.2029865365927</ele>
        <time>2025-04-22T08:31:31.090Z</time>
      </trkpt>
      <trkpt lat="46.44064116477966" lon="12.963598012924194">
        <ele>1002.1888569763958</ele>
        <time>2025-04-22T08:31:33.090Z</time>
      </trkpt>
      <trkpt lat="46.44067418575287" lon="12.963614106178284">
        <ele>1003.8273281112279</ele>
        <time>2025-04-22T08:31:36.090Z</time>
      </trkpt>
      <trkpt lat="46.44068205356598" lon="12.96362042427063">
        <ele>1004.1704066011844</ele>
        <time>2025-04-22T08:31:37.090Z</time>
      </trkpt>
      <trkpt lat="46.44068133831024" lon="12.963646650314331">
        <ele>1003.5788165237512</ele>
        <time>2025-04-22T08:31:39.090Z</time>
      </trkpt>
      <trkpt lat="46.44069015979767" lon="12.963667273521423">
        <ele>1003.693908412697</ele>
        <time>2025-04-22T08:31:41.090Z</time>
      </trkpt>
      <trkpt lat="46.440696239471436" lon="12.963677287101746">
        <ele>1003.8658044356239</ele>
        <time>2025-04-22T08:31:43.090Z</time>
      </trkpt>
      <trkpt lat="46.44070112705231" lon="12.963685274124146">
        <ele>1004.016119809108</ele>
        <time>2025-04-22T08:31:44.090Z</time>
      </trkpt>
      <trkpt lat="46.44070529937744" lon="12.963721871376038">
        <ele>1003.4255384785769</ele>
        <time>2025-04-22T08:31:46.090Z</time>
      </trkpt>
      <trkpt lat="46.440706968307495" lon="12.963740944862366">
        <ele>1003.0625544921662</ele>
        <time>2025-04-22T08:31:47.090Z</time>
      </trkpt>
      <trkpt lat="46.4407297372818" lon="12.96379005908966">
        <ele>1003.3353874584556</ele>
        <time>2025-04-22T08:31:50.090Z</time>
      </trkpt>
      <trkpt lat="46.44073748588562" lon="12.963801860809326">
        <ele>1003.5525065553186</ele>
        <time>2025-04-22T08:31:51.090Z</time>
      </trkpt>
      <trkpt lat="46.44074332714081" lon="12.963814854621887">
        <ele>1003.6172550370264</ele>
        <time>2025-04-22T08:31:52.090Z</time>
      </trkpt>
      <trkpt lat="46.44074845314026" lon="12.963827729225159">
        <ele>1003.6392741820123</ele>
        <time>2025-04-22T08:31:53.090Z</time>
      </trkpt>
      <trkpt lat="46.44075691699982" lon="12.96385657787323">
        <ele>1003.493745602605</ele>
        <time>2025-04-22T08:31:55.090Z</time>
      </trkpt>
      <trkpt lat="46.44076371192932" lon="12.963884592056274">
        <ele>1003.2710683046076</ele>
        <time>2025-04-22T08:31:57.090Z</time>
      </trkpt>
      <trkpt lat="46.440765380859375" lon="12.963900566101074">
        <ele>1003.0019431527628</ele>
        <time>2025-04-22T08:31:58.090Z</time>
      </trkpt>
      <trkpt lat="46.440767884254456" lon="12.963916540145874">
        <ele>1002.7873734182263</ele>
        <time>2025-04-22T08:31:59.090Z</time>
      </trkpt>
      <trkpt lat="46.44076681137085" lon="12.964001417160034">
        <ele>1000.7028983547051</ele>
        <time>2025-04-22T08:32:03.090Z</time>
      </trkpt>
      <trkpt lat="46.440770506858826" lon="12.964036107063293">
        <ele>1000.1204411406193</ele>
        <time>2025-04-22T08:32:05.090Z</time>
      </trkpt>
      <trkpt lat="46.440773725509644" lon="12.964051723480225">
        <ele>1000.0159995728246</ele>
        <time>2025-04-22T08:32:06.090Z</time>
      </trkpt>
      <trkpt lat="46.44076597690582" lon="12.964099645614624">
        <ele>998.5687920227673</ele>
        <time>2025-04-22T08:32:08.090Z</time>
      </trkpt>
      <trkpt lat="46.440762519836426" lon="12.964120626449585">
        <ele>997.9228401818061</ele>
        <time>2025-04-22T08:32:09.090Z</time>
      </trkpt>
      <trkpt lat="46.44076335430145" lon="12.964164137840271">
        <ele>997.1228369358857</ele>
        <time>2025-04-22T08:32:11.090Z</time>
      </trkpt>
      <trkpt lat="46.44076478481293" lon="12.96419095993042">
        <ele>996.6953176266043</ele>
        <time>2025-04-22T08:32:12.090Z</time>
      </trkpt>
      <trkpt lat="46.440773606300354" lon="12.964243531227112">
        <ele>996.3585691660325</ele>
        <time>2025-04-22T08:32:14.090Z</time>
      </trkpt>
      <trkpt lat="46.44078755378723" lon="12.964300155639648">
        <ele>996.3546165648098</ele>
        <time>2025-04-22T08:32:17.090Z</time>
      </trkpt>
      <trkpt lat="46.44079053401947" lon="12.964339256286621">
        <ele>995.8798502766533</ele>
        <time>2025-04-22T08:32:19.090Z</time>
      </trkpt>
      <trkpt lat="46.440789580345154" lon="12.96436095237732">
        <ele>995.4316657351541</ele>
        <time>2025-04-22T08:32:20.090Z</time>
      </trkpt>
      <trkpt lat="46.44079077243805" lon="12.964383244514465">
        <ele>995.1287611201226</ele>
        <time>2025-04-22T08:32:21.090Z</time>
      </trkpt>
      <trkpt lat="46.440800070762634" lon="12.964420676231384">
        <ele>995.2640250986458</ele>
        <time>2025-04-22T08:32:23.090Z</time>
      </trkpt>
      <trkpt lat="46.44080889225006" lon="12.964468836784363">
        <ele>995.2193706476038</ele>
        <time>2025-04-22T08:32:25.090Z</time>
      </trkpt>
      <trkpt lat="46.44081246852875" lon="12.964489698410034">
        <ele>995.1838757923573</ele>
        <time>2025-04-22T08:32:26.090Z</time>
      </trkpt>
      <trkpt lat="46.44082510471344" lon="12.96455991268158">
        <ele>994.9476730788805</ele>
        <time>2025-04-22T08:32:29.090Z</time>
      </trkpt>
      <trkpt lat="46.44082534313202" lon="12.964605450630188">
        <ele>994.4837997473323</ele>
        <time>2025-04-22T08:32:31.090Z</time>
      </trkpt>
      <trkpt lat="46.440826177597046" lon="12.96462631225586">
        <ele>994.3096803752367</ele>
        <time>2025-04-22T08:32:32.090Z</time>
      </trkpt>
      <trkpt lat="46.44083571434021" lon="12.964739918708801">
        <ele>993.5733903628326</ele>
        <time>2025-04-22T08:32:38.090Z</time>
      </trkpt>
      <trkpt lat="46.44084024429321" lon="12.964759349822998">
        <ele>993.5589622998673</ele>
        <time>2025-04-22T08:32:39.090Z</time>
      </trkpt>
      <trkpt lat="46.440847754478455" lon="12.96477723121643">
        <ele>993.7223714083761</ele>
        <time>2025-04-22T08:32:40.090Z</time>
      </trkpt>
      <trkpt lat="46.440876603126526" lon="12.9649099111557">
        <ele>993.5389161982667</ele>
        <time>2025-04-22T08:32:45.090Z</time>
      </trkpt>
      <trkpt lat="46.44088315963745" lon="12.964932203292847">
        <ele>993.491790882453</ele>
        <time>2025-04-22T08:32:46.090Z</time>
      </trkpt>
      <trkpt lat="46.440905809402466" lon="12.965001702308655">
        <ele>993.4696191253603</ele>
        <time>2025-04-22T08:32:49.090Z</time>
      </trkpt>
      <trkpt lat="46.44091749191284" lon="12.965045094490051">
        <ele>993.3258501018133</ele>
        <time>2025-04-22T08:32:51.090Z</time>
      </trkpt>
      <trkpt lat="46.440924286842346" lon="12.96506416797638">
        <ele>993.3539269465164</ele>
        <time>2025-04-22T08:32:52.090Z</time>
      </trkpt>
      <trkpt lat="46.44093918800354" lon="12.96510136127472">
        <ele>993.3084679206443</ele>
        <time>2025-04-22T08:32:54.090Z</time>
      </trkpt>
      <trkpt lat="46.440972089767456" lon="12.965187072753906">
        <ele>992.7816688351159</ele>
        <time>2025-04-22T08:32:58.090Z</time>
      </trkpt>
      <trkpt lat="46.44099223613739" lon="12.96526551246643">
        <ele>992.1017454286941</ele>
        <time>2025-04-22T08:33:02.090Z</time>
      </trkpt>
      <trkpt lat="46.44099283218384" lon="12.965283751487732">
        <ele>991.852150251204</ele>
        <time>2025-04-22T08:33:03.090Z</time>
      </trkpt>
      <trkpt lat="46.44099771976471" lon="12.965325951576233">
        <ele>991.3975807249519</ele>
        <time>2025-04-22T08:33:05.090Z</time>
      </trkpt>
      <trkpt lat="46.440999150276184" lon="12.96535050868988">
        <ele>991.0827283193794</ele>
        <time>2025-04-22T08:33:06.090Z</time>
      </trkpt>
      <trkpt lat="46.441004276275635" lon="12.965376734733582">
        <ele>990.8718089155003</ele>
        <time>2025-04-22T08:33:07.090Z</time>
      </trkpt>
      <trkpt lat="46.44102203845978" lon="12.965447545051575">
        <ele>990.4298383735862</ele>
        <time>2025-04-22T08:33:10.090Z</time>
      </trkpt>
      <trkpt lat="46.44103169441223" lon="12.965498447418213">
        <ele>989.9973947468014</ele>
        <time>2025-04-22T08:33:12.090Z</time>
      </trkpt>
      <trkpt lat="46.441038846969604" lon="12.965517282485962">
        <ele>989.95980666968</ele>
        <time>2025-04-22T08:33:13.090Z</time>
      </trkpt>
      <trkpt lat="46.441072940826416" lon="12.965612769126892">
        <ele>989.2220894094967</ele>
        <time>2025-04-22T08:33:18.090Z</time>
      </trkpt>
      <trkpt lat="46.441078424453735" lon="12.96563446521759">
        <ele>988.8925038921293</ele>
        <time>2025-04-22T08:33:19.090Z</time>
      </trkpt>
      <trkpt lat="46.44109344482422" lon="12.965676546096802">
        <ele>988.3101306297992</ele>
        <time>2025-04-22T08:33:21.090Z</time>
      </trkpt>
      <trkpt lat="46.4411016702652" lon="12.965692400932312">
        <ele>988.1247326824202</ele>
        <time>2025-04-22T08:33:22.090Z</time>
      </trkpt>
      <trkpt lat="46.44110941886902" lon="12.96572744846344">
        <ele>987.5277759753326</ele>
        <time>2025-04-22T08:33:24.090Z</time>
      </trkpt>
      <trkpt lat="46.44111502170563" lon="12.965789556503296">
        <ele>986.2206537692912</ele>
        <time>2025-04-22T08:33:27.090Z</time>
      </trkpt>
      <trkpt lat="46.44111609458923" lon="12.96580982208252">
        <ele>985.7541775280652</ele>
        <time>2025-04-22T08:33:28.090Z</time>
      </trkpt>
      <trkpt lat="46.44111919403076" lon="12.965864896774292">
        <ele>984.4876337274856</ele>
        <time>2025-04-22T08:33:31.090Z</time>
      </trkpt>
      <trkpt lat="46.44111692905426" lon="12.965928196907043">
        <ele>982.944839599909</ele>
        <time>2025-04-22T08:33:34.090Z</time>
      </trkpt>
      <trkpt lat="46.44111740589142" lon="12.965947031974792">
        <ele>982.4339358337288</ele>
        <time>2025-04-22T08:33:35.090Z</time>
      </trkpt>
      <trkpt lat="46.441123962402344" lon="12.965965390205383">
        <ele>982.0189926047651</ele>
        <time>2025-04-22T08:33:36.090Z</time>
      </trkpt>
      <trkpt lat="46.44112813472748" lon="12.96603548526764">
        <ele>980.1469012092805</ele>
        <time>2025-04-22T08:33:39.090Z</time>
      </trkpt>
      <trkpt lat="46.4411324262619" lon="12.966055631637573">
        <ele>979.6493788141895</ele>
        <time>2025-04-22T08:33:40.090Z</time>
      </trkpt>
      <trkpt lat="46.44114065170288" lon="12.96607506275177">
        <ele>979.2226721225569</ele>
        <time>2025-04-22T08:33:41.090Z</time>
      </trkpt>
      <trkpt lat="46.44114124774933" lon="12.966094732284546">
        <ele>978.6881316616968</ele>
        <time>2025-04-22T08:33:42.090Z</time>
      </trkpt>
      <trkpt lat="46.441168785095215" lon="12.966130495071411">
        <ele>978.0007281264427</ele>
        <time>2025-04-22T08:33:44.090Z</time>
      </trkpt>
      <trkpt lat="46.44117856025696" lon="12.966148853302002">
        <ele>977.5847939638752</ele>
        <time>2025-04-22T08:33:45.090Z</time>
      </trkpt>
      <trkpt lat="46.441187381744385" lon="12.966173768043518">
        <ele>976.959900166275</ele>
        <time>2025-04-22T08:33:46.090Z</time>
      </trkpt>
      <trkpt lat="46.44120907783508" lon="12.96621298789978">
        <ele>976.0669431051874</ele>
        <time>2025-04-22T08:33:48.090Z</time>
      </trkpt>
      <trkpt lat="46.441227197647095" lon="12.966248512268066">
        <ele>975.2290166286921</ele>
        <time>2025-04-22T08:33:50.090Z</time>
      </trkpt>
      <trkpt lat="46.44123661518097" lon="12.966258525848389">
        <ele>975.043338624725</ele>
        <time>2025-04-22T08:33:51.090Z</time>
      </trkpt>
      <trkpt lat="46.441264510154724" lon="12.966281294822693">
        <ele>974.6913911161547</ele>
        <time>2025-04-22T08:33:53.090Z</time>
      </trkpt>
      <trkpt lat="46.44128489494324" lon="12.966300010681152">
        <ele>974.3565977575919</ele>
        <time>2025-04-22T08:33:55.090Z</time>
      </trkpt>
      <trkpt lat="46.44129729270935" lon="12.966308116912842">
        <ele>974.214350602423</ele>
        <time>2025-04-22T08:33:56.090Z</time>
      </trkpt>
      <trkpt lat="46.44132375717163" lon="12.966346383094788">
        <ele>973.2302678779267</ele>
        <time>2025-04-22T08:33:59.090Z</time>
      </trkpt>
      <trkpt lat="46.44133961200714" lon="12.966381907463074">
        <ele>972.2346690970878</ele>
        <time>2025-04-22T08:34:01.090Z</time>
      </trkpt>
      <trkpt lat="46.44135344028473" lon="12.96640956401825">
        <ele>971.4611616596292</ele>
        <time>2025-04-22T08:34:03.090Z</time>
      </trkpt>
      <trkpt lat="46.44136321544647" lon="12.966423392295837">
        <ele>971.0903675724471</ele>
        <time>2025-04-22T08:34:04.090Z</time>
      </trkpt>
      <trkpt lat="46.44138729572296" lon="12.966463446617126">
        <ele>969.9833666961262</ele>
        <time>2025-04-22T08:34:07.090Z</time>
      </trkpt>
      <trkpt lat="46.4413948059082" lon="12.966470718383789">
        <ele>969.8053295456991</ele>
        <time>2025-04-22T08:34:08.090Z</time>
      </trkpt>
      <trkpt lat="46.44140934944153" lon="12.966488718986511">
        <ele>969.3384377695445</ele>
        <time>2025-04-22T08:34:10.090Z</time>
      </trkpt>
      <trkpt lat="46.44144129753113" lon="12.966505646705627">
        <ele>969.0327044867925</ele>
        <time>2025-04-22T08:34:13.090Z</time>
      </trkpt>
      <trkpt lat="46.44145309925079" lon="12.966508388519287">
        <ele>969.0340927151417</ele>
        <time>2025-04-22T08:34:14.090Z</time>
      </trkpt>
      <trkpt lat="46.441476583480835" lon="12.966512799263">
        <ele>969.0745483846738</ele>
        <time>2025-04-22T08:34:16.090Z</time>
      </trkpt>
      <trkpt lat="46.44150114059448" lon="12.966525316238403">
        <ele>968.9109927882836</ele>
        <time>2025-04-22T08:34:18.090Z</time>
      </trkpt>
      <trkpt lat="46.44151020050049" lon="12.966539144515991">
        <ele>968.6099652073101</ele>
        <time>2025-04-22T08:34:19.090Z</time>
      </trkpt>
      <trkpt lat="46.44151306152344" lon="12.966561675071716">
        <ele>968.0316921459815</ele>
        <time>2025-04-22T08:34:20.090Z</time>
      </trkpt>
      <trkpt lat="46.441502928733826" lon="12.966638207435608">
        <ele>965.9154176448633</ele>
        <time>2025-04-22T08:34:23.090Z</time>
      </trkpt>
      <trkpt lat="46.441506028175354" lon="12.966663360595703">
        <ele>965.3252294844262</ele>
        <time>2025-04-22T08:34:24.090Z</time>
      </trkpt>
      <trkpt lat="46.44151818752289" lon="12.966752409934998">
        <ele>963.2458847574376</ele>
        <time>2025-04-22T08:34:28.090Z</time>
      </trkpt>
      <trkpt lat="46.44152796268463" lon="12.966774106025696">
        <ele>962.803997304722</ele>
        <time>2025-04-22T08:34:29.090Z</time>
      </trkpt>
      <trkpt lat="46.44153535366058" lon="12.966798067092896">
        <ele>962.2132481489405</ele>
        <time>2025-04-22T08:34:30.090Z</time>
      </trkpt>
      <trkpt lat="46.4415568113327" lon="12.966817021369934">
        <ele>961.8628461313218</ele>
        <time>2025-04-22T08:34:32.090Z</time>
      </trkpt>
      <trkpt lat="46.44161283969879" lon="12.96682357788086">
        <ele>962.2256584894117</ele>
        <time>2025-04-22T08:34:35.090Z</time>
      </trkpt>
      <trkpt lat="46.441627502441406" lon="12.96682858467102">
        <ele>962.239253249301</ele>
        <time>2025-04-22T08:34:36.090Z</time>
      </trkpt>
      <trkpt lat="46.441645860672" lon="12.966833591461182">
        <ele>962.37216141002</ele>
        <time>2025-04-22T08:34:38.090Z</time>
      </trkpt>
      <trkpt lat="46.441646575927734" lon="12.966854810714722">
        <ele>961.8554572022274</ele>
        <time>2025-04-22T08:34:39.090Z</time>
      </trkpt>
      <trkpt lat="46.441651463508606" lon="12.966870307922363">
        <ele>961.6205960749675</ele>
        <time>2025-04-22T08:34:40.090Z</time>
      </trkpt>
      <trkpt lat="46.44165599346161" lon="12.966891884803772">
        <ele>961.2236313877069</ele>
        <time>2025-04-22T08:34:41.090Z</time>
      </trkpt>
      <trkpt lat="46.44166016578674" lon="12.96690845489502">
        <ele>960.9445742075355</ele>
        <time>2025-04-22T08:34:42.090Z</time>
      </trkpt>
      <trkpt lat="46.44166827201843" lon="12.966927289962769">
        <ele>960.744145365232</ele>
        <time>2025-04-22T08:34:43.090Z</time>
      </trkpt>
      <trkpt lat="46.44167625904083" lon="12.966946482658386">
        <ele>960.5369432231923</ele>
        <time>2025-04-22T08:34:44.090Z</time>
      </trkpt>
      <trkpt lat="46.44168293476105" lon="12.966979265213013">
        <ele>959.961230508861</ele>
        <time>2025-04-22T08:34:46.090Z</time>
      </trkpt>
      <trkpt lat="46.44167447090149" lon="12.966999650001526">
        <ele>959.1684602542315</ele>
        <time>2025-04-22T08:34:47.090Z</time>
      </trkpt>
      <trkpt lat="46.44167387485504" lon="12.967023015022278">
        <ele>958.5744573882868</ele>
        <time>2025-04-22T08:34:48.090Z</time>
      </trkpt>
      <trkpt lat="46.44168710708618" lon="12.967049479484558">
        <ele>958.3949511189571</ele>
        <time>2025-04-22T08:34:50.090Z</time>
      </trkpt>
      <trkpt lat="46.44170308113098" lon="12.967076897621155">
        <ele>958.2997066427324</ele>
        <time>2025-04-22T08:34:52.090Z</time>
      </trkpt>
      <trkpt lat="46.441709756851196" lon="12.96709418296814">
        <ele>958.122985764875</ele>
        <time>2025-04-22T08:34:53.090Z</time>
      </trkpt>
      <trkpt lat="46.44171178340912" lon="12.967125654220581">
        <ele>957.4393758128766</ele>
        <time>2025-04-22T08:34:55.090Z</time>
      </trkpt>
      <trkpt lat="46.44170808792114" lon="12.967135667800903">
        <ele>957.0568446962374</ele>
        <time>2025-04-22T08:34:56.090Z</time>
      </trkpt>
      <trkpt lat="46.44170415401459" lon="12.967146754264832">
        <ele>956.6361495407243</ele>
        <time>2025-04-22T08:34:57.090Z</time>
      </trkpt>
      <trkpt lat="46.44170844554901" lon="12.967194557189941">
        <ele>955.5959766893944</ele>
        <time>2025-04-22T08:35:00.090Z</time>
      </trkpt>
      <trkpt lat="46.441712737083435" lon="12.967215418815613">
        <ele>955.228290785203</ele>
        <time>2025-04-22T08:35:01.090Z</time>
      </trkpt>
      <trkpt lat="46.441723346710205" lon="12.967257380485535">
        <ele>954.5560372629101</ele>
        <time>2025-04-22T08:35:03.090Z</time>
      </trkpt>
      <trkpt lat="46.441730976104736" lon="12.967317700386047">
        <ele>953.3219667234431</ele>
        <time>2025-04-22T08:35:06.090Z</time>
      </trkpt>
      <trkpt lat="46.44173324108124" lon="12.967334985733032">
        <ele>952.9781975180758</ele>
        <time>2025-04-22T08:35:07.090Z</time>
      </trkpt>
      <trkpt lat="46.4417405128479" lon="12.967380046844482">
        <ele>952.1275800756996</ele>
        <time>2025-04-22T08:35:09.090Z</time>
      </trkpt>
      <trkpt lat="46.44174301624298" lon="12.967399716377258">
        <ele>951.731633711686</ele>
        <time>2025-04-22T08:35:10.090Z</time>
      </trkpt>
      <trkpt lat="46.4417450428009" lon="12.967416167259216">
        <ele>951.3976779032946</ele>
        <time>2025-04-22T08:35:11.090Z</time>
      </trkpt>
      <trkpt lat="46.4417507648468" lon="12.96743130683899">
        <ele>951.2236653272519</ele>
        <time>2025-04-22T08:35:12.090Z</time>
      </trkpt>
      <trkpt lat="46.44175732135773" lon="12.967446565628052">
        <ele>951.0744905558702</ele>
        <time>2025-04-22T08:35:13.090Z</time>
      </trkpt>
      <trkpt lat="46.44175601005554" lon="12.967483520507812">
        <ele>950.1532240307039</ele>
        <time>2025-04-22T08:35:15.090Z</time>
      </trkpt>
      <trkpt lat="46.44174921512604" lon="12.967506408691406">
        <ele>949.4249466696178</ele>
        <time>2025-04-22T08:35:16.090Z</time>
      </trkpt>
      <trkpt lat="46.44174909591675" lon="12.967552304267883">
        <ele>948.4298696900202</ele>
        <time>2025-04-22T08:35:19.090Z</time>
      </trkpt>
      <trkpt lat="46.44174838066101" lon="12.96757423877716">
        <ele>947.931389323639</ele>
        <time>2025-04-22T08:35:21.090Z</time>
      </trkpt>
      <trkpt lat="46.44174408912659" lon="12.967607259750366">
        <ele>947.0685365964323</ele>
        <time>2025-04-22T08:35:23.090Z</time>
      </trkpt>
      <trkpt lat="46.44174516201019" lon="12.96762502193451">
        <ele>946.7222142564509</ele>
        <time>2025-04-22T08:35:24.090Z</time>
      </trkpt>
      <trkpt lat="46.441742300987244" lon="12.967654585838318">
        <ele>946.0096567362286</ele>
        <time>2025-04-22T08:35:25.090Z</time>
      </trkpt>
      <trkpt lat="46.44174611568451" lon="12.967671036720276">
        <ele>945.827631955333</ele>
        <time>2025-04-22T08:35:26.090Z</time>
      </trkpt>
      <trkpt lat="46.441749572753906" lon="12.967689275741577">
        <ele>945.5983991721711</ele>
        <time>2025-04-22T08:35:27.090Z</time>
      </trkpt>
      <trkpt lat="46.4417530298233" lon="12.9677072763443">
        <ele>945.373332491349</ele>
        <time>2025-04-22T08:35:28.090Z</time>
      </trkpt>
      <trkpt lat="46.441755175590515" lon="12.967725276947021">
        <ele>945.1022644851344</ele>
        <time>2025-04-22T08:35:29.090Z</time>
      </trkpt>
      <trkpt lat="46.441760301589966" lon="12.967770338058472">
        <ele>944.4140883912878</ele>
        <time>2025-04-22T08:35:32.090Z</time>
      </trkpt>
      <trkpt lat="46.441771388053894" lon="12.96779465675354">
        <ele>944.3229761449787</ele>
        <time>2025-04-22T08:35:34.090Z</time>
      </trkpt>
      <trkpt lat="46.441771268844604" lon="12.967809557914734">
        <ele>944.0337167637853</ele>
        <time>2025-04-22T08:35:35.090Z</time>
      </trkpt>
      <trkpt lat="46.441771388053894" lon="12.967818975448608">
        <ele>943.8628131650703</ele>
        <time>2025-04-22T08:35:36.090Z</time>
      </trkpt>
      <trkpt lat="46.441770911216736" lon="12.967889189720154">
        <ele>942.6067645277624</ele>
        <time>2025-04-22T08:35:40.090Z</time>
      </trkpt>
      <trkpt lat="46.44176781177521" lon="12.967907071113586">
        <ele>942.1884121273929</ele>
        <time>2025-04-22T08:35:41.090Z</time>
      </trkpt>
      <trkpt lat="46.441763520240784" lon="12.967928171157837">
        <ele>941.6754700077172</ele>
        <time>2025-04-22T08:35:42.090Z</time>
      </trkpt>
      <trkpt lat="46.441757678985596" lon="12.967950701713562">
        <ele>941.0902529017557</ele>
        <time>2025-04-22T08:35:43.090Z</time>
      </trkpt>
      <trkpt lat="46.441752314567566" lon="12.967987775802612">
        <ele>940.2753432744436</ele>
        <time>2025-04-22T08:35:45.090Z</time>
      </trkpt>
      <trkpt lat="46.4417439699173" lon="12.968017220497131">
        <ele>939.6164690712675</ele>
        <time>2025-04-22T08:35:47.090Z</time>
      </trkpt>
      <trkpt lat="46.44174420833588" lon="12.968044519424438">
        <ele>939.2569458968891</ele>
        <time>2025-04-22T08:35:49.090Z</time>
      </trkpt>
      <trkpt lat="46.44175183773041" lon="12.968054294586182">
        <ele>939.3617023681564</ele>
        <time>2025-04-22T08:35:50.090Z</time>
      </trkpt>
      <trkpt lat="46.44175887107849" lon="12.968054175376892">
        <ele>939.5810338326077</ele>
        <time>2025-04-22T08:35:51.090Z</time>
      </trkpt>
      <trkpt lat="46.441787242889404" lon="12.968038320541382">
        <ele>940.6807903458106</ele>
        <time>2025-04-22T08:35:55.090Z</time>
      </trkpt>
      <trkpt lat="46.44178783893585" lon="12.968034148216248">
        <ele>940.7583751429345</ele>
        <time>2025-04-22T08:35:57.090Z</time>
      </trkpt>
      <trkpt lat="46.44179928302765" lon="12.968032360076904">
        <ele>941.1419319290435</ele>
        <time>2025-04-22T08:36:03.090Z</time>
      </trkpt>
      <trkpt lat="46.441799998283386" lon="12.96803343296051">
        <ele>941.1488872160764</ele>
        <time>2025-04-22T08:36:05.090Z</time>
      </trkpt>
      <trkpt lat="46.44180071353912" lon="12.968035340309143">
        <ele>941.1437926895538</ele>
        <time>2025-04-22T08:36:08.090Z</time>
      </trkpt>
      <trkpt lat="46.44180130958557" lon="12.968036532402039">
        <ele>941.1452326833095</ele>
        <time>2025-04-22T08:36:10.090Z</time>
      </trkpt>
      <trkpt lat="46.44180166721344" lon="12.968037724494934">
        <ele>941.1392057738421</ele>
        <time>2025-04-22T08:36:12.090Z</time>
      </trkpt>
      <trkpt lat="46.44180178642273" lon="12.968037962913513">
        <ele>941.13948565906</ele>
        <time>2025-04-22T08:36:13.090Z</time>
      </trkpt>
      <trkpt lat="46.4418021440506" lon="12.968038439750671">
        <ele>941.1437591761066</ele>
        <time>2025-04-22T08:36:15.090Z</time>
      </trkpt>
      <trkpt lat="46.44180405139923" lon="12.96804130077362">
        <ele>941.1618336955053</ele>
        <time>2025-04-22T08:36:20.090Z</time>
      </trkpt>
      <trkpt lat="46.44180405139923" lon="12.968043684959412">
        <ele>941.1273327988139</ele>
        <time>2025-04-22T08:36:26.090Z</time>
      </trkpt>
      <trkpt lat="46.44180417060852" lon="12.968043804168701">
        <ele>941.1293119384527</ele>
        <time>2025-04-22T08:36:31.090Z</time>
      </trkpt>
      <trkpt lat="46.44180476665497" lon="12.968044400215149">
        <ele>941.1391989447852</ele>
        <time>2025-04-22T08:36:35.090Z</time>
      </trkpt>
      <trkpt lat="46.44180500507355" lon="12.968044519424438">
        <ele>941.144877053976</ele>
        <time>2025-04-22T08:36:36.090Z</time>
      </trkpt>
      <trkpt lat="46.441805958747864" lon="12.968045234680176">
        <ele>941.1641185358441</ele>
        <time>2025-04-22T08:36:41.090Z</time>
      </trkpt>
      <trkpt lat="46.44180607795715" lon="12.96804392337799">
        <ele>941.186848925218</ele>
        <time>2025-04-22T08:36:47.090Z</time>
      </trkpt>
      <trkpt lat="46.44180154800415" lon="12.968065619468689">
        <ele>940.7332502815165</ele>
        <time>2025-04-22T08:36:53.090Z</time>
      </trkpt>
      <trkpt lat="46.44179284572601" lon="12.968091487884521">
        <ele>940.0982921028515</ele>
        <time>2025-04-22T08:36:55.090Z</time>
      </trkpt>
      <trkpt lat="46.44178795814514" lon="12.96812379360199">
        <ele>939.4942872566392</ele>
        <time>2025-04-22T08:36:57.090Z</time>
      </trkpt>
      <trkpt lat="46.441784739494324" lon="12.968141078948975">
        <ele>939.1561995566357</ele>
        <time>2025-04-22T08:36:58.090Z</time>
      </trkpt>
      <trkpt lat="46.44178032875061" lon="12.968159079551697">
        <ele>938.7768247555495</ele>
        <time>2025-04-22T08:36:59.090Z</time>
      </trkpt>
      <trkpt lat="46.441760659217834" lon="12.96821403503418">
        <ele>937.5677688727607</ele>
        <time>2025-04-22T08:37:02.090Z</time>
      </trkpt>
      <trkpt lat="46.441757678985596" lon="12.9682297706604">
        <ele>937.2944143585041</ele>
        <time>2025-04-22T08:37:03.090Z</time>
      </trkpt>
      <trkpt lat="46.441752195358276" lon="12.968244075775146">
        <ele>936.9632609722057</ele>
        <time>2025-04-22T08:37:04.090Z</time>
      </trkpt>
      <trkpt lat="46.44174838066101" lon="12.968258261680603">
        <ele>936.6836295786007</ele>
        <time>2025-04-22T08:37:05.090Z</time>
      </trkpt>
      <trkpt lat="46.44173181056976" lon="12.968327164649963">
        <ele>935.3872971703993</ele>
        <time>2025-04-22T08:37:09.090Z</time>
      </trkpt>
      <trkpt lat="46.441731452941895" lon="12.968364596366882">
        <ele>934.9112863534747</ele>
        <time>2025-04-22T08:37:11.090Z</time>
      </trkpt>
      <trkpt lat="46.44173550605774" lon="12.968400597572327">
        <ele>934.5785309633919</ele>
        <time>2025-04-22T08:37:13.090Z</time>
      </trkpt>
      <trkpt lat="46.44174873828888" lon="12.968441009521484">
        <ele>934.4506188902357</ele>
        <time>2025-04-22T08:37:15.090Z</time>
      </trkpt>
      <trkpt lat="46.44175159931183" lon="12.968456745147705">
        <ele>934.332942038031</ele>
        <time>2025-04-22T08:37:16.090Z</time>
      </trkpt>
      <trkpt lat="46.441750168800354" lon="12.968491315841675">
        <ele>933.854039884124</ele>
        <time>2025-04-22T08:37:18.090Z</time>
      </trkpt>
      <trkpt lat="46.44175851345062" lon="12.96854841709137">
        <ele>933.3162042762236</ele>
        <time>2025-04-22T08:37:21.090Z</time>
      </trkpt>
      <trkpt lat="46.44176781177521" lon="12.968586921691895">
        <ele>933.0136863835799</ele>
        <time>2025-04-22T08:37:23.090Z</time>
      </trkpt>
      <trkpt lat="46.44177556037903" lon="12.968605160713196">
        <ele>932.9448035437865</ele>
        <time>2025-04-22T08:37:24.090Z</time>
      </trkpt>
      <trkpt lat="46.44177532196045" lon="12.968623518943787">
        <ele>932.6850340889341</ele>
        <time>2025-04-22T08:37:25.090Z</time>
      </trkpt>
      <trkpt lat="46.441773653030396" lon="12.968648076057434">
        <ele>932.3060568608478</ele>
        <time>2025-04-22T08:37:27.090Z</time>
      </trkpt>
      <trkpt lat="46.44176518917084" lon="12.968671441078186">
        <ele>931.7859398225194</ele>
        <time>2025-04-22T08:37:29.090Z</time>
      </trkpt>
      <trkpt lat="46.44176440336582" lon="12.968674905278078">
        <ele>931.7210760134142</ele>
        <time>2025-04-22T08:37:30.090Z</time>
      </trkpt>
      <trkpt lat="46.44176" lon="12.968846">
        <ele>929.4231284881129</ele>
        <time>2025-04-22T08:37:38.391Z</time>
      </trkpt>
      <trkpt lat="46.441866" lon="12.968946">
        <ele>930.8631142553136</ele>
        <time>2025-04-22T08:37:47.286Z</time>
      </trkpt>
      <trkpt lat="46.441901" lon="12.969019">
        <ele>930.9618269810328</ele>
        <time>2025-04-22T08:37:51.597Z</time>
      </trkpt>
      <trkpt lat="46.441938" lon="12.969144">
        <ele>930.444869453602</ele>
        <time>2025-04-22T08:37:58.193Z</time>
      </trkpt>
      <trkpt lat="46.44198" lon="12.969223">
        <ele>930.5942812853975</ele>
        <time>2025-04-22T08:38:03.030Z</time>
      </trkpt>
      <trkpt lat="46.442015" lon="12.969265">
        <ele>930.949689382873</ele>
        <time>2025-04-22T08:38:06.225Z</time>
      </trkpt>
      <trkpt lat="46.442229" lon="12.969295">
        <ele>935.2098792455052</ele>
        <time>2025-04-22T08:38:21.352Z</time>
      </trkpt>
      <trkpt lat="46.442306" lon="12.969334">
        <ele>935.6004966423491</ele>
        <time>2025-04-22T08:38:27.090Z</time>
      </trkpt>
      <trkpt lat="46.442367" lon="12.969365">
        <ele>935.7192423386921</ele>
        <time>2025-04-22T08:38:31.637Z</time>
      </trkpt>
      <trkpt lat="46.442477" lon="12.969453">
        <ele>934.9488085806356</ele>
        <time>2025-04-22T08:38:40.475Z</time>
      </trkpt>
      <trkpt lat="46.442592" lon="12.969589">
        <ele>934.0077143728997</ele>
        <time>2025-04-22T08:38:50.913Z</time>
      </trkpt>
      <trkpt lat="46.442662" lon="12.969715">
        <ele>933.7809281055246</ele>
        <time>2025-04-22T08:38:58.760Z</time>
      </trkpt>
      <trkpt lat="46.442746" lon="12.969931">
        <ele>932.123213923801</ele>
        <time>2025-04-22T08:39:10.785Z</time>
      </trkpt>
      <trkpt lat="46.44280951541555" lon="12.97004396603154">
        <ele>933.0493931427104</ele>
        <time>2025-04-22T08:39:20.737Z</time>
      </trkpt>
      <trkpt lat="46.44312755379212" lon="12.970505276165857">
        <ele>940.5389509939398</ele>
        <time>2025-04-22T08:40:13.118Z</time>
      </trkpt>
      <trkpt lat="46.44337868690491" lon="12.970869541168213">
        <ele>942.6749005225297</ele>
        <time>2025-04-22T08:40:54.480Z</time>
      </trkpt>
      <trkpt lat="46.44337868690491" lon="12.970869541168213">
        <ele>942.6749005225297</ele>
        <time>2025-04-22T08:40:54.480Z</time>
      </trkpt>
      <trkpt lat="46.44358932971954" lon="12.97098171710968">
        <ele>945.8421123839408</ele>
        <time>2025-04-22T08:41:11.481Z</time>
      </trkpt>
      <trkpt lat="46.44363713264465" lon="12.970970392227173">
        <ele>946.417065162089</ele>
        <time>2025-04-22T08:41:15.481Z</time>
      </trkpt>
      <trkpt lat="46.4437575340271" lon="12.970856070518494">
        <ele>946.7165028084546</ele>
        <time>2025-04-22T08:41:26.481Z</time>
      </trkpt>
      <trkpt lat="46.44392442703247" lon="12.970770478248596">
        <ele>947.0904148222859</ele>
        <time>2025-04-22T08:41:39.481Z</time>
      </trkpt>
      <trkpt lat="46.443984627723694" lon="12.970569133758545">
        <ele>952.2233986076251</ele>
        <time>2025-04-22T08:41:50.481Z</time>
      </trkpt>
      <trkpt lat="46.44404137134552" lon="12.97051727771759">
        <ele>954.5469670434404</ele>
        <time>2025-04-22T08:41:56.481Z</time>
      </trkpt>
      <trkpt lat="46.444053173065186" lon="12.970965385437012">
        <ele>950.5616148988645</ele>
        <time>2025-04-22T08:42:22.481Z</time>
      </trkpt>
      <trkpt lat="46.44417226314545" lon="12.971274137496948">
        <ele>956.8980525397058</ele>
        <time>2025-04-22T08:42:41.481Z</time>
      </trkpt>
      <trkpt lat="46.444196820259094" lon="12.971575617790222">
        <ele>958.2269480314044</ele>
        <time>2025-04-22T08:43:01.481Z</time>
      </trkpt>
      <trkpt lat="46.44432306289673" lon="12.971712708473206">
        <ele>958.6599239172629</ele>
        <time>2025-04-22T08:43:16.481Z</time>
      </trkpt>
      <trkpt lat="46.444515347480774" lon="12.971750497817993">
        <ele>965.2497102830627</ele>
        <time>2025-04-22T08:43:32.481Z</time>
      </trkpt>
      <trkpt lat="46.44457399845123" lon="12.972028613090515">
        <ele>967.714317788761</ele>
        <time>2025-04-22T08:43:50.481Z</time>
      </trkpt>
      <trkpt lat="46.444780111312866" lon="12.972273230552673">
        <ele>975.6412171295244</ele>
        <time>2025-04-22T08:44:15.481Z</time>
      </trkpt>
      <trkpt lat="46.44472658634186" lon="12.972461700439453">
        <ele>974.3165787146302</ele>
        <time>2025-04-22T08:44:31.481Z</time>
      </trkpt>
      <trkpt lat="46.44476664066315" lon="12.972517848014832">
        <ele>974.7587667558773</ele>
        <time>2025-04-22T08:44:37.481Z</time>
      </trkpt>
      <trkpt lat="46.44491124153137" lon="12.972472071647644">
        <ele>979.4143375737723</ele>
        <time>2025-04-22T08:44:59.481Z</time>
      </trkpt>
      <trkpt lat="46.4450318813324" lon="12.972581505775452">
        <ele>979.7132503732679</ele>
        <time>2025-04-22T08:45:13.481Z</time>
      </trkpt>
      <trkpt lat="46.445082902908325" lon="12.97270393371582">
        <ele>975.5407656251061</ele>
        <time>2025-04-22T08:45:23.481Z</time>
      </trkpt>
      <trkpt lat="46.44513738155365" lon="12.972606539726257">
        <ele>978.1328491865917</ele>
        <time>2025-04-22T08:45:36.481Z</time>
      </trkpt>
      <trkpt lat="46.44529402256012" lon="12.972480177879333">
        <ele>978.5228514782472</ele>
        <time>2025-04-22T08:45:54.481Z</time>
      </trkpt>
      <trkpt lat="46.44536375999451" lon="12.972357034683228">
        <ele>981.0270093296317</ele>
        <time>2025-04-22T08:46:05.481Z</time>
      </trkpt>
      <trkpt lat="46.44544339179993" lon="12.972197771072388">
        <ele>984.4932315325593</ele>
        <time>2025-04-22T08:46:23.481Z</time>
      </trkpt>
      <trkpt lat="46.44534349441528" lon="12.971994161605835">
        <ele>992.4841241109502</ele>
        <time>2025-04-22T08:46:52.481Z</time>
      </trkpt>
      <trkpt lat="46.44543015956879" lon="12.971922755241394">
        <ele>993.9489949231546</ele>
        <time>2025-04-22T08:47:07.481Z</time>
      </trkpt>
      <trkpt lat="46.44552552700043" lon="12.971747398376465">
        <ele>998.4850280789088</ele>
        <time>2025-04-22T08:47:25.481Z</time>
      </trkpt>
      <trkpt lat="46.44561278820038" lon="12.971735835075378">
        <ele>997.6952108718613</ele>
        <time>2025-04-22T08:47:42.481Z</time>
      </trkpt>
      <trkpt lat="46.44565570354462" lon="12.971584677696228">
        <ele>1002.6050524186148</ele>
        <time>2025-04-22T08:48:02.481Z</time>
      </trkpt>
      <trkpt lat="46.44571268558502" lon="12.971539378166199">
        <ele>1003.7361102028445</ele>
        <time>2025-04-22T08:48:13.481Z</time>
      </trkpt>
      <trkpt lat="46.445757269859314" lon="12.971620559692383">
        <ele>1000.5554525631536</ele>
        <time>2025-04-22T08:48:22.481Z</time>
      </trkpt>
      <trkpt lat="46.44589006900787" lon="12.971652269363403">
        <ele>1003.5073826161462</ele>
        <time>2025-04-22T08:48:45.481Z</time>
      </trkpt>
      <trkpt lat="46.44617033004761" lon="12.971447467803955">
        <ele>1020.2310826316581</ele>
        <time>2025-04-22T08:49:21.481Z</time>
      </trkpt>
      <trkpt lat="46.44623267650604" lon="12.971467852592468">
        <ele>1023.0108770749409</ele>
        <time>2025-04-22T08:49:33.481Z</time>
      </trkpt>
      <trkpt lat="46.446252942085266" lon="12.971523761749268">
        <ele>1023.719443075185</ele>
        <time>2025-04-22T08:49:44.481Z</time>
      </trkpt>
      <trkpt lat="46.446370363235474" lon="12.97135305404663">
        <ele>1028.935854478473</ele>
        <time>2025-04-22T08:50:03.481Z</time>
      </trkpt>
      <trkpt lat="46.446370363235474" lon="12.971268892288208">
        <ele>1029.215588953773</ele>
        <time>2025-04-22T08:50:11.481Z</time>
      </trkpt>
      <trkpt lat="46.44631767272949" lon="12.971190929412842">
        <ele>1028.3065263858712</ele>
        <time>2025-04-22T08:50:18.481Z</time>
      </trkpt>
      <trkpt lat="46.44619393348694" lon="12.971111416816711">
        <ele>1026.3085883976803</ele>
        <time>2025-04-22T08:50:29.481Z</time>
      </trkpt>
      <trkpt lat="46.446192502975464" lon="12.97101616859436">
        <ele>1029.3851642012733</ele>
        <time>2025-04-22T08:50:39.481Z</time>
      </trkpt>
      <trkpt lat="46.44621193408966" lon="12.970906615257263">
        <ele>1033.7442283217858</ele>
        <time>2025-04-22T08:50:50.481Z</time>
      </trkpt>
      <trkpt lat="46.44610011577606" lon="12.970669984817505">
        <ele>1039.8985129648406</ele>
        <time>2025-04-22T08:51:12.481Z</time>
      </trkpt>
      <trkpt lat="46.44601321220398" lon="12.97029435634613">
        <ele>1042.6929401896327</ele>
        <time>2025-04-22T08:51:37.481Z</time>
      </trkpt>
      <trkpt lat="46.445879101753235" lon="12.969905734062195">
        <ele>1040.403961071705</ele>
        <time>2025-04-22T08:52:02.481Z</time>
      </trkpt>
      <trkpt lat="46.4457802772522" lon="12.969770789146423">
        <ele>1036.4891715584831</ele>
        <time>2025-04-22T08:52:13.481Z</time>
      </trkpt>
      <trkpt lat="46.4457221031189" lon="12.96958041191101">
        <ele>1037.3827852897414</ele>
        <time>2025-04-22T08:52:23.481Z</time>
      </trkpt>
      <trkpt lat="46.44576859474182" lon="12.96915054321289">
        <ele>1041.7469567348678</ele>
        <time>2025-04-22T08:52:47.481Z</time>
      </trkpt>
      <trkpt lat="46.44566512107849" lon="12.969127893447876">
        <ele>1037.8586181930996</ele>
        <time>2025-04-22T08:52:59.481Z</time>
      </trkpt>
      <trkpt lat="46.44561731815338" lon="12.969056844711304">
        <ele>1035.5207661372424</ele>
        <time>2025-04-22T08:53:07.481Z</time>
      </trkpt>
      <trkpt lat="46.44566881656647" lon="12.968691110610962">
        <ele>1041.031806699035</ele>
        <time>2025-04-22T08:53:29.481Z</time>
      </trkpt>
      <trkpt lat="46.44546186923981" lon="12.968438386917114">
        <ele>1039.38651945131</ele>
        <time>2025-04-22T08:53:54.481Z</time>
      </trkpt>
      <trkpt lat="46.445467948913574" lon="12.968218922615051">
        <ele>1044.3432003541943</ele>
        <time>2025-04-22T08:54:08.481Z</time>
      </trkpt>
      <trkpt lat="46.445536732673645" lon="12.967788696289062">
        <ele>1049.1771166043366</ele>
        <time>2025-04-22T08:54:40.485Z</time>
      </trkpt>
      <trkpt lat="46.445519" lon="12.967798">
        <ele>1048.230017427787</ele>
        <time>2025-04-22T08:54:42.468Z</time>
      </trkpt>
      <trkpt lat="46.445512" lon="12.967773">
        <ele>1047.7759311938528</ele>
        <time>2025-04-22T08:54:44.423Z</time>
      </trkpt>
      <trkpt lat="46.445513" lon="12.967677">
        <ele>1047.5698981771131</ele>
        <time>2025-04-22T08:54:51.380Z</time>
      </trkpt>
      <trkpt lat="46.445539" lon="12.967613">
        <ele>1048.442587792659</ele>
        <time>2025-04-22T08:54:56.763Z</time>
      </trkpt>
      <trkpt lat="46.445546" lon="12.967587">
        <ele>1048.4852430921237</ele>
        <time>2025-04-22T08:54:58.801Z</time>
      </trkpt>
      <trkpt lat="46.445562" lon="12.96753">
        <ele>1048.597009689419</ele>
        <time>2025-04-22T08:55:03.295Z</time>
      </trkpt>
      <trkpt lat="46.445553" lon="12.967475">
        <ele>1047.5481942101358</ele>
        <time>2025-04-22T08:55:07.423Z</time>
      </trkpt>
      <trkpt lat="46.445523" lon="12.967415">
        <ele>1047.1288250346213</ele>
        <time>2025-04-22T08:55:12.836Z</time>
      </trkpt>
      <trkpt lat="46.445414" lon="12.96735">
        <ele>1045.4782867533781</ele>
        <time>2025-04-22T08:55:25.325Z</time>
      </trkpt>
      <trkpt lat="46.445394" lon="12.967338">
        <ele>1045.416436830076</ele>
        <time>2025-04-22T08:55:27.618Z</time>
      </trkpt>
      <trkpt lat="46.445329" lon="12.967312">
        <ele>1045.1155165848186</ele>
        <time>2025-04-22T08:55:34.763Z</time>
      </trkpt>
      <trkpt lat="46.445245" lon="12.967292">
        <ele>1045.1283583782392</ele>
        <time>2025-04-22T08:55:43.784Z</time>
      </trkpt>
      <trkpt lat="46.444869" lon="12.967266">
        <ele>1046.7217030794914</ele>
        <time>2025-04-22T08:56:23.677Z</time>
      </trkpt>
      <trkpt lat="46.444826" lon="12.967232">
        <ele>1047.9548259731628</ele>
        <time>2025-04-22T08:56:28.866Z</time>
      </trkpt>
      <trkpt lat="46.444789" lon="12.967187">
        <ele>1048.9791565554856</ele>
        <time>2025-04-22T08:56:33.982Z</time>
      </trkpt>
      <trkpt lat="46.44476" lon="12.967128">
        <ele>1049.9945477593062</ele>
        <time>2025-04-22T08:56:39.274Z</time>
      </trkpt>
      <trkpt lat="46.444743" lon="12.967066">
        <ele>1050.562713514529</ele>
        <time>2025-04-22T08:56:44.146Z</time>
      </trkpt>
      <trkpt lat="46.444726" lon="12.966928">
        <ele>1051.95695622688</ele>
        <time>2025-04-22T08:56:54.383Z</time>
      </trkpt>
      <trkpt lat="46.44472" lon="12.966845">
        <ele>1052.9896658584807</ele>
        <time>2025-04-22T08:57:00.477Z</time>
      </trkpt>
      <trkpt lat="46.444717" lon="12.966795">
        <ele>1053.618828106168</ele>
        <time>2025-04-22T08:57:04.142Z</time>
      </trkpt>
      <trkpt lat="46.444607" lon="12.966215">
        <ele>1056.5581034232214</ele>
        <time>2025-04-22T08:57:48.072Z</time>
      </trkpt>
      <trkpt lat="46.444587" lon="12.966034">
        <ele>1057.3065326235626</ele>
        <time>2025-04-22T08:58:01.458Z</time>
      </trkpt>
      <trkpt lat="46.444575" lon="12.965849">
        <ele>1058.1195088451386</ele>
        <time>2025-04-22T08:58:15.027Z</time>
      </trkpt>
      <trkpt lat="46.444578" lon="12.965759">
        <ele>1058.7033433406784</ele>
        <time>2025-04-22T08:58:21.607Z</time>
      </trkpt>
      <trkpt lat="46.444561" lon="12.965718">
        <ele>1058.4180507206443</ele>
        <time>2025-04-22T08:58:25.101Z</time>
      </trkpt>
      <trkpt lat="46.444564" lon="12.965609">
        <ele>1059.0250388944007</ele>
        <time>2025-04-22T08:58:33.067Z</time>
      </trkpt>
      <trkpt lat="46.444553" lon="12.965546">
        <ele>1059.0585494533916</ele>
        <time>2025-04-22T08:58:37.813Z</time>
      </trkpt>
      <trkpt lat="46.444522" lon="12.965545">
        <ele>1058.1872621263074</ele>
        <time>2025-04-22T08:58:41.099Z</time>
      </trkpt>
      <trkpt lat="46.444505" lon="12.965377">
        <ele>1058.6596866677107</ele>
        <time>2025-04-22T08:58:53.498Z</time>
      </trkpt>
      <trkpt lat="46.444443" lon="12.964935">
        <ele>1061.611902191762</ele>
        <time>2025-04-22T08:59:26.437Z</time>
      </trkpt>
      <trkpt lat="46.444348" lon="12.964605">
        <ele>1064.36491207819</ele>
        <time>2025-04-22T08:59:52.554Z</time>
      </trkpt>
      <trkpt lat="46.444334" lon="12.964213">
        <ele>1069.663874881692</ele>
        <time>2025-04-22T09:00:21.218Z</time>
      </trkpt>
      <trkpt lat="46.444255" lon="12.9638">
        <ele>1075.9016466942362</ele>
        <time>2025-04-22T09:00:52.518Z</time>
      </trkpt>
      <trkpt lat="46.444236" lon="12.963698">
        <ele>1077.5651356729436</ele>
        <time>2025-04-22T09:01:00.234Z</time>
      </trkpt>
      <trkpt lat="46.444396" lon="12.963889">
        <ele>1078.5141209912854</ele>
        <time>2025-04-22T09:01:22.190Z</time>
      </trkpt>
      <trkpt lat="46.444509" lon="12.964087">
        <ele>1080.5953826114846</ele>
        <time>2025-04-22T09:01:40.964Z</time>
      </trkpt>
      <trkpt lat="46.444561" lon="12.964212">
        <ele>1081.3300070653868</ele>
        <time>2025-04-22T09:01:51.626Z</time>
      </trkpt>
      <trkpt lat="46.444589" lon="12.964278">
        <ele>1081.707682551315</ele>
        <time>2025-04-22T09:01:57.285Z</time>
      </trkpt>
      <trkpt lat="46.444687" lon="12.964401">
        <ele>1085.480396577397</ele>
        <time>2025-04-22T09:02:11.016Z</time>
      </trkpt>
      <trkpt lat="46.444773" lon="12.964642">
        <ele>1086.4468150844143</ele>
        <time>2025-04-22T09:02:30.835Z</time>
      </trkpt>
      <trkpt lat="46.44493" lon="12.964827">
        <ele>1091.0138663599862</ele>
        <time>2025-04-22T09:02:52.267Z</time>
      </trkpt>
      <trkpt lat="46.444971" lon="12.964905">
        <ele>1090.8478079920674</ele>
        <time>2025-04-22T09:02:59.431Z</time>
      </trkpt>
      <trkpt lat="46.445142" lon="12.965095">
        <ele>1091.3722808561079</ele>
        <time>2025-04-22T09:03:22.255Z</time>
      </trkpt>
      <trkpt lat="46.44534182548523" lon="12.965259432792664">
        <ele>1096.6465415528764</ele>
        <time>2025-04-22T09:03:22.481Z</time>
      </trkpt>
      <trkpt lat="46.445481181144714" lon="12.965510606765747">
        <ele>1104.89890902345</ele>
        <time>2025-04-22T09:03:45.481Z</time>
      </trkpt>
      <trkpt lat="46.445555686950684" lon="12.965214371681213">
        <ele>1112.924120253457</ele>
        <time>2025-04-22T09:04:02.481Z</time>
      </trkpt>
      <trkpt lat="46.445555567741394" lon="12.964996218681335">
        <ele>1116.973017113487</ele>
        <time>2025-04-22T09:04:16.481Z</time>
      </trkpt>
      <trkpt lat="46.445417404174805" lon="12.964870691299438">
        <ele>1110.8209957377971</ele>
        <time>2025-04-22T09:04:29.481Z</time>
      </trkpt>
      <trkpt lat="46.445271492004395" lon="12.964473009109497">
        <ele>1117.0843755906867</ele>
        <time>2025-04-22T09:04:49.481Z</time>
      </trkpt>
      <trkpt lat="46.445188999176025" lon="12.964417934417725">
        <ele>1114.753668654154</ele>
        <time>2025-04-22T09:04:59.481Z</time>
      </trkpt>
      <trkpt lat="46.44514524936676" lon="12.96433687210083">
        <ele>1114.504441515323</ele>
        <time>2025-04-22T09:05:07.481Z</time>
      </trkpt>
      <trkpt lat="46.44511020183563" lon="12.964236855506897">
        <ele>1114.7827070770495</ele>
        <time>2025-04-22T09:05:14.481Z</time>
      </trkpt>
      <trkpt lat="46.44514608383179" lon="12.964044213294983">
        <ele>1120.03542446094</ele>
        <time>2025-04-22T09:05:28.481Z</time>
      </trkpt>
      <trkpt lat="46.44517147541046" lon="12.964033007621765">
        <ele>1121.4024111204408</ele>
        <time>2025-04-22T09:05:33.481Z</time>
      </trkpt>
      <trkpt lat="46.4452258348465" lon="12.964252948760986">
        <ele>1120.3613773345867</ele>
        <time>2025-04-22T09:05:59.481Z</time>
      </trkpt>
      <trkpt lat="46.44532883167267" lon="12.964483261108398">
        <ele>1119.734949601726</ele>
        <time>2025-04-22T09:06:23.481Z</time>
      </trkpt>
      <trkpt lat="46.44543015956879" lon="12.964566826820374">
        <ele>1123.0102801273542</ele>
        <time>2025-04-22T09:06:34.481Z</time>
      </trkpt>
      <trkpt lat="46.44544792175293" lon="12.964630246162415">
        <ele>1121.6498035852183</ele>
        <time>2025-04-22T09:06:38.481Z</time>
      </trkpt>
      <trkpt lat="46.44570600986481" lon="12.964642524719238">
        <ele>1137.443432038166</ele>
        <time>2025-04-22T09:07:07.481Z</time>
      </trkpt>
      <trkpt lat="46.44574689865112" lon="12.964802503585815">
        <ele>1134.3660403134904</ele>
        <time>2025-04-22T09:07:20.481Z</time>
      </trkpt>
      <trkpt lat="46.445842146873474" lon="12.964934587478638">
        <ele>1135.8261747432546</ele>
        <time>2025-04-22T09:07:37.481Z</time>
      </trkpt>
      <trkpt lat="46.44593393802643" lon="12.96479845046997">
        <ele>1146.659304268331</ele>
        <time>2025-04-22T09:07:47.481Z</time>
      </trkpt>
      <trkpt lat="46.44599962234497" lon="12.964618682861328">
        <ele>1156.8910836201464</ele>
        <time>2025-04-22T09:08:05.481Z</time>
      </trkpt>
      <trkpt lat="46.44596862792969" lon="12.964458227157593">
        <ele>1159.7424393098981</ele>
        <time>2025-04-22T09:08:24.481Z</time>
      </trkpt>
      <trkpt lat="46.44598424434662" lon="12.964363813400269">
        <ele>1163.211933232437</ele>
        <time>2025-04-22T09:08:33.481Z</time>
      </trkpt>
      <trkpt lat="46.44595158100128" lon="12.964130401611328">
        <ele>1167.0710558541784</ele>
        <time>2025-04-22T09:08:59.481Z</time>
      </trkpt>
      <trkpt lat="46.44575536251068" lon="12.963468670845032">
        <ele>1164.1929381252876</ele>
        <time>2025-04-22T09:09:46.481Z</time>
      </trkpt>
      <trkpt lat="46.44572830200195" lon="12.963190793991089">
        <ele>1165.07008760307</ele>
        <time>2025-04-22T09:10:04.481Z</time>
      </trkpt>
      <trkpt lat="46.44574272632599" lon="12.96269142627716">
        <ele>1165.250548072866</ele>
        <time>2025-04-22T09:10:36.481Z</time>
      </trkpt>
      <trkpt lat="46.445855259895325" lon="12.962355494499207">
        <ele>1168.3228291909343</ele>
        <time>2025-04-22T09:10:59.481Z</time>
      </trkpt>
      <trkpt lat="46.44596517086029" lon="12.962232828140259">
        <ele>1173.0677501483294</ele>
        <time>2025-04-22T09:11:14.481Z</time>
      </trkpt>
      <trkpt lat="46.44595503807068" lon="12.962349534034729">
        <ele>1174.0044870234856</ele>
        <time>2025-04-22T09:11:32.481Z</time>
      </trkpt>
      <trkpt lat="46.44607937335968" lon="12.962254047393799">
        <ele>1180.6149967300396</ele>
        <time>2025-04-22T09:11:50.481Z</time>
      </trkpt>
      <trkpt lat="46.44622611999512" lon="12.962034940719604">
        <ele>1185.4024846923865</ele>
        <time>2025-04-22T09:12:11.481Z</time>
      </trkpt>
      <trkpt lat="46.44625997543335" lon="12.961930990219116">
        <ele>1185.1441208276638</ele>
        <time>2025-04-22T09:12:22.481Z</time>
      </trkpt>
      <trkpt lat="46.4463711977005" lon="12.96185040473938">
        <ele>1187.803749100766</ele>
        <time>2025-04-22T09:12:37.481Z</time>
      </trkpt>
      <trkpt lat="46.446386098861694" lon="12.961903095245361">
        <ele>1189.4010385862325</ele>
        <time>2025-04-22T09:12:43.481Z</time>
      </trkpt>
      <trkpt lat="46.44632065296173" lon="12.962060689926147">
        <ele>1189.7107995893411</ele>
        <time>2025-04-22T09:13:04.481Z</time>
      </trkpt>
      <trkpt lat="46.4462913274765" lon="12.962267637252808">
        <ele>1191.4303636816926</ele>
        <time>2025-04-22T09:13:25.481Z</time>
      </trkpt>
      <trkpt lat="46.44630825519562" lon="12.962555527687073">
        <ele>1195.055046223202</ele>
        <time>2025-04-22T09:13:48.481Z</time>
      </trkpt>
      <trkpt lat="46.44628202915192" lon="12.962739109992981">
        <ele>1194.7876702224758</ele>
        <time>2025-04-22T09:13:59.481Z</time>
      </trkpt>
      <trkpt lat="46.446362376213074" lon="12.96324360370636">
        <ele>1199.2526574983722</ele>
        <time>2025-04-22T09:14:29.481Z</time>
      </trkpt>
      <trkpt lat="46.44644796848297" lon="12.96332311630249">
        <ele>1204.1559338248649</ele>
        <time>2025-04-22T09:14:47.481Z</time>
      </trkpt>
      <trkpt lat="46.44646179676056" lon="12.963523864746094">
        <ele>1203.3486848116795</ele>
        <time>2025-04-22T09:15:02.481Z</time>
      </trkpt>
      <trkpt lat="46.446539878845215" lon="12.963614106178284">
        <ele>1207.3780078596023</ele>
        <time>2025-04-22T09:15:14.481Z</time>
      </trkpt>
      <trkpt lat="46.446638226509094" lon="12.963856816291809">
        <ele>1209.6596374439391</ele>
        <time>2025-04-22T09:15:31.481Z</time>
      </trkpt>
      <trkpt lat="46.44683027267456" lon="12.964023232460022">
        <ele>1213.143238316825</ele>
        <time>2025-04-22T09:15:54.481Z</time>
      </trkpt>
      <trkpt lat="46.44689691066742" lon="12.964019656181335">
        <ele>1215.5559538505331</ele>
        <time>2025-04-22T09:16:03.481Z</time>
      </trkpt>
      <trkpt lat="46.44705390930176" lon="12.96413254737854">
        <ele>1218.162868631904</ele>
        <time>2025-04-22T09:16:25.481Z</time>
      </trkpt>
      <trkpt lat="46.44724667072296" lon="12.964169979095459">
        <ele>1225.9873229972861</ele>
        <time>2025-04-22T09:16:57.481Z</time>
      </trkpt>
      <trkpt lat="46.44750094413757" lon="12.964352488517761">
        <ele>1233.2323373372024</ele>
        <time>2025-04-22T09:17:39.481Z</time>
      </trkpt>
      <trkpt lat="46.447539925575256" lon="12.9643394947052">
        <ele>1235.848759420632</ele>
        <time>2025-04-22T09:17:45.481Z</time>
      </trkpt>
      <trkpt lat="46.44788932800293" lon="12.964503407478333">
        <ele>1252.995188789908</ele>
        <time>2025-04-22T09:18:45.481Z</time>
      </trkpt>
      <trkpt lat="46.44789183139801" lon="12.964383721351624">
        <ele>1256.6856026873431</ele>
        <time>2025-04-22T09:18:57.481Z</time>
      </trkpt>
      <trkpt lat="46.44780898094177" lon="12.963956594467163">
        <ele>1263.6637440589675</ele>
        <time>2025-04-22T09:19:37.481Z</time>
      </trkpt>
      <trkpt lat="46.447755217552185" lon="12.963767170906067">
        <ele>1266.3287975723956</ele>
        <time>2025-04-22T09:19:58.481Z</time>
      </trkpt>
      <trkpt lat="46.447620034217834" lon="12.963518381118774">
        <ele>1267.1521193440353</ele>
        <time>2025-04-22T09:20:22.481Z</time>
      </trkpt>
      <trkpt lat="46.44764566421509" lon="12.963159799575806">
        <ele>1279.6650551049042</ele>
        <time>2025-04-22T09:20:56.481Z</time>
      </trkpt>
      <trkpt lat="46.447598457336426" lon="12.96298086643219">
        <ele>1280.5886601112886</ele>
        <time>2025-04-22T09:21:10.481Z</time>
      </trkpt>
      <trkpt lat="46.447657227516174" lon="12.962948441505432">
        <ele>1282.2962734853477</ele>
        <time>2025-04-22T09:21:17.481Z</time>
      </trkpt>
      <trkpt lat="46.44784104824066" lon="12.963063836097717">
        <ele>1289.4723314660341</ele>
        <time>2025-04-22T09:21:52.481Z</time>
      </trkpt>
      <trkpt lat="46.4479945898056" lon="12.963130474090576">
        <ele>1297.141534219744</ele>
        <time>2025-04-22T09:22:24.481Z</time>
      </trkpt>
      <trkpt lat="46.44816863536835" lon="12.963112354278564">
        <ele>1307.6292613273022</ele>
        <time>2025-04-22T09:23:05.481Z</time>
      </trkpt>
      <trkpt lat="46.44833600521088" lon="12.96320128440857">
        <ele>1317.7257228340009</ele>
        <time>2025-04-22T09:23:49.481Z</time>
      </trkpt>
      <trkpt lat="46.44844210147858" lon="12.963229775428772">
        <ele>1323.1535169330732</ele>
        <time>2025-04-22T09:24:12.481Z</time>
      </trkpt>
      <trkpt lat="46.44869077205658" lon="12.963252305984497">
        <ele>1338.074539296756</ele>
        <time>2025-04-22T09:25:01.481Z</time>
      </trkpt>
      <trkpt lat="46.44870436191559" lon="12.963290572166443">
        <ele>1338.4448807311073</ele>
        <time>2025-04-22T09:25:12.481Z</time>
      </trkpt>
      <trkpt lat="46.44885718822479" lon="12.963333010673523">
        <ele>1347.6385306168636</ele>
        <time>2025-04-22T09:25:40.481Z</time>
      </trkpt>
      <trkpt lat="46.44887864589691" lon="12.963392734527588">
        <ele>1346.7794435751853</ele>
        <time>2025-04-22T09:25:47.481Z</time>
      </trkpt>
      <trkpt lat="46.448959946632385" lon="12.9634028673172">
        <ele>1349.995869420355</ele>
        <time>2025-04-22T09:26:03.481Z</time>
      </trkpt>
      <trkpt lat="46.44906985759735" lon="12.963294744491577">
        <ele>1356.7810535215083</ele>
        <time>2025-04-22T09:26:22.481Z</time>
      </trkpt>
      <trkpt lat="46.44921803474426" lon="12.963309168815613">
        <ele>1359.3875381554458</ele>
        <time>2025-04-22T09:26:48.481Z</time>
      </trkpt>
      <trkpt lat="46.44940650463104" lon="12.963298082351685">
        <ele>1364.0956142345603</ele>
        <time>2025-04-22T09:27:19.481Z</time>
      </trkpt>
      <trkpt lat="46.44947564601898" lon="12.96334993839264">
        <ele>1365.4630507043707</ele>
        <time>2025-04-22T09:27:28.481Z</time>
      </trkpt>
      <trkpt lat="46.449501514434814" lon="12.963416814804077">
        <ele>1364.301436226075</ele>
        <time>2025-04-22T09:27:34.481Z</time>
      </trkpt>
      <trkpt lat="46.44957625865936" lon="12.963423252105713">
        <ele>1367.073733813625</ele>
        <time>2025-04-22T09:27:42.481Z</time>
      </trkpt>
      <trkpt lat="46.44971489906311" lon="12.963552594184875">
        <ele>1368.8572378796225</ele>
        <time>2025-04-22T09:27:58.481Z</time>
      </trkpt>
      <trkpt lat="46.44987332820892" lon="12.96363890171051">
        <ele>1372.3894436492483</ele>
        <time>2025-04-22T09:28:15.481Z</time>
      </trkpt>
      <trkpt lat="46.449954867362976" lon="12.963642239570618">
        <ele>1375.4848098742177</ele>
        <time>2025-04-22T09:28:23.481Z</time>
      </trkpt>
      <trkpt lat="46.44997692108154" lon="12.963714241981506">
        <ele>1375.2592085587767</ele>
        <time>2025-04-22T09:28:30.481Z</time>
      </trkpt>
      <trkpt lat="46.45034694671631" lon="12.963852524757385">
        <ele>1386.8067761347959</ele>
        <time>2025-04-22T09:29:10.481Z</time>
      </trkpt>
      <trkpt lat="46.45044195652008" lon="12.963952779769897">
        <ele>1387.8620729015752</ele>
        <time>2025-04-22T09:29:20.481Z</time>
      </trkpt>
      <trkpt lat="46.45059633255005" lon="12.964272499084473">
        <ele>1388.5558776488247</ele>
        <time>2025-04-22T09:29:42.481Z</time>
      </trkpt>
      <trkpt lat="46.45072305202484" lon="12.964500308036804">
        <ele>1389.878826244792</ele>
        <time>2025-04-22T09:29:59.481Z</time>
      </trkpt>
      <trkpt lat="46.450907826423645" lon="12.964754223823547">
        <ele>1395.138455148587</ele>
        <time>2025-04-22T09:30:21.481Z</time>
      </trkpt>
      <trkpt lat="46.45099925994873" lon="12.964845061302185">
        <ele>1395.8290978725377</ele>
        <time>2025-04-22T09:30:30.481Z</time>
      </trkpt>
      <trkpt lat="46.45112490653992" lon="12.964881777763367">
        <ele>1392.1555831985568</ele>
        <time>2025-04-22T09:30:48.481Z</time>
      </trkpt>
      <trkpt lat="46.45129370689392" lon="12.964831352233887">
        <ele>1387.140330059514</ele>
        <time>2025-04-22T09:31:05.481Z</time>
      </trkpt>
      <trkpt lat="46.45140016078949" lon="12.96487808227539">
        <ele>1383.0899749865202</ele>
        <time>2025-04-22T09:31:14.481Z</time>
      </trkpt>
      <trkpt lat="46.45153033733368" lon="12.964872598648071">
        <ele>1380.4074471093636</ele>
        <time>2025-04-22T09:31:24.481Z</time>
      </trkpt>
      <trkpt lat="46.45169520378113" lon="12.964810013771057">
        <ele>1379.132905386661</ele>
        <time>2025-04-22T09:31:32.481Z</time>
      </trkpt>
      <trkpt lat="46.45188915729523" lon="12.96480143070221">
        <ele>1376.4798564363703</ele>
        <time>2025-04-22T09:31:49.481Z</time>
      </trkpt>
      <trkpt lat="46.452091336250305" lon="12.964709281921387">
        <ele>1376.4900994044224</ele>
        <time>2025-04-22T09:32:03.481Z</time>
      </trkpt>
      <trkpt lat="46.45256686210632" lon="12.964938998222351">
        <ele>1366.6919513872147</ele>
        <time>2025-04-22T09:32:41.481Z</time>
      </trkpt>
      <trkpt lat="46.4527884721756" lon="12.964888095855713">
        <ele>1369.8397571907562</ele>
        <time>2025-04-22T09:33:02.481Z</time>
      </trkpt>
      <trkpt lat="46.452924489974976" lon="12.964892268180847">
        <ele>1369.8566597090246</ele>
        <time>2025-04-22T09:34:38.481Z</time>
      </trkpt>
      <trkpt lat="46.45283234119415" lon="12.96491289138794">
        <ele>1368.821224268551</ele>
        <time>2025-04-22T09:35:38.481Z</time>
      </trkpt>
      <trkpt lat="46.452882170677185" lon="12.964881777763367">
        <ele>1369.9616313914235</ele>
        <time>2025-04-22T09:35:55.481Z</time>
      </trkpt>
      <trkpt lat="46.45318901538849" lon="12.96491539478302">
        <ele>1369.645171284565</ele>
        <time>2025-04-22T09:36:35.481Z</time>
      </trkpt>
      <trkpt lat="46.453431844711304" lon="12.964882254600525">
        <ele>1373.1239196075553</ele>
        <time>2025-04-22T09:36:54.481Z</time>
      </trkpt>
      <trkpt lat="46.453524589538574" lon="12.964922904968262">
        <ele>1372.7073762918603</ele>
        <time>2025-04-22T09:37:02.481Z</time>
      </trkpt>
      <trkpt lat="46.45376920700073" lon="12.964750528335571">
        <ele>1382.3588625710254</ele>
        <time>2025-04-22T09:37:31.481Z</time>
      </trkpt>
      <trkpt lat="46.45401048660278" lon="12.964791417121887">
        <ele>1376.730479255178</ele>
        <time>2025-04-22T09:38:04.481Z</time>
      </trkpt>
      <trkpt lat="46.4544438123703" lon="12.964783787727356">
        <ele>1360.7337491933888</ele>
        <time>2025-04-22T09:38:42.481Z</time>
      </trkpt>
      <trkpt lat="46.45466697216034" lon="12.964708924293518">
        <ele>1354.9189423101952</ele>
        <time>2025-04-22T09:38:59.481Z</time>
      </trkpt>
      <trkpt lat="46.4547244310379" lon="12.96475338935852">
        <ele>1352.6083450727776</ele>
        <time>2025-04-22T09:39:06.481Z</time>
      </trkpt>
      <trkpt lat="46.455182909965515" lon="12.964660167694092">
        <ele>1338.1404962089405</ele>
        <time>2025-04-22T09:39:36.481Z</time>
      </trkpt>
      <trkpt lat="46.455373644828796" lon="12.964673280715942">
        <ele>1332.7272783010026</ele>
        <time>2025-04-22T09:39:53.481Z</time>
      </trkpt>
      <trkpt lat="46.45612859725952" lon="12.96445083618164">
        <ele>1323.2784757701181</ele>
        <time>2025-04-22T09:40:45.481Z</time>
      </trkpt>
      <trkpt lat="46.456236243247986" lon="12.964288353919983">
        <ele>1327.0815987252245</ele>
        <time>2025-04-22T09:41:00.481Z</time>
      </trkpt>
      <trkpt lat="46.45643222332001" lon="12.964207530021667">
        <ele>1330.4155560918364</ele>
        <time>2025-04-22T09:41:17.481Z</time>
      </trkpt>
      <trkpt lat="46.456433057785034" lon="12.964257597923279">
        <ele>1329.7706311604152</ele>
        <time>2025-04-22T09:41:25.481Z</time>
      </trkpt>
      <trkpt lat="46.456502199172974" lon="12.964439392089844">
        <ele>1326.8410617699392</ele>
        <time>2025-04-22T09:41:42.481Z</time>
      </trkpt>
      <trkpt lat="46.4566935300827" lon="12.964473605155945">
        <ele>1330.027130270459</ele>
        <time>2025-04-22T09:42:08.481Z</time>
      </trkpt>
      <trkpt lat="46.45673620700836" lon="12.964405059814453">
        <ele>1333.8022709154404</ele>
        <time>2025-04-22T09:42:18.481Z</time>
      </trkpt>
      <trkpt lat="46.4568567276001" lon="12.964343190193176">
        <ele>1338.0975293957654</ele>
        <time>2025-04-22T09:42:37.481Z</time>
      </trkpt>
      <trkpt lat="46.45706796646118" lon="12.96445095539093">
        <ele>1338.8832671598789</ele>
        <time>2025-04-22T09:43:07.481Z</time>
      </trkpt>
      <trkpt lat="46.45804762840271" lon="12.964303970336914">
        <ele>1348.8010553378954</ele>
        <time>2025-04-22T09:44:32.481Z</time>
      </trkpt>
      <trkpt lat="46.45815813541412" lon="12.964152693748474">
        <ele>1349.5384553288777</ele>
        <time>2025-04-22T09:44:45.481Z</time>
      </trkpt>
      <trkpt lat="46.45826208591461" lon="12.964078664779663">
        <ele>1347.7491689633</ele>
        <time>2025-04-22T09:44:53.481Z</time>
      </trkpt>
      <trkpt lat="46.45842909812927" lon="12.963819146156311">
        <ele>1342.676923561934</ele>
        <time>2025-04-22T09:45:08.481Z</time>
      </trkpt>
      <trkpt lat="46.45866668224335" lon="12.963571667671204">
        <ele>1340.9521847282442</ele>
        <time>2025-04-22T09:45:34.481Z</time>
      </trkpt>
      <trkpt lat="46.45888662338257" lon="12.963433980941772">
        <ele>1339.4085984478622</ele>
        <time>2025-04-22T09:45:50.481Z</time>
      </trkpt>
      <trkpt lat="46.45911681652069" lon="12.96338140964508">
        <ele>1337.6314394496817</ele>
        <time>2025-04-22T09:46:11.481Z</time>
      </trkpt>
      <trkpt lat="46.45938241481781" lon="12.963044047355652">
        <ele>1340.6457526451554</ele>
        <time>2025-04-22T09:46:35.481Z</time>
      </trkpt>
      <trkpt lat="46.459572553634644" lon="12.962963223457336">
        <ele>1343.5573434586008</ele>
        <time>2025-04-22T09:47:04.481Z</time>
      </trkpt>
      <trkpt lat="46.45975875854492" lon="12.962721943855286">
        <ele>1349.5855116348691</ele>
        <time>2025-04-22T09:47:28.481Z</time>
      </trkpt>
      <trkpt lat="46.45989179611206" lon="12.962320327758789">
        <ele>1360.9225710022774</ele>
        <time>2025-04-22T09:48:07.481Z</time>
      </trkpt>
      <trkpt lat="46.45994806289673" lon="12.962244391441345">
        <ele>1363.1747071725201</ele>
        <time>2025-04-22T09:48:23.481Z</time>
      </trkpt>
      <trkpt lat="46.46010971069336" lon="12.962265253067017">
        <ele>1361.4892428432436</ele>
        <time>2025-04-22T09:48:44.481Z</time>
      </trkpt>
      <trkpt lat="46.46019649505615" lon="12.962222456932068">
        <ele>1360.455233934349</ele>
        <time>2025-04-22T09:48:54.481Z</time>
      </trkpt>
      <trkpt lat="46.460243225097656" lon="12.962254643440247">
        <ele>1358.6644335295339</ele>
        <time>2025-04-22T09:48:59.481Z</time>
      </trkpt>
      <trkpt lat="46.46082401275635" lon="12.962145566940308">
        <ele>1349.3882659807307</ele>
        <time>2025-04-22T09:49:48.481Z</time>
      </trkpt>
      <trkpt lat="46.46124470233917" lon="12.962168097496033">
        <ele>1340.987557844134</ele>
        <time>2025-04-22T09:50:17.481Z</time>
      </trkpt>
      <trkpt lat="46.4613299369812" lon="12.962208032608032">
        <ele>1338.1876327791088</ele>
        <time>2025-04-22T09:50:23.481Z</time>
      </trkpt>
      <trkpt lat="46.4615364074707" lon="12.962168216705322">
        <ele>1336.8623526251283</ele>
        <time>2025-04-22T09:50:43.481Z</time>
      </trkpt>
      <trkpt lat="46.46163809299469" lon="12.962212562561035">
        <ele>1334.3006844214347</ele>
        <time>2025-04-22T09:50:52.481Z</time>
      </trkpt>
      <trkpt lat="46.461989879608154" lon="12.96221137046814">
        <ele>1329.9291136477887</ele>
        <time>2025-04-22T09:51:18.481Z</time>
      </trkpt>
      <trkpt lat="46.46214985847473" lon="12.962149620056152">
        <ele>1328.8344849658079</ele>
        <time>2025-04-22T09:51:30.481Z</time>
      </trkpt>
      <trkpt lat="46.4622722864151" lon="12.962183594703674">
        <ele>1326.681548187139</ele>
        <time>2025-04-22T09:51:39.481Z</time>
      </trkpt>
      <trkpt lat="46.46264684200287" lon="12.962151050567627">
        <ele>1321.151314925279</ele>
        <time>2025-04-22T09:52:02.481Z</time>
      </trkpt>
      <trkpt lat="46.46283173561096" lon="12.962076663970947">
        <ele>1319.0388036069166</ele>
        <time>2025-04-22T09:52:16.481Z</time>
      </trkpt>
      <trkpt lat="46.4629430770874" lon="12.9620863199234">
        <ele>1316.0730698435596</ele>
        <time>2025-04-22T09:52:24.481Z</time>
      </trkpt>
      <trkpt lat="46.46299076080322" lon="12.961989760398865">
        <ele>1316.957542135148</ele>
        <time>2025-04-22T09:52:35.481Z</time>
      </trkpt>
      <trkpt lat="46.46313405036926" lon="12.961888194084167">
        <ele>1313.1822562416467</ele>
        <time>2025-04-22T09:52:51.481Z</time>
      </trkpt>
      <trkpt lat="46.46314096450806" lon="12.961948037147522">
        <ele>1312.914429146514</ele>
        <time>2025-04-22T09:53:03.481Z</time>
      </trkpt>
      <trkpt lat="46.46334612369537" lon="12.961693048477173">
        <ele>1307.4015480114315</ele>
        <time>2025-04-22T09:53:21.481Z</time>
      </trkpt>
      <trkpt lat="46.463340299349426" lon="12.961676865301996">
        <ele>1307.234947063299</ele>
        <time>2025-04-22T09:53:22.857Z</time>
      </trkpt>
      <trkpt lat="46.463299" lon="12.961562">
        <ele>1306.2287621739329</ele>
        <time>2025-04-22T09:53:32.623Z</time>
      </trkpt>
      <trkpt lat="46.463283" lon="12.961347">
        <ele>1303.4955489427236</ele>
        <time>2025-04-22T09:53:48.922Z</time>
      </trkpt>
      <trkpt lat="46.463236" lon="12.961002">
        <ele>1297.8600962439243</ele>
        <time>2025-04-22T09:54:15.429Z</time>
      </trkpt>
      <trkpt lat="46.46323" lon="12.960828">
        <ele>1294.2088254120772</ele>
        <time>2025-04-22T09:54:28.560Z</time>
      </trkpt>
      <trkpt lat="46.463482" lon="12.960327">
        <ele>1281.0964626593998</ele>
        <time>2025-04-22T09:55:15.318Z</time>
      </trkpt>
      <trkpt lat="46.46342" lon="12.960266">
        <ele>1281.4670661694852</ele>
        <time>2025-04-22T09:55:23.513Z</time>
      </trkpt>
      <trkpt lat="46.463369" lon="12.960156">
        <ele>1280.5298689657075</ele>
        <time>2025-04-22T09:55:33.507Z</time>
      </trkpt>
      <trkpt lat="46.463393" lon="12.960069">
        <ele>1278.4377059687693</ele>
        <time>2025-04-22T09:55:40.570Z</time>
      </trkpt>
      <trkpt lat="46.463457" lon="12.959846">
        <ele>1271.8767771335317</ele>
        <time>2025-04-22T09:55:58.779Z</time>
      </trkpt>
      <trkpt lat="46.463554" lon="12.959353">
        <ele>1263.104381170595</ele>
        <time>2025-04-22T09:56:37.424Z</time>
      </trkpt>
      <trkpt lat="46.46367" lon="12.958601">
        <ele>1254.234380301725</ele>
        <time>2025-04-22T09:57:35.508Z</time>
      </trkpt>
      <trkpt lat="46.463734" lon="12.958521">
        <ele>1253.142641210608</ele>
        <time>2025-04-22T09:57:44.749Z</time>
      </trkpt>
      <trkpt lat="46.46376" lon="12.958444">
        <ele>1252.0106982564857</ele>
        <time>2025-04-22T09:57:51.212Z</time>
      </trkpt>
      <trkpt lat="46.463827" lon="12.958511">
        <ele>1251.5040684986743</ele>
        <time>2025-04-22T09:58:00.114Z</time>
      </trkpt>
      <trkpt lat="46.463909" lon="12.9585">
        <ele>1250.2253066608614</ele>
        <time>2025-04-22T09:58:09.125Z</time>
      </trkpt>
      <trkpt lat="46.464007" lon="12.958377">
        <ele>1249.1574462460649</ele>
        <time>2025-04-22T09:58:23.300Z</time>
      </trkpt>
      <trkpt lat="46.464058" lon="12.958038">
        <ele>1247.3788892881846</ele>
        <time>2025-04-22T09:58:49.453Z</time>
      </trkpt>
      <trkpt lat="46.464068" lon="12.95774">
        <ele>1245.4949904388666</ele>
        <time>2025-04-22T09:59:11.940Z</time>
      </trkpt>
      <trkpt lat="46.464058" lon="12.957437">
        <ele>1242.3750943530301</ele>
        <time>2025-04-22T09:59:34.804Z</time>
      </trkpt>
      <trkpt lat="46.46412" lon="12.957041">
        <ele>1242.0704465134859</ele>
        <time>2025-04-22T10:00:05.413Z</time>
      </trkpt>
      <trkpt lat="46.463945" lon="12.956676">
        <ele>1239.828723981597</ele>
        <time>2025-04-22T10:00:38.932Z</time>
      </trkpt>
      <trkpt lat="46.463652" lon="12.956363">
        <ele>1233.5224599490339</ele>
        <time>2025-04-22T10:01:18.738Z</time>
      </trkpt>
      <trkpt lat="46.463642" lon="12.956147">
        <ele>1231.102343697772</ele>
        <time>2025-04-22T10:01:35.055Z</time>
      </trkpt>
      <trkpt lat="46.463704" lon="12.955895">
        <ele>1227.7853877679038</ele>
        <time>2025-04-22T10:01:55.224Z</time>
      </trkpt>
      <trkpt lat="46.463654" lon="12.955487">
        <ele>1220.8374907174268</ele>
        <time>2025-04-22T10:02:26.459Z</time>
      </trkpt>
      <trkpt lat="46.463789" lon="12.955166">
        <ele>1216.119290689849</ele>
        <time>2025-04-22T10:02:54.807Z</time>
      </trkpt>
      <trkpt lat="46.463887" lon="12.954859">
        <ele>1212.5035984236574</ele>
        <time>2025-04-22T10:03:17.895Z</time>
      </trkpt>
      <trkpt lat="46.463889" lon="12.954854">
        <ele>1212.4492472501452</ele>
        <time>2025-04-22T10:03:18.289Z</time>
      </trkpt>
      <trkpt lat="46.463754" lon="12.954616">
        <ele>1208.242176369467</ele>
        <time>2025-04-22T10:03:39.327Z</time>
      </trkpt>
      <trkpt lat="46.463559" lon="12.954303">
        <ele>1202.0146605778332</ele>
        <time>2025-04-22T10:04:08.125Z</time>
      </trkpt>
      <trkpt lat="46.463478" lon="12.953974">
        <ele>1197.4377085730891</ele>
        <time>2025-04-22T10:04:31.965Z</time>
      </trkpt>
      <trkpt lat="46.46344" lon="12.953529">
        <ele>1194.0279917772446</ele>
        <time>2025-04-22T10:05:02.562Z</time>
      </trkpt>
      <trkpt lat="46.463422" lon="12.953077">
        <ele>1189.3575115646297</ele>
        <time>2025-04-22T10:05:33.456Z</time>
      </trkpt>
      <trkpt lat="46.463373" lon="12.952681">
        <ele>1186.337839860292</ele>
        <time>2025-04-22T10:06:00.910Z</time>
      </trkpt>
      <trkpt lat="46.463338" lon="12.952486">
        <ele>1185.642899784608</ele>
        <time>2025-04-22T10:06:14.660Z</time>
      </trkpt>
      <trkpt lat="46.463341" lon="12.952481">
        <ele>1185.7272944916442</ele>
        <time>2025-04-22T10:06:15.112Z</time>
      </trkpt>
      <trkpt lat="46.463504" lon="12.952261">
        <ele>1186.297550085509</ele>
        <time>2025-04-22T10:06:37.156Z</time>
      </trkpt>
      <trkpt lat="46.463619" lon="12.952288">
        <ele>1183.2772446897081</ele>
        <time>2025-04-22T10:06:48.694Z</time>
      </trkpt>
      <trkpt lat="46.463741" lon="12.952369">
        <ele>1180.8291476919437</ele>
        <time>2025-04-22T10:07:01.981Z</time>
      </trkpt>
      <trkpt lat="46.463807" lon="12.952551">
        <ele>1181.20678733836</ele>
        <time>2025-04-22T10:07:16.014Z</time>
      </trkpt>
      <trkpt lat="46.463889" lon="12.952605">
        <ele>1179.5235427859325</ele>
        <time>2025-04-22T10:07:24.932Z</time>
      </trkpt>
      <trkpt lat="46.463985" lon="12.952723">
        <ele>1177.5689407879934</ele>
        <time>2025-04-22T10:07:37.391Z</time>
      </trkpt>
      <trkpt lat="46.464014" lon="12.952808">
        <ele>1177.4501787281015</ele>
        <time>2025-04-22T10:07:43.862Z</time>
      </trkpt>
      <trkpt lat="46.464184" lon="12.952819">
        <ele>1170.096199348055</ele>
        <time>2025-04-22T10:08:00.717Z</time>
      </trkpt>
      <trkpt lat="46.464317" lon="12.952948">
        <ele>1165.6838480608967</ele>
        <time>2025-04-22T10:08:16.560Z</time>
      </trkpt>
      <trkpt lat="46.46445" lon="12.952991">
        <ele>1161.1097284187015</ele>
        <time>2025-04-22T10:08:30.056Z</time>
      </trkpt>
      <trkpt lat="46.464524" lon="12.953098">
        <ele>1159.763487710976</ele>
        <time>2025-04-22T10:08:40.400Z</time>
      </trkpt>
      <trkpt lat="46.46455" lon="12.953295">
        <ele>1161.9187633907782</ele>
        <time>2025-04-22T10:08:54.085Z</time>
      </trkpt>
      <trkpt lat="46.464665" lon="12.953313">
        <ele>1158.480646575736</ele>
        <time>2025-04-22T10:09:05.541Z</time>
      </trkpt>
      <trkpt lat="46.46479" lon="12.953399">
        <ele>1157.1061118606399</ele>
        <time>2025-04-22T10:09:19.242Z</time>
      </trkpt>
      <trkpt lat="46.464908" lon="12.953495">
        <ele>1156.508100754134</ele>
        <time>2025-04-22T10:09:32.639Z</time>
      </trkpt>
      <trkpt lat="46.465004" lon="12.953554">
        <ele>1155.5933593413915</ele>
        <time>2025-04-22T10:09:42.964Z</time>
      </trkpt>
      <trkpt lat="46.465174" lon="12.953517">
        <ele>1151.7316555546834</ele>
        <time>2025-04-22T10:09:59.990Z</time>
      </trkpt>
      <trkpt lat="46.465477" lon="12.953559">
        <ele>1149.0179235476103</ele>
        <time>2025-04-22T10:10:30.138Z</time>
      </trkpt>
      <trkpt lat="46.46564" lon="12.953527">
        <ele>1147.639917045878</ele>
        <time>2025-04-22T10:10:46.430Z</time>
      </trkpt>
      <trkpt lat="46.46581" lon="12.953463">
        <ele>1146.4959164324982</ele>
        <time>2025-04-22T10:11:03.825Z</time>
      </trkpt>
      <trkpt lat="46.465958" lon="12.953463">
        <ele>1145.7107799421158</ele>
        <time>2025-04-22T10:11:18.484Z</time>
      </trkpt>
      <trkpt lat="46.466207" lon="12.953618">
        <ele>1148.2039643710953</ele>
        <time>2025-04-22T10:11:45.318Z</time>
      </trkpt>
      <trkpt lat="46.466298" lon="12.953828">
        <ele>1152.5342690548384</ele>
        <time>2025-04-22T10:12:02.244Z</time>
      </trkpt>
      <trkpt lat="46.466423" lon="12.953913">
        <ele>1153.0863361301504</ele>
        <time>2025-04-22T10:12:15.916Z</time>
      </trkpt>
      <trkpt lat="46.466482" lon="12.954031">
        <ele>1154.8304097208193</ele>
        <time>2025-04-22T10:12:25.863Z</time>
      </trkpt>
      <trkpt lat="46.466638" lon="12.954128">
        <ele>1153.7019407605942</ele>
        <time>2025-04-22T10:12:42.672Z</time>
      </trkpt>
      <trkpt lat="46.4668" lon="12.954117">
        <ele>1150.2329385765706</ele>
        <time>2025-04-22T10:12:58.735Z</time>
      </trkpt>
      <trkpt lat="46.467044" lon="12.95416">
        <ele>1146.882500058672</ele>
        <time>2025-04-22T10:13:23.080Z</time>
      </trkpt>
      <trkpt lat="46.467199" lon="12.954257">
        <ele>1145.603032336178</ele>
        <time>2025-04-22T10:13:39.798Z</time>
      </trkpt>
      <trkpt lat="46.467273" lon="12.954407">
        <ele>1146.3366191184214</ele>
        <time>2025-04-22T10:13:52.385Z</time>
      </trkpt>
      <trkpt lat="46.467391" lon="12.954439">
        <ele>1145.614419231676</ele>
        <time>2025-04-22T10:14:04.275Z</time>
      </trkpt>
      <trkpt lat="46.467524" lon="12.954407">
        <ele>1143.980833479748</ele>
        <time>2025-04-22T10:14:17.628Z</time>
      </trkpt>
      <trkpt lat="46.467635" lon="12.954461">
        <ele>1143.996263587838</ele>
        <time>2025-04-22T10:14:29.223Z</time>
      </trkpt>
      <trkpt lat="46.46785" lon="12.954461">
        <ele>1141.5914423774482</ele>
        <time>2025-04-22T10:14:50.518Z</time>
      </trkpt>
      <trkpt lat="46.467931" lon="12.954536">
        <ele>1142.3384714998951</ele>
        <time>2025-04-22T10:15:00.033Z</time>
      </trkpt>
      <trkpt lat="46.468263" lon="12.954493">
        <ele>1137.5033347741144</ele>
        <time>2025-04-22T10:15:33.048Z</time>
      </trkpt>
      <trkpt lat="46.468441" lon="12.954514">
        <ele>1134.6547959501518</ele>
        <time>2025-04-22T10:15:50.737Z</time>
      </trkpt>
      <trkpt lat="46.468515" lon="12.954568">
        <ele>1134.5792907156906</ele>
        <time>2025-04-22T10:15:58.940Z</time>
      </trkpt>
      <trkpt lat="46.468662" lon="12.95475">
        <ele>1137.112957089214</ele>
        <time>2025-04-22T10:16:18.075Z</time>
      </trkpt>
      <trkpt lat="46.46881" lon="12.955072">
        <ele>1141.8071826947435</ele>
        <time>2025-04-22T10:16:44.484Z</time>
      </trkpt>
      <trkpt lat="46.468899" lon="12.955158">
        <ele>1142.9754130536678</ele>
        <time>2025-04-22T10:16:55.073Z</time>
      </trkpt>
      <trkpt lat="46.468967" lon="12.95528">
        <ele>1144.4122860571379</ele>
        <time>2025-04-22T10:17:05.779Z</time>
      </trkpt>
      <trkpt lat="46.469182" lon="12.955369">
        <ele>1146.1883712369568</ele>
        <time>2025-04-22T10:17:27.923Z</time>
      </trkpt>
      <trkpt lat="46.469344" lon="12.955307">
        <ele>1147.9908493295227</ele>
        <time>2025-04-22T10:17:44.517Z</time>
      </trkpt>
      <trkpt lat="46.469478" lon="12.955212">
        <ele>1151.377127882336</ele>
        <time>2025-04-22T10:17:59.287Z</time>
      </trkpt>
      <trkpt lat="46.469676" lon="12.955127">
        <ele>1155.5909625591432</ele>
        <time>2025-04-22T10:18:19.738Z</time>
      </trkpt>
      <trkpt lat="46.469791" lon="12.955171">
        <ele>1158.6521331111264</ele>
        <time>2025-04-22T10:18:31.517Z</time>
      </trkpt>
      <trkpt lat="46.469806" lon="12.955179">
        <ele>1158.9992282379628</ele>
        <time>2025-04-22T10:18:33.099Z</time>
      </trkpt>
      <trkpt lat="46.469971" lon="12.955269">
        <ele>1162.308754050259</ele>
        <time>2025-04-22T10:18:50.557Z</time>
      </trkpt>
      <trkpt lat="46.470197" lon="12.955464">
        <ele>1163.107581941681</ele>
        <time>2025-04-22T10:19:16.596Z</time>
      </trkpt>
      <trkpt lat="46.470331" lon="12.955644">
        <ele>1162.7827120440481</ele>
        <time>2025-04-22T10:19:34.677Z</time>
      </trkpt>
      <trkpt lat="46.470531" lon="12.95586">
        <ele>1166.9575593684226</ele>
        <time>2025-04-22T10:19:59.366Z</time>
      </trkpt>
      <trkpt lat="46.470716" lon="12.95589">
        <ele>1165.474638069037</ele>
        <time>2025-04-22T10:20:17.804Z</time>
      </trkpt>
      <trkpt lat="46.47105" lon="12.956019">
        <ele>1170.947884920247</ele>
        <time>2025-04-22T10:20:52.037Z</time>
      </trkpt>
      <trkpt lat="46.471184" lon="12.956034">
        <ele>1173.238561240453</ele>
        <time>2025-04-22T10:21:05.349Z</time>
      </trkpt>
      <trkpt lat="46.471312" lon="12.956096">
        <ele>1174.9561490837832</ele>
        <time>2025-04-22T10:21:18.714Z</time>
      </trkpt>
      <trkpt lat="46.471456" lon="12.956204">
        <ele>1178.4326587365904</ele>
        <time>2025-04-22T10:21:34.767Z</time>
      </trkpt>
      <trkpt lat="46.471533" lon="12.956332">
        <ele>1182.221002864189</ele>
        <time>2025-04-22T10:21:46.360Z</time>
      </trkpt>
      <trkpt lat="46.471718" lon="12.95642">
        <ele>1186.003556537383</ele>
        <time>2025-04-22T10:22:05.642Z</time>
      </trkpt>
      <trkpt lat="46.471836" lon="12.956502">
        <ele>1188.3354472317542</ele>
        <time>2025-04-22T10:22:18.599Z</time>
      </trkpt>
      <trkpt lat="46.471908" lon="12.956599">
        <ele>1190.1882281773226</ele>
        <time>2025-04-22T10:22:28.327Z</time>
      </trkpt>
      <trkpt lat="46.472006" lon="12.956764">
        <ele>1192.2372368885076</ele>
        <time>2025-04-22T10:22:43.190Z</time>
      </trkpt>
      <trkpt lat="46.472093" lon="12.956723">
        <ele>1187.5582343956094</ele>
        <time>2025-04-22T10:22:52.249Z</time>
      </trkpt>
      <trkpt lat="46.472119" lon="12.95663">
        <ele>1184.5546079090038</ele>
        <time>2025-04-22T10:22:59.095Z</time>
      </trkpt>
      <trkpt lat="46.472232" lon="12.956507">
        <ele>1185.9991831308153</ele>
        <time>2025-04-22T10:23:13.083Z</time>
      </trkpt>
      <trkpt lat="46.472463" lon="12.956466">
        <ele>1193.1175362606295</ele>
        <time>2025-04-22T10:23:36.133Z</time>
      </trkpt>
      <trkpt lat="46.472525" lon="12.956512">
        <ele>1194.852799347892</ele>
        <time>2025-04-22T10:23:43.029Z</time>
      </trkpt>
      <trkpt lat="46.472669" lon="12.956589">
        <ele>1196.8405759099337</ele>
        <time>2025-04-22T10:23:58.228Z</time>
      </trkpt>
      <trkpt lat="46.472782" lon="12.956569">
        <ele>1196.7529184849884</ele>
        <time>2025-04-22T10:24:09.503Z</time>
      </trkpt>
      <trkpt lat="46.472931" lon="12.956481">
        <ele>1196.8555085150156</ele>
        <time>2025-04-22T10:24:25.435Z</time>
      </trkpt>
      <trkpt lat="46.473059" lon="12.956455">
        <ele>1198.3800076174452</ele>
        <time>2025-04-22T10:24:38.236Z</time>
      </trkpt>
      <trkpt lat="46.47328" lon="12.956476">
        <ele>1200.3362043069096</ele>
        <time>2025-04-22T10:25:00.172Z</time>
      </trkpt>
      <trkpt lat="46.473568" lon="12.956481">
        <ele>1198.3333436033854</ele>
        <time>2025-04-22T10:25:28.700Z</time>
      </trkpt>
      <trkpt lat="46.473714" lon="12.956438">
        <ele>1200.8107420328238</ele>
        <time>2025-04-22T10:25:43.455Z</time>
      </trkpt>
      <trkpt lat="46.473753" lon="12.956409">
        <ele>1201.6021564437442</ele>
        <time>2025-04-22T10:25:47.795Z</time>
      </trkpt>
      <trkpt lat="46.473773" lon="12.956371">
        <ele>1201.4350133700418</ele>
        <time>2025-04-22T10:25:51.057Z</time>
      </trkpt>
      <trkpt lat="46.473791" lon="12.956294">
        <ele>1200.6872419101276</ele>
        <time>2025-04-22T10:25:56.603Z</time>
      </trkpt>
      <trkpt lat="46.473776" lon="12.956188">
        <ele>1200.4912428392902</ele>
        <time>2025-04-22T10:26:03.984Z</time>
      </trkpt>
      <trkpt lat="46.473724" lon="12.956074">
        <ele>1200.4743439568258</ele>
        <time>2025-04-22T10:26:13.311Z</time>
      </trkpt>
      <trkpt lat="46.473651" lon="12.95589">
        <ele>1201.6221366886389</ele>
        <time>2025-04-22T10:26:27.796Z</time>
      </trkpt>
      <trkpt lat="46.473632" lon="12.95584">
        <ele>1201.9009406434884</ele>
        <time>2025-04-22T10:26:31.691Z</time>
      </trkpt>
      <trkpt lat="46.473541" lon="12.95548">
        <ele>1205.0511871250173</ele>
        <time>2025-04-22T10:26:57.850Z</time>
      </trkpt>
      <trkpt lat="46.473538" lon="12.955331">
        <ele>1207.6038224675365</ele>
        <time>2025-04-22T10:27:08.018Z</time>
      </trkpt>
      <trkpt lat="46.473554" lon="12.955224">
        <ele>1209.924853226897</ele>
        <time>2025-04-22T10:27:15.487Z</time>
      </trkpt>
      <trkpt lat="46.473672" lon="12.954828">
        <ele>1219.2743257285233</ele>
        <time>2025-04-22T10:27:44.920Z</time>
      </trkpt>
      <trkpt lat="46.473667" lon="12.954642">
        <ele>1220.4169573906327</ele>
        <time>2025-04-22T10:27:57.617Z</time>
      </trkpt>
      <trkpt lat="46.473647" lon="12.954435">
        <ele>1222.9593957639813</ele>
        <time>2025-04-22T10:28:11.875Z</time>
      </trkpt>
      <trkpt lat="46.473643" lon="12.954186">
        <ele>1227.7082692807446</ele>
        <time>2025-04-22T10:28:28.865Z</time>
      </trkpt>
      <trkpt lat="46.473624" lon="12.953959">
        <ele>1230.3868891353413</ele>
        <time>2025-04-22T10:28:44.463Z</time>
      </trkpt>
      <trkpt lat="46.473568" lon="12.953738">
        <ele>1232.17927571925</ele>
        <time>2025-04-22T10:29:00.526Z</time>
      </trkpt>
      <trkpt lat="46.47352" lon="12.953434">
        <ele>1237.1840971372676</ele>
        <time>2025-04-22T10:29:21.801Z</time>
      </trkpt>
      <trkpt lat="46.473406" lon="12.953045">
        <ele>1242.0046055908451</ele>
        <time>2025-04-22T10:29:50.639Z</time>
      </trkpt>
      <trkpt lat="46.473367" lon="12.952849">
        <ele>1244.3553022949768</ele>
        <time>2025-04-22T10:30:04.555Z</time>
      </trkpt>
      <trkpt lat="46.473376" lon="12.952782">
        <ele>1245.2256031704976</ele>
        <time>2025-04-22T10:30:09.211Z</time>
      </trkpt>
      <trkpt lat="46.473416" lon="12.952826">
        <ele>1246.4231557616322</ele>
        <time>2025-04-22T10:30:14.181Z</time>
      </trkpt>
      <trkpt lat="46.473467" lon="12.952927">
        <ele>1247.004695288386</ele>
        <time>2025-04-22T10:30:22.724Z</time>
      </trkpt>
      <trkpt lat="46.473508" lon="12.952988">
        <ele>1247.3195554286635</ele>
        <time>2025-04-22T10:30:28.538Z</time>
      </trkpt>
      <trkpt lat="46.473545" lon="12.952992">
        <ele>1248.647248350013</ele>
        <time>2025-04-22T10:30:32.212Z</time>
      </trkpt>
      <trkpt lat="46.473562" lon="12.952976">
        <ele>1249.5730333331114</ele>
        <time>2025-04-22T10:30:34.218Z</time>
      </trkpt>
      <trkpt lat="46.473573" lon="12.952951">
        <ele>1250.4136745877802</ele>
        <time>2025-04-22T10:30:36.241Z</time>
      </trkpt>
      <trkpt lat="46.473574" lon="12.952886">
        <ele>1251.5682521407066</ele>
        <time>2025-04-22T10:30:40.676Z</time>
      </trkpt>
      <trkpt lat="46.473566" lon="12.952854">
        <ele>1251.5940531070582</ele>
        <time>2025-04-22T10:30:42.998Z</time>
      </trkpt>
      <trkpt lat="46.473542" lon="12.952628">
        <ele>1252.4905638899481</ele>
        <time>2025-04-22T10:30:58.596Z</time>
      </trkpt>
      <trkpt lat="46.473508" lon="12.952412">
        <ele>1252.5074059057786</ele>
        <time>2025-04-22T10:31:13.710Z</time>
      </trkpt>
      <trkpt lat="46.473507" lon="12.952367">
        <ele>1252.7272103873904</ele>
        <time>2025-04-22T10:31:16.781Z</time>
      </trkpt>
      <trkpt lat="46.473514" lon="12.952335">
        <ele>1253.1964793666968</ele>
        <time>2025-04-22T10:31:19.071Z</time>
      </trkpt>
      <trkpt lat="46.47354" lon="12.95232">
        <ele>1254.6473731494675</ele>
        <time>2025-04-22T10:31:21.842Z</time>
      </trkpt>
      <trkpt lat="46.473553" lon="12.952323">
        <ele>1255.3279513349773</ele>
        <time>2025-04-22T10:31:23.145Z</time>
      </trkpt>
      <trkpt lat="46.473572" lon="12.952341">
        <ele>1256.2042494390705</ele>
        <time>2025-04-22T10:31:25.392Z</time>
      </trkpt>
      <trkpt lat="46.473701" lon="12.952563">
        <ele>1258.5440248108632</ele>
        <time>2025-04-22T10:31:45.205Z</time>
      </trkpt>
      <trkpt lat="46.473987" lon="12.952879">
        <ele>1266.5675313644883</ele>
        <time>2025-04-22T10:32:20.801Z</time>
      </trkpt>
      <trkpt lat="46.474176" lon="12.95304">
        <ele>1272.2521275773902</ele>
        <time>2025-04-22T10:32:42.505Z</time>
      </trkpt>
      <trkpt lat="46.47439" lon="12.953246">
        <ele>1277.3699033588605</ele>
        <time>2025-04-22T10:33:07.936Z</time>
      </trkpt>
      <trkpt lat="46.474794" lon="12.953568">
        <ele>1283.9810186078232</ele>
        <time>2025-04-22T10:33:53.584Z</time>
      </trkpt>
      <trkpt lat="46.474857" lon="12.953631">
        <ele>1285.6912938242976</ele>
        <time>2025-04-22T10:34:01.160Z</time>
      </trkpt>
      <trkpt lat="46.474908" lon="12.953702">
        <ele>1287.1950539096315</ele>
        <time>2025-04-22T10:34:08.158Z</time>
      </trkpt>
      <trkpt lat="46.474953" lon="12.953824">
        <ele>1289.2988272221032</ele>
        <time>2025-04-22T10:34:17.598Z</time>
      </trkpt>
      <trkpt lat="46.475016" lon="12.954044">
        <ele>1291.7097250579004</ele>
        <time>2025-04-22T10:34:33.850Z</time>
      </trkpt>
      <trkpt lat="46.475061" lon="12.954113">
        <ele>1292.1643538819994</ele>
        <time>2025-04-22T10:34:40.332Z</time>
      </trkpt>
      <trkpt lat="46.475126" lon="12.954151">
        <ele>1292.7316817413005</ele>
        <time>2025-04-22T10:34:47.272Z</time>
      </trkpt>
      <trkpt lat="46.475495" lon="12.954187">
        <ele>1297.287499243992</ele>
        <time>2025-04-22T10:35:23.903Z</time>
      </trkpt>
      <trkpt lat="46.475558" lon="12.954183">
        <ele>1298.41973587485</ele>
        <time>2025-04-22T10:35:30.149Z</time>
      </trkpt>
      <trkpt lat="46.475599" lon="12.954169">
        <ele>1299.080742334956</ele>
        <time>2025-04-22T10:35:34.320Z</time>
      </trkpt>
      <trkpt lat="46.475666" lon="12.954112">
        <ele>1300.5285516670501</ele>
        <time>2025-04-22T10:35:42.011Z</time>
      </trkpt>
      <trkpt lat="46.475692" lon="12.954072">
        <ele>1301.6841029694826</ele>
        <time>2025-04-22T10:35:45.762Z</time>
      </trkpt>
      <trkpt lat="46.475723" lon="12.953991">
        <ele>1303.0764034494339</ele>
        <time>2025-04-22T10:35:52.083Z</time>
      </trkpt>
      <trkpt lat="46.47577" lon="12.953928">
        <ele>1303.925784690451</ele>
        <time>2025-04-22T10:35:58.418Z</time>
      </trkpt>
      <trkpt lat="46.475849" lon="12.953882">
        <ele>1304.048714632529</ele>
        <time>2025-04-22T10:36:06.848Z</time>
      </trkpt>
      <trkpt lat="46.476022" lon="12.953853">
        <ele>1303.7391640914136</ele>
        <time>2025-04-22T10:36:24.097Z</time>
      </trkpt>
      <trkpt lat="46.476093" lon="12.953812">
        <ele>1305.2682511629125</ele>
        <time>2025-04-22T10:36:31.665Z</time>
      </trkpt>
      <trkpt lat="46.47614" lon="12.953758">
        <ele>1307.3547437374507</ele>
        <time>2025-04-22T10:36:37.601Z</time>
      </trkpt>
      <trkpt lat="46.476157" lon="12.953694">
        <ele>1309.6735169913454</ele>
        <time>2025-04-22T10:36:42.280Z</time>
      </trkpt>
      <trkpt lat="46.476155" lon="12.953643">
        <ele>1311.414725177572</ele>
        <time>2025-04-22T10:36:45.764Z</time>
      </trkpt>
      <trkpt lat="46.476129" lon="12.953565">
        <ele>1313.8716376123625</ele>
        <time>2025-04-22T10:36:51.674Z</time>
      </trkpt>
      <trkpt lat="46.476084" lon="12.953486">
        <ele>1316.0688076076815</ele>
        <time>2025-04-22T10:36:58.667Z</time>
      </trkpt>
      <trkpt lat="46.475941" lon="12.953322">
        <ele>1320.3111512708215</ele>
        <time>2025-04-22T10:37:16.715Z</time>
      </trkpt>
      <trkpt lat="46.475648" lon="12.953044">
        <ele>1326.4802078004016</ele>
        <time>2025-04-22T10:37:51.382Z</time>
      </trkpt>
      <trkpt lat="46.47549" lon="12.952904">
        <ele>1328.397785286627</ele>
        <time>2025-04-22T10:38:09.715Z</time>
      </trkpt>
      <trkpt lat="46.475421" lon="12.952806">
        <ele>1329.9112010891963</ele>
        <time>2025-04-22T10:38:19.275Z</time>
      </trkpt>
      <trkpt lat="46.475375" lon="12.952722">
        <ele>1331.3159267211754</ele>
        <time>2025-04-22T10:38:26.595Z</time>
      </trkpt>
      <trkpt lat="46.475359" lon="12.952649">
        <ele>1333.9648310932482</ele>
        <time>2025-04-22T10:38:31.820Z</time>
      </trkpt>
      <trkpt lat="46.475361" lon="12.952628">
        <ele>1335.0387642879657</ele>
        <time>2025-04-22T10:38:33.266Z</time>
      </trkpt>
      <trkpt lat="46.475379" lon="12.952603">
        <ele>1336.9365179508907</ele>
        <time>2025-04-22T10:38:35.733Z</time>
      </trkpt>
      <trkpt lat="46.475405" lon="12.952606">
        <ele>1337.8390332778424</ele>
        <time>2025-04-22T10:38:38.316Z</time>
      </trkpt>
      <trkpt lat="46.475465" lon="12.952668">
        <ele>1337.5489772948556</ele>
        <time>2025-04-22T10:38:45.610Z</time>
      </trkpt>
      <trkpt lat="46.475505" lon="12.952694">
        <ele>1337.3946101108775</ele>
        <time>2025-04-22T10:38:49.950Z</time>
      </trkpt>
      <trkpt lat="46.475553" lon="12.952708">
        <ele>1337.98424043092</ele>
        <time>2025-04-22T10:38:54.799Z</time>
      </trkpt>
      <trkpt lat="46.475638" lon="12.952699">
        <ele>1339.8833602157742</ele>
        <time>2025-04-22T10:39:03.240Z</time>
      </trkpt>
      <trkpt lat="46.475897" lon="12.952549">
        <ele>1347.6498615344444</ele>
        <time>2025-04-22T10:39:30.859Z</time>
      </trkpt>
      <trkpt lat="46.476066" lon="12.952521">
        <ele>1350.8172747929336</ele>
        <time>2025-04-22T10:39:47.707Z</time>
      </trkpt>
      <trkpt lat="46.476088" lon="12.952513">
        <ele>1351.4576473229613</ele>
        <time>2025-04-22T10:39:49.953Z</time>
      </trkpt>
      <trkpt lat="46.476109" lon="12.952478">
        <ele>1353.452934750041</ele>
        <time>2025-04-22T10:39:53.119Z</time>
      </trkpt>
      <trkpt lat="46.476109" lon="12.952456">
        <ele>1354.5670426467666</ele>
        <time>2025-04-22T10:39:54.619Z</time>
      </trkpt>
      <trkpt lat="46.4761" lon="12.952436">
        <ele>1355.487965548078</ele>
        <time>2025-04-22T10:39:56.248Z</time>
      </trkpt>
      <trkpt lat="46.476071" lon="12.952422">
        <ele>1355.9035782012566</ele>
        <time>2025-04-22T10:39:59.275Z</time>
      </trkpt>
      <trkpt lat="46.475741" lon="12.952384">
        <ele>1355.1172441118192</ele>
        <time>2025-04-22T10:40:32.064Z</time>
      </trkpt>
      <trkpt lat="46.47573" lon="12.952371">
        <ele>1355.686266714493</ele>
        <time>2025-04-22T10:40:33.468Z</time>
      </trkpt>
      <trkpt lat="46.475729" lon="12.952338">
        <ele>1357.673774842584</ele>
        <time>2025-04-22T10:40:35.721Z</time>
      </trkpt>
      <trkpt lat="46.475736" lon="12.952317">
        <ele>1359.0479868538819</ele>
        <time>2025-04-22T10:40:37.312Z</time>
      </trkpt>
      <trkpt lat="46.475747" lon="12.952307">
        <ele>1359.7784147449688</ele>
        <time>2025-04-22T10:40:38.597Z</time>
      </trkpt>
      <trkpt lat="46.475804" lon="12.952303">
        <ele>1360.580687910208</ele>
        <time>2025-04-22T10:40:44.249Z</time>
      </trkpt>
      <trkpt lat="46.475913" lon="12.952288">
        <ele>1362.0678580531765</ele>
        <time>2025-04-22T10:40:55.093Z</time>
      </trkpt>
      <trkpt lat="46.476321" lon="12.952172">
        <ele>1372.4030279346766</ele>
        <time>2025-04-22T10:41:36.272Z</time>
      </trkpt>
      <trkpt lat="46.476428" lon="12.952177">
        <ele>1374.4690452571967</ele>
        <time>2025-04-22T10:41:46.875Z</time>
      </trkpt>
      <trkpt lat="46.476523" lon="12.952194">
        <ele>1377.82661506936</ele>
        <time>2025-04-22T10:41:56.355Z</time>
      </trkpt>
      <trkpt lat="46.476582" lon="12.95224">
        <ele>1380.1940168170634</ele>
        <time>2025-04-22T10:42:02.988Z</time>
      </trkpt>
      <trkpt lat="46.476626" lon="12.952288">
        <ele>1381.7528614201713</ele>
        <time>2025-04-22T10:42:08.439Z</time>
      </trkpt>
      <trkpt lat="46.476704" lon="12.952411">
        <ele>1382.2809567415916</ele>
        <time>2025-04-22T10:42:19.844Z</time>
      </trkpt>
      <trkpt lat="46.476775" lon="12.95247">
        <ele>1383.6122237401244</ele>
        <time>2025-04-22T10:42:27.946Z</time>
      </trkpt>
      <trkpt lat="46.476803" lon="12.952471">
        <ele>1384.0051579428323</ele>
        <time>2025-04-22T10:42:30.720Z</time>
      </trkpt>
      <trkpt lat="46.476834" lon="12.952474">
        <ele>1384.3122605249764</ele>
        <time>2025-04-22T10:42:33.797Z</time>
      </trkpt>
      <trkpt lat="46.476897" lon="12.95246">
        <ele>1385.67423170551</ele>
        <time>2025-04-22T10:42:40.109Z</time>
      </trkpt>
      <trkpt lat="46.477006" lon="12.952365">
        <ele>1390.0374208464877</ele>
        <time>2025-04-22T10:42:52.700Z</time>
      </trkpt>
      <trkpt lat="46.477188" lon="12.952298">
        <ele>1389.1065171418768</ele>
        <time>2025-04-22T10:43:11.297Z</time>
      </trkpt>
      <trkpt lat="46.477416" lon="12.952186">
        <ele>1399.915037856907</ele>
        <time>2025-04-22T10:43:35.137Z</time>
      </trkpt>
      <trkpt lat="46.477482" lon="12.952144">
        <ele>1403.8873014104195</ele>
        <time>2025-04-22T10:43:42.274Z</time>
      </trkpt>
      <trkpt lat="46.477527" lon="12.952127">
        <ele>1405.2085572426913</ele>
        <time>2025-04-22T10:43:46.879Z</time>
      </trkpt>
      <trkpt lat="46.477598" lon="12.952163">
        <ele>1404.4510390755195</ele>
        <time>2025-04-22T10:43:54.327Z</time>
      </trkpt>
      <trkpt lat="46.477798" lon="12.952323">
        <ele>1407.6913737447173</ele>
        <time>2025-04-22T10:44:16.944Z</time>
      </trkpt>
      <trkpt lat="46.478176" lon="12.952299">
        <ele>1420.2827404260672</ele>
        <time>2025-04-22T10:44:54.420Z</time>
      </trkpt>
      <trkpt lat="46.478335" lon="12.95234">
        <ele>1422.2588690382845</ele>
        <time>2025-04-22T10:45:10.415Z</time>
      </trkpt>
      <trkpt lat="46.478664" lon="12.952664">
        <ele>1429.833858923129</ele>
        <time>2025-04-22T10:45:49.789Z</time>
      </trkpt>
      <trkpt lat="46.478854" lon="12.952628">
        <ele>1435.583300376846</ele>
        <time>2025-04-22T10:46:08.767Z</time>
      </trkpt>
      <trkpt lat="46.479085" lon="12.952428">
        <ele>1442.1681801101677</ele>
        <time>2025-04-22T10:46:35.405Z</time>
      </trkpt>
      <trkpt lat="46.479275" lon="12.952207">
        <ele>1451.743861615135</ele>
        <time>2025-04-22T10:46:59.517Z</time>
      </trkpt>
      <trkpt lat="46.479368" lon="12.952083">
        <ele>1457.2080891763867</ele>
        <time>2025-04-22T10:47:12.022Z</time>
      </trkpt>
      <trkpt lat="46.479568" lon="12.952104">
        <ele>1455.4890421094892</ele>
        <time>2025-04-22T10:47:31.883Z</time>
      </trkpt>
      <trkpt lat="46.479722" lon="12.952047">
        <ele>1460.282605093598</ele>
        <time>2025-04-22T10:47:47.624Z</time>
      </trkpt>
      <trkpt lat="46.479887" lon="12.951898">
        <ele>1467.9559762209853</ele>
        <time>2025-04-22T10:48:06.869Z</time>
      </trkpt>
      <trkpt lat="46.479995" lon="12.951842">
        <ele>1471.0167674890026</ele>
        <time>2025-04-22T10:48:18.227Z</time>
      </trkpt>
      <trkpt lat="46.480114" lon="12.951942">
        <ele>1472.2556038882808</ele>
        <time>2025-04-22T10:48:31.845Z</time>
      </trkpt>
      <trkpt lat="46.480291" lon="12.952112">
        <ele>1475.318533584709</ele>
        <time>2025-04-22T10:48:52.864Z</time>
      </trkpt>
      <trkpt lat="46.480313" lon="12.952123">
        <ele>1475.8786978065543</ele>
        <time>2025-04-22T10:48:55.168Z</time>
      </trkpt>
      <trkpt lat="46.480334" lon="12.952123">
        <ele>1476.7322229400565</ele>
        <time>2025-04-22T10:48:57.248Z</time>
      </trkpt>
      <trkpt lat="46.480355" lon="12.952094">
        <ele>1478.0648976050377</ele>
        <time>2025-04-22T10:49:00.118Z</time>
      </trkpt>
      <trkpt lat="46.480362" lon="12.952066">
        <ele>1478.8116489308402</ele>
        <time>2025-04-22T10:49:02.149Z</time>
      </trkpt>
      <trkpt lat="46.480356" lon="12.952015">
        <ele>1479.4137321945273</ele>
        <time>2025-04-22T10:49:05.677Z</time>
      </trkpt>
      <trkpt lat="46.480283" lon="12.951788">
        <ele>1480.6381258462916</ele>
        <time>2025-04-22T10:49:22.764Z</time>
      </trkpt>
      <trkpt lat="46.48023" lon="12.951691">
        <ele>1480.5505584951256</ele>
        <time>2025-04-22T10:49:31.209Z</time>
      </trkpt>
      <trkpt lat="46.480221" lon="12.9516">
        <ele>1482.2135727466346</ele>
        <time>2025-04-22T10:49:37.479Z</time>
      </trkpt>
      <trkpt lat="46.480247" lon="12.951553">
        <ele>1484.126491130682</ele>
        <time>2025-04-22T10:49:41.591Z</time>
      </trkpt>
      <trkpt lat="46.480283" lon="12.951548">
        <ele>1485.4332628521827</ele>
        <time>2025-04-22T10:49:45.173Z</time>
      </trkpt>
      <trkpt lat="46.480323" lon="12.951586">
        <ele>1485.9623353079119</ele>
        <time>2025-04-22T10:49:49.907Z</time>
      </trkpt>
      <trkpt lat="46.48041" lon="12.951738">
        <ele>1486.1018939384824</ele>
        <time>2025-04-22T10:50:03.388Z</time>
      </trkpt>
      <trkpt lat="46.480538" lon="12.951914">
        <ele>1489.050556887642</ele>
        <time>2025-04-22T10:50:20.847Z</time>
      </trkpt>
      <trkpt lat="46.48074" lon="12.952114">
        <ele>1493.9569055922905</ele>
        <time>2025-04-22T10:50:45.062Z</time>
      </trkpt>
      <trkpt lat="46.480909" lon="12.952412">
        <ele>1497.8530387370506</ele>
        <time>2025-04-22T10:51:11.393Z</time>
      </trkpt>
      <trkpt lat="46.481146" lon="12.952869">
        <ele>1505.3713796821921</ele>
        <time>2025-04-22T10:51:50.413Z</time>
      </trkpt>
      <trkpt lat="46.481397" lon="12.953275">
        <ele>1512.2147306974084</ele>
        <time>2025-04-22T10:52:27.627Z</time>
      </trkpt>
      <trkpt lat="46.481603" lon="12.953558">
        <ele>1518.2765545870657</ele>
        <time>2025-04-22T10:52:55.714Z</time>
      </trkpt>
      <trkpt lat="46.481711" lon="12.953813">
        <ele>1520.7839587575506</ele>
        <time>2025-04-22T10:53:16.132Z</time>
      </trkpt>
      <trkpt lat="46.48189" lon="12.954323">
        <ele>1527.3436227843317</ele>
        <time>2025-04-22T10:53:55.174Z</time>
      </trkpt>
      <trkpt lat="46.481915" lon="12.954393">
        <ele>1528.3984556287269</ele>
        <time>2025-04-22T10:54:00.552Z</time>
      </trkpt>
      <trkpt lat="46.481937" lon="12.95443">
        <ele>1529.3240485829574</ele>
        <time>2025-04-22T10:54:03.886Z</time>
      </trkpt>
      <trkpt lat="46.481964" lon="12.954446">
        <ele>1530.445035226221</ele>
        <time>2025-04-22T10:54:06.774Z</time>
      </trkpt>
      <trkpt lat="46.481992" lon="12.954431">
        <ele>1531.4363050561021</ele>
        <time>2025-04-22T10:54:09.730Z</time>
      </trkpt>
      <trkpt lat="46.482006" lon="12.954401">
        <ele>1531.8941695028004</ele>
        <time>2025-04-22T10:54:12.201Z</time>
      </trkpt>
      <trkpt lat="46.48203" lon="12.954202">
        <ele>1532.457371151365</ele>
        <time>2025-04-22T10:54:25.980Z</time>
      </trkpt>
      <trkpt lat="46.482079" lon="12.953691">
        <ele>1535.3377660070967</ele>
        <time>2025-04-22T10:55:01.168Z</time>
      </trkpt>
      <trkpt lat="46.482117" lon="12.953175">
        <ele>1539.9145862416308</ele>
        <time>2025-04-22T10:55:36.561Z</time>
      </trkpt>
      <trkpt lat="46.482129" lon="12.95315">
        <ele>1540.3782791252306</ele>
        <time>2025-04-22T10:55:38.639Z</time>
      </trkpt>
      <trkpt lat="46.482144" lon="12.953142">
        <ele>1540.932263003883</ele>
        <time>2025-04-22T10:55:40.221Z</time>
      </trkpt>
      <trkpt lat="46.482163" lon="12.953142">
        <ele>1541.626251713741</ele>
        <time>2025-04-22T10:55:42.102Z</time>
      </trkpt>
      <trkpt lat="46.482179" lon="12.953155">
        <ele>1542.2111399089003</ele>
        <time>2025-04-22T10:55:43.917Z</time>
      </trkpt>
      <trkpt lat="46.482188" lon="12.953176">
        <ele>1542.5455307016337</ele>
        <time>2025-04-22T10:55:45.604Z</time>
      </trkpt>
      <trkpt lat="46.482204" lon="12.953264">
        <ele>1542.964727259441</ele>
        <time>2025-04-22T10:55:51.811Z</time>
      </trkpt>
      <trkpt lat="46.482236" lon="12.953362">
        <ele>1543.7025345299626</ele>
        <time>2025-04-22T10:55:59.208Z</time>
      </trkpt>
      <trkpt lat="46.482408" lon="12.953695">
        <ele>1547.841661357264</ele>
        <time>2025-04-22T10:56:27.599Z</time>
      </trkpt>
      <trkpt lat="46.482535" lon="12.953899">
        <ele>1550.9128568310127</ele>
        <time>2025-04-22T10:56:46.355Z</time>
      </trkpt>
      <trkpt lat="46.48264" lon="12.954134">
        <ele>1553.771147169982</ele>
        <time>2025-04-22T10:57:05.461Z</time>
      </trkpt>
      <trkpt lat="46.482653" lon="12.953962">
        <ele>1555.5590409826414</ele>
        <time>2025-04-22T10:57:17.262Z</time>
      </trkpt>
      <trkpt lat="46.482708" lon="12.953582">
        <ele>1561.758300302367</ele>
        <time>2025-04-22T10:57:43.745Z</time>
      </trkpt>
      <trkpt lat="46.482856" lon="12.953063">
        <ele>1568.995251577252</ele>
        <time>2025-04-22T10:58:22.057Z</time>
      </trkpt>
      <trkpt lat="46.482881" lon="12.952998">
        <ele>1569.5924622673588</ele>
        <time>2025-04-22T10:58:27.134Z</time>
      </trkpt>
      <trkpt lat="46.482916" lon="12.952911">
        <ele>1570.434715216614</ele>
        <time>2025-04-22T10:58:34.006Z</time>
      </trkpt>
      <trkpt lat="46.483022" lon="12.952762">
        <ele>1574.4335833834086</ele>
        <time>2025-04-22T10:58:48.617Z</time>
      </trkpt>
      <trkpt lat="46.483105" lon="12.952383">
        <ele>1579.1832625246464</ele>
        <time>2025-04-22T10:59:15.741Z</time>
      </trkpt>
      <trkpt lat="46.483066" lon="12.951911">
        <ele>1581.957584823356</ele>
        <time>2025-04-22T10:59:48.163Z</time>
      </trkpt>
      <trkpt lat="46.483054" lon="12.951845">
        <ele>1582.4846505313958</ele>
        <time>2025-04-22T10:59:52.818Z</time>
      </trkpt>
      <trkpt lat="46.483039" lon="12.95179">
        <ele>1583.024422336573</ele>
        <time>2025-04-22T10:59:56.852Z</time>
      </trkpt>
      <trkpt lat="46.482987" lon="12.951674">
        <ele>1583.616780955626</ele>
        <time>2025-04-22T11:00:06.292Z</time>
      </trkpt>
      <trkpt lat="46.482931" lon="12.951503">
        <ele>1585.3033185574716</ele>
        <time>2025-04-22T11:00:19.206Z</time>
      </trkpt>
      <trkpt lat="46.482893" lon="12.951283">
        <ele>1588.6705890654064</ele>
        <time>2025-04-22T11:00:34.675Z</time>
      </trkpt>
      <trkpt lat="46.482784" lon="12.950987">
        <ele>1592.9017848724127</ele>
        <time>2025-04-22T11:00:57.568Z</time>
      </trkpt>
      <trkpt lat="46.482709" lon="12.950236">
        <ele>1602.2117104591402</ele>
        <time>2025-04-22T11:01:49.324Z</time>
      </trkpt>
      <trkpt lat="46.482698" lon="12.950031">
        <ele>1602.9530224589394</ele>
        <time>2025-04-22T11:02:03.347Z</time>
      </trkpt>
      <trkpt lat="46.482568" lon="12.949698">
        <ele>1604.045198553094</ele>
        <time>2025-04-22T11:02:29.454Z</time>
      </trkpt>
      <trkpt lat="46.482562" lon="12.949584">
        <ele>1602.4430249235436</ele>
        <time>2025-04-22T11:02:37.251Z</time>
      </trkpt>
      <trkpt lat="46.482572" lon="12.949429">
        <ele>1601.3601504823519</ele>
        <time>2025-04-22T11:02:47.868Z</time>
      </trkpt>
      <trkpt lat="46.482545" lon="12.949191">
        <ele>1603.245562249858</ele>
        <time>2025-04-22T11:03:04.319Z</time>
      </trkpt>
      <trkpt lat="46.482513" lon="12.948912">
        <ele>1602.0997015077273</ele>
        <time>2025-04-22T11:03:23.609Z</time>
      </trkpt>
      <trkpt lat="46.482411" lon="12.948533">
        <ele>1603.1837870317993</ele>
        <time>2025-04-22T11:03:51.362Z</time>
      </trkpt>
      <trkpt lat="46.482329" lon="12.948142">
        <ele>1600.4660354855307</ele>
        <time>2025-04-22T11:04:19.238Z</time>
      </trkpt>
      <trkpt lat="46.482276" lon="12.947726">
        <ele>1601.0041798237494</ele>
        <time>2025-04-22T11:04:48.092Z</time>
      </trkpt>
      <trkpt lat="46.482284" lon="12.947431">
        <ele>1600.2914806661727</ele>
        <time>2025-04-22T11:05:08.227Z</time>
      </trkpt>
      <trkpt lat="46.482293" lon="12.947137">
        <ele>1601.473450487861</ele>
        <time>2025-04-22T11:05:28.298Z</time>
      </trkpt>
      <trkpt lat="46.482325" lon="12.946888">
        <ele>1602.1264040395474</ele>
        <time>2025-04-22T11:05:45.573Z</time>
      </trkpt>
      <trkpt lat="46.482313" lon="12.946617">
        <ele>1605.9565633687273</ele>
        <time>2025-04-22T11:06:04.094Z</time>
      </trkpt>
      <trkpt lat="46.482313" lon="12.946285">
        <ele>1607.6857053328956</ele>
        <time>2025-04-22T11:06:26.737Z</time>
      </trkpt>
      <trkpt lat="46.482416" lon="12.946056">
        <ele>1605.251215857186</ele>
        <time>2025-04-22T11:06:45.392Z</time>
      </trkpt>
      <trkpt lat="46.482481" lon="12.946">
        <ele>1604.4200141066358</ele>
        <time>2025-04-22T11:06:52.877Z</time>
      </trkpt>
      <trkpt lat="46.48281" lon="12.945877">
        <ele>1603.8195365259996</ele>
        <time>2025-04-22T11:07:26.526Z</time>
      </trkpt>
      <trkpt lat="46.483027" lon="12.945701">
        <ele>1608.1047327675722</ele>
        <time>2025-04-22T11:07:51.144Z</time>
      </trkpt>
      <trkpt lat="46.483221" lon="12.94544">
        <ele>1613.425034702793</ele>
        <time>2025-04-22T11:08:17.337Z</time>
      </trkpt>
      <trkpt lat="46.483432" lon="12.945286">
        <ele>1615.1703292693715</ele>
        <time>2025-04-22T11:08:40.727Z</time>
      </trkpt>
      <trkpt lat="46.483622" lon="12.945204">
        <ele>1615.4478164567827</ele>
        <time>2025-04-22T11:09:00.359Z</time>
      </trkpt>
      <trkpt lat="46.483807" lon="12.944958">
        <ele>1621.6196262123945</ele>
        <time>2025-04-22T11:09:25.203Z</time>
      </trkpt>
      <trkpt lat="46.484059" lon="12.944541">
        <ele>1626.9044685185518</ele>
        <time>2025-04-22T11:10:03.042Z</time>
      </trkpt>
      <trkpt lat="46.484269" lon="12.944182">
        <ele>1633.1619509637808</ele>
        <time>2025-04-22T11:10:35.168Z</time>
      </trkpt>
      <trkpt lat="46.484588" lon="12.943935">
        <ele>1634.6292402987237</ele>
        <time>2025-04-22T11:11:10.974Z</time>
      </trkpt>
      <trkpt lat="46.484757" lon="12.94355">
        <ele>1640.5974284630151</ele>
        <time>2025-04-22T11:11:42.113Z</time>
      </trkpt>
      <trkpt lat="46.484845" lon="12.943221">
        <ele>1644.7680557424042</ele>
        <time>2025-04-22T11:12:06.184Z</time>
      </trkpt>
      <trkpt lat="46.484859" lon="12.943097">
        <ele>1646.395556908706</ele>
        <time>2025-04-22T11:12:14.753Z</time>
      </trkpt>
      <trkpt lat="46.484913" lon="12.942969">
        <ele>1647.4162101772993</ele>
        <time>2025-04-22T11:12:24.990Z</time>
      </trkpt>
      <trkpt lat="46.484996" lon="12.942811">
        <ele>1648.6165362026063</ele>
        <time>2025-04-22T11:12:38.543Z</time>
      </trkpt>
      <trkpt lat="46.485004" lon="12.942676">
        <ele>1650.5443050406575</ele>
        <time>2025-04-22T11:12:47.784Z</time>
      </trkpt>
      <trkpt lat="46.484968" lon="12.942265">
        <ele>1655.4780680842534</ele>
        <time>2025-04-22T11:13:16.040Z</time>
      </trkpt>
      <trkpt lat="46.485012" lon="12.942172">
        <ele>1655.3852720101142</ele>
        <time>2025-04-22T11:13:23.735Z</time>
      </trkpt>
      <trkpt lat="46.485106" lon="12.942039">
        <ele>1656.534733335947</ele>
        <time>2025-04-22T11:13:36.733Z</time>
      </trkpt>
      <trkpt lat="46.485281" lon="12.94189">
        <ele>1658.2412749959813</ele>
        <time>2025-04-22T11:13:56.825Z</time>
      </trkpt>
      <trkpt lat="46.485487" lon="12.941906">
        <ele>1656.9950201870085</ele>
        <time>2025-04-22T11:14:17.258Z</time>
      </trkpt>
      <trkpt lat="46.485754" lon="12.941901">
        <ele>1657.6459716945517</ele>
        <time>2025-04-22T11:14:43.706Z</time>
      </trkpt>
      <trkpt lat="46.486134" lon="12.941808">
        <ele>1660.804329743936</ele>
        <time>2025-04-22T11:15:21.875Z</time>
      </trkpt>
      <trkpt lat="46.486458" lon="12.941598">
        <ele>1662.4842560296051</ele>
        <time>2025-04-22T11:15:57.017Z</time>
      </trkpt>
      <trkpt lat="46.486636" lon="12.941606">
        <ele>1662.5466952664583</ele>
        <time>2025-04-22T11:16:14.656Z</time>
      </trkpt>
      <trkpt lat="46.486787" lon="12.941613">
        <ele>1664.0404517020183</ele>
        <time>2025-04-22T11:16:29.620Z</time>
      </trkpt>
      <trkpt lat="46.487126" lon="12.941592">
        <ele>1668.9641030579423</ele>
        <time>2025-04-22T11:17:03.228Z</time>
      </trkpt>
      <trkpt lat="46.487398" lon="12.941582">
        <ele>1669.3550061009425</ele>
        <time>2025-04-22T11:17:30.178Z</time>
      </trkpt>
      <trkpt lat="46.48767" lon="12.941716">
        <ele>1673.6792995376427</ele>
        <time>2025-04-22T11:17:58.627Z</time>
      </trkpt>
      <trkpt lat="46.487989" lon="12.941906">
        <ele>1675.665185782095</ele>
        <time>2025-04-22T11:18:32.777Z</time>
      </trkpt>
      <trkpt lat="46.488249" lon="12.941918">
        <ele>1679.1535041359512</ele>
        <time>2025-04-22T11:18:58.542Z</time>
      </trkpt>
      <trkpt lat="46.488395" lon="12.942009">
        <ele>1678.439643953947</ele>
        <time>2025-04-22T11:19:14.278Z</time>
      </trkpt>
      <trkpt lat="46.488727" lon="12.942265">
        <ele>1682.4862297290451</ele>
        <time>2025-04-22T11:19:51.509Z</time>
      </trkpt>
      <trkpt lat="46.489016" lon="12.942614">
        <ele>1683.2289592281766</ele>
        <time>2025-04-22T11:20:28.736Z</time>
      </trkpt>
      <trkpt lat="46.489397" lon="12.943327">
        <ele>1685.4690789465344</ele>
        <time>2025-04-22T11:21:30.285Z</time>
      </trkpt>
      <trkpt lat="46.489539" lon="12.943648">
        <ele>1689.6668170231364</ele>
        <time>2025-04-22T11:21:56.304Z</time>
      </trkpt>
      <trkpt lat="46.489556" lon="12.943956">
        <ele>1689.2130344113762</ele>
        <time>2025-04-22T11:22:17.375Z</time>
      </trkpt>
      <trkpt lat="46.489583" lon="12.944148">
        <ele>1689.9009198979866</ele>
        <time>2025-04-22T11:22:30.738Z</time>
      </trkpt>
      <trkpt lat="46.489614" lon="12.944191">
        <ele>1691.537863047424</ele>
        <time>2025-04-22T11:22:34.983Z</time>
      </trkpt>
      <trkpt lat="46.489646" lon="12.944266">
        <ele>1693.002674539304</ele>
        <time>2025-04-22T11:22:41.000Z</time>
      </trkpt>
      <trkpt lat="46.489655" lon="12.944352">
        <ele>1692.0052869420042</ele>
        <time>2025-04-22T11:22:46.932Z</time>
      </trkpt>
      <trkpt lat="46.489673" lon="12.944393">
        <ele>1691.9710239513386</ele>
        <time>2025-04-22T11:22:50.248Z</time>
      </trkpt>
      <trkpt lat="46.489684" lon="12.944374">
        <ele>1693.0427096094759</ele>
        <time>2025-04-22T11:22:51.940Z</time>
      </trkpt>
      <trkpt lat="46.489679" lon="12.944336">
        <ele>1693.7533219128638</ele>
        <time>2025-04-22T11:22:54.578Z</time>
      </trkpt>
      <trkpt lat="46.489702" lon="12.944173">
        <ele>1697.43182485334</ele>
        <time>2025-04-22T11:23:05.924Z</time>
      </trkpt>
      <trkpt lat="46.489758" lon="12.943884">
        <ele>1702.8962085919065</ele>
        <time>2025-04-22T11:23:26.397Z</time>
      </trkpt>
      <trkpt lat="46.489774" lon="12.943743">
        <ele>1704.6973011600871</ele>
        <time>2025-04-22T11:23:36.142Z</time>
      </trkpt>
      <trkpt lat="46.489812" lon="12.943605">
        <ele>1708.2661385436768</ele>
        <time>2025-04-22T11:23:46.277Z</time>
      </trkpt>
      <trkpt lat="46.489835" lon="12.943404">
        <ele>1711.3456844332159</ele>
        <time>2025-04-22T11:24:00.172Z</time>
      </trkpt>
      <trkpt lat="46.489861" lon="12.943283">
        <ele>1714.209981292714</ele>
        <time>2025-04-22T11:24:08.815Z</time>
      </trkpt>
      <trkpt lat="46.489858" lon="12.943223">
        <ele>1714.7037189192831</ele>
        <time>2025-04-22T11:24:12.917Z</time>
      </trkpt>
      <trkpt lat="46.489867" lon="12.943031">
        <ele>1717.9511768771022</ele>
        <time>2025-04-22T11:24:26.040Z</time>
      </trkpt>
      <trkpt lat="46.489816" lon="12.942704">
        <ele>1723.2765632495789</ele>
        <time>2025-04-22T11:24:48.904Z</time>
      </trkpt>
      <trkpt lat="46.48977" lon="12.942578">
        <ele>1725.409230015237</ele>
        <time>2025-04-22T11:24:58.629Z</time>
      </trkpt>
      <trkpt lat="46.489587" lon="12.942213">
        <ele>1729.264221366132</ele>
        <time>2025-04-22T11:25:29.420Z</time>
      </trkpt>
      <trkpt lat="46.489524" lon="12.941945">
        <ele>1734.1311970177046</ele>
        <time>2025-04-22T11:25:48.732Z</time>
      </trkpt>
      <trkpt lat="46.489489" lon="12.941862">
        <ele>1734.9843910806023</ele>
        <time>2025-04-22T11:25:55.369Z</time>
      </trkpt>
      <trkpt lat="46.489434" lon="12.941796">
        <ele>1734.5125666289332</ele>
        <time>2025-04-22T11:26:02.435Z</time>
      </trkpt>
      <trkpt lat="46.489399" lon="12.941726">
        <ele>1735.710569710353</ele>
        <time>2025-04-22T11:26:08.334Z</time>
      </trkpt>
      <trkpt lat="46.489349" lon="12.941661">
        <ele>1736.289766507818</ele>
        <time>2025-04-22T11:26:14.980Z</time>
      </trkpt>
      <trkpt lat="46.489339" lon="12.941608">
        <ele>1738.323321047729</ele>
        <time>2025-04-22T11:26:18.727Z</time>
      </trkpt>
      <trkpt lat="46.489253" lon="12.941464">
        <ele>1739.9696718116052</ele>
        <time>2025-04-22T11:26:31.726Z</time>
      </trkpt>
      <trkpt lat="46.489214" lon="12.941308">
        <ele>1743.52047468699</ele>
        <time>2025-04-22T11:26:43.043Z</time>
      </trkpt>
      <trkpt lat="46.489203" lon="12.941225">
        <ele>1745.5354739520599</ele>
        <time>2025-04-22T11:26:48.807Z</time>
      </trkpt>
      <trkpt lat="46.489216" lon="12.941005">
        <ele>1751.820552725446</ele>
        <time>2025-04-22T11:27:03.864Z</time>
      </trkpt>
      <trkpt lat="46.48917" lon="12.940709">
        <ele>1754.256724123692</ele>
        <time>2025-04-22T11:27:24.557Z</time>
      </trkpt>
      <trkpt lat="46.489132" lon="12.940442">
        <ele>1758.8068961550207</ele>
        <time>2025-04-22T11:27:43.149Z</time>
      </trkpt>
      <trkpt lat="46.488926" lon="12.939721">
        <ele>1767.71480728061</ele>
        <time>2025-04-22T11:28:36.383Z</time>
      </trkpt>
      <trkpt lat="46.488919" lon="12.939609">
        <ele>1769.85487836217</ele>
        <time>2025-04-22T11:28:44.052Z</time>
      </trkpt>
      <trkpt lat="46.488891" lon="12.939478">
        <ele>1771.5477801927395</ele>
        <time>2025-04-22T11:28:53.406Z</time>
      </trkpt>
      <trkpt lat="46.48884" lon="12.939389">
        <ele>1771.7628000303419</ele>
        <time>2025-04-22T11:29:01.302Z</time>
      </trkpt>
      <trkpt lat="46.488739" lon="12.939143">
        <ele>1775.3730618936515</ele>
        <time>2025-04-22T11:29:20.834Z</time>
      </trkpt>
      <trkpt lat="46.488678" lon="12.939071">
        <ele>1775.364628221595</ele>
        <time>2025-04-22T11:29:28.619Z</time>
      </trkpt>
      <trkpt lat="46.488608" lon="12.938939">
        <ele>1777.3666001390338</ele>
        <time>2025-04-22T11:29:39.981Z</time>
      </trkpt>
      <trkpt lat="46.488557" lon="12.938767">
        <ele>1780.4884499079249</ele>
        <time>2025-04-22T11:29:52.752Z</time>
      </trkpt>
      <trkpt lat="46.488532" lon="12.938613">
        <ele>1783.1644665102617</ele>
        <time>2025-04-22T11:30:03.542Z</time>
      </trkpt>
      <trkpt lat="46.488485" lon="12.938503">
        <ele>1783.5231787330133</ele>
        <time>2025-04-22T11:30:12.370Z</time>
      </trkpt>
      <trkpt lat="46.488344" lon="12.938129">
        <ele>1788.031499260874</ele>
        <time>2025-04-22T11:30:41.448Z</time>
      </trkpt>
      <trkpt lat="46.488305" lon="12.937949">
        <ele>1791.4000747586358</ele>
        <time>2025-04-22T11:30:54.316Z</time>
      </trkpt>
      <trkpt lat="46.488249" lon="12.937776">
        <ele>1794.374933584526</ele>
        <time>2025-04-22T11:31:07.352Z</time>
      </trkpt>
      <trkpt lat="46.488169" lon="12.937633">
        <ele>1795.7134953056602</ele>
        <time>2025-04-22T11:31:19.917Z</time>
      </trkpt>
      <trkpt lat="46.488078" lon="12.937377">
        <ele>1800.8422218760536</ele>
        <time>2025-04-22T11:31:39.564Z</time>
      </trkpt>
      <trkpt lat="46.488001" lon="12.937294">
        <ele>1802.6887648451373</ele>
        <time>2025-04-22T11:31:49.061Z</time>
      </trkpt>
      <trkpt lat="46.487995" lon="12.937244">
        <ele>1804.6380492047808</ele>
        <time>2025-04-22T11:31:52.522Z</time>
      </trkpt>
      <trkpt lat="46.488017" lon="12.937214">
        <ele>1806.2986915783656</ele>
        <time>2025-04-22T11:31:55.510Z</time>
      </trkpt>
      <trkpt lat="46.488049" lon="12.937219">
        <ele>1806.464950846119</ele>
        <time>2025-04-22T11:31:58.697Z</time>
      </trkpt>
      <trkpt lat="46.488154" lon="12.937295">
        <ele>1806.0491999735934</ele>
        <time>2025-04-22T11:32:10.317Z</time>
      </trkpt>
      <trkpt lat="46.488363" lon="12.937456">
        <ele>1809.6007198518953</ele>
        <time>2025-04-22T11:32:33.749Z</time>
      </trkpt>
      <trkpt lat="46.488464" lon="12.937514">
        <ele>1812.0157943762777</ele>
        <time>2025-04-22T11:32:44.506Z</time>
      </trkpt>
      <trkpt lat="46.488529" lon="12.93763">
        <ele>1812.0611239791817</ele>
        <time>2025-04-22T11:32:54.705Z</time>
      </trkpt>
      <trkpt lat="46.488635" lon="12.937778">
        <ele>1814.6203126833714</ele>
        <time>2025-04-22T11:33:09.268Z</time>
      </trkpt>
      <trkpt lat="46.488651" lon="12.937814">
        <ele>1814.7090140005246</ele>
        <time>2025-04-22T11:33:12.190Z</time>
      </trkpt>
      <trkpt lat="46.488668" lon="12.937819">
        <ele>1815.6943544349683</ele>
        <time>2025-04-22T11:33:13.908Z</time>
      </trkpt>
      <trkpt lat="46.488681" lon="12.937797">
        <ele>1817.1350597027254</ele>
        <time>2025-04-22T11:33:15.885Z</time>
      </trkpt>
      <trkpt lat="46.488676" lon="12.937769">
        <ele>1817.538232894486</ele>
        <time>2025-04-22T11:33:17.857Z</time>
      </trkpt>
      <trkpt lat="46.488614" lon="12.937557">
        <ele>1819.024531676035</ele>
        <time>2025-04-22T11:33:33.564Z</time>
      </trkpt>
      <trkpt lat="46.488518" lon="12.937319">
        <ele>1821.0980041203616</ele>
        <time>2025-04-22T11:33:52.374Z</time>
      </trkpt>
      <trkpt lat="46.488412" lon="12.937159">
        <ele>1821.460030536301</ele>
        <time>2025-04-22T11:34:07.516Z</time>
      </trkpt>
      <trkpt lat="46.488247" lon="12.936786">
        <ele>1831.4804878278849</ele>
        <time>2025-04-22T11:34:37.750Z</time>
      </trkpt>
      <trkpt lat="46.488186" lon="12.9367">
        <ele>1834.173507441277</ele>
        <time>2025-04-22T11:34:46.170Z</time>
      </trkpt>
      <trkpt lat="46.488118" lon="12.936646">
        <ele>1835.3668974643201</ele>
        <time>2025-04-22T11:34:53.846Z</time>
      </trkpt>
      <trkpt lat="46.488047" lon="12.936512">
        <ele>1840.9243854747197</ele>
        <time>2025-04-22T11:35:05.377Z</time>
      </trkpt>
      <trkpt lat="46.487748" lon="12.936462">
        <ele>1844.2976228332452</ele>
        <time>2025-04-22T11:35:35.188Z</time>
      </trkpt>
      <trkpt lat="46.487714" lon="12.936481">
        <ele>1844.3342032213743</ele>
        <time>2025-04-22T11:35:38.796Z</time>
      </trkpt>
      <trkpt lat="46.487664" lon="12.936532">
        <ele>1844.7619273603416</ele>
        <time>2025-04-22T11:35:44.847Z</time>
      </trkpt>
      <trkpt lat="46.487572" lon="12.936585">
        <ele>1846.7014506096414</ele>
        <time>2025-04-22T11:35:54.650Z</time>
      </trkpt>
      <trkpt lat="46.487474" lon="12.936628">
        <ele>1848.337023740003</ele>
        <time>2025-04-22T11:36:04.790Z</time>
      </trkpt>
      <trkpt lat="46.48741" lon="12.936638">
        <ele>1850.2067218942739</ele>
        <time>2025-04-22T11:36:11.165Z</time>
      </trkpt>
      <trkpt lat="46.487351" lon="12.936634">
        <ele>1850.8130009081121</ele>
        <time>2025-04-22T11:36:17.015Z</time>
      </trkpt>
      <trkpt lat="46.48734" lon="12.936634">
        <ele>1850.8726458175265</ele>
        <time>2025-04-22T11:36:18.104Z</time>
      </trkpt>
      <trkpt lat="46.487297" lon="12.936678">
        <ele>1851.7233886926015</ele>
        <time>2025-04-22T11:36:23.313Z</time>
      </trkpt>
      <trkpt lat="46.487276" lon="12.936717">
        <ele>1852.8749018388178</ele>
        <time>2025-04-22T11:36:26.689Z</time>
      </trkpt>
      <trkpt lat="46.487253" lon="12.936789">
        <ele>1853.5158709658463</ele>
        <time>2025-04-22T11:36:32.101Z</time>
      </trkpt>
      <trkpt lat="46.48722" lon="12.936847">
        <ele>1854.4390276236827</ele>
        <time>2025-04-22T11:36:37.232Z</time>
      </trkpt>
      <trkpt lat="46.487113" lon="12.936865">
        <ele>1860.4987891446463</ele>
        <time>2025-04-22T11:36:47.901Z</time>
      </trkpt>
      <trkpt lat="46.487012" lon="12.936953">
        <ele>1866.1434984128653</ele>
        <time>2025-04-22T11:36:59.567Z</time>
      </trkpt>
      <trkpt lat="46.486971" lon="12.936969">
        <ele>1867.7215108939138</ele>
        <time>2025-04-22T11:37:03.772Z</time>
      </trkpt>
      <trkpt lat="46.486918" lon="12.937036">
        <ele>1870.7429884765716</ele>
        <time>2025-04-22T11:37:10.731Z</time>
      </trkpt>
      <trkpt lat="46.486835" lon="12.937099">
        <ele>1875.6184777757342</ele>
        <time>2025-04-22T11:37:20.007Z</time>
      </trkpt>
      <trkpt lat="46.486788" lon="12.937053">
        <ele>1877.9072533926978</ele>
        <time>2025-04-22T11:37:25.620Z</time>
      </trkpt>
      <trkpt lat="46.486696" lon="12.937053">
        <ele>1883.8651811296722</ele>
        <time>2025-04-22T11:37:34.732Z</time>
      </trkpt>
      <trkpt lat="46.486573" lon="12.936838">
        <ele>1887.099710697107</ele>
        <time>2025-04-22T11:37:53.795Z</time>
      </trkpt>
      <trkpt lat="46.486397" lon="12.936675">
        <ele>1890.3827756560672</ele>
        <time>2025-04-22T11:38:14.470Z</time>
      </trkpt>
      <trkpt lat="46.4863" lon="12.936675">
        <ele>1893.632633553159</ele>
        <time>2025-04-22T11:38:24.077Z</time>
      </trkpt>
      <trkpt lat="46.486125" lon="12.936581">
        <ele>1888.5405680934437</ele>
        <time>2025-04-22T11:38:42.558Z</time>
      </trkpt>
      <trkpt lat="46.486034" lon="12.936616">
        <ele>1890.6217288928194</ele>
        <time>2025-04-22T11:38:51.882Z</time>
      </trkpt>
      <trkpt lat="46.485869" lon="12.936607">
        <ele>1889.5569555489367</ele>
        <time>2025-04-22T11:39:08.236Z</time>
      </trkpt>
      <trkpt lat="46.485817" lon="12.936627">
        <ele>1890.869577105058</ele>
        <time>2025-04-22T11:39:13.564Z</time>
      </trkpt>
      <trkpt lat="46.485565" lon="12.936599">
        <ele>1892.725026051585</ele>
        <time>2025-04-22T11:39:38.597Z</time>
      </trkpt>
      <trkpt lat="46.485499" lon="12.936612">
        <ele>1891.9007602382612</ele>
        <time>2025-04-22T11:39:45.194Z</time>
      </trkpt>
      <trkpt lat="46.485479" lon="12.936625">
        <ele>1891.101233766122</ele>
        <time>2025-04-22T11:39:47.364Z</time>
      </trkpt>
      <trkpt lat="46.485432" lon="12.936682">
        <ele>1889.0844019379629</ele>
        <time>2025-04-22T11:39:53.428Z</time>
      </trkpt>
      <trkpt lat="46.485301" lon="12.936764">
        <ele>1885.6003180062837</ele>
        <time>2025-04-22T11:40:07.557Z</time>
      </trkpt>
      <trkpt lat="46.485236" lon="12.936756">
        <ele>1885.6899874234516</ele>
        <time>2025-04-22T11:40:14.018Z</time>
      </trkpt>
      <trkpt lat="46.485185" lon="12.936731">
        <ele>1886.4868474493373</ele>
        <time>2025-04-22T11:40:19.349Z</time>
      </trkpt>
      <trkpt lat="46.485041" lon="12.936723">
        <ele>1887.8101306697004</ele>
        <time>2025-04-22T11:40:33.622Z</time>
      </trkpt>
      <trkpt lat="46.485014" lon="12.936745">
        <ele>1887.8937888665166</ele>
        <time>2025-04-22T11:40:36.688Z</time>
      </trkpt>
      <trkpt lat="46.484929" lon="12.93675">
        <ele>1889.086060713219</ele>
        <time>2025-04-22T11:40:45.114Z</time>
      </trkpt>
      <trkpt lat="46.484867" lon="12.936774">
        <ele>1888.4175518642571</ele>
        <time>2025-04-22T11:40:51.469Z</time>
      </trkpt>
      <trkpt lat="46.484782" lon="12.936718">
        <ele>1891.694587159587</ele>
        <time>2025-04-22T11:41:00.713Z</time>
      </trkpt>
      <trkpt lat="46.484709" lon="12.936708">
        <ele>1893.20818583296</ele>
        <time>2025-04-22T11:41:07.975Z</time>
      </trkpt>
      <trkpt lat="46.48461" lon="12.936672">
        <ele>1898.1523037140068</ele>
        <time>2025-04-22T11:41:18.083Z</time>
      </trkpt>
      <trkpt lat="46.484519" lon="12.936743">
        <ele>1898.2947884332184</ele>
        <time>2025-04-22T11:41:28.314Z</time>
      </trkpt>
      <trkpt lat="46.484467" lon="12.936741">
        <ele>1900.5853219602336</ele>
        <time>2025-04-22T11:41:33.466Z</time>
      </trkpt>
      <trkpt lat="46.484381" lon="12.936762">
        <ele>1904.4537772054375</ele>
        <time>2025-04-22T11:41:42.103Z</time>
      </trkpt>
      <trkpt lat="46.484313" lon="12.936742">
        <ele>1909.688700176644</ele>
        <time>2025-04-22T11:41:48.975Z</time>
      </trkpt>
      <trkpt lat="46.484182" lon="12.936763">
        <ele>1917.9868857608026</ele>
        <time>2025-04-22T11:42:02.029Z</time>
      </trkpt>
      <trkpt lat="46.484146" lon="12.936801">
        <ele>1918.3414182887018</ele>
        <time>2025-04-22T11:42:06.437Z</time>
      </trkpt>
      <trkpt lat="46.484087" lon="12.936936">
        <ele>1912.9142830248313</ele>
        <time>2025-04-22T11:42:17.342Z</time>
      </trkpt>
      <trkpt lat="46.484067" lon="12.936939">
        <ele>1912.8503286149403</ele>
        <time>2025-04-22T11:42:19.333Z</time>
      </trkpt>
      <trkpt lat="46.484019" lon="12.936923">
        <ele>1914.273190816547</ele>
        <time>2025-04-22T11:42:24.210Z</time>
      </trkpt>
      <trkpt lat="46.483947" lon="12.93693">
        <ele>1913.943310161557</ele>
        <time>2025-04-22T11:42:31.357Z</time>
      </trkpt>
      <trkpt lat="46.483865" lon="12.936889">
        <ele>1916.463775322658</ele>
        <time>2025-04-22T11:42:39.946Z</time>
      </trkpt>
      <trkpt lat="46.483747" lon="12.936817">
        <ele>1923.0168954953638</ele>
        <time>2025-04-22T11:42:52.623Z</time>
      </trkpt>
      <trkpt lat="46.483683" lon="12.936809">
        <ele>1925.2916268588074</ele>
        <time>2025-04-22T11:42:58.985Z</time>
      </trkpt>
      <trkpt lat="46.483644" lon="12.936812">
        <ele>1926.159875157187</ele>
        <time>2025-04-22T11:43:02.853Z</time>
      </trkpt>
      <trkpt lat="46.48354" lon="12.936874">
        <ele>1924.3336288682008</ele>
        <time>2025-04-22T11:43:13.988Z</time>
      </trkpt>
      <trkpt lat="46.483323" lon="12.936853">
        <ele>1933.168393938851</ele>
        <time>2025-04-22T11:43:35.529Z</time>
      </trkpt>
      <trkpt lat="46.48321" lon="12.93667">
        <ele>1942.9473347765738</ele>
        <time>2025-04-22T11:43:52.293Z</time>
      </trkpt>
      <trkpt lat="46.48307" lon="12.936601">
        <ele>1950.916034583823</ele>
        <time>2025-04-22T11:44:06.936Z</time>
      </trkpt>
      <trkpt lat="46.482931" lon="12.936486">
        <ele>1952.42882032765</ele>
        <time>2025-04-22T11:44:22.781Z</time>
      </trkpt>
      <trkpt lat="46.482801" lon="12.936476">
        <ele>1949.8304197552434</ele>
        <time>2025-04-22T11:44:35.675Z</time>
      </trkpt>
      <trkpt lat="46.482748" lon="12.936473">
        <ele>1950.0178169294386</ele>
        <time>2025-04-22T11:44:40.928Z</time>
      </trkpt>
      <trkpt lat="46.482639" lon="12.936328">
        <ele>1951.3925728160043</ele>
        <time>2025-04-22T11:44:55.569Z</time>
      </trkpt>
      <trkpt lat="46.482483" lon="12.936206">
        <ele>1959.7173276092265</ele>
        <time>2025-04-22T11:45:13.118Z</time>
      </trkpt>
      <trkpt lat="46.482357" lon="12.936254">
        <ele>1958.662946410664</ele>
        <time>2025-04-22T11:45:26.020Z</time>
      </trkpt>
      <trkpt lat="46.482377" lon="12.936314">
        <ele>1957.280348192363</ele>
        <time>2025-04-22T11:45:30.566Z</time>
      </trkpt>
      <trkpt lat="46.482373" lon="12.936373">
        <ele>1955.1514079334193</ele>
        <time>2025-04-22T11:45:34.609Z</time>
      </trkpt>
      <trkpt lat="46.482385" lon="12.936423">
        <ele>1953.4533136440086</ele>
        <time>2025-04-22T11:45:38.220Z</time>
      </trkpt>
      <trkpt lat="46.482377" lon="12.936433">
        <ele>1952.7205131531032</ele>
        <time>2025-04-22T11:45:39.265Z</time>
      </trkpt>
      <trkpt lat="46.48232" lon="12.936388">
        <ele>1952.9571578526793</ele>
        <time>2025-04-22T11:45:45.691Z</time>
      </trkpt>
      <trkpt lat="46.482265" lon="12.936324">
        <ele>1951.1649890068786</ele>
        <time>2025-04-22T11:45:52.671Z</time>
      </trkpt>
      <trkpt lat="46.482234" lon="12.936244">
        <ele>1950.9707292712149</ele>
        <time>2025-04-22T11:45:58.931Z</time>
      </trkpt>
      <trkpt lat="46.482211" lon="12.936155">
        <ele>1950.61554354076</ele>
        <time>2025-04-22T11:46:05.414Z</time>
      </trkpt>
      <trkpt lat="46.482167" lon="12.936051">
        <ele>1948.972536643886</ele>
        <time>2025-04-22T11:46:13.739Z</time>
      </trkpt>
      <trkpt lat="46.482108" lon="12.935983">
        <ele>1946.0902496856145</ele>
        <time>2025-04-22T11:46:21.199Z</time>
      </trkpt>
      <trkpt lat="46.482038" lon="12.935929">
        <ele>1943.4047740046103</ele>
        <time>2025-04-22T11:46:29.049Z</time>
      </trkpt>
      <trkpt lat="46.482022" lon="12.935897">
        <ele>1943.403018834522</ele>
        <time>2025-04-22T11:46:31.746Z</time>
      </trkpt>
      <trkpt lat="46.482005" lon="12.935893">
        <ele>1942.5313244702668</ele>
        <time>2025-04-22T11:46:33.451Z</time>
      </trkpt>
      <trkpt lat="46.482005" lon="12.93591">
        <ele>1942.0146754178666</ele>
        <time>2025-04-22T11:46:34.610Z</time>
      </trkpt>
      <trkpt lat="46.482028" lon="12.935987">
        <ele>1941.0956891791175</ele>
        <time>2025-04-22T11:46:40.334Z</time>
      </trkpt>
      <trkpt lat="46.482018" lon="12.93599">
        <ele>1940.3880896608032</ele>
        <time>2025-04-22T11:46:41.345Z</time>
      </trkpt>
      <trkpt lat="46.481965" lon="12.935921">
        <ele>1939.3074411579305</ele>
        <time>2025-04-22T11:46:48.395Z</time>
      </trkpt>
      <trkpt lat="46.481958" lon="12.935928">
        <ele>1938.6110224197416</ele>
        <time>2025-04-22T11:46:49.236Z</time>
      </trkpt>
      <trkpt lat="46.481982" lon="12.936003">
        <ele>1937.753427884251</ele>
        <time>2025-04-22T11:46:54.876Z</time>
      </trkpt>
      <trkpt lat="46.481958" lon="12.935987">
        <ele>1936.7205198403544</ele>
        <time>2025-04-22T11:46:57.491Z</time>
      </trkpt>
      <trkpt lat="46.481927" lon="12.935987">
        <ele>1934.567053525738</ele>
        <time>2025-04-22T11:47:00.561Z</time>
      </trkpt>
      <trkpt lat="46.48197" lon="12.936091">
        <ele>1933.9784950616415</ele>
        <time>2025-04-22T11:47:08.834Z</time>
      </trkpt>
      <trkpt lat="46.481988" lon="12.936109">
        <ele>1934.5342083611079</ele>
        <time>2025-04-22T11:47:10.998Z</time>
      </trkpt>
      <trkpt lat="46.481996" lon="12.936118">
        <ele>1934.7667227726292</ele>
        <time>2025-04-22T11:47:12.000Z</time>
      </trkpt>
      <trkpt lat="46.482008" lon="12.936171">
        <ele>1933.764311389093</ele>
        <time>2025-04-22T11:47:15.805Z</time>
      </trkpt>
      <trkpt lat="46.481988" lon="12.936236">
        <ele>1929.9243313054235</ele>
        <time>2025-04-22T11:47:20.660Z</time>
      </trkpt>
      <trkpt lat="46.48203" lon="12.936338">
        <ele>1931.368780368271</ele>
        <time>2025-04-22T11:47:28.765Z</time>
      </trkpt>
      <trkpt lat="46.482027" lon="12.936444">
        <ele>1929.0908250959892</ele>
        <time>2025-04-22T11:47:36.000Z</time>
      </trkpt>
      <trkpt lat="46.482036" lon="12.936558">
        <ele>1927.8793810953553</ele>
        <time>2025-04-22T11:47:43.826Z</time>
      </trkpt>
      <trkpt lat="46.482103" lon="12.936692">
        <ele>1929.4719612779427</ele>
        <time>2025-04-22T11:47:55.120Z</time>
      </trkpt>
      <trkpt lat="46.482124" lon="12.936765">
        <ele>1928.562406612913</ele>
        <time>2025-04-22T11:48:00.515Z</time>
      </trkpt>
      <trkpt lat="46.482137" lon="12.936841">
        <ele>1926.69361926402</ele>
        <time>2025-04-22T11:48:05.855Z</time>
      </trkpt>
      <trkpt lat="46.482068" lon="12.936708">
        <ele>1926.6093351852269</ele>
        <time>2025-04-22T11:48:17.212Z</time>
      </trkpt>
      <trkpt lat="46.48198" lon="12.936631">
        <ele>1921.6495591257808</ele>
        <time>2025-04-22T11:48:27.388Z</time>
      </trkpt>
      <trkpt lat="46.481964" lon="12.936594">
        <ele>1921.1896553223178</ele>
        <time>2025-04-22T11:48:30.367Z</time>
      </trkpt>
      <trkpt lat="46.481958" lon="12.936448">
        <ele>1922.7820954382016</ele>
        <time>2025-04-22T11:48:40.342Z</time>
      </trkpt>
      <trkpt lat="46.481957" lon="12.936409">
        <ele>1923.2160893400755</ele>
        <time>2025-04-22T11:48:43.003Z</time>
      </trkpt>
      <trkpt lat="46.481923" lon="12.93634">
        <ele>1922.0222263136832</ele>
        <time>2025-04-22T11:48:48.789Z</time>
      </trkpt>
      <trkpt lat="46.481863" lon="12.936305">
        <ele>1918.1297295670756</ele>
        <time>2025-04-22T11:48:55.193Z</time>
      </trkpt>
      <trkpt lat="46.481788" lon="12.936202">
        <ele>1915.9539656098718</ele>
        <time>2025-04-22T11:49:05.417Z</time>
      </trkpt>
      <trkpt lat="46.48173" lon="12.93615">
        <ele>1913.422530378719</ele>
        <time>2025-04-22T11:49:12.168Z</time>
      </trkpt>
      <trkpt lat="46.481723" lon="12.93618">
        <ele>1911.901208607078</ele>
        <time>2025-04-22T11:49:14.328Z</time>
      </trkpt>
      <trkpt lat="46.481786" lon="12.936298">
        <ele>1912.598763457152</ele>
        <time>2025-04-22T11:49:24.511Z</time>
      </trkpt>
      <trkpt lat="46.481845" lon="12.936349">
        <ele>1915.2955318963636</ele>
        <time>2025-04-22T11:49:31.311Z</time>
      </trkpt>
      <trkpt lat="46.481881" lon="12.936505">
        <ele>1915.1610211960226</ele>
        <time>2025-04-22T11:49:42.532Z</time>
      </trkpt>
      <trkpt lat="46.481871" lon="12.936543">
        <ele>1913.6837659623754</ele>
        <time>2025-04-22T11:49:45.306Z</time>
      </trkpt>
      <trkpt lat="46.481855" lon="12.936602">
        <ele>1911.2817194115441</ele>
        <time>2025-04-22T11:49:49.630Z</time>
      </trkpt>
      <trkpt lat="46.481842" lon="12.936755">
        <ele>1907.585331403998</ele>
        <time>2025-04-22T11:50:00.144Z</time>
      </trkpt>
      <trkpt lat="46.481903" lon="12.936923">
        <ele>1909.012399306931</ele>
        <time>2025-04-22T11:50:13.097Z</time>
      </trkpt>
      <trkpt lat="46.4819" lon="12.936985">
        <ele>1907.4588851711706</ele>
        <time>2025-04-22T11:50:17.336Z</time>
      </trkpt>
      <trkpt lat="46.481799" lon="12.936898">
        <ele>1901.2409854340533</ele>
        <time>2025-04-22T11:50:28.967Z</time>
      </trkpt>
      <trkpt lat="46.481759" lon="12.936825">
        <ele>1899.104306085978</ele>
        <time>2025-04-22T11:50:35.329Z</time>
      </trkpt>
      <trkpt lat="46.481758" lon="12.936654">
        <ele>1901.9360701179476</ele>
        <time>2025-04-22T11:50:46.992Z</time>
      </trkpt>
      <trkpt lat="46.481742" lon="12.936593">
        <ele>1901.6400451079128</ele>
        <time>2025-04-22T11:50:51.444Z</time>
      </trkpt>
      <trkpt lat="46.481709" lon="12.936544">
        <ele>1900.176677128577</ele>
        <time>2025-04-22T11:50:56.118Z</time>
      </trkpt>
      <trkpt lat="46.481607" lon="12.936452">
        <ele>1896.0661101524859</ele>
        <time>2025-04-22T11:51:08.010Z</time>
      </trkpt>
      <trkpt lat="46.481535" lon="12.936407">
        <ele>1893.0025493499975</ele>
        <time>2025-04-22T11:51:15.773Z</time>
      </trkpt>
      <trkpt lat="46.481522" lon="12.936371">
        <ele>1893.5176013833384</ele>
        <time>2025-04-22T11:51:18.545Z</time>
      </trkpt>
      <trkpt lat="46.481494" lon="12.936333">
        <ele>1893.2666216801078</ele>
        <time>2025-04-22T11:51:22.340Z</time>
      </trkpt>
      <trkpt lat="46.481522" lon="12.936371">
        <ele>1893.5176013833384</ele>
        <time>2025-04-22T11:51:26.135Z</time>
      </trkpt>
      <trkpt lat="46.481535" lon="12.936407">
        <ele>1893.0025493499975</ele>
        <time>2025-04-22T11:51:28.907Z</time>
      </trkpt>
      <trkpt lat="46.481607" lon="12.936452">
        <ele>1896.0661101524859</ele>
        <time>2025-04-22T11:51:36.670Z</time>
      </trkpt>
      <trkpt lat="46.481609" lon="12.936666">
        <ele>1889.3216613113873</ele>
        <time>2025-04-22T11:51:51.266Z</time>
      </trkpt>
      <trkpt lat="46.481628" lon="12.936721">
        <ele>1889.3908563218442</ele>
        <time>2025-04-22T11:51:55.462Z</time>
      </trkpt>
      <trkpt lat="46.481632" lon="12.936818">
        <ele>1887.779649331862</ele>
        <time>2025-04-22T11:52:02.089Z</time>
      </trkpt>
      <trkpt lat="46.481619" lon="12.937035">
        <ele>1883.290005304198</ele>
        <time>2025-04-22T11:52:16.945Z</time>
      </trkpt>
      <trkpt lat="46.481634" lon="12.937244">
        <ele>1881.7870035573771</ele>
        <time>2025-04-22T11:52:31.276Z</time>
      </trkpt>
      <trkpt lat="46.481628" lon="12.937415">
        <ele>1877.9425522382699</ele>
        <time>2025-04-22T11:52:42.953Z</time>
      </trkpt>
      <trkpt lat="46.481679" lon="12.937615">
        <ele>1876.8712999017814</ele>
        <time>2025-04-22T11:52:57.499Z</time>
      </trkpt>
      <trkpt lat="46.481754" lon="12.937838">
        <ele>1875.9808216086642</ele>
        <time>2025-04-22T11:53:14.425Z</time>
      </trkpt>
      <trkpt lat="46.481765" lon="12.937889">
        <ele>1875.0411530688225</ele>
        <time>2025-04-22T11:53:18.070Z</time>
      </trkpt>
      <trkpt lat="46.481758" lon="12.937923">
        <ele>1873.781141720014</ele>
        <time>2025-04-22T11:53:20.490Z</time>
      </trkpt>
      <trkpt lat="46.48174" lon="12.937925">
        <ele>1873.0229242805467</ele>
        <time>2025-04-22T11:53:22.278Z</time>
      </trkpt>
      <trkpt lat="46.481685" lon="12.937811">
        <ele>1872.2239776631784</ele>
        <time>2025-04-22T11:53:31.771Z</time>
      </trkpt>
      <trkpt lat="46.481542" lon="12.937592">
        <ele>1866.8960601331216</ele>
        <time>2025-04-22T11:53:52.355Z</time>
      </trkpt>
      <trkpt lat="46.481522" lon="12.93756">
        <ele>1866.0421728367476</ele>
        <time>2025-04-22T11:53:55.302Z</time>
      </trkpt>
      <trkpt lat="46.481469" lon="12.937389">
        <ele>1865.7389464627388</ele>
        <time>2025-04-22T11:54:08.091Z</time>
      </trkpt>
      <trkpt lat="46.481398" lon="12.937247">
        <ele>1862.7215348329723</ele>
        <time>2025-04-22T11:54:20.059Z</time>
      </trkpt>
      <trkpt lat="46.481401" lon="12.937167">
        <ele>1863.6003128866387</ele>
        <time>2025-04-22T11:54:25.523Z</time>
      </trkpt>
      <trkpt lat="46.481373" lon="12.93706">
        <ele>1862.50756100717</ele>
        <time>2025-04-22T11:54:33.330Z</time>
      </trkpt>
      <trkpt lat="46.481332" lon="12.936978">
        <ele>1861.0005513244207</ele>
        <time>2025-04-22T11:54:40.241Z</time>
      </trkpt>
      <trkpt lat="46.481254" lon="12.936913">
        <ele>1856.88305191641</ele>
        <time>2025-04-22T11:54:49.148Z</time>
      </trkpt>
      <trkpt lat="46.481206" lon="12.936781">
        <ele>1857.2439284279933</ele>
        <time>2025-04-22T11:54:59.329Z</time>
      </trkpt>
      <trkpt lat="46.481148" lon="12.936697">
        <ele>1856.078472100368</ele>
        <time>2025-04-22T11:55:07.442Z</time>
      </trkpt>
      <trkpt lat="46.480968" lon="12.936561">
        <ele>1850.2088031081275</ele>
        <time>2025-04-22T11:55:27.539Z</time>
      </trkpt>
      <trkpt lat="46.480929" lon="12.936492">
        <ele>1850.168244996899</ele>
        <time>2025-04-22T11:55:33.627Z</time>
      </trkpt>
      <trkpt lat="46.480897" lon="12.936382">
        <ele>1851.8962977013434</ele>
        <time>2025-04-22T11:55:41.771Z</time>
      </trkpt>
      <trkpt lat="46.480862" lon="12.936346">
        <ele>1851.1592829016022</ele>
        <time>2025-04-22T11:55:46.019Z</time>
      </trkpt>
      <trkpt lat="46.480818" lon="12.936332">
        <ele>1849.0316884032177</ele>
        <time>2025-04-22T11:55:50.480Z</time>
      </trkpt>
      <trkpt lat="46.480741" lon="12.936268">
        <ele>1847.3799591431055</ele>
        <time>2025-04-22T11:55:59.267Z</time>
      </trkpt>
      <trkpt lat="46.480679" lon="12.936174">
        <ele>1848.6397423779315</ele>
        <time>2025-04-22T11:56:08.144Z</time>
      </trkpt>
      <trkpt lat="46.480589" lon="12.936104">
        <ele>1849.0019917430611</ele>
        <time>2025-04-22T11:56:18.256Z</time>
      </trkpt>
      <trkpt lat="46.48055" lon="12.936099">
        <ele>1848.010966450177</ele>
        <time>2025-04-22T11:56:22.133Z</time>
      </trkpt>
      <trkpt lat="46.480507" lon="12.936107">
        <ele>1846.1618212422259</ele>
        <time>2025-04-22T11:56:26.426Z</time>
      </trkpt>
      <trkpt lat="46.480463" lon="12.936131">
        <ele>1843.7833910040217</ele>
        <time>2025-04-22T11:56:31.081Z</time>
      </trkpt>
      <trkpt lat="46.480434" lon="12.936125">
        <ele>1843.0019165540218</ele>
        <time>2025-04-22T11:56:33.982Z</time>
      </trkpt>
      <trkpt lat="46.48041" lon="12.936102">
        <ele>1842.5134117827556</ele>
        <time>2025-04-22T11:56:36.830Z</time>
      </trkpt>
      <trkpt lat="46.480388" lon="12.936028">
        <ele>1843.16180074399</ele>
        <time>2025-04-22T11:56:42.327Z</time>
      </trkpt>
      <trkpt lat="46.480355" lon="12.935996">
        <ele>1841.8760627504716</ele>
        <time>2025-04-22T11:56:46.257Z</time>
      </trkpt>
      <trkpt lat="46.480325" lon="12.93594">
        <ele>1841.1652824744858</ele>
        <time>2025-04-22T11:56:51.096Z</time>
      </trkpt>
      <trkpt lat="46.480314" lon="12.935867">
        <ele>1841.9222272794207</ele>
        <time>2025-04-22T11:56:56.192Z</time>
      </trkpt>
      <trkpt lat="46.480263" lon="12.935767">
        <ele>1841.7866009544705</ele>
        <time>2025-04-22T11:57:04.679Z</time>
      </trkpt>
      <trkpt lat="46.480179" lon="12.935698">
        <ele>1840.5988997300065</ele>
        <time>2025-04-22T11:57:14.237Z</time>
      </trkpt>
      <trkpt lat="46.480062" lon="12.935636">
        <ele>1840.6856415240427</ele>
        <time>2025-04-22T11:57:26.573Z</time>
      </trkpt>
      <trkpt lat="46.479973" lon="12.935607">
        <ele>1839.1529571782148</ele>
        <time>2025-04-22T11:57:35.607Z</time>
      </trkpt>
      <trkpt lat="46.479927" lon="12.93557">
        <ele>1837.1258898119806</ele>
        <time>2025-04-22T11:57:40.815Z</time>
      </trkpt>
      <trkpt lat="46.47991" lon="12.935542">
        <ele>1836.0111430739253</ele>
        <time>2025-04-22T11:57:43.361Z</time>
      </trkpt>
      <trkpt lat="46.479906" lon="12.935492">
        <ele>1835.4101428718452</ele>
        <time>2025-04-22T11:57:46.794Z</time>
      </trkpt>
      <trkpt lat="46.479896" lon="12.935473">
        <ele>1834.7468133554075</ele>
        <time>2025-04-22T11:57:48.425Z</time>
      </trkpt>
      <trkpt lat="46.479871" lon="12.935473">
        <ele>1833.428105967921</ele>
        <time>2025-04-22T11:57:50.901Z</time>
      </trkpt>
      <trkpt lat="46.479865" lon="12.93551">
        <ele>1833.1974368373178</ele>
        <time>2025-04-22T11:57:53.493Z</time>
      </trkpt>
      <trkpt lat="46.479865" lon="12.935639">
        <ele>1834.0900319751095</ele>
        <time>2025-04-22T11:58:02.291Z</time>
      </trkpt>
      <trkpt lat="46.479774" lon="12.935901">
        <ele>1832.1051396327207</ele>
        <time>2025-04-22T11:58:22.305Z</time>
      </trkpt>
      <trkpt lat="46.479747" lon="12.935935">
        <ele>1830.8665075300783</ele>
        <time>2025-04-22T11:58:25.844Z</time>
      </trkpt>
      <trkpt lat="46.479721" lon="12.935947">
        <ele>1830.197884816391</ele>
        <time>2025-04-22T11:58:28.546Z</time>
      </trkpt>
      <trkpt lat="46.479714" lon="12.935927">
        <ele>1830.2703064065038</ele>
        <time>2025-04-22T11:58:30.076Z</time>
      </trkpt>
      <trkpt lat="46.47974" lon="12.935885">
        <ele>1831.5067702311153</ele>
        <time>2025-04-22T11:58:33.928Z</time>
      </trkpt>
      <trkpt lat="46.47978" lon="12.935673">
        <ele>1829.7069254783364</ele>
        <time>2025-04-22T11:58:48.920Z</time>
      </trkpt>
      <trkpt lat="46.479778" lon="12.935605">
        <ele>1828.531410002835</ele>
        <time>2025-04-22T11:58:53.562Z</time>
      </trkpt>
      <trkpt lat="46.479707" lon="12.935355">
        <ele>1823.8156344380761</ele>
        <time>2025-04-22T11:59:12.006Z</time>
      </trkpt>
      <trkpt lat="46.47969" lon="12.935262">
        <ele>1824.153751828359</ele>
        <time>2025-04-22T11:59:18.568Z</time>
      </trkpt>
      <trkpt lat="46.47968" lon="12.935237">
        <ele>1823.9967268502492</ele>
        <time>2025-04-22T11:59:20.539Z</time>
      </trkpt>
      <trkpt lat="46.479648" lon="12.93521">
        <ele>1822.776775448689</ele>
        <time>2025-04-22T11:59:23.992Z</time>
      </trkpt>
      <trkpt lat="46.4796" lon="12.935178">
        <ele>1821.0166343183764</ele>
        <time>2025-04-22T11:59:29.223Z</time>
      </trkpt>
      <trkpt lat="46.479561" lon="12.93514">
        <ele>1819.3976356444234</ele>
        <time>2025-04-22T11:59:33.874Z</time>
      </trkpt>
      <trkpt lat="46.479551" lon="12.93509">
        <ele>1819.8278322551178</ele>
        <time>2025-04-22T11:59:37.425Z</time>
      </trkpt>
      <trkpt lat="46.479549" lon="12.93508">
        <ele>1819.910429624301</ele>
        <time>2025-04-22T11:59:38.135Z</time>
      </trkpt>
      <trkpt lat="46.479557" lon="12.935021">
        <ele>1821.5627745812083</ele>
        <time>2025-04-22T11:59:42.236Z</time>
      </trkpt>
      <trkpt lat="46.479539" lon="12.93496">
        <ele>1820.5867871670196</ele>
        <time>2025-04-22T11:59:46.762Z</time>
      </trkpt>
      <trkpt lat="46.479514" lon="12.93494">
        <ele>1819.2048194619167</ele>
        <time>2025-04-22T11:59:49.589Z</time>
      </trkpt>
      <trkpt lat="46.479468" lon="12.934884">
        <ele>1816.6956012844832</ele>
        <time>2025-04-22T11:59:55.534Z</time>
      </trkpt>
      <trkpt lat="46.479451" lon="12.93484">
        <ele>1815.7148040829616</ele>
        <time>2025-04-22T11:59:58.975Z</time>
      </trkpt>
      <trkpt lat="46.47944" lon="12.934704">
        <ele>1816.2395011578594</ele>
        <time>2025-04-22T12:00:08.314Z</time>
      </trkpt>
      <trkpt lat="46.479393" lon="12.934516">
        <ele>1815.7753849753296</ele>
        <time>2025-04-22T12:00:21.955Z</time>
      </trkpt>
      <trkpt lat="46.479365" lon="12.934478">
        <ele>1815.0940444542186</ele>
        <time>2025-04-22T12:00:25.750Z</time>
      </trkpt>
      <trkpt lat="46.47928" lon="12.934405">
        <ele>1811.0642406426848</ele>
        <time>2025-04-22T12:00:35.531Z</time>
      </trkpt>
      <trkpt lat="46.479246" lon="12.934367">
        <ele>1809.8561204932519</ele>
        <time>2025-04-22T12:00:39.780Z</time>
      </trkpt>
      <trkpt lat="46.479226" lon="12.934285">
        <ele>1811.5949689539493</ele>
        <time>2025-04-22T12:00:45.713Z</time>
      </trkpt>
      <trkpt lat="46.479192" lon="12.934193">
        <ele>1812.8852148851486</ele>
        <time>2025-04-22T12:00:52.834Z</time>
      </trkpt>
      <trkpt lat="46.479143" lon="12.934121">
        <ele>1812.904033926996</ele>
        <time>2025-04-22T12:00:59.738Z</time>
      </trkpt>
      <trkpt lat="46.479081" lon="12.934055">
        <ele>1812.639551095156</ele>
        <time>2025-04-22T12:01:07.352Z</time>
      </trkpt>
      <trkpt lat="46.479025" lon="12.934022">
        <ele>1811.0915358382306</ele>
        <time>2025-04-22T12:01:13.338Z</time>
      </trkpt>
      <trkpt lat="46.478963" lon="12.934">
        <ele>1808.7297808525343</ele>
        <time>2025-04-22T12:01:19.659Z</time>
      </trkpt>
      <trkpt lat="46.478931" lon="12.933957">
        <ele>1808.7648179532366</ele>
        <time>2025-04-22T12:01:23.977Z</time>
      </trkpt>
      <trkpt lat="46.478863" lon="12.933812">
        <ele>1810.5114101085346</ele>
        <time>2025-04-22T12:01:35.942Z</time>
      </trkpt>
      <trkpt lat="46.478811" lon="12.933759">
        <ele>1809.7417506133693</ele>
        <time>2025-04-22T12:01:42.234Z</time>
      </trkpt>
      <trkpt lat="46.478751" lon="12.93371">
        <ele>1808.7902539777606</ele>
        <time>2025-04-22T12:01:49.052Z</time>
      </trkpt>
      <trkpt lat="46.478632" lon="12.933624">
        <ele>1807.2535226486048</ele>
        <time>2025-04-22T12:02:02.217Z</time>
      </trkpt>
      <trkpt lat="46.478532" lon="12.933562">
        <ele>1805.8092791695974</ele>
        <time>2025-04-22T12:02:12.986Z</time>
      </trkpt>
      <trkpt lat="46.478443" lon="12.933519">
        <ele>1804.3581869528682</ele>
        <time>2025-04-22T12:02:22.276Z</time>
      </trkpt>
      <trkpt lat="46.478316" lon="12.933472">
        <ele>1802.1792512972359</ele>
        <time>2025-04-22T12:02:35.257Z</time>
      </trkpt>
      <trkpt lat="46.478243" lon="12.933405">
        <ele>1801.4530173967175</ele>
        <time>2025-04-22T12:02:43.810Z</time>
      </trkpt>
      <trkpt lat="46.47811" lon="12.933151">
        <ele>1800.2663077127377</ele>
        <time>2025-04-22T12:03:05.574Z</time>
      </trkpt>
      <trkpt lat="46.478012" lon="12.933009">
        <ele>1798.6653472104506</ele>
        <time>2025-04-22T12:03:19.286Z</time>
      </trkpt>
      <trkpt lat="46.477994" lon="12.932885">
        <ele>1799.84805969285</ele>
        <time>2025-04-22T12:03:27.929Z</time>
      </trkpt>
      <trkpt lat="46.478029" lon="12.932791">
        <ele>1802.6033336162063</ele>
        <time>2025-04-22T12:03:35.217Z</time>
      </trkpt>
      <trkpt lat="46.478118" lon="12.932661">
        <ele>1804.3816534775815</ele>
        <time>2025-04-22T12:03:47.720Z</time>
      </trkpt>
      <trkpt lat="46.478153" lon="12.932523">
        <ele>1801.6944146540477</ele>
        <time>2025-04-22T12:03:57.750Z</time>
      </trkpt>
      <trkpt lat="46.478152" lon="12.93243">
        <ele>1798.90701380645</ele>
        <time>2025-04-22T12:04:04.094Z</time>
      </trkpt>
      <trkpt lat="46.478132" lon="12.932341">
        <ele>1796.5163284157306</ele>
        <time>2025-04-22T12:04:10.479Z</time>
      </trkpt>
      <trkpt lat="46.478126" lon="12.932249">
        <ele>1794.9967248133678</ele>
        <time>2025-04-22T12:04:16.782Z</time>
      </trkpt>
      <trkpt lat="46.478134" lon="12.932174">
        <ele>1794.7830882448259</ele>
        <time>2025-04-22T12:04:21.958Z</time>
      </trkpt>
      <trkpt lat="46.478167" lon="12.932065">
        <ele>1795.1677516004916</ele>
        <time>2025-04-22T12:04:30.079Z</time>
      </trkpt>
      <trkpt lat="46.478175" lon="12.932006">
        <ele>1794.583817318763</ele>
        <time>2025-04-22T12:04:34.180Z</time>
      </trkpt>
      <trkpt lat="46.478157" lon="12.931935">
        <ele>1792.5360224334618</ele>
        <time>2025-04-22T12:04:39.340Z</time>
      </trkpt>
      <trkpt lat="46.478096" lon="12.931751">
        <ele>1788.5564026699603</ele>
        <time>2025-04-22T12:04:53.268Z</time>
      </trkpt>
      <trkpt lat="46.478122" lon="12.931405">
        <ele>1787.8051515300763</ele>
        <time>2025-04-22T12:05:17.008Z</time>
      </trkpt>
      <trkpt lat="46.478116" lon="12.931324">
        <ele>1786.80171040942</ele>
        <time>2025-04-22T12:05:22.564Z</time>
      </trkpt>
      <trkpt lat="46.478097" lon="12.931242">
        <ele>1785.1966184145967</ele>
        <time>2025-04-22T12:05:28.465Z</time>
      </trkpt>
      <trkpt lat="46.478074" lon="12.931189">
        <ele>1784.4668885450092</ele>
        <time>2025-04-22T12:05:32.737Z</time>
      </trkpt>
      <trkpt lat="46.47799" lon="12.931049">
        <ele>1782.0567546238458</ele>
        <time>2025-04-22T12:05:45.402Z</time>
      </trkpt>
      <trkpt lat="46.477928" lon="12.930772">
        <ele>1782.1324100113493</ele>
        <time>2025-04-22T12:06:05.268Z</time>
      </trkpt>
      <trkpt lat="46.477895" lon="12.930739">
        <ele>1780.8581954144197</ele>
        <time>2025-04-22T12:06:09.236Z</time>
      </trkpt>
      <trkpt lat="46.477777" lon="12.930517">
        <ele>1779.199854721915</ele>
        <time>2025-04-22T12:06:28.364Z</time>
      </trkpt>
      <trkpt lat="46.47772" lon="12.930446">
        <ele>1778.8055775237153</ele>
        <time>2025-04-22T12:06:35.802Z</time>
      </trkpt>
      <trkpt lat="46.477668" lon="12.930425">
        <ele>1777.6745011774951</ele>
        <time>2025-04-22T12:06:41.148Z</time>
      </trkpt>
      <trkpt lat="46.477617" lon="12.930368">
        <ele>1777.2093857437912</ele>
        <time>2025-04-22T12:06:47.522Z</time>
      </trkpt>
      <trkpt lat="46.477578" lon="12.930304">
        <ele>1777.4873142314536</ele>
        <time>2025-04-22T12:06:53.351Z</time>
      </trkpt>
      <trkpt lat="46.477519" lon="12.930267">
        <ele>1777.254377418641</ele>
        <time>2025-04-22T12:06:59.716Z</time>
      </trkpt>
      <trkpt lat="46.477417" lon="12.930275">
        <ele>1775.8044425810397</ele>
        <time>2025-04-22T12:07:09.833Z</time>
      </trkpt>
      <trkpt lat="46.477368" lon="12.930257">
        <ele>1775.8176141118024</ele>
        <time>2025-04-22T12:07:14.839Z</time>
      </trkpt>
      <trkpt lat="46.477246" lon="12.930276">
        <ele>1773.6148795729869</ele>
        <time>2025-04-22T12:07:26.992Z</time>
      </trkpt>
      <trkpt lat="46.477202" lon="12.930259">
        <ele>1772.500662025596</ele>
        <time>2025-04-22T12:07:31.501Z</time>
      </trkpt>
      <trkpt lat="46.477162" lon="12.930217">
        <ele>1771.7051615993228</ele>
        <time>2025-04-22T12:07:36.390Z</time>
      </trkpt>
      <trkpt lat="46.477148" lon="12.930158">
        <ele>1771.3302907524278</ele>
        <time>2025-04-22T12:07:40.646Z</time>
      </trkpt>
      <trkpt lat="46.477137" lon="12.930016">
        <ele>1771.28799918644</ele>
        <time>2025-04-22T12:07:50.392Z</time>
      </trkpt>
      <trkpt lat="46.477107" lon="12.929929">
        <ele>1770.1998555479083</ele>
        <time>2025-04-22T12:07:57.028Z</time>
      </trkpt>
      <trkpt lat="46.477064" lon="12.929875">
        <ele>1768.2995031675462</ele>
        <time>2025-04-22T12:08:02.658Z</time>
      </trkpt>
      <trkpt lat="46.476999" lon="12.92982">
        <ele>1766.9398632746304</ele>
        <time>2025-04-22T12:08:10.109Z</time>
      </trkpt>
      <trkpt lat="46.476906" lon="12.929791">
        <ele>1765.021429374338</ele>
        <time>2025-04-22T12:08:19.530Z</time>
      </trkpt>
      <trkpt lat="46.476796" lon="12.92978">
        <ele>1762.0848773144978</ele>
        <time>2025-04-22T12:08:30.451Z</time>
      </trkpt>
      <trkpt lat="46.476714" lon="12.929716">
        <ele>1761.2357840949408</ele>
        <time>2025-04-22T12:08:39.671Z</time>
      </trkpt>
      <trkpt lat="46.476634" lon="12.929635">
        <ele>1760.1270629528765</ele>
        <time>2025-04-22T12:08:49.330Z</time>
      </trkpt>
      <trkpt lat="46.476586" lon="12.929563">
        <ele>1759.685594606468</ele>
        <time>2025-04-22T12:08:56.165Z</time>
      </trkpt>
      <trkpt lat="46.476581" lon="12.929503">
        <ele>1760.6061912416465</ele>
        <time>2025-04-22T12:09:00.287Z</time>
      </trkpt>
      <trkpt lat="46.476562" lon="12.929446">
        <ele>1760.6776695245608</ele>
        <time>2025-04-22T12:09:04.606Z</time>
      </trkpt>
      <trkpt lat="46.476539" lon="12.929422">
        <ele>1760.0292736437661</ele>
        <time>2025-04-22T12:09:07.411Z</time>
      </trkpt>
      <trkpt lat="46.476514" lon="12.929417">
        <ele>1758.9320373272403</ele>
        <time>2025-04-22T12:09:09.910Z</time>
      </trkpt>
      <trkpt lat="46.476321" lon="12.929311">
        <ele>1753.4686655874605</ele>
        <time>2025-04-22T12:09:30.348Z</time>
      </trkpt>
      <trkpt lat="46.476144" lon="12.929232">
        <ele>1750.1954648841706</ele>
        <time>2025-04-22T12:09:48.689Z</time>
      </trkpt>
      <trkpt lat="46.476065" lon="12.929181">
        <ele>1749.9655606195433</ele>
        <time>2025-04-22T12:09:57.252Z</time>
      </trkpt>
      <trkpt lat="46.475971" lon="12.929144">
        <ele>1748.8502974477742</ele>
        <time>2025-04-22T12:10:06.898Z</time>
      </trkpt>
      <trkpt lat="46.475772" lon="12.929091">
        <ele>1747.1443417432383</ele>
        <time>2025-04-22T12:10:26.937Z</time>
      </trkpt>
      <trkpt lat="46.475667" lon="12.929007">
        <ele>1744.6456648761598</ele>
        <time>2025-04-22T12:10:38.811Z</time>
      </trkpt>
      <trkpt lat="46.475635" lon="12.928937">
        <ele>1743.128712021282</ele>
        <time>2025-04-22T12:10:44.542Z</time>
      </trkpt>
      <trkpt lat="46.475543" lon="12.928288">
        <ele>1737.8335160904812</ele>
        <time>2025-04-22T12:11:29.739Z</time>
      </trkpt>
      <trkpt lat="46.475543" lon="12.928121">
        <ele>1736.6903036269628</ele>
        <time>2025-04-22T12:11:41.130Z</time>
      </trkpt>
      <trkpt lat="46.475568" lon="12.92757">
        <ele>1729.9312697465377</ele>
        <time>2025-04-22T12:12:18.795Z</time>
      </trkpt>
      <trkpt lat="46.475612" lon="12.927357">
        <ele>1728.8100086301451</ele>
        <time>2025-04-22T12:12:33.963Z</time>
      </trkpt>
      <trkpt lat="46.475604" lon="12.927243">
        <ele>1727.1657341306511</ele>
        <time>2025-04-22T12:12:41.779Z</time>
      </trkpt>
      <trkpt lat="46.475577" lon="12.927178">
        <ele>1725.490078891411</ele>
        <time>2025-04-22T12:12:46.956Z</time>
      </trkpt>
      <trkpt lat="46.475543" lon="12.927051">
        <ele>1723.2936711707746</ele>
        <time>2025-04-22T12:12:56.250Z</time>
      </trkpt>
      <trkpt lat="46.47552" lon="12.926876">
        <ele>1721.6977136820728</ele>
        <time>2025-04-22T12:13:08.402Z</time>
      </trkpt>
      <trkpt lat="46.475524" lon="12.92676">
        <ele>1721.1909019066072</ele>
        <time>2025-04-22T12:13:16.324Z</time>
      </trkpt>
      <trkpt lat="46.47554" lon="12.926582">
        <ele>1719.8113892713145</ele>
        <time>2025-04-22T12:13:28.568Z</time>
      </trkpt>
      <trkpt lat="46.475586" lon="12.926414">
        <ele>1719.0365612338965</ele>
        <time>2025-04-22T12:13:40.900Z</time>
      </trkpt>
      <trkpt lat="46.475596" lon="12.926316">
        <ele>1717.5041648410204</ele>
        <time>2025-04-22T12:13:47.657Z</time>
      </trkpt>
      <trkpt lat="46.475593" lon="12.926226">
        <ele>1715.5648162303755</ele>
        <time>2025-04-22T12:13:53.803Z</time>
      </trkpt>
      <trkpt lat="46.475609" lon="12.926054">
        <ele>1713.4220919212257</ele>
        <time>2025-04-22T12:14:05.641Z</time>
      </trkpt>
      <trkpt lat="46.475769" lon="12.925329">
        <ele>1706.1018326101494</ele>
        <time>2025-04-22T12:14:57.571Z</time>
      </trkpt>
      <trkpt lat="46.475817" lon="12.925063">
        <ele>1702.9972675498068</ele>
        <time>2025-04-22T12:15:16.327Z</time>
      </trkpt>
      <trkpt lat="46.475837" lon="12.924724">
        <ele>1698.1220251581817</ele>
        <time>2025-04-22T12:15:39.535Z</time>
      </trkpt>
      <trkpt lat="46.475825" lon="12.924271">
        <ele>1692.3913491550168</ele>
        <time>2025-04-22T12:16:10.457Z</time>
      </trkpt>
      <trkpt lat="46.475854" lon="12.924069">
        <ele>1691.6886292821055</ele>
        <time>2025-04-22T12:16:24.531Z</time>
      </trkpt>
      <trkpt lat="46.475887" lon="12.923899">
        <ele>1690.3337053686553</ele>
        <time>2025-04-22T12:16:36.578Z</time>
      </trkpt>
      <trkpt lat="46.475942" lon="12.923755">
        <ele>1689.4021725694977</ele>
        <time>2025-04-22T12:16:47.809Z</time>
      </trkpt>
      <trkpt lat="46.476052" lon="12.923362">
        <ele>1683.786111825402</ele>
        <time>2025-04-22T12:17:16.745Z</time>
      </trkpt>
      <trkpt lat="46.476085" lon="12.92327">
        <ele>1682.8868310156458</ele>
        <time>2025-04-22T12:17:23.820Z</time>
      </trkpt>
      <trkpt lat="46.476111" lon="12.92317">
        <ele>1681.6755022463472</ele>
        <time>2025-04-22T12:17:31.111Z</time>
      </trkpt>
      <trkpt lat="46.476151" lon="12.922938">
        <ele>1679.2528304582784</ele>
        <time>2025-04-22T12:17:47.424Z</time>
      </trkpt>
      <trkpt lat="46.476191" lon="12.922773">
        <ele>1678.237236290507</ele>
        <time>2025-04-22T12:17:59.355Z</time>
      </trkpt>
      <trkpt lat="46.476201" lon="12.922528">
        <ele>1674.0833704689894</ele>
        <time>2025-04-22T12:18:16.095Z</time>
      </trkpt>
      <trkpt lat="46.476181" lon="12.92237">
        <ele>1670.5750617406106</ele>
        <time>2025-04-22T12:18:27.052Z</time>
      </trkpt>
      <trkpt lat="46.476146" lon="12.922317">
        <ele>1668.4216403952516</ele>
        <time>2025-04-22T12:18:32.060Z</time>
      </trkpt>
      <trkpt lat="46.476107" lon="12.922217">
        <ele>1665.3467914589098</ele>
        <time>2025-04-22T12:18:39.898Z</time>
      </trkpt>
      <trkpt lat="46.476102" lon="12.922095">
        <ele>1663.1014140285126</ele>
        <time>2025-04-22T12:18:48.234Z</time>
      </trkpt>
      <trkpt lat="46.476066" lon="12.921899">
        <ele>1658.8484280746302</ele>
        <time>2025-04-22T12:19:02.070Z</time>
      </trkpt>
      <trkpt lat="46.476013" lon="12.921681">
        <ele>1654.6147736867088</ele>
        <time>2025-04-22T12:19:17.839Z</time>
      </trkpt>
      <trkpt lat="46.476026" lon="12.921384">
        <ele>1652.5773081762507</ele>
        <time>2025-04-22T12:19:38.138Z</time>
      </trkpt>
      <trkpt lat="46.475977" lon="12.921294">
        <ele>1651.446179551478</ele>
        <time>2025-04-22T12:19:45.963Z</time>
      </trkpt>
      <trkpt lat="46.475838" lon="12.921297">
        <ele>1650.0827600291898</ele>
        <time>2025-04-22T12:19:59.732Z</time>
      </trkpt>
      <trkpt lat="46.47575" lon="12.921317">
        <ele>1649.8863146866072</ele>
        <time>2025-04-22T12:20:08.554Z</time>
      </trkpt>
      <trkpt lat="46.475544" lon="12.921632">
        <ele>1650.112781713545</ele>
        <time>2025-04-22T12:20:38.185Z</time>
      </trkpt>
      <trkpt lat="46.475506" lon="12.921715">
        <ele>1649.7355603852184</ele>
        <time>2025-04-22T12:20:44.983Z</time>
      </trkpt>
      <trkpt lat="46.475432" lon="12.921838">
        <ele>1648.2917648243044</ele>
        <time>2025-04-22T12:20:56.123Z</time>
      </trkpt>
      <trkpt lat="46.475318" lon="12.921908">
        <ele>1647.0057963131064</ele>
        <time>2025-04-22T12:21:08.382Z</time>
      </trkpt>
      <trkpt lat="46.475223" lon="12.921916">
        <ele>1646.8074633274298</ele>
        <time>2025-04-22T12:21:17.807Z</time>
      </trkpt>
      <trkpt lat="46.474838" lon="12.921753">
        <ele>1646.2898637358303</ele>
        <time>2025-04-22T12:21:57.528Z</time>
      </trkpt>
      <trkpt lat="46.474735" lon="12.921747">
        <ele>1646.3994902689553</ele>
        <time>2025-04-22T12:22:07.738Z</time>
      </trkpt>
      <trkpt lat="46.474538" lon="12.921792">
        <ele>1648.123185262761</ele>
        <time>2025-04-22T12:22:27.490Z</time>
      </trkpt>
      <trkpt lat="46.474449" lon="12.921893">
        <ele>1649.3485176870954</ele>
        <time>2025-04-22T12:22:38.678Z</time>
      </trkpt>
      <trkpt lat="46.474395" lon="12.922001">
        <ele>1649.4267988932536</ele>
        <time>2025-04-22T12:22:47.781Z</time>
      </trkpt>
      <trkpt lat="46.474355" lon="12.922183">
        <ele>1647.6140397510599</ele>
        <time>2025-04-22T12:23:00.812Z</time>
      </trkpt>
      <trkpt lat="46.474313" lon="12.92228">
        <ele>1646.0654304467164</ele>
        <time>2025-04-22T12:23:08.627Z</time>
      </trkpt>
      <trkpt lat="46.474259" lon="12.922299">
        <ele>1645.7824801570803</ele>
        <time>2025-04-22T12:23:14.130Z</time>
      </trkpt>
      <trkpt lat="46.474096" lon="12.922301">
        <ele>1648.0875658860627</ele>
        <time>2025-04-22T12:23:30.275Z</time>
      </trkpt>
      <trkpt lat="46.47406" lon="12.922325">
        <ele>1648.3375377042998</ele>
        <time>2025-04-22T12:23:34.198Z</time>
      </trkpt>
      <trkpt lat="46.474023" lon="12.922364">
        <ele>1648.5229525776472</ele>
        <time>2025-04-22T12:23:38.726Z</time>
      </trkpt>
      <trkpt lat="46.473973" lon="12.922437">
        <ele>1648.227007461841</ele>
        <time>2025-04-22T12:23:45.749Z</time>
      </trkpt>
      <trkpt lat="46.473894" lon="12.922499">
        <ele>1649.3671423386595</ele>
        <time>2025-04-22T12:23:54.643Z</time>
      </trkpt>
      <trkpt lat="46.4736" lon="12.922796">
        <ele>1650.0068532909272</ele>
        <time>2025-04-22T12:24:30.117Z</time>
      </trkpt>
      <trkpt lat="46.473311" lon="12.923013">
        <ele>1650.9666333096436</ele>
        <time>2025-04-22T12:25:02.342Z</time>
      </trkpt>
      <trkpt lat="46.473129" lon="12.923124">
        <ele>1652.4824897984486</ele>
        <time>2025-04-22T12:25:21.894Z</time>
      </trkpt>
      <trkpt lat="46.472983" lon="12.923274">
        <ele>1654.1130777512537</ele>
        <time>2025-04-22T12:25:39.609Z</time>
      </trkpt>
      <trkpt lat="46.472935" lon="12.923338">
        <ele>1655.4894555109831</ele>
        <time>2025-04-22T12:25:46.063Z</time>
      </trkpt>
      <trkpt lat="46.472894" lon="12.923413">
        <ele>1656.6718198475585</ele>
        <time>2025-04-22T12:25:52.594Z</time>
      </trkpt>
      <trkpt lat="46.472872" lon="12.92353">
        <ele>1655.736919042683</ele>
        <time>2025-04-22T12:26:00.867Z</time>
      </trkpt>
      <trkpt lat="46.472857" lon="12.923613">
        <ele>1654.8963603547847</ele>
        <time>2025-04-22T12:26:06.720Z</time>
      </trkpt>
      <trkpt lat="46.472836" lon="12.923687">
        <ele>1654.6278209054326</ele>
        <time>2025-04-22T12:26:12.179Z</time>
      </trkpt>
      <trkpt lat="46.472804" lon="12.923761">
        <ele>1654.0166177381334</ele>
        <time>2025-04-22T12:26:18.139Z</time>
      </trkpt>
      <trkpt lat="46.472588" lon="12.924016">
        <ele>1658.0784349952082</ele>
        <time>2025-04-22T12:26:45.712Z</time>
      </trkpt>
      <trkpt lat="46.472499" lon="12.924153">
        <ele>1658.1438532877785</ele>
        <time>2025-04-22T12:26:58.559Z</time>
      </trkpt>
      <trkpt lat="46.472376" lon="12.92431">
        <ele>1659.4470222861542</ele>
        <time>2025-04-22T12:27:14.780Z</time>
      </trkpt>
      <trkpt lat="46.472243" lon="12.924518">
        <ele>1659.2554094481209</ele>
        <time>2025-04-22T12:27:34.141Z</time>
      </trkpt>
      <trkpt lat="46.472097" lon="12.924682">
        <ele>1659.9110440555896</ele>
        <time>2025-04-22T12:27:52.424Z</time>
      </trkpt>
      <trkpt lat="46.471957" lon="12.924794">
        <ele>1662.4805280500348</ele>
        <time>2025-04-22T12:28:08.256Z</time>
      </trkpt>
      <trkpt lat="46.471873" lon="12.924829">
        <ele>1663.051795926938</ele>
        <time>2025-04-22T12:28:16.911Z</time>
      </trkpt>
      <trkpt lat="46.47184" lon="12.924811">
        <ele>1662.4427762203702</ele>
        <time>2025-04-22T12:28:20.402Z</time>
      </trkpt>
      <trkpt lat="46.471816" lon="12.924766">
        <ele>1661.4890823274204</ele>
        <time>2025-04-22T12:28:24.284Z</time>
      </trkpt>
      <trkpt lat="46.471769" lon="12.924906">
        <ele>1661.133953003896</ele>
        <time>2025-04-22T12:28:34.908Z</time>
      </trkpt>
      <trkpt lat="46.471724" lon="12.92499">
        <ele>1661.6231887287547</ele>
        <time>2025-04-22T12:28:42.167Z</time>
      </trkpt>
      <trkpt lat="46.47169" lon="12.925003">
        <ele>1660.7299112519268</ele>
        <time>2025-04-22T12:28:45.649Z</time>
      </trkpt>
      <trkpt lat="46.471652" lon="12.924999">
        <ele>1658.7840304207245</ele>
        <time>2025-04-22T12:28:49.422Z</time>
      </trkpt>
      <trkpt lat="46.471646" lon="12.924981">
        <ele>1657.4927532572851</ele>
        <time>2025-04-22T12:28:50.786Z</time>
      </trkpt>
      <trkpt lat="46.471585" lon="12.925011">
        <ele>1656.3897872051807</ele>
        <time>2025-04-22T12:28:57.165Z</time>
      </trkpt>
      <trkpt lat="46.471507" lon="12.925001">
        <ele>1651.4442094338042</ele>
        <time>2025-04-22T12:29:04.920Z</time>
      </trkpt>
      <trkpt lat="46.471436" lon="12.925032">
        <ele>1649.2993660264576</ele>
        <time>2025-04-22T12:29:12.263Z</time>
      </trkpt>
      <trkpt lat="46.471373" lon="12.925072">
        <ele>1647.3509695866233</ele>
        <time>2025-04-22T12:29:19.073Z</time>
      </trkpt>
      <trkpt lat="46.471326" lon="12.925108">
        <ele>1645.5720971977123</ele>
        <time>2025-04-22T12:29:24.336Z</time>
      </trkpt>
      <trkpt lat="46.471287" lon="12.925162">
        <ele>1645.3146083002982</ele>
        <time>2025-04-22T12:29:29.673Z</time>
      </trkpt>
      <trkpt lat="46.471223" lon="12.925194">
        <ele>1642.2891450690468</ele>
        <time>2025-04-22T12:29:36.377Z</time>
      </trkpt>
      <trkpt lat="46.471189" lon="12.925256">
        <ele>1643.028104997933</ele>
        <time>2025-04-22T12:29:41.783Z</time>
      </trkpt>
      <trkpt lat="46.471165" lon="12.925285">
        <ele>1643.0388005917835</ele>
        <time>2025-04-22T12:29:44.875Z</time>
      </trkpt>
      <trkpt lat="46.471128" lon="12.925309">
        <ele>1641.9313528306557</ele>
        <time>2025-04-22T12:29:48.888Z</time>
      </trkpt>
      <trkpt lat="46.471097" lon="12.925352">
        <ele>1642.3116049149467</ele>
        <time>2025-04-22T12:29:53.134Z</time>
      </trkpt>
      <trkpt lat="46.470958" lon="12.925506">
        <ele>1643.081811440562</ele>
        <time>2025-04-22T12:30:10.452Z</time>
      </trkpt>
      <trkpt lat="46.470897" lon="12.925601">
        <ele>1644.538875711187</ele>
        <time>2025-04-22T12:30:19.312Z</time>
      </trkpt>
      <trkpt lat="46.47082" lon="12.925627">
        <ele>1639.908186765756</ele>
        <time>2025-04-22T12:30:27.142Z</time>
      </trkpt>
      <trkpt lat="46.470777" lon="12.925659">
        <ele>1636.9465083260095</ele>
        <time>2025-04-22T12:30:31.927Z</time>
      </trkpt>
      <trkpt lat="46.470761" lon="12.925693">
        <ele>1636.0079806842155</ele>
        <time>2025-04-22T12:30:34.736Z</time>
      </trkpt>
      <trkpt lat="46.470756" lon="12.92577">
        <ele>1636.4182469783468</ele>
        <time>2025-04-22T12:30:40.012Z</time>
      </trkpt>
      <trkpt lat="46.470748" lon="12.925818">
        <ele>1636.2592558747256</ele>
        <time>2025-04-22T12:30:43.380Z</time>
      </trkpt>
      <trkpt lat="46.470729" lon="12.925856">
        <ele>1634.8861015217722</ele>
        <time>2025-04-22T12:30:46.583Z</time>
      </trkpt>
      <trkpt lat="46.470726" lon="12.925918">
        <ele>1635.3442193511016</ele>
        <time>2025-04-22T12:30:50.822Z</time>
      </trkpt>
      <trkpt lat="46.470671" lon="12.926083">
        <ele>1632.474095283295</ele>
        <time>2025-04-22T12:31:03.326Z</time>
      </trkpt>
      <trkpt lat="46.470646" lon="12.926188">
        <ele>1631.8064274283029</ele>
        <time>2025-04-22T12:31:10.904Z</time>
      </trkpt>
      <trkpt lat="46.470604" lon="12.926247">
        <ele>1628.8379846273567</ele>
        <time>2025-04-22T12:31:16.692Z</time>
      </trkpt>
      <trkpt lat="46.470573" lon="12.926347">
        <ele>1628.1362604784715</ele>
        <time>2025-04-22T12:31:24.172Z</time>
      </trkpt>
      <trkpt lat="46.470531" lon="12.926445">
        <ele>1626.5649239757095</ele>
        <time>2025-04-22T12:31:32.045Z</time>
      </trkpt>
      <trkpt lat="46.470372" lon="12.9267">
        <ele>1620.7542665269543</ele>
        <time>2025-04-22T12:31:55.510Z</time>
      </trkpt>
      <trkpt lat="46.470285" lon="12.926823">
        <ele>1619.1641334081507</ele>
        <time>2025-04-22T12:32:07.537Z</time>
      </trkpt>
      <trkpt lat="46.470206" lon="12.926875">
        <ele>1615.9185125059284</ele>
        <time>2025-04-22T12:32:16.128Z</time>
      </trkpt>
      <trkpt lat="46.470155" lon="12.926945">
        <ele>1615.4872556711716</ele>
        <time>2025-04-22T12:32:23.079Z</time>
      </trkpt>
      <trkpt lat="46.469961" lon="12.927068">
        <ele>1607.2168248899088</ele>
        <time>2025-04-22T12:32:44.046Z</time>
      </trkpt>
      <trkpt lat="46.469902" lon="12.927138">
        <ele>1605.0387720123108</ele>
        <time>2025-04-22T12:32:51.592Z</time>
      </trkpt>
      <trkpt lat="46.469756" lon="12.927337">
        <ele>1598.146777738327</ele>
        <time>2025-04-22T12:33:11.426Z</time>
      </trkpt>
      <trkpt lat="46.469638" lon="12.927543">
        <ele>1593.963787349441</ele>
        <time>2025-04-22T12:33:29.704Z</time>
      </trkpt>
      <trkpt lat="46.469585" lon="12.927649">
        <ele>1593.2303343357673</ele>
        <time>2025-04-22T12:33:38.639Z</time>
      </trkpt>
      <trkpt lat="46.469527" lon="12.927718">
        <ele>1591.0469296051913</ele>
        <time>2025-04-22T12:33:46.065Z</time>
      </trkpt>
      <trkpt lat="46.469451" lon="12.927781">
        <ele>1587.2362061941901</ele>
        <time>2025-04-22T12:33:54.733Z</time>
      </trkpt>
      <trkpt lat="46.469385" lon="12.92786">
        <ele>1583.891387482042</ele>
        <time>2025-04-22T12:34:03.205Z</time>
      </trkpt>
      <trkpt lat="46.469282" lon="12.928008">
        <ele>1579.0222475948815</ele>
        <time>2025-04-22T12:34:17.558Z</time>
      </trkpt>
      <trkpt lat="46.469226" lon="12.928073">
        <ele>1576.1224809836913</ele>
        <time>2025-04-22T12:34:24.659Z</time>
      </trkpt>
      <trkpt lat="46.469157" lon="12.928176">
        <ele>1572.995361808539</ele>
        <time>2025-04-22T12:34:34.461Z</time>
      </trkpt>
      <trkpt lat="46.469046" lon="12.928367">
        <ele>1570.8661011978754</ele>
        <time>2025-04-22T12:34:51.509Z</time>
      </trkpt>
      <trkpt lat="46.469019" lon="12.928397">
        <ele>1570.234163229169</ele>
        <time>2025-04-22T12:34:54.876Z</time>
      </trkpt>
      <trkpt lat="46.468967" lon="12.928427">
        <ele>1568.0941022862235</ele>
        <time>2025-04-22T12:35:00.418Z</time>
      </trkpt>
      <trkpt lat="46.468967" lon="12.928374">
        <ele>1566.0732144373544</ele>
        <time>2025-04-22T12:35:04.033Z</time>
      </trkpt>
      <trkpt lat="46.468983" lon="12.928266">
        <ele>1563.1499989078575</ele>
        <time>2025-04-22T12:35:11.569Z</time>
      </trkpt>
      <trkpt lat="46.468992" lon="12.928115">
        <ele>1558.996180120072</ele>
        <time>2025-04-22T12:35:21.908Z</time>
      </trkpt>
      <trkpt lat="46.468993" lon="12.92781">
        <ele>1553.1201429394855</ele>
        <time>2025-04-22T12:35:42.715Z</time>
      </trkpt>
      <trkpt lat="46.468987" lon="12.927626">
        <ele>1548.647011410249</ele>
        <time>2025-04-22T12:35:55.281Z</time>
      </trkpt>
      <trkpt lat="46.468997" lon="12.927471">
        <ele>1546.4372341007215</ele>
        <time>2025-04-22T12:36:05.901Z</time>
      </trkpt>
      <trkpt lat="46.468992" lon="12.92743">
        <ele>1545.2883537146697</ele>
        <time>2025-04-22T12:36:08.741Z</time>
      </trkpt>
      <trkpt lat="46.468963" lon="12.927454">
        <ele>1543.5857723157976</ele>
        <time>2025-04-22T12:36:12.047Z</time>
      </trkpt>
      <trkpt lat="46.468913" lon="12.927514">
        <ele>1540.8545552261787</ele>
        <time>2025-04-22T12:36:18.471Z</time>
      </trkpt>
      <trkpt lat="46.468855" lon="12.927662">
        <ele>1539.4175366903517</ele>
        <time>2025-04-22T12:36:30.087Z</time>
      </trkpt>
      <trkpt lat="46.468736" lon="12.927827">
        <ele>1533.9985597412335</ele>
        <time>2025-04-22T12:36:46.385Z</time>
      </trkpt>
      <trkpt lat="46.468662" lon="12.928006">
        <ele>1534.5420027593698</ele>
        <time>2025-04-22T12:37:00.627Z</time>
      </trkpt>
      <trkpt lat="46.46863" lon="12.928041">
        <ele>1534.1183680616953</ele>
        <time>2025-04-22T12:37:04.595Z</time>
      </trkpt>
      <trkpt lat="46.468494" lon="12.928079">
        <ele>1528.4682151957452</ele>
        <time>2025-04-22T12:37:18.312Z</time>
      </trkpt>
      <trkpt lat="46.468408" lon="12.928116">
        <ele>1525.3319135195604</ele>
        <time>2025-04-22T12:37:27.196Z</time>
      </trkpt>
      <trkpt lat="46.468328" lon="12.92817">
        <ele>1522.9006476704687</ele>
        <time>2025-04-22T12:37:35.934Z</time>
      </trkpt>
      <trkpt lat="46.468255" lon="12.928248">
        <ele>1521.033586362379</ele>
        <time>2025-04-22T12:37:44.911Z</time>
      </trkpt>
      <trkpt lat="46.468091" lon="12.928446">
        <ele>1512.8028321495265</ele>
        <time>2025-04-22T12:38:06.037Z</time>
      </trkpt>
      <trkpt lat="46.468109" lon="12.928232">
        <ele>1512.7255967189096</ele>
        <time>2025-04-22T12:38:20.744Z</time>
      </trkpt>
      <trkpt lat="46.468187" lon="12.927933">
        <ele>1509.2437955928417</ele>
        <time>2025-04-22T12:38:42.555Z</time>
      </trkpt>
      <trkpt lat="46.468248" lon="12.9278">
        <ele>1507.7777902728935</ele>
        <time>2025-04-22T12:38:53.455Z</time>
      </trkpt>
      <trkpt lat="46.468301" lon="12.927717">
        <ele>1507.4705214775186</ele>
        <time>2025-04-22T12:39:01.176Z</time>
      </trkpt>
      <trkpt lat="46.468332" lon="12.927546">
        <ele>1503.3319391895004</ele>
        <time>2025-04-22T12:39:13.238Z</time>
      </trkpt>
      <trkpt lat="46.468324" lon="12.927081">
        <ele>1491.518220530451</ele>
        <time>2025-04-22T12:39:44.970Z</time>
      </trkpt>
      <trkpt lat="46.468349" lon="12.92692">
        <ele>1490.0583945175692</ele>
        <time>2025-04-22T12:39:56.229Z</time>
      </trkpt>
      <trkpt lat="46.468297" lon="12.926819">
        <ele>1485.8753501409724</ele>
        <time>2025-04-22T12:40:04.831Z</time>
      </trkpt>
      <trkpt lat="46.468228" lon="12.926716">
        <ele>1481.355002982421</ele>
        <time>2025-04-22T12:40:14.633Z</time>
      </trkpt>
      <trkpt lat="46.468193" lon="12.926597">
        <ele>1479.3175638133448</ele>
        <time>2025-04-22T12:40:23.460Z</time>
      </trkpt>
      <trkpt lat="46.468186" lon="12.926494">
        <ele>1478.7811538149895</ele>
        <time>2025-04-22T12:40:30.520Z</time>
      </trkpt>
      <trkpt lat="46.46819" lon="12.926394">
        <ele>1478.296929200511</ele>
        <time>2025-04-22T12:40:37.353Z</time>
      </trkpt>
      <trkpt lat="46.468204" lon="12.92632">
        <ele>1478.0897759118282</ele>
        <time>2025-04-22T12:40:42.588Z</time>
      </trkpt>
      <trkpt lat="46.468283" lon="12.926101">
        <ele>1476.193225134858</ele>
        <time>2025-04-22T12:40:59.453Z</time>
      </trkpt>
      <trkpt lat="46.468372" lon="12.925908">
        <ele>1471.6408057079418</ele>
        <time>2025-04-22T12:41:15.298Z</time>
      </trkpt>
      <trkpt lat="46.468392" lon="12.925828">
        <ele>1469.5765359447187</ele>
        <time>2025-04-22T12:41:21.104Z</time>
      </trkpt>
      <trkpt lat="46.468376" lon="12.925737">
        <ele>1465.7780554485905</ele>
        <time>2025-04-22T12:41:27.511Z</time>
      </trkpt>
      <trkpt lat="46.468386" lon="12.925599">
        <ele>1463.6397244208342</ele>
        <time>2025-04-22T12:41:36.977Z</time>
      </trkpt>
      <trkpt lat="46.468381" lon="12.925348">
        <ele>1459.873057420653</ele>
        <time>2025-04-22T12:41:54.107Z</time>
      </trkpt>
      <trkpt lat="46.468276" lon="12.925504">
        <ele>1455.5475784405253</ele>
        <time>2025-04-22T12:42:08.987Z</time>
      </trkpt>
      <trkpt lat="46.468218" lon="12.925652">
        <ele>1456.0344400115705</ele>
        <time>2025-04-22T12:42:20.603Z</time>
      </trkpt>
      <trkpt lat="46.46817" lon="12.925677">
        <ele>1454.8595098256587</ele>
        <time>2025-04-22T12:42:25.653Z</time>
      </trkpt>
      <trkpt lat="46.467989" lon="12.925726">
        <ele>1448.864241321628</ele>
        <time>2025-04-22T12:42:43.889Z</time>
      </trkpt>
      <trkpt lat="46.467906" lon="12.925761">
        <ele>1446.1568276680582</ele>
        <time>2025-04-22T12:42:52.449Z</time>
      </trkpt>
      <trkpt lat="46.467824" lon="12.92582">
        <ele>1443.7647057218683</ele>
        <time>2025-04-22T12:43:01.513Z</time>
      </trkpt>
      <trkpt lat="46.467522" lon="12.926078">
        <ele>1432.1176167612464</ele>
        <time>2025-04-22T12:43:36.219Z</time>
      </trkpt>
      <trkpt lat="46.467467" lon="12.926134">
        <ele>1429.0357678509708</ele>
        <time>2025-04-22T12:43:42.872Z</time>
      </trkpt>
      <trkpt lat="46.467421" lon="12.926227">
        <ele>1426.8804939473894</ele>
        <time>2025-04-22T12:43:50.683Z</time>
      </trkpt>
      <trkpt lat="46.467411" lon="12.926351">
        <ele>1428.0470082109557</ele>
        <time>2025-04-22T12:43:59.200Z</time>
      </trkpt>
      <trkpt lat="46.467397" lon="12.926325">
        <ele>1426.76419077726</ele>
        <time>2025-04-22T12:44:01.451Z</time>
      </trkpt>
      <trkpt lat="46.467358" lon="12.926168">
        <ele>1422.1428207182757</ele>
        <time>2025-04-22T12:44:12.837Z</time>
      </trkpt>
      <trkpt lat="46.467357" lon="12.926074">
        <ele>1420.8836311183932</ele>
        <time>2025-04-22T12:44:19.250Z</time>
      </trkpt>
      <trkpt lat="46.467361" lon="12.925952">
        <ele>1419.5978869340083</ele>
        <time>2025-04-22T12:44:27.582Z</time>
      </trkpt>
      <trkpt lat="46.467399" lon="12.925744">
        <ele>1417.514473175241</ele>
        <time>2025-04-22T12:44:42.262Z</time>
      </trkpt>
      <trkpt lat="46.46744" lon="12.925438">
        <ele>1411.0522361505523</ele>
        <time>2025-04-22T12:45:03.529Z</time>
      </trkpt>
      <trkpt lat="46.467413" lon="12.925088">
        <ele>1400.6549606326093</ele>
        <time>2025-04-22T12:45:27.555Z</time>
      </trkpt>
      <trkpt lat="46.467331" lon="12.924303">
        <ele>1383.57604342173</ele>
        <time>2025-04-22T12:46:21.721Z</time>
      </trkpt>
      <trkpt lat="46.467305" lon="12.924173">
        <ele>1379.5695193575662</ele>
        <time>2025-04-22T12:46:30.956Z</time>
      </trkpt>
      <trkpt lat="46.46727" lon="12.924174">
        <ele>1377.9510099492709</ele>
        <time>2025-04-22T12:46:34.423Z</time>
      </trkpt>
      <trkpt lat="46.467239" lon="12.924221">
        <ele>1377.795751278962</ele>
        <time>2025-04-22T12:46:38.862Z</time>
      </trkpt>
      <trkpt lat="46.467194" lon="12.924354">
        <ele>1377.7458594451123</ele>
        <time>2025-04-22T12:46:48.971Z</time>
      </trkpt>
      <trkpt lat="46.46699" lon="12.92466">
        <ele>1371.027262029368</ele>
        <time>2025-04-22T12:47:18.024Z</time>
      </trkpt>
      <trkpt lat="46.466735" lon="12.925174">
        <ele>1367.0773623728055</ele>
        <time>2025-04-22T12:48:01.239Z</time>
      </trkpt>
      <trkpt lat="46.466598" lon="12.925298">
        <ele>1363.2546663270655</ele>
        <time>2025-04-22T12:48:17.229Z</time>
      </trkpt>
      <trkpt lat="46.46619" lon="12.925792">
        <ele>1357.6593271987206</ele>
        <time>2025-04-22T12:49:09.849Z</time>
      </trkpt>
      <trkpt lat="46.465971" lon="12.926156">
        <ele>1353.3213133644786</ele>
        <time>2025-04-22T12:49:42.821Z</time>
      </trkpt>
      <trkpt lat="46.465851" lon="12.926522">
        <ele>1348.9699844175816</ele>
        <time>2025-04-22T12:50:10.475Z</time>
      </trkpt>
      <trkpt lat="46.465762" lon="12.927043">
        <ele>1340.3846638719751</ele>
        <time>2025-04-22T12:50:47.096Z</time>
      </trkpt>
      <trkpt lat="46.465702" lon="12.927355">
        <ele>1337.0699132953873</ele>
        <time>2025-04-22T12:51:09.195Z</time>
      </trkpt>
      <trkpt lat="46.465626" lon="12.927582">
        <ele>1334.4645883436158</ele>
        <time>2025-04-22T12:51:26.414Z</time>
      </trkpt>
      <trkpt lat="46.465575" lon="12.927673">
        <ele>1332.3116839381987</ele>
        <time>2025-04-22T12:51:34.417Z</time>
      </trkpt>
      <trkpt lat="46.465474" lon="12.927903">
        <ele>1328.973546388304</ele>
        <time>2025-04-22T12:51:53.026Z</time>
      </trkpt>
      <trkpt lat="46.465388" lon="12.927993">
        <ele>1324.9620390029572</ele>
        <time>2025-04-22T12:52:03.526Z</time>
      </trkpt>
      <trkpt lat="46.465294" lon="12.928151">
        <ele>1321.6384937457387</ele>
        <time>2025-04-22T12:52:17.769Z</time>
      </trkpt>
      <trkpt lat="46.465109" lon="12.928532">
        <ele>1318.5473871579732</ele>
        <time>2025-04-22T12:52:49.571Z</time>
      </trkpt>
      <trkpt lat="46.465011" lon="12.928667">
        <ele>1316.2190746775182</ele>
        <time>2025-04-22T12:53:02.951Z</time>
      </trkpt>
      <trkpt lat="46.464871" lon="12.928787">
        <ele>1310.9349591196487</ele>
        <time>2025-04-22T12:53:19.054Z</time>
      </trkpt>
      <trkpt lat="46.464807" lon="12.928933">
        <ele>1309.8249821363506</ele>
        <time>2025-04-22T12:53:30.860Z</time>
      </trkpt>
      <trkpt lat="46.464569" lon="12.929246">
        <ele>1298.894557982262</ele>
        <time>2025-04-22T12:54:02.667Z</time>
      </trkpt>
      <trkpt lat="46.464403" lon="12.929651">
        <ele>1288.866000812699</ele>
        <time>2025-04-22T12:54:34.820Z</time>
      </trkpt>
      <trkpt lat="46.464325" lon="12.929811">
        <ele>1283.5038785232648</ele>
        <time>2025-04-22T12:54:48.193Z</time>
      </trkpt>
      <trkpt lat="46.464238" lon="12.930049">
        <ele>1274.8392530415729</ele>
        <time>2025-04-22T12:55:06.575Z</time>
      </trkpt>
      <trkpt lat="46.464229" lon="12.930144">
        <ele>1271.7586046410497</ele>
        <time>2025-04-22T12:55:13.117Z</time>
      </trkpt>
      <trkpt lat="46.464294" lon="12.93035">
        <ele>1269.0913813848858</ele>
        <time>2025-04-22T12:55:28.575Z</time>
      </trkpt>
      <trkpt lat="46.464299" lon="12.930401">
        <ele>1267.6616192904887</ele>
        <time>2025-04-22T12:55:32.089Z</time>
      </trkpt>
      <trkpt lat="46.464295" lon="12.930435">
        <ele>1266.4135794539516</ele>
        <time>2025-04-22T12:55:34.442Z</time>
      </trkpt>
      <trkpt lat="46.464243" lon="12.930533">
        <ele>1261.9778654858399</ele>
        <time>2025-04-22T12:55:42.881Z</time>
      </trkpt>
      <trkpt lat="46.464213" lon="12.930537">
        <ele>1260.9118146845105</ele>
        <time>2025-04-22T12:55:45.864Z</time>
      </trkpt>
      <trkpt lat="46.464176" lon="12.930573">
        <ele>1258.7995754456113</ele>
        <time>2025-04-22T12:55:50.275Z</time>
      </trkpt>
      <trkpt lat="46.464224" lon="12.930675">
        <ele>1256.786348551803</ele>
        <time>2025-04-22T12:55:58.703Z</time>
      </trkpt>
      <trkpt lat="46.4643" lon="12.930729">
        <ele>1257.9227959598015</ele>
        <time>2025-04-22T12:56:07.083Z</time>
      </trkpt>
      <trkpt lat="46.464303" lon="12.930805">
        <ele>1258.4803182554542</ele>
        <time>2025-04-22T12:56:12.276Z</time>
      </trkpt>
      <trkpt lat="46.464284" lon="12.930871">
        <ele>1257.800027855264</ele>
        <time>2025-04-22T12:56:17.156Z</time>
      </trkpt>
      <trkpt lat="46.464188" lon="12.93102">
        <ele>1254.078434882596</ele>
        <time>2025-04-22T12:56:31.075Z</time>
      </trkpt>
      <trkpt lat="46.46407" lon="12.931253">
        <ele>1253.250360081373</ele>
        <time>2025-04-22T12:56:50.805Z</time>
      </trkpt>
      <trkpt lat="46.46397" lon="12.931244">
        <ele>1249.395170105988</ele>
        <time>2025-04-22T12:57:00.728Z</time>
      </trkpt>
      <trkpt lat="46.463923" lon="12.931289">
        <ele>1248.9709063562825</ele>
        <time>2025-04-22T12:57:06.304Z</time>
      </trkpt>
      <trkpt lat="46.463854" lon="12.931232">
        <ele>1245.6618213837194</ele>
        <time>2025-04-22T12:57:14.167Z</time>
      </trkpt>
      <trkpt lat="46.463799" lon="12.931239">
        <ele>1243.9882303168201</ele>
        <time>2025-04-22T12:57:19.635Z</time>
      </trkpt>
      <trkpt lat="46.463626" lon="12.931183">
        <ele>1237.328844697167</ele>
        <time>2025-04-22T12:57:37.191Z</time>
      </trkpt>
      <trkpt lat="46.46355" lon="12.931139">
        <ele>1234.3258986328738</ele>
        <time>2025-04-22T12:57:45.295Z</time>
      </trkpt>
      <trkpt lat="46.463488" lon="12.931082">
        <ele>1231.7072165510695</ele>
        <time>2025-04-22T12:57:52.563Z</time>
      </trkpt>
      <trkpt lat="46.463438" lon="12.931014">
        <ele>1229.5066443353867</ele>
        <time>2025-04-22T12:57:59.349Z</time>
      </trkpt>
      <trkpt lat="46.463382" lon="12.931149">
        <ele>1228.447847238893</ele>
        <time>2025-04-22T12:58:10.100Z</time>
      </trkpt>
      <trkpt lat="46.463266" lon="12.93122">
        <ele>1223.940337890022</ele>
        <time>2025-04-22T12:58:22.569Z</time>
      </trkpt>
      <trkpt lat="46.46322" lon="12.931263">
        <ele>1221.9739687480176</ele>
        <time>2025-04-22T12:58:27.988Z</time>
      </trkpt>
      <trkpt lat="46.463139" lon="12.931384">
        <ele>1218.0250520238128</ele>
        <time>2025-04-22T12:58:39.499Z</time>
      </trkpt>
      <trkpt lat="46.463044" lon="12.931604">
        <ele>1213.1972776540936</ele>
        <time>2025-04-22T12:58:57.214Z</time>
      </trkpt>
      <trkpt lat="46.462969" lon="12.931744">
        <ele>1210.559815846138</ele>
        <time>2025-04-22T12:59:09.314Z</time>
      </trkpt>
      <trkpt lat="46.462863" lon="12.931917">
        <ele>1208.0979518171398</ele>
        <time>2025-04-22T12:59:25.111Z</time>
      </trkpt>
      <trkpt lat="46.4628" lon="12.932054">
        <ele>1206.7479624612458</ele>
        <time>2025-04-22T12:59:36.349Z</time>
      </trkpt>
      <trkpt lat="46.462781" lon="12.93213">
        <ele>1206.2272168102731</ele>
        <time>2025-04-22T12:59:41.865Z</time>
      </trkpt>
      <trkpt lat="46.462747" lon="12.932194">
        <ele>1205.4535920558915</ele>
        <time>2025-04-22T12:59:47.379Z</time>
      </trkpt>
      <trkpt lat="46.462706" lon="12.932312">
        <ele>1204.331242529641</ele>
        <time>2025-04-22T12:59:56.396Z</time>
      </trkpt>
      <trkpt lat="46.462622" lon="12.932397">
        <ele>1202.7127418192056</ele>
        <time>2025-04-22T13:00:06.537Z</time>
      </trkpt>
      <trkpt lat="46.462537" lon="12.932392">
        <ele>1201.4557648115763</ele>
        <time>2025-04-22T13:00:14.963Z</time>
      </trkpt>
      <trkpt lat="46.462494" lon="12.93239">
        <ele>1200.8418370208506</ele>
        <time>2025-04-22T13:00:19.224Z</time>
      </trkpt>
      <trkpt lat="46.46246" lon="12.932324">
        <ele>1200.6640016225833</ele>
        <time>2025-04-22T13:00:24.846Z</time>
      </trkpt>
      <trkpt lat="46.462423" lon="12.932219">
        <ele>1200.3988672174346</ele>
        <time>2025-04-22T13:00:32.892Z</time>
      </trkpt>
      <trkpt lat="46.4624" lon="12.932184">
        <ele>1200.0820188546686</ele>
        <time>2025-04-22T13:00:36.192Z</time>
      </trkpt>
      <trkpt lat="46.462365" lon="12.93216">
        <ele>1199.4957694121533</ele>
        <time>2025-04-22T13:00:40.025Z</time>
      </trkpt>
      <trkpt lat="46.46233" lon="12.93217">
        <ele>1198.6964864573265</ele>
        <time>2025-04-22T13:00:43.558Z</time>
      </trkpt>
      <trkpt lat="46.462305" lon="12.932222">
        <ele>1197.8121329588532</ele>
        <time>2025-04-22T13:00:47.884Z</time>
      </trkpt>
      <trkpt lat="46.462296" lon="12.93234">
        <ele>1197.1359984235005</ele>
        <time>2025-04-22T13:00:55.984Z</time>
      </trkpt>
      <trkpt lat="46.462289" lon="12.932713">
        <ele>1195.6267206910156</ele>
        <time>2025-04-22T13:01:21.442Z</time>
      </trkpt>
      <trkpt lat="46.462262" lon="12.932995">
        <ele>1194.865649050812</ele>
        <time>2025-04-22T13:01:40.867Z</time>
      </trkpt>
      <trkpt lat="46.462225" lon="12.933199">
        <ele>1194.193392869826</ele>
        <time>2025-04-22T13:01:55.259Z</time>
      </trkpt>
      <trkpt lat="46.462101" lon="12.933595">
        <ele>1191.3443542075624</ele>
        <time>2025-04-22T13:02:24.937Z</time>
      </trkpt>
      <trkpt lat="46.462017" lon="12.934087">
        <ele>1187.6741254904878</ele>
        <time>2025-04-22T13:02:59.520Z</time>
      </trkpt>
      <trkpt lat="46.462029" lon="12.93452">
        <ele>1187.4786598469866</ele>
        <time>2025-04-22T13:03:29.086Z</time>
      </trkpt>
      <trkpt lat="46.462018" lon="12.934595">
        <ele>1187.8326584803215</ele>
        <time>2025-04-22T13:03:34.317Z</time>
      </trkpt>
      <trkpt lat="46.462008" lon="12.934627">
        <ele>1187.9639993259098</ele>
        <time>2025-04-22T13:03:36.714Z</time>
      </trkpt>
      <trkpt lat="46.461991" lon="12.934653">
        <ele>1188.0348508959398</ele>
        <time>2025-04-22T13:03:39.159Z</time>
      </trkpt>
      <trkpt lat="46.461938" lon="12.934697">
        <ele>1188.173260276373</ele>
        <time>2025-04-22T13:03:45.206Z</time>
      </trkpt>
      <trkpt lat="46.461867" lon="12.934534">
        <ele>1186.6177999914319</ele>
        <time>2025-04-22T13:03:58.364Z</time>
      </trkpt>
      <trkpt lat="46.461788" lon="12.934268">
        <ele>1184.247560580588</ele>
        <time>2025-04-22T13:04:18.127Z</time>
      </trkpt>
      <trkpt lat="46.46171" lon="12.934007">
        <ele>1182.366238293615</ele>
        <time>2025-04-22T13:04:37.538Z</time>
      </trkpt>
      <trkpt lat="46.461651" lon="12.933783">
        <ele>1182.2421566351586</ele>
        <time>2025-04-22T13:04:53.900Z</time>
      </trkpt>
      <trkpt lat="46.461435" lon="12.93294">
        <ele>1183.613769999186</ele>
        <time>2025-04-22T13:05:55.266Z</time>
      </trkpt>
      <trkpt lat="46.46128" lon="12.932357">
        <ele>1181.8028764195685</ele>
        <time>2025-04-22T13:06:37.903Z</time>
      </trkpt>
      <trkpt lat="46.461239" lon="12.932231">
        <ele>1181.0599068724578</ele>
        <time>2025-04-22T13:06:47.410Z</time>
      </trkpt>
      <trkpt lat="46.461115" lon="12.931943">
        <ele>1180.4713538352344</ele>
        <time>2025-04-22T13:07:10.582Z</time>
      </trkpt>
      <trkpt lat="46.46116" lon="12.931847">
        <ele>1179.2652059734473</ele>
        <time>2025-04-22T13:07:18.504Z</time>
      </trkpt>
      <trkpt lat="46.461268" lon="12.931679">
        <ele>1177.1337270063443</ele>
        <time>2025-04-22T13:07:34.182Z</time>
      </trkpt>
      <trkpt lat="46.461403" lon="12.931362">
        <ele>1177.6638146149237</ele>
        <time>2025-04-22T13:07:59.610Z</time>
      </trkpt>
      <trkpt lat="46.461635" lon="12.93086">
        <ele>1179.9087838784728</ele>
        <time>2025-04-22T13:08:40.855Z</time>
      </trkpt>
      <trkpt lat="46.461678" lon="12.930714">
        <ele>1180.6994096745175</ele>
        <time>2025-04-22T13:08:51.688Z</time>
      </trkpt>
      <trkpt lat="46.461893" lon="12.930372">
        <ele>1183.9568077383876</ele>
        <time>2025-04-22T13:09:23.278Z</time>
      </trkpt>
      <trkpt lat="46.461979" lon="12.930079">
        <ele>1185.2256394413366</ele>
        <time>2025-04-22T13:09:45.007Z</time>
      </trkpt>
      <trkpt lat="46.462117" lon="12.929823">
        <ele>1188.8700810888267</ele>
        <time>2025-04-22T13:10:07.185Z</time>
      </trkpt>
      <trkpt lat="46.462259" lon="12.929723">
        <ele>1191.121758040782</ele>
        <time>2025-04-22T13:10:22.817Z</time>
      </trkpt>
      <trkpt lat="46.462374" lon="12.929711">
        <ele>1191.1741106142272</ele>
        <time>2025-04-22T13:10:34.236Z</time>
      </trkpt>
      <trkpt lat="46.462436" lon="12.929739">
        <ele>1191.6300054878752</ele>
        <time>2025-04-22T13:10:40.667Z</time>
      </trkpt>
      <trkpt lat="46.462483" lon="12.929747">
        <ele>1191.7515751364792</ele>
        <time>2025-04-22T13:10:45.354Z</time>
      </trkpt>
      <trkpt lat="46.462531" lon="12.929731">
        <ele>1191.2448367016027</ele>
        <time>2025-04-22T13:10:50.232Z</time>
      </trkpt>
      <trkpt lat="46.462528" lon="12.929682">
        <ele>1190.353100442201</ele>
        <time>2025-04-22T13:10:53.588Z</time>
      </trkpt>
      <trkpt lat="46.462481" lon="12.929564">
        <ele>1187.7183783503551</ele>
        <time>2025-04-22T13:11:02.887Z</time>
      </trkpt>
      <trkpt lat="46.462465" lon="12.929404">
        <ele>1185.832614735321</ele>
        <time>2025-04-22T13:11:13.917Z</time>
      </trkpt>
      <trkpt lat="46.462469" lon="12.929306">
        <ele>1185.9403014531028</ele>
        <time>2025-04-22T13:11:20.615Z</time>
      </trkpt>
      <trkpt lat="46.462488" lon="12.92911">
        <ele>1187.1902508117973</ele>
        <time>2025-04-22T13:11:34.119Z</time>
      </trkpt>
      <trkpt lat="46.462508" lon="12.929018">
        <ele>1188.0135885046177</ele>
        <time>2025-04-22T13:11:40.701Z</time>
      </trkpt>
      <trkpt lat="46.462508" lon="12.928926">
        <ele>1187.759187217282</ele>
        <time>2025-04-22T13:11:46.977Z</time>
      </trkpt>
      <trkpt lat="46.462488" lon="12.928742">
        <ele>1186.4699981227939</ele>
        <time>2025-04-22T13:11:59.686Z</time>
      </trkpt>
      <trkpt lat="46.462512" lon="12.928557">
        <ele>1186.507207282475</ele>
        <time>2025-04-22T13:12:12.529Z</time>
      </trkpt>
      <trkpt lat="46.462568" lon="12.928281">
        <ele>1187.1843267546972</ele>
        <time>2025-04-22T13:12:32.159Z</time>
      </trkpt>
      <trkpt lat="46.462572" lon="12.928183">
        <ele>1186.875782480237</ele>
        <time>2025-04-22T13:12:38.856Z</time>
      </trkpt>
      <trkpt lat="46.462592" lon="12.927999">
        <ele>1186.9025539504612</ele>
        <time>2025-04-22T13:12:51.565Z</time>
      </trkpt>
      <trkpt lat="46.462627" lon="12.927809">
        <ele>1187.8624904052738</ele>
        <time>2025-04-22T13:13:04.983Z</time>
      </trkpt>
      <trkpt lat="46.462679" lon="12.927619">
        <ele>1189.3047924145872</ele>
        <time>2025-04-22T13:13:18.931Z</time>
      </trkpt>
      <trkpt lat="46.462695" lon="12.927527">
        <ele>1189.7218890754946</ele>
        <time>2025-04-22T13:13:25.404Z</time>
      </trkpt>
      <trkpt lat="46.462754" lon="12.927354">
        <ele>1191.4158312813965</ele>
        <time>2025-04-22T13:13:38.574Z</time>
      </trkpt>
      <trkpt lat="46.46281" lon="12.927296">
        <ele>1193.1433026359753</ele>
        <time>2025-04-22T13:13:45.387Z</time>
      </trkpt>
      <trkpt lat="46.462818" lon="12.927198">
        <ele>1193.2645922131535</ele>
        <time>2025-04-22T13:13:52.120Z</time>
      </trkpt>
      <trkpt lat="46.462802" lon="12.927106">
        <ele>1192.6908836558857</ele>
        <time>2025-04-22T13:13:58.593Z</time>
      </trkpt>
      <trkpt lat="46.46277" lon="12.927026">
        <ele>1191.8419455124572</ele>
        <time>2025-04-22T13:14:04.904Z</time>
      </trkpt>
      <trkpt lat="46.462743" lon="12.926734">
        <ele>1191.7064115688693</ele>
        <time>2025-04-22T13:14:25.004Z</time>
      </trkpt>
      <trkpt lat="46.462783" lon="12.926343">
        <ele>1195.2103817918796</ele>
        <time>2025-04-22T13:14:51.973Z</time>
      </trkpt>
      <trkpt lat="46.462778" lon="12.926152">
        <ele>1196.773448560416</ele>
        <time>2025-04-22T13:15:05.013Z</time>
      </trkpt>
      <trkpt lat="46.462742" lon="12.926">
        <ele>1197.4092605228145</ele>
        <time>2025-04-22T13:15:15.979Z</time>
      </trkpt>
      <trkpt lat="46.46271" lon="12.925915">
        <ele>1197.383513382928</ele>
        <time>2025-04-22T13:15:22.587Z</time>
      </trkpt>
      <trkpt lat="46.462671" lon="12.925837">
        <ele>1196.972312405183</ele>
        <time>2025-04-22T13:15:29.162Z</time>
      </trkpt>
      <trkpt lat="46.46262" lon="12.925685">
        <ele>1197.2703278385627</ele>
        <time>2025-04-22T13:15:40.697Z</time>
      </trkpt>
      <trkpt lat="46.462598" lon="12.925423">
        <ele>1200.896004805893</ele>
        <time>2025-04-22T13:15:58.704Z</time>
      </trkpt>
      <trkpt lat="46.462598" lon="12.925265">
        <ele>1203.245610848413</ele>
        <time>2025-04-22T13:16:09.483Z</time>
      </trkpt>
      <trkpt lat="46.462607" lon="12.925146">
        <ele>1205.1726913922885</ele>
        <time>2025-04-22T13:16:17.650Z</time>
      </trkpt>
      <trkpt lat="46.462559" lon="12.924956">
        <ele>1204.343324649664</ele>
        <time>2025-04-22T13:16:31.457Z</time>
      </trkpt>
      <trkpt lat="46.462587" lon="12.924822">
        <ele>1206.6505071565516</ele>
        <time>2025-04-22T13:16:41.010Z</time>
      </trkpt>
      <trkpt lat="46.462578" lon="12.924714">
        <ele>1205.87616555975</ele>
        <time>2025-04-22T13:16:48.432Z</time>
      </trkpt>
      <trkpt lat="46.462671" lon="12.92447">
        <ele>1208.2010231198708</ele>
        <time>2025-04-22T13:17:07.457Z</time>
      </trkpt>
      <trkpt lat="46.462678" lon="12.924379">
        <ele>1206.6811050675128</ele>
        <time>2025-04-22T13:17:13.704Z</time>
      </trkpt>
      <trkpt lat="46.462727" lon="12.924297">
        <ele>1208.5225019407128</ele>
        <time>2025-04-22T13:17:21.110Z</time>
      </trkpt>
      <trkpt lat="46.462777" lon="12.924108">
        <ele>1207.168019094314</ele>
        <time>2025-04-22T13:17:34.923Z</time>
      </trkpt>
      <trkpt lat="46.462793" lon="12.923877">
        <ele>1199.9491840663045</ele>
        <time>2025-04-22T13:17:50.762Z</time>
      </trkpt>
      <trkpt lat="46.462911" lon="12.923624">
        <ele>1195.272024117148</ele>
        <time>2025-04-22T13:18:11.608Z</time>
      </trkpt>
      <trkpt lat="46.463041" lon="12.923516">
        <ele>1194.636104178879</ele>
        <time>2025-04-22T13:18:26.443Z</time>
      </trkpt>
      <trkpt lat="46.463263" lon="12.923483">
        <ele>1196.5531444573253</ele>
        <time>2025-04-22T13:18:48.546Z</time>
      </trkpt>
      <trkpt lat="46.463417" lon="12.923391">
        <ele>1195.0016259539323</ele>
        <time>2025-04-22T13:19:05.040Z</time>
      </trkpt>
      <trkpt lat="46.463715" lon="12.923444">
        <ele>1200.9959647978087</ele>
        <time>2025-04-22T13:19:34.777Z</time>
      </trkpt>
      <trkpt lat="46.463831" lon="12.923391">
        <ele>1201.183220547994</ele>
        <time>2025-04-22T13:19:46.822Z</time>
      </trkpt>
      <trkpt lat="46.463889" lon="12.923349">
        <ele>1201.4448234791423</ele>
        <time>2025-04-22T13:19:53.241Z</time>
      </trkpt>
      <trkpt lat="46.463953" lon="12.923239">
        <ele>1202.6601693744155</ele>
        <time>2025-04-22T13:20:03.064Z</time>
      </trkpt>
      <trkpt lat="46.463951" lon="12.923146">
        <ele>1200.8148557310824</ele>
        <time>2025-04-22T13:20:09.412Z</time>
      </trkpt>
      <trkpt lat="46.464038" lon="12.922982">
        <ele>1201.2390886737699</ele>
        <time>2025-04-22T13:20:23.534Z</time>
      </trkpt>
      <trkpt lat="46.464066" lon="12.922812">
        <ele>1198.4646241467292</ele>
        <time>2025-04-22T13:20:35.459Z</time>
      </trkpt>
      <trkpt lat="46.464278" lon="12.922543">
        <ele>1199.8785856075012</ele>
        <time>2025-04-22T13:21:03.347Z</time>
      </trkpt>
      <trkpt lat="46.46433" lon="12.922312">
        <ele>1197.1583794464689</ele>
        <time>2025-04-22T13:21:19.927Z</time>
      </trkpt>
      <trkpt lat="46.464474" lon="12.922143">
        <ele>1203.356386005988</ele>
        <time>2025-04-22T13:21:38.267Z</time>
      </trkpt>
      <trkpt lat="46.464598" lon="12.922082">
        <ele>1207.7625590660382</ele>
        <time>2025-04-22T13:21:51.234Z</time>
      </trkpt>
      <trkpt lat="46.464686" lon="12.922004">
        <ele>1210.694701904555</ele>
        <time>2025-04-22T13:22:01.446Z</time>
      </trkpt>
      <trkpt lat="46.464803" lon="12.921923">
        <ele>1214.5172740913783</ele>
        <time>2025-04-22T13:22:14.284Z</time>
      </trkpt>
      <trkpt lat="46.464895" lon="12.921891">
        <ele>1217.7464864477436</ele>
        <time>2025-04-22T13:22:23.654Z</time>
      </trkpt>
      <trkpt lat="46.464986" lon="12.921728">
        <ele>1223.181633251898</ele>
        <time>2025-04-22T13:22:37.968Z</time>
      </trkpt>
      <trkpt lat="46.465015" lon="12.921653">
        <ele>1225.5767092560377</ele>
        <time>2025-04-22T13:22:43.835Z</time>
      </trkpt>
      <trkpt lat="46.464995" lon="12.92148">
        <ele>1225.1337777953001</ele>
        <time>2025-04-22T13:22:55.802Z</time>
      </trkpt>
      <trkpt lat="46.464971" lon="12.921382">
        <ele>1224.9142022757326</ele>
        <time>2025-04-22T13:23:02.897Z</time>
      </trkpt>
      <trkpt lat="46.464992" lon="12.921307">
        <ele>1226.4699172090875</ele>
        <time>2025-04-22T13:23:08.420Z</time>
      </trkpt>
      <trkpt lat="46.464947" lon="12.921258">
        <ele>1227.448868030664</ele>
        <time>2025-04-22T13:23:13.991Z</time>
      </trkpt>
      <trkpt lat="46.464891" lon="12.921258">
        <ele>1228.1812513614932</ele>
        <time>2025-04-22T13:23:19.537Z</time>
      </trkpt>
      <trkpt lat="46.464822" lon="12.921281">
        <ele>1227.8631538052932</ele>
        <time>2025-04-22T13:23:26.549Z</time>
      </trkpt>
      <trkpt lat="46.464721" lon="12.921266">
        <ele>1229.8817856174442</ele>
        <time>2025-04-22T13:23:36.605Z</time>
      </trkpt>
      <trkpt lat="46.464584" lon="12.921264">
        <ele>1231.1849158491336</ele>
        <time>2025-04-22T13:23:50.175Z</time>
      </trkpt>
      <trkpt lat="46.464457" lon="12.921227">
        <ele>1235.9012395359055</ele>
        <time>2025-04-22T13:24:03.004Z</time>
      </trkpt>
      <trkpt lat="46.464271" lon="12.921147">
        <ele>1241.9105493484237</ele>
        <time>2025-04-22T13:24:22.218Z</time>
      </trkpt>
      <trkpt lat="46.464153" lon="12.920921">
        <ele>1249.8311422009133</ele>
        <time>2025-04-22T13:24:41.565Z</time>
      </trkpt>
      <trkpt lat="46.464114" lon="12.920871">
        <ele>1250.9114518768133</ele>
        <time>2025-04-22T13:24:46.718Z</time>
      </trkpt>
      <trkpt lat="46.464066" lon="12.920867">
        <ele>1250.249178928271</ele>
        <time>2025-04-22T13:24:51.480Z</time>
      </trkpt>
      <trkpt lat="46.464013" lon="12.920826">
        <ele>1250.7310739829313</ele>
        <time>2025-04-22T13:24:57.428Z</time>
      </trkpt>
      <trkpt lat="46.463924" lon="12.920724">
        <ele>1251.2108528471324</ele>
        <time>2025-04-22T13:25:08.659Z</time>
      </trkpt>
      <trkpt lat="46.463854" lon="12.920494">
        <ele>1254.0603529908117</ele>
        <time>2025-04-22T13:25:25.814Z</time>
      </trkpt>
      <trkpt lat="46.463803" lon="12.920236">
        <ele>1257.4393906923888</ele>
        <time>2025-04-22T13:25:44.126Z</time>
      </trkpt>
      <trkpt lat="46.46371" lon="12.920079">
        <ele>1257.6538743104034</ele>
        <time>2025-04-22T13:25:58.253Z</time>
      </trkpt>
      <trkpt lat="46.463391" lon="12.919645">
        <ele>1256.798957160682</ele>
        <time>2025-04-22T13:26:41.555Z</time>
      </trkpt>
      <trkpt lat="46.463232" lon="12.919442">
        <ele>1255.5902605901624</ele>
        <time>2025-04-22T13:27:02.527Z</time>
      </trkpt>
      <trkpt lat="46.463078" lon="12.919177">
        <ele>1255.6342698691242</ele>
        <time>2025-04-22T13:27:26.181Z</time>
      </trkpt>
      <trkpt lat="46.462975" lon="12.918973">
        <ele>1259.8712657818828</ele>
        <time>2025-04-22T13:27:43.437Z</time>
      </trkpt>
      <trkpt lat="46.462914" lon="12.918704">
        <ele>1266.5080982009983</ele>
        <time>2025-04-22T13:28:02.758Z</time>
      </trkpt>
      <trkpt lat="46.462784" lon="12.918405">
        <ele>1264.5442509710845</ele>
        <time>2025-04-22T13:28:26.881Z</time>
      </trkpt>
      <trkpt lat="46.462787" lon="12.918271">
        <ele>1265.4949215644813</ele>
        <time>2025-04-22T13:28:36.028Z</time>
      </trkpt>
      <trkpt lat="46.462745" lon="12.918115">
        <ele>1266.4394852535768</ele>
        <time>2025-04-22T13:28:47.455Z</time>
      </trkpt>
      <trkpt lat="46.462712" lon="12.918065">
        <ele>1266.6892212070684</ele>
        <time>2025-04-22T13:28:52.179Z</time>
      </trkpt>
      <trkpt lat="46.462667" lon="12.918057">
        <ele>1266.764421005576</ele>
        <time>2025-04-22T13:28:56.669Z</time>
      </trkpt>
      <trkpt lat="46.462626" lon="12.918119">
        <ele>1265.345592472735</ele>
        <time>2025-04-22T13:29:02.532Z</time>
      </trkpt>
      <trkpt lat="46.462611" lon="12.9182">
        <ele>1262.8573152100969</ele>
        <time>2025-04-22T13:29:08.254Z</time>
      </trkpt>
      <trkpt lat="46.462562" lon="12.918304">
        <ele>1259.5922331408347</ele>
        <time>2025-04-22T13:29:16.850Z</time>
      </trkpt>
      <trkpt lat="46.46248" lon="12.918397">
        <ele>1256.5932662803284</ele>
        <time>2025-04-22T13:29:27.156Z</time>
      </trkpt>
      <trkpt lat="46.462393" lon="12.918382">
        <ele>1257.428760753708</ele>
        <time>2025-04-22T13:29:35.833Z</time>
      </trkpt>
      <trkpt lat="46.462313" lon="12.91833">
        <ele>1259.935613397963</ele>
        <time>2025-04-22T13:29:44.514Z</time>
      </trkpt>
      <trkpt lat="46.462213" lon="12.918304">
        <ele>1261.5049715984774</ele>
        <time>2025-04-22T13:29:54.576Z</time>
      </trkpt>
      <trkpt lat="46.461928" lon="12.918437">
        <ele>1262.954896339823</ele>
        <time>2025-04-22T13:30:24.227Z</time>
      </trkpt>
      <trkpt lat="46.461839" lon="12.918525">
        <ele>1263.7955202196435</ele>
        <time>2025-04-22T13:30:34.892Z</time>
      </trkpt>
      <trkpt lat="46.461704" lon="12.918627">
        <ele>1267.5629649194525</ele>
        <time>2025-04-22T13:30:49.966Z</time>
      </trkpt>
      <trkpt lat="46.46163" lon="12.91874">
        <ele>1268.690870381949</ele>
        <time>2025-04-22T13:31:00.603Z</time>
      </trkpt>
      <trkpt lat="46.461486" lon="12.918872">
        <ele>1269.4002058113845</ele>
        <time>2025-04-22T13:31:17.471Z</time>
      </trkpt>
      <trkpt lat="46.461366" lon="12.918923">
        <ele>1267.2036002305465</ele>
        <time>2025-04-22T13:31:29.855Z</time>
      </trkpt>
      <trkpt lat="46.46112" lon="12.918842">
        <ele>1261.4036751852925</ele>
        <time>2025-04-22T13:31:54.839Z</time>
      </trkpt>
      <trkpt lat="46.460956" lon="12.918821">
        <ele>1255.0340842123956</ele>
        <time>2025-04-22T13:32:11.145Z</time>
      </trkpt>
      <trkpt lat="46.460801" lon="12.918743">
        <ele>1253.5527816683111</ele>
        <time>2025-04-22T13:32:27.393Z</time>
      </trkpt>
      <trkpt lat="46.460618" lon="12.918614">
        <ele>1254.4849692518044</ele>
        <time>2025-04-22T13:32:47.542Z</time>
      </trkpt>
      <trkpt lat="46.460483" lon="12.918539">
        <ele>1254.088300649794</ele>
        <time>2025-04-22T13:33:01.859Z</time>
      </trkpt>
      <trkpt lat="46.460341" lon="12.918531">
        <ele>1249.6613459795099</ele>
        <time>2025-04-22T13:33:15.934Z</time>
      </trkpt>
      <trkpt lat="46.460169" lon="12.918453">
        <ele>1247.5842308488157</ele>
        <time>2025-04-22T13:33:33.782Z</time>
      </trkpt>
      <trkpt lat="46.460039" lon="12.918363">
        <ele>1249.5069661486632</ele>
        <time>2025-04-22T13:33:48.047Z</time>
      </trkpt>
      <trkpt lat="46.459988" lon="12.918376">
        <ele>1247.8252184622506</ele>
        <time>2025-04-22T13:33:53.175Z</time>
      </trkpt>
      <trkpt lat="46.459824" lon="12.918315">
        <ele>1246.8277603095764</ele>
        <time>2025-04-22T13:34:09.943Z</time>
      </trkpt>
      <trkpt lat="46.459642" lon="12.918204">
        <ele>1243.2745409481345</ele>
        <time>2025-04-22T13:34:29.496Z</time>
      </trkpt>
      <trkpt lat="46.45938" lon="12.917928">
        <ele>1235.5135585892976</ele>
        <time>2025-04-22T13:35:01.559Z</time>
      </trkpt>
      <trkpt lat="46.459254" lon="12.917847">
        <ele>1234.0291620654773</ele>
        <time>2025-04-22T13:35:15.208Z</time>
      </trkpt>
      <trkpt lat="46.459095" lon="12.917623">
        <ele>1239.3172995083432</ele>
        <time>2025-04-22T13:35:37.153Z</time>
      </trkpt>
      <trkpt lat="46.458894" lon="12.917528">
        <ele>1238.9848652527137</ele>
        <time>2025-04-22T13:35:58.090Z</time>
      </trkpt>
      <trkpt lat="46.458717" lon="12.917401">
        <ele>1238.120224451863</ele>
        <time>2025-04-22T13:36:17.646Z</time>
      </trkpt>
      <trkpt lat="46.458691" lon="12.917323">
        <ele>1239.359653259215</ele>
        <time>2025-04-22T13:36:23.558Z</time>
      </trkpt>
      <trkpt lat="46.458646" lon="12.917258">
        <ele>1239.0041035434028</ele>
        <time>2025-04-22T13:36:29.845Z</time>
      </trkpt>
      <trkpt lat="46.458619" lon="12.917232">
        <ele>1238.3382304494262</ele>
        <time>2025-04-22T13:36:33.054Z</time>
      </trkpt>
      <trkpt lat="46.458594" lon="12.917038">
        <ele>1239.8016013998447</ele>
        <time>2025-04-22T13:36:46.520Z</time>
      </trkpt>
      <trkpt lat="46.458561" lon="12.916987">
        <ele>1238.7131982151022</ele>
        <time>2025-04-22T13:36:51.294Z</time>
      </trkpt>
      <trkpt lat="46.458519" lon="12.91696">
        <ele>1238.6675301185555</ele>
        <time>2025-04-22T13:36:55.843Z</time>
      </trkpt>
      <trkpt lat="46.458452" lon="12.916897">
        <ele>1239.863653903254</ele>
        <time>2025-04-22T13:37:03.749Z</time>
      </trkpt>
      <trkpt lat="46.458396" lon="12.916856">
        <ele>1241.367781817419</ele>
        <time>2025-04-22T13:37:09.961Z</time>
      </trkpt>
      <trkpt lat="46.458384" lon="12.916859">
        <ele>1241.3795708709524</ele>
        <time>2025-04-22T13:37:11.167Z</time>
      </trkpt>
      <trkpt lat="46.45822" lon="12.916911">
        <ele>1242.375700958994</ele>
        <time>2025-04-22T13:37:27.793Z</time>
      </trkpt>
      <trkpt lat="46.458082" lon="12.917018">
        <ele>1243.5435069367772</ele>
        <time>2025-04-22T13:37:43.289Z</time>
      </trkpt>
      <trkpt lat="46.457938" lon="12.917243">
        <ele>1242.3291152475526</ele>
        <time>2025-04-22T13:38:04.244Z</time>
      </trkpt>
      <trkpt lat="46.457783" lon="12.917463">
        <ele>1237.4727431130532</ele>
        <time>2025-04-22T13:38:25.715Z</time>
      </trkpt>
      <trkpt lat="46.457717" lon="12.917504">
        <ele>1236.140827687897</ele>
        <time>2025-04-22T13:38:32.825Z</time>
      </trkpt>
      <trkpt lat="46.457374" lon="12.917506">
        <ele>1232.0648466012924</ele>
        <time>2025-04-22T13:39:06.798Z</time>
      </trkpt>
      <trkpt lat="46.456835" lon="12.917375">
        <ele>1225.8856821360828</ele>
        <time>2025-04-22T13:40:00.927Z</time>
      </trkpt>
      <trkpt lat="46.456664" lon="12.917296">
        <ele>1224.2704308200077</ele>
        <time>2025-04-22T13:40:18.701Z</time>
      </trkpt>
      <trkpt lat="46.456565" lon="12.917173">
        <ele>1223.413678389994</ele>
        <time>2025-04-22T13:40:31.608Z</time>
      </trkpt>
      <trkpt lat="46.456343" lon="12.916745">
        <ele>1221.0040959541998</ele>
        <time>2025-04-22T13:41:08.164Z</time>
      </trkpt>
      <trkpt lat="46.456276" lon="12.916627">
        <ele>1221.4500614172343</ele>
        <time>2025-04-22T13:41:18.598Z</time>
      </trkpt>
      <trkpt lat="46.456181" lon="12.916584">
        <ele>1221.989591507463</ele>
        <time>2025-04-22T13:41:28.454Z</time>
      </trkpt>
      <trkpt lat="46.456098" lon="12.916612">
        <ele>1220.9690959178508</ele>
        <time>2025-04-22T13:41:36.894Z</time>
      </trkpt>
      <trkpt lat="46.45604" lon="12.916717">
        <ele>1219.8664241581248</ele>
        <time>2025-04-22T13:41:46.077Z</time>
      </trkpt>
      <trkpt lat="46.456003" lon="12.91686">
        <ele>1219.7983098353334</ele>
        <time>2025-04-22T13:41:56.500Z</time>
      </trkpt>
      <trkpt lat="46.455971" lon="12.916921">
        <ele>1219.8362196745213</ele>
        <time>2025-04-22T13:42:01.731Z</time>
      </trkpt>
      <trkpt lat="46.455904" lon="12.916956">
        <ele>1219.107752470657</ele>
        <time>2025-04-22T13:42:08.783Z</time>
      </trkpt>
      <trkpt lat="46.45589" lon="12.916951">
        <ele>1218.8663286611197</ele>
        <time>2025-04-22T13:42:10.211Z</time>
      </trkpt>
      <trkpt lat="46.455885" lon="12.916917">
        <ele>1218.7317383935556</ele>
        <time>2025-04-22T13:42:12.583Z</time>
      </trkpt>
      <trkpt lat="46.455881" lon="12.916887">
        <ele>1218.6081273827256</ele>
        <time>2025-04-22T13:42:14.668Z</time>
      </trkpt>
      <trkpt lat="46.455859" lon="12.915963">
        <ele>1210.3561209307945</ele>
        <time>2025-04-22T13:43:17.755Z</time>
      </trkpt>
      <trkpt lat="46.455897" lon="12.915824">
        <ele>1211.4771887079326</ele>
        <time>2025-04-22T13:43:27.959Z</time>
      </trkpt>
      <trkpt lat="46.455881" lon="12.915706">
        <ele>1210.3580964731154</ele>
        <time>2025-04-22T13:43:36.165Z</time>
      </trkpt>
      <trkpt lat="46.455813" lon="12.915563">
        <ele>1207.3344844974622</ele>
        <time>2025-04-22T13:43:48.021Z</time>
      </trkpt>
      <trkpt lat="46.455779" lon="12.915441">
        <ele>1205.6661180888213</ele>
        <time>2025-04-22T13:43:57.001Z</time>
      </trkpt>
      <trkpt lat="46.455745" lon="12.914817">
        <ele>1200.7825739593131</ele>
        <time>2025-04-22T13:44:39.712Z</time>
      </trkpt>
      <trkpt lat="46.455645" lon="12.914036">
        <ele>1192.7047852331407</ele>
        <time>2025-04-22T13:45:33.916Z</time>
      </trkpt>
      <trkpt lat="46.455628" lon="12.91351">
        <ele>1189.7455387264094</ele>
        <time>2025-04-22T13:46:09.847Z</time>
      </trkpt>
      <trkpt lat="46.4556" lon="12.91345">
        <ele>1189.0437607159947</ele>
        <time>2025-04-22T13:46:14.792Z</time>
      </trkpt>
      <trkpt lat="46.455569" lon="12.913421">
        <ele>1188.0863577323162</ele>
        <time>2025-04-22T13:46:18.444Z</time>
      </trkpt>
      <trkpt lat="46.4552" lon="12.913358">
        <ele>1179.2496051306396</ele>
        <time>2025-04-22T13:46:55.244Z</time>
      </trkpt>
      <trkpt lat="46.455088" lon="12.913302">
        <ele>1177.7097164432641</ele>
        <time>2025-04-22T13:47:06.977Z</time>
      </trkpt>
      <trkpt lat="46.454985" lon="12.913142">
        <ele>1178.383703326161</ele>
        <time>2025-04-22T13:47:21.919Z</time>
      </trkpt>
      <trkpt lat="46.454721" lon="12.912698">
        <ele>1173.3993611001056</ele>
        <time>2025-04-22T13:48:01.939Z</time>
      </trkpt>
      <trkpt lat="46.454677" lon="12.912662">
        <ele>1172.7975457745997</ele>
        <time>2025-04-22T13:48:06.941Z</time>
      </trkpt>
      <trkpt lat="46.454569" lon="12.912651">
        <ele>1172.2834525143821</ele>
        <time>2025-04-22T13:48:17.664Z</time>
      </trkpt>
      <trkpt lat="46.454479" lon="12.912672">
        <ele>1171.9955589556716</ele>
        <time>2025-04-22T13:48:26.692Z</time>
      </trkpt>
      <trkpt lat="46.454347" lon="12.91279">
        <ele>1170.0717969982695</ele>
        <time>2025-04-22T13:48:42.046Z</time>
      </trkpt>
      <trkpt lat="46.454253" lon="12.912875">
        <ele>1168.4467251296946</ele>
        <time>2025-04-22T13:48:53.015Z</time>
      </trkpt>
      <trkpt lat="46.454071" lon="12.913098">
        <ele>1162.2611182721294</ele>
        <time>2025-04-22T13:49:16.605Z</time>
      </trkpt>
      <trkpt lat="46.454015" lon="12.913166">
        <ele>1160.0992073498735</ele>
        <time>2025-04-22T13:49:23.836Z</time>
      </trkpt>
      <trkpt lat="46.453842" lon="12.913224">
        <ele>1157.3296699488308</ele>
        <time>2025-04-22T13:49:41.422Z</time>
      </trkpt>
      <trkpt lat="46.453733" lon="12.913211">
        <ele>1156.4635626132165</ele>
        <time>2025-04-22T13:49:52.254Z</time>
      </trkpt>
      <trkpt lat="46.453625" lon="12.913157">
        <ele>1155.8040276768609</ele>
        <time>2025-04-22T13:50:03.568Z</time>
      </trkpt>
      <trkpt lat="46.453555" lon="12.913083">
        <ele>1155.4174862610596</ele>
        <time>2025-04-22T13:50:12.145Z</time>
      </trkpt>
      <trkpt lat="46.453491" lon="12.912928">
        <ele>1154.970046521366</ele>
        <time>2025-04-22T13:50:24.476Z</time>
      </trkpt>
      <trkpt lat="46.453323" lon="12.912591">
        <ele>1153.2500536374844</ele>
        <time>2025-04-22T13:50:52.861Z</time>
      </trkpt>
      <trkpt lat="46.453247" lon="12.912489">
        <ele>1152.4104951007698</ele>
        <time>2025-04-22T13:51:03.113Z</time>
      </trkpt>
      <trkpt lat="46.453134" lon="12.912378">
        <ele>1151.0277574111044</ele>
        <time>2025-04-22T13:51:16.627Z</time>
      </trkpt>
      <trkpt lat="46.453086" lon="12.912316">
        <ele>1150.4290411124953</ele>
        <time>2025-04-22T13:51:22.991Z</time>
      </trkpt>
      <trkpt lat="46.453053" lon="12.912255">
        <ele>1149.998076071021</ele>
        <time>2025-04-22T13:51:28.283Z</time>
      </trkpt>
      <trkpt lat="46.453032" lon="12.912049">
        <ele>1149.3656719695891</ele>
        <time>2025-04-22T13:51:42.493Z</time>
      </trkpt>
      <trkpt lat="46.453025" lon="12.911627">
        <ele>1147.5645926153934</ele>
        <time>2025-04-22T13:52:11.298Z</time>
      </trkpt>
      <trkpt lat="46.452997" lon="12.91139">
        <ele>1146.1606126443519</ele>
        <time>2025-04-22T13:52:27.706Z</time>
      </trkpt>
      <trkpt lat="46.452857" lon="12.910834">
        <ele>1142.104841946837</ele>
        <time>2025-04-22T13:53:08.101Z</time>
      </trkpt>
      <trkpt lat="46.452857" lon="12.910708">
        <ele>1141.9814959007126</ele>
        <time>2025-04-22T13:53:16.699Z</time>
      </trkpt>
      <trkpt lat="46.453058" lon="12.909417">
        <ele>1137.5947915218264</ele>
        <time>2025-04-22T13:54:47.017Z</time>
      </trkpt>
      <trkpt lat="46.453082" lon="12.909195">
        <ele>1136.1925833014134</ele>
        <time>2025-04-22T13:55:02.351Z</time>
      </trkpt>
      <trkpt lat="46.453077" lon="12.909098">
        <ele>1135.6699507301041</ele>
        <time>2025-04-22T13:55:08.988Z</time>
      </trkpt>
      <trkpt lat="46.453046" lon="12.908996">
        <ele>1135.2410830411566</ele>
        <time>2025-04-22T13:55:16.595Z</time>
      </trkpt>
      <trkpt lat="46.45296" lon="12.90891">
        <ele>1134.760367835659</ele>
        <time>2025-04-22T13:55:26.938Z</time>
      </trkpt>
      <trkpt lat="46.452507" lon="12.908651">
        <ele>1132.4712140669094</ele>
        <time>2025-04-22T13:56:15.162Z</time>
      </trkpt>
      <trkpt lat="46.452338" lon="12.908481">
        <ele>1130.218203926189</ele>
        <time>2025-04-22T13:56:35.528Z</time>
      </trkpt>
      <trkpt lat="46.452055" lon="12.908185">
        <ele>1127.5218277969116</ele>
        <time>2025-04-22T13:57:10.078Z</time>
      </trkpt>
      <trkpt lat="46.451904" lon="12.908056">
        <ele>1123.0957799861249</ele>
        <time>2025-04-22T13:57:27.432Z</time>
      </trkpt>
      <trkpt lat="46.451647" lon="12.907894">
        <ele>1117.3689979980986</ele>
        <time>2025-04-22T13:57:55.184Z</time>
      </trkpt>
      <trkpt lat="46.451453" lon="12.907863">
        <ele>1116.4844611253095</ele>
        <time>2025-04-22T13:58:14.515Z</time>
      </trkpt>
      <trkpt lat="46.451406" lon="12.907824">
        <ele>1115.5932839352413</ele>
        <time>2025-04-22T13:58:19.877Z</time>
      </trkpt>
      <trkpt lat="46.451372" lon="12.907775">
        <ele>1114.4367416038492</ele>
        <time>2025-04-22T13:58:24.622Z</time>
      </trkpt>
      <trkpt lat="46.451385" lon="12.907673">
        <ele>1112.5614488164588</ele>
        <time>2025-04-22T13:58:31.700Z</time>
      </trkpt>
      <trkpt lat="46.451432" lon="12.907581">
        <ele>1111.4099079139382</ele>
        <time>2025-04-22T13:58:39.515Z</time>
      </trkpt>
      <trkpt lat="46.45148" lon="12.907346">
        <ele>1109.011741347597</ele>
        <time>2025-04-22T13:58:56.241Z</time>
      </trkpt>
      <trkpt lat="46.451514" lon="12.907225">
        <ele>1108.1098053208668</ele>
        <time>2025-04-22T13:59:05.158Z</time>
      </trkpt>
      <trkpt lat="46.451661" lon="12.907026">
        <ele>1105.9466148685297</ele>
        <time>2025-04-22T13:59:25.068Z</time>
      </trkpt>
      <trkpt lat="46.451813" lon="12.906847">
        <ele>1103.2524287561541</ele>
        <time>2025-04-22T13:59:44.455Z</time>
      </trkpt>
      <trkpt lat="46.451931" lon="12.906708">
        <ele>1102.2592654932112</ele>
        <time>2025-04-22T13:59:59.507Z</time>
      </trkpt>
      <trkpt lat="46.451952" lon="12.906628">
        <ele>1102.2754118464072</ele>
        <time>2025-04-22T14:00:05.349Z</time>
      </trkpt>
      <trkpt lat="46.451953" lon="12.906573">
        <ele>1102.1420074771108</ele>
        <time>2025-04-22T14:00:09.103Z</time>
      </trkpt>
      <trkpt lat="46.45194" lon="12.906526">
        <ele>1101.7789587000705</ele>
        <time>2025-04-22T14:00:12.559Z</time>
      </trkpt>
      <trkpt lat="46.451912" lon="12.906474">
        <ele>1101.134547440185</ele>
        <time>2025-04-22T14:00:17.062Z</time>
      </trkpt>
      <trkpt lat="46.451668" lon="12.906212">
        <ele>1093.177725477065</ele>
        <time>2025-04-22T14:00:47.124Z</time>
      </trkpt>
      <trkpt lat="46.451489" lon="12.90594">
        <ele>1087.9931124490067</ele>
        <time>2025-04-22T14:01:12.792Z</time>
      </trkpt>
      <trkpt lat="46.451433" lon="12.905831">
        <ele>1086.2642826808187</ele>
        <time>2025-04-22T14:01:22.070Z</time>
      </trkpt>
      <trkpt lat="46.451504" lon="12.905378">
        <ele>1084.3966559489659</ele>
        <time>2025-04-22T14:01:53.772Z</time>
      </trkpt>
      <trkpt lat="46.451785" lon="12.904578">
        <ele>1078.0202734829163</ele>
        <time>2025-04-22T14:02:55.049Z</time>
      </trkpt>
      <trkpt lat="46.451924" lon="12.904114">
        <ele>1074.0558838094437</ele>
        <time>2025-04-22T14:03:29.576Z</time>
      </trkpt>
      <trkpt lat="46.45197" lon="12.90404">
        <ele>1073.0842798304225</ele>
        <time>2025-04-22T14:03:36.377Z</time>
      </trkpt>
      <trkpt lat="46.452145" lon="12.903878">
        <ele>1071.2278524868168</ele>
        <time>2025-04-22T14:03:56.935Z</time>
      </trkpt>
      <trkpt lat="46.452439" lon="12.903653">
        <ele>1070.8523593404307</ele>
        <time>2025-04-22T14:04:29.854Z</time>
      </trkpt>
      <trkpt lat="46.45273" lon="12.903279">
        <ele>1067.2047098483386</ele>
        <time>2025-04-22T14:05:08.352Z</time>
      </trkpt>
      <trkpt lat="46.452805" lon="12.903164">
        <ele>1066.579898105806</ele>
        <time>2025-04-22T14:05:19.157Z</time>
      </trkpt>
      <trkpt lat="46.452966" lon="12.90303">
        <ele>1068.861383523062</ele>
        <time>2025-04-22T14:05:37.539Z</time>
      </trkpt>
      <trkpt lat="46.453147" lon="12.902914">
        <ele>1069.7575175845468</ele>
        <time>2025-04-22T14:05:57.136Z</time>
      </trkpt>
      <trkpt lat="46.453392" lon="12.902723">
        <ele>1069.2050434796301</ele>
        <time>2025-04-22T14:06:24.681Z</time>
      </trkpt>
      <trkpt lat="46.4537" lon="12.902483">
        <ele>1066.3917177025767</ele>
        <time>2025-04-22T14:06:59.305Z</time>
      </trkpt>
      <trkpt lat="46.454251" lon="12.902213">
        <ele>1066.2192289351792</ele>
        <time>2025-04-22T14:07:56.906Z</time>
      </trkpt>
      <trkpt lat="46.454526" lon="12.902078">
        <ele>1067.4981167574547</ele>
        <time>2025-04-22T14:08:25.659Z</time>
      </trkpt>
      <trkpt lat="46.454967" lon="12.901921">
        <ele>1067.4201360688612</ele>
        <time>2025-04-22T14:09:10.633Z</time>
      </trkpt>
      <trkpt lat="46.455118" lon="12.901751">
        <ele>1067.2830711439854</ele>
        <time>2025-04-22T14:09:29.560Z</time>
      </trkpt>
      <trkpt lat="46.455215" lon="12.901585">
        <ele>1066.2871502908397</ele>
        <time>2025-04-22T14:09:44.413Z</time>
      </trkpt>
      <trkpt lat="46.455264" lon="12.90139">
        <ele>1064.8094947491322</ele>
        <time>2025-04-22T14:09:58.576Z</time>
      </trkpt>
      <trkpt lat="46.455282" lon="12.901225">
        <ele>1063.3098554039195</ele>
        <time>2025-04-22T14:10:09.975Z</time>
      </trkpt>
      <trkpt lat="46.455278" lon="12.901141">
        <ele>1062.3411146644978</ele>
        <time>2025-04-22T14:10:15.720Z</time>
      </trkpt>
      <trkpt lat="46.455199" lon="12.90089">
        <ele>1059.043330335375</ele>
        <time>2025-04-22T14:10:34.550Z</time>
      </trkpt>
      <trkpt lat="46.455124" lon="12.900696">
        <ele>1053.3362351668509</ele>
        <time>2025-04-22T14:10:49.729Z</time>
      </trkpt>
      <trkpt lat="46.455049" lon="12.900529">
        <ele>1050.5298443530344</ele>
        <time>2025-04-22T14:11:03.331Z</time>
      </trkpt>
      <trkpt lat="46.455027" lon="12.90039">
        <ele>1049.5913984541598</ele>
        <time>2025-04-22T14:11:13.062Z</time>
      </trkpt>
      <trkpt lat="46.454983" lon="12.900218">
        <ele>1048.7703267130794</ele>
        <time>2025-04-22T14:11:25.581Z</time>
      </trkpt>
      <trkpt lat="46.45481" lon="12.900004">
        <ele>1045.1545069875554</ele>
        <time>2025-04-22T14:11:48.094Z</time>
      </trkpt>
      <trkpt lat="46.454627" lon="12.89984">
        <ele>1041.7045902465782</ele>
        <time>2025-04-22T14:12:09.396Z</time>
      </trkpt>
      <trkpt lat="46.454493" lon="12.899851">
        <ele>1037.5001190597027</ele>
        <time>2025-04-22T14:12:22.689Z</time>
      </trkpt>
      <trkpt lat="46.454386" lon="12.899941">
        <ele>1035.1546709601018</ele>
        <time>2025-04-22T14:12:34.937Z</time>
      </trkpt>
      <trkpt lat="46.45427" lon="12.900049">
        <ele>1034.6917719716107</ele>
        <time>2025-04-22T14:12:48.586Z</time>
      </trkpt>
      <trkpt lat="46.454105" lon="12.900045">
        <ele>1032.6441587632658</ele>
        <time>2025-04-22T14:13:04.931Z</time>
      </trkpt>
      <trkpt lat="46.454054" lon="12.899981">
        <ele>1030.2589232984305</ele>
        <time>2025-04-22T14:13:11.608Z</time>
      </trkpt>
      <trkpt lat="46.453981" lon="12.899852">
        <ele>1025.5154769428514</ele>
        <time>2025-04-22T14:13:22.999Z</time>
      </trkpt>
      <trkpt lat="46.453958" lon="12.899631">
        <ele>1021.3743986840104</ele>
        <time>2025-04-22T14:13:38.250Z</time>
      </trkpt>
      <trkpt lat="46.453904" lon="12.899395">
        <ele>1019.0014905138698</ele>
        <time>2025-04-22T14:13:55.219Z</time>
      </trkpt>
      <trkpt lat="46.453786" lon="12.899239">
        <ele>1013.8727856732036</ele>
        <time>2025-04-22T14:14:11.027Z</time>
      </trkpt>
      <trkpt lat="46.453682" lon="12.89918">
        <ele>1008.1253697609872</ele>
        <time>2025-04-22T14:14:22.086Z</time>
      </trkpt>
      <trkpt lat="46.453639" lon="12.899132">
        <ele>1005.9274346998047</ele>
        <time>2025-04-22T14:14:27.458Z</time>
      </trkpt>
      <trkpt lat="46.453626" lon="12.899029">
        <ele>1006.5876077492532</ele>
        <time>2025-04-22T14:14:34.603Z</time>
      </trkpt>
      <trkpt lat="46.453641" lon="12.898813">
        <ele>1009.2454236253807</ele>
        <time>2025-04-22T14:14:49.417Z</time>
      </trkpt>
      <trkpt lat="46.45362" lon="12.8988">
        <ele>1007.6969731628353</ele>
        <time>2025-04-22T14:14:51.678Z</time>
      </trkpt>
      <trkpt lat="46.453596" lon="12.898813">
        <ele>1006.0865626555033</ele>
        <time>2025-04-22T14:14:54.215Z</time>
      </trkpt>
      <trkpt lat="46.453578" lon="12.898895">
        <ele>1004.116814939698</ele>
        <time>2025-04-22T14:15:00.087Z</time>
      </trkpt>
      <trkpt lat="46.453523" lon="12.899294">
        <ele>995.1045853637881</ele>
        <time>2025-04-22T14:15:27.853Z</time>
      </trkpt>
      <trkpt lat="46.453531" lon="12.899322">
        <ele>995.4078980540576</ele>
        <time>2025-04-22T14:15:29.921Z</time>
      </trkpt>
      <trkpt lat="46.453565" lon="12.899369">
        <ele>998.1639554969425</ele>
        <time>2025-04-22T14:15:34.571Z</time>
      </trkpt>
      <trkpt lat="46.453691" lon="12.899402">
        <ele>1005.4917551353078</ele>
        <time>2025-04-22T14:15:47.252Z</time>
      </trkpt>
      <trkpt lat="46.453715" lon="12.899437">
        <ele>1006.5086524332132</ele>
        <time>2025-04-22T14:15:50.621Z</time>
      </trkpt>
      <trkpt lat="46.45371" lon="12.899483">
        <ele>1005.5892720056423</ele>
        <time>2025-04-22T14:15:53.798Z</time>
      </trkpt>
      <trkpt lat="46.453671" lon="12.899523">
        <ele>1004.6091769890121</ele>
        <time>2025-04-22T14:15:58.527Z</time>
      </trkpt>
      <trkpt lat="46.453557" lon="12.899518">
        <ele>1001.0244673821428</ele>
        <time>2025-04-22T14:16:09.823Z</time>
      </trkpt>
      <trkpt lat="46.453472" lon="12.899424">
        <ele>995.8429450574703</ele>
        <time>2025-04-22T14:16:20.407Z</time>
      </trkpt>
      <trkpt lat="46.453418" lon="12.899273">
        <ele>989.3283631091911</ele>
        <time>2025-04-22T14:16:32.016Z</time>
      </trkpt>
      <trkpt lat="46.453395" lon="12.899162">
        <ele>985.9555259512272</ele>
        <time>2025-04-22T14:16:39.925Z</time>
      </trkpt>
      <trkpt lat="46.453403" lon="12.898992">
        <ele>987.0766797339799</ele>
        <time>2025-04-22T14:16:51.552Z</time>
      </trkpt>
      <trkpt lat="46.453373" lon="12.898775">
        <ele>984.9897405075747</ele>
        <time>2025-04-22T14:17:06.654Z</time>
      </trkpt>
      <trkpt lat="46.453348" lon="12.898658">
        <ele>982.360566051952</ele>
        <time>2025-04-22T14:17:15.013Z</time>
      </trkpt>
      <trkpt lat="46.45332" lon="12.898572">
        <ele>979.0088534438307</ele>
        <time>2025-04-22T14:17:21.503Z</time>
      </trkpt>
      <trkpt lat="46.453283" lon="12.898595">
        <ele>975.9812641173735</ele>
        <time>2025-04-22T14:17:25.489Z</time>
      </trkpt>
      <trkpt lat="46.453301" lon="12.898865">
        <ele>978.4465076756696</ele>
        <time>2025-04-22T14:17:43.999Z</time>
      </trkpt>
      <trkpt lat="46.453294" lon="12.8991">
        <ele>979.9335397513007</ele>
        <time>2025-04-22T14:18:00.050Z</time>
      </trkpt>
      <trkpt lat="46.453255" lon="12.899118">
        <ele>978.8390856461666</ele>
        <time>2025-04-22T14:18:04.103Z</time>
      </trkpt>
      <trkpt lat="46.453223" lon="12.899097">
        <ele>977.68324551312</ele>
        <time>2025-04-22T14:18:07.581Z</time>
      </trkpt>
      <trkpt lat="46.453194" lon="12.898859">
        <ele>970.508839388574</ele>
        <time>2025-04-22T14:18:24.073Z</time>
      </trkpt>
      <trkpt lat="46.453198" lon="12.898797">
        <ele>969.7860498705218</ele>
        <time>2025-04-22T14:18:28.322Z</time>
      </trkpt>
      <trkpt lat="46.45318" lon="12.898717">
        <ele>967.7900377956728</ele>
        <time>2025-04-22T14:18:34.064Z</time>
      </trkpt>
      <trkpt lat="46.453166" lon="12.898554">
        <ele>965.3083298286106</ele>
        <time>2025-04-22T14:18:45.273Z</time>
      </trkpt>
      <trkpt lat="46.453178" lon="12.898465">
        <ele>965.7911471952038</ele>
        <time>2025-04-22T14:18:51.461Z</time>
      </trkpt>
      <trkpt lat="46.453394" lon="12.897931">
        <ele>967.5104760195345</ele>
        <time>2025-04-22T14:19:33.716Z</time>
      </trkpt>
      <trkpt lat="46.453429" lon="12.897827">
        <ele>966.3400311720311</ele>
        <time>2025-04-22T14:19:41.614Z</time>
      </trkpt>
      <trkpt lat="46.453434" lon="12.897736">
        <ele>963.8101791315186</ele>
        <time>2025-04-22T14:19:47.843Z</time>
      </trkpt>
      <trkpt lat="46.453395" lon="12.89751">
        <ele>956.930385658845</ele>
        <time>2025-04-22T14:20:03.741Z</time>
      </trkpt>
      <trkpt lat="46.453318" lon="12.897022">
        <ele>953.4063439518518</ele>
        <time>2025-04-22T14:20:37.903Z</time>
      </trkpt>
      <trkpt lat="46.45323" lon="12.896849">
        <ele>950.9551316596626</ele>
        <time>2025-04-22T14:20:52.577Z</time>
      </trkpt>
      <trkpt lat="46.453126" lon="12.896585">
        <ele>948.6357375085378</ele>
        <time>2025-04-22T14:21:13.329Z</time>
      </trkpt>
      <trkpt lat="46.452811" lon="12.896217">
        <ele>938.8409930357279</ele>
        <time>2025-04-22T14:21:53.379Z</time>
      </trkpt>
      <trkpt lat="46.452656" lon="12.896003">
        <ele>935.2857442968166</ele>
        <time>2025-04-22T14:22:14.567Z</time>
      </trkpt>
      <trkpt lat="46.452509" lon="12.895724">
        <ele>931.859824354323</ele>
        <time>2025-04-22T14:22:38.535Z</time>
      </trkpt>
      <trkpt lat="46.452338" lon="12.895169">
        <ele>926.0677577524127</ele>
        <time>2025-04-22T14:23:20.022Z</time>
      </trkpt>
      <trkpt lat="46.452344" lon="12.894862">
        <ele>926.7932800076798</ele>
        <time>2025-04-22T14:23:40.980Z</time>
      </trkpt>
      <trkpt lat="46.452331" lon="12.89482">
        <ele>926.1663064302763</ele>
        <time>2025-04-22T14:23:44.122Z</time>
      </trkpt>
      <trkpt lat="46.452299" lon="12.894797">
        <ele>925.2146888386377</ele>
        <time>2025-04-22T14:23:47.658Z</time>
      </trkpt>
      <trkpt lat="46.452255" lon="12.894823">
        <ele>923.8887978978717</ele>
        <time>2025-04-22T14:23:52.363Z</time>
      </trkpt>
      <trkpt lat="46.452221" lon="12.894933">
        <ele>922.8156525106733</ele>
        <time>2025-04-22T14:24:00.590Z</time>
      </trkpt>
      <trkpt lat="46.452161" lon="12.895201">
        <ele>919.4300492021613</ele>
        <time>2025-04-22T14:24:19.819Z</time>
      </trkpt>
      <trkpt lat="46.452152" lon="12.8955">
        <ele>917.395209366814</ele>
        <time>2025-04-22T14:24:40.242Z</time>
      </trkpt>
      <trkpt lat="46.45211" lon="12.895747">
        <ele>915.0200825126569</ele>
        <time>2025-04-22T14:24:57.603Z</time>
      </trkpt>
      <trkpt lat="46.452146" lon="12.895971">
        <ele>915.4821290516945</ele>
        <time>2025-04-22T14:25:13.299Z</time>
      </trkpt>
      <trkpt lat="46.45227" lon="12.896321">
        <ele>914.7622920891299</ele>
        <time>2025-04-22T14:25:40.155Z</time>
      </trkpt>
      <trkpt lat="46.452275" lon="12.896385">
        <ele>913.4324693919701</ele>
        <time>2025-04-22T14:25:44.550Z</time>
      </trkpt>
      <trkpt lat="46.452244" lon="12.89642">
        <ele>911.0422515045192</ele>
        <time>2025-04-22T14:25:48.440Z</time>
      </trkpt>
      <trkpt lat="46.452212" lon="12.896401">
        <ele>910.3551533106884</ele>
        <time>2025-04-22T14:25:51.864Z</time>
      </trkpt>
      <trkpt lat="46.452077" lon="12.896091">
        <ele>911.4092448362261</ele>
        <time>2025-04-22T14:26:16.890Z</time>
      </trkpt>
      <trkpt lat="46.451967" lon="12.895906">
        <ele>908.1722768966838</ele>
        <time>2025-04-22T14:26:33.565Z</time>
      </trkpt>
      <trkpt lat="46.451931" lon="12.89572">
        <ele>907.1015773300556</ele>
        <time>2025-04-22T14:26:46.749Z</time>
      </trkpt>
      <trkpt lat="46.451905" lon="12.8954">
        <ele>905.5645893500538</ele>
        <time>2025-04-22T14:27:08.737Z</time>
      </trkpt>
      <trkpt lat="46.451794" lon="12.895052">
        <ele>897.2115274543953</ele>
        <time>2025-04-22T14:27:34.906Z</time>
      </trkpt>
      <trkpt lat="46.451741" lon="12.894811">
        <ele>893.4486999127848</ele>
        <time>2025-04-22T14:27:52.169Z</time>
      </trkpt>
      <trkpt lat="46.451733" lon="12.894741">
        <ele>892.9595590802321</ele>
        <time>2025-04-22T14:27:57.011Z</time>
      </trkpt>
      <trkpt lat="46.451703" lon="12.89447">
        <ele>891.2667209202884</ele>
        <time>2025-04-22T14:28:15.741Z</time>
      </trkpt>
      <trkpt lat="46.451659" lon="12.894074">
        <ele>888.2211673955594</ele>
        <time>2025-04-22T14:28:43.113Z</time>
      </trkpt>
      <trkpt lat="46.45168" lon="12.893738">
        <ele>887.3788097029286</ele>
        <time>2025-04-22T14:29:06.135Z</time>
      </trkpt>
      <trkpt lat="46.451668" lon="12.89347">
        <ele>884.5096796510295</ele>
        <time>2025-04-22T14:29:24.462Z</time>
      </trkpt>
      <trkpt lat="46.451689" lon="12.893298">
        <ele>883.8043835344597</ele>
        <time>2025-04-22T14:29:36.382Z</time>
      </trkpt>
      <trkpt lat="46.451741" lon="12.893137">
        <ele>883.8480812345053</ele>
        <time>2025-04-22T14:29:48.516Z</time>
      </trkpt>
      <trkpt lat="46.451859" lon="12.893046">
        <ele>886.1388501185329</ele>
        <time>2025-04-22T14:30:01.750Z</time>
      </trkpt>
      <trkpt lat="46.452015" lon="12.893009">
        <ele>889.3273261586256</ele>
        <time>2025-04-22T14:30:17.406Z</time>
      </trkpt>
      <trkpt lat="46.452147" lon="12.892928">
        <ele>888.9165103170046</ele>
        <time>2025-04-22T14:30:31.600Z</time>
      </trkpt>
      <trkpt lat="46.452367" lon="12.892709">
        <ele>880.602836223486</ele>
        <time>2025-04-22T14:30:58.022Z</time>
      </trkpt>
      <trkpt lat="46.452669" lon="12.892526">
        <ele>873.6313823162836</ele>
        <time>2025-04-22T14:31:30.436Z</time>
      </trkpt>
      <trkpt lat="46.452889" lon="12.892354">
        <ele>867.877374445236</ele>
        <time>2025-04-22T14:31:55.186Z</time>
      </trkpt>
      <trkpt lat="46.453047" lon="12.89222">
        <ele>864.134191719809</ele>
        <time>2025-04-22T14:32:13.311Z</time>
      </trkpt>
      <trkpt lat="46.453175" lon="12.892012">
        <ele>858.348033912762</ele>
        <time>2025-04-22T14:32:32.342Z</time>
      </trkpt>
      <trkpt lat="46.453296" lon="12.891692">
        <ele>850.7074343107039</ele>
        <time>2025-04-22T14:32:57.251Z</time>
      </trkpt>
      <trkpt lat="46.453354" lon="12.891312">
        <ele>844.153120233312</ele>
        <time>2025-04-22T14:33:23.810Z</time>
      </trkpt>
      <trkpt lat="46.453367" lon="12.890916">
        <ele>838.0767691697879</ele>
        <time>2025-04-22T14:33:50.863Z</time>
      </trkpt>
      <trkpt lat="46.453369" lon="12.890574">
        <ele>833.2314043275474</ele>
        <time>2025-04-22T14:34:14.201Z</time>
      </trkpt>
      <trkpt lat="46.453392" lon="12.890323">
        <ele>833.2708943307832</ele>
        <time>2025-04-22T14:34:31.479Z</time>
      </trkpt>
      <trkpt lat="46.453377" lon="12.890135">
        <ele>832.2343357622956</ele>
        <time>2025-04-22T14:34:44.393Z</time>
      </trkpt>
      <trkpt lat="46.453305" lon="12.889986">
        <ele>828.6501575923846</ele>
        <time>2025-04-22T14:34:56.812Z</time>
      </trkpt>
      <trkpt lat="46.453241" lon="12.889819">
        <ele>825.7576431847851</ele>
        <time>2025-04-22T14:35:09.852Z</time>
      </trkpt>
      <trkpt lat="46.453195" lon="12.889648">
        <ele>822.6230505518602</ele>
        <time>2025-04-22T14:35:22.378Z</time>
      </trkpt>
      <trkpt lat="46.453157" lon="12.889372">
        <ele>818.888138267924</ele>
        <time>2025-04-22T14:35:41.584Z</time>
      </trkpt>
      <trkpt lat="46.453147" lon="12.888961">
        <ele>816.6453988812771</ele>
        <time>2025-04-22T14:36:09.647Z</time>
      </trkpt>
      <trkpt lat="46.453131" lon="12.888825">
        <ele>814.7814417007078</ele>
        <time>2025-04-22T14:36:19.061Z</time>
      </trkpt>
      <trkpt lat="46.453075" lon="12.888584">
        <ele>810.5237958711083</ele>
        <time>2025-04-22T14:36:36.416Z</time>
      </trkpt>
      <trkpt lat="46.452986" lon="12.888281">
        <ele>805.9282784381196</ele>
        <time>2025-04-22T14:36:58.893Z</time>
      </trkpt>
      <trkpt lat="46.452829" lon="12.887833">
        <ele>799.0655771118576</ele>
        <time>2025-04-22T14:37:33.191Z</time>
      </trkpt>
      <trkpt lat="46.452812" lon="12.887719">
        <ele>797.6824104923338</ele>
        <time>2025-04-22T14:37:41.150Z</time>
      </trkpt>
      <trkpt lat="46.452826" lon="12.88752">
        <ele>796.9286855101027</ele>
        <time>2025-04-22T14:37:54.800Z</time>
      </trkpt>
      <trkpt lat="46.452886" lon="12.887317">
        <ele>797.7587777186711</ele>
        <time>2025-04-22T14:38:09.873Z</time>
      </trkpt>
      <trkpt lat="46.45294" lon="12.887133">
        <ele>796.8419206749384</ele>
        <time>2025-04-22T14:38:23.520Z</time>
      </trkpt>
      <trkpt lat="46.45298" lon="12.886958">
        <ele>793.5070596737442</ele>
        <time>2025-04-22T14:38:36.101Z</time>
      </trkpt>
      <trkpt lat="46.45306" lon="12.886758">
        <ele>791.5507801179596</ele>
        <time>2025-04-22T14:38:51.882Z</time>
      </trkpt>
      <trkpt lat="46.453151" lon="12.886637">
        <ele>791.7760959429013</ele>
        <time>2025-04-22T14:39:04.105Z</time>
      </trkpt>
      <trkpt lat="46.453383" lon="12.88642">
        <ele>791.6245637254634</ele>
        <time>2025-04-22T14:39:31.441Z</time>
      </trkpt>
      <trkpt lat="46.453532" lon="12.886199">
        <ele>789.9674225873177</ele>
        <time>2025-04-22T14:39:52.541Z</time>
      </trkpt>
      <trkpt lat="46.453598" lon="12.886036">
        <ele>789.3633388366109</ele>
        <time>2025-04-22T14:40:05.442Z</time>
      </trkpt>
      <trkpt lat="46.453761" lon="12.88537">
        <ele>789.1496014998677</ele>
        <time>2025-04-22T14:40:53.671Z</time>
      </trkpt>
      <trkpt lat="46.4538" lon="12.885304">
        <ele>788.3267582188068</ele>
        <time>2025-04-22T14:40:59.604Z</time>
      </trkpt>
      <trkpt lat="46.45385" lon="12.8852">
        <ele>787.0744782797228</ele>
        <time>2025-04-22T14:41:08.257Z</time>
      </trkpt>
      <trkpt lat="46.453936" lon="12.885026">
        <ele>784.6679020592636</ele>
        <time>2025-04-22T14:41:22.869Z</time>
      </trkpt>
      <trkpt lat="46.454128" lon="12.884796">
        <ele>781.407232723169</ele>
        <time>2025-04-22T14:41:47.526Z</time>
      </trkpt>
      <trkpt lat="46.454357" lon="12.884487">
        <ele>777.0781142432879</ele>
        <time>2025-04-22T14:42:18.494Z</time>
      </trkpt>
      <trkpt lat="46.454468" lon="12.884216">
        <ele>770.6038097889391</ele>
        <time>2025-04-22T14:42:40.007Z</time>
      </trkpt>
      <trkpt lat="46.454756" lon="12.883744">
        <ele>758.905794488034</ele>
        <time>2025-04-22T14:43:23.030Z</time>
      </trkpt>
      <trkpt lat="46.454971" lon="12.883498">
        <ele>751.9068508843966</ele>
        <time>2025-04-22T14:43:50.145Z</time>
      </trkpt>
      <trkpt lat="46.455403" lon="12.882988">
        <ele>739.4712406262296</ele>
        <time>2025-04-22T14:44:45.298Z</time>
      </trkpt>
      <trkpt lat="46.455702" lon="12.882945">
        <ele>736.263418321026</ele>
        <time>2025-04-22T14:45:15.058Z</time>
      </trkpt>
      <trkpt lat="46.455808" lon="12.882803">
        <ele>732.4558311596247</ele>
        <time>2025-04-22T14:45:29.344Z</time>
      </trkpt>
      <trkpt lat="46.455803" lon="12.882724">
        <ele>731.0077666541537</ele>
        <time>2025-04-22T14:45:34.757Z</time>
      </trkpt>
      <trkpt lat="46.455634" lon="12.882698">
        <ele>730.4895536735316</ele>
        <time>2025-04-22T14:45:51.589Z</time>
      </trkpt>
      <trkpt lat="46.455446" lon="12.882519">
        <ele>727.308978897178</ele>
        <time>2025-04-22T14:46:13.858Z</time>
      </trkpt>
      <trkpt lat="46.455389" lon="12.882497">
        <ele>726.556598644391</ele>
        <time>2025-04-22T14:46:19.699Z</time>
      </trkpt>
      <trkpt lat="46.455316" lon="12.88247">
        <ele>725.4093212120096</ele>
        <time>2025-04-22T14:46:27.160Z</time>
      </trkpt>
      <trkpt lat="46.455151" lon="12.882461">
        <ele>723.7529419305829</ele>
        <time>2025-04-22T14:46:43.514Z</time>
      </trkpt>
      <trkpt lat="46.455102" lon="12.882468">
        <ele>723.3704892965469</ele>
        <time>2025-04-22T14:46:48.390Z</time>
      </trkpt>
      <trkpt lat="46.45516159012914" lon="12.882395843043923">
        <ele>722.4080985466688</ele>
        <time>2025-04-22T14:46:55.638Z</time>
      </trkpt>
      <trkpt lat="46.45460461266339" lon="12.882825331762433">
        <ele>724.9748144014977</ele>
        <time>2025-04-22T14:47:03.559Z</time>
      </trkpt>
      <trkpt lat="46.45409205928445" lon="12.883445927873254">
        <ele>730.3150768467349</ele>
        <time>2025-04-22T14:47:17.665Z</time>
      </trkpt>
      <trkpt lat="46.45378293469548" lon="12.88346671499312">
        <ele>724.7971277901227</ele>
        <time>2025-04-22T14:47:22.707Z</time>
      </trkpt>
      <trkpt lat="46.453490909188986" lon="12.883668970316648">
        <ele>719.4938939401129</ele>
        <time>2025-04-22T14:47:38.853Z</time>
      </trkpt>
      <trkpt lat="46.453296365216374" lon="12.883608872070909">
        <ele>712.8201723267289</ele>
        <time>2025-04-22T14:47:44.989Z</time>
      </trkpt>
      <trkpt lat="46.45327038131654" lon="12.883680621162057">
        <ele>712.6803882847629</ele>
        <time>2025-04-22T14:47:51.098Z</time>
      </trkpt>
      <trkpt lat="46.45291406661272" lon="12.883785897865891">
        <ele>706.8218981433328</ele>
        <time>2025-04-22T14:48:03.216Z</time>
      </trkpt>
      <trkpt lat="46.452516093850136" lon="12.883762260898948">
        <ele>699.867483009526</ele>
        <time>2025-04-22T14:48:24.660Z</time>
      </trkpt>
      <trkpt lat="46.45227796398103" lon="12.883614907041192">
        <ele>687.1414909477222</ele>
        <time>2025-04-22T14:48:38.751Z</time>
      </trkpt>
      <trkpt lat="46.45208375528455" lon="12.883688751608133">
        <ele>683.3611487275657</ele>
        <time>2025-04-22T14:48:46.898Z</time>
      </trkpt>
      <trkpt lat="46.45193371921778" lon="12.883907267823815">
        <ele>680.7508869668721</ele>
        <time>2025-04-22T14:49:00.720Z</time>
      </trkpt>
      <trkpt lat="46.45187856629491" lon="12.884091418236494">
        <ele>680.5579124269802</ele>
        <time>2025-04-22T14:49:06.440Z</time>
      </trkpt>
      <trkpt lat="46.451781168580055" lon="12.884165765717626">
        <ele>677.6075494799657</ele>
        <time>2025-04-22T14:49:07.579Z</time>
      </trkpt>
      <trkpt lat="46.451674634590745" lon="12.884479500353336">
        <ele>678.4748380331438</ele>
        <time>2025-04-22T14:49:18.860Z</time>
      </trkpt>
      <trkpt lat="46.45157078281045" lon="12.884538006037474">
        <ele>674.5054247827778</ele>
        <time>2025-04-22T14:49:23.333Z</time>
      </trkpt>
      <trkpt lat="46.45152920857072" lon="12.884638169780374">
        <ele>673.8510864872478</ele>
        <time>2025-04-22T14:49:26.677Z</time>
      </trkpt>
      <trkpt lat="46.45157757215202" lon="12.884737998247147">
        <ele>678.0529544462864</ele>
        <time>2025-04-22T14:49:31.120Z</time>
      </trkpt>
      <trkpt lat="46.45154974423349" lon="12.88481536321342">
        <ele>677.8024828687596</ele>
        <time>2025-04-22T14:49:33.334Z</time>
      </trkpt>
      <trkpt lat="46.45121446810663" lon="12.885180562734604">
        <ele>668.2782608723168</ele>
        <time>2025-04-22T14:49:42.127Z</time>
      </trkpt>
      <trkpt lat="46.451108353212476" lon="12.885214760899544">
        <ele>662.714563303711</ele>
        <time>2025-04-22T14:49:46.450Z</time>
      </trkpt>
      <trkpt lat="46.45093216560781" lon="12.885526651516557">
        <ele>662.6218004393395</ele>
        <time>2025-04-22T14:49:52.878Z</time>
      </trkpt>
      <trkpt lat="46.45048985257745" lon="12.886013220995665">
        <ele>638.0059175462815</ele>
        <time>2025-04-22T14:50:09.653Z</time>
      </trkpt>
      <trkpt lat="46.45028734579682" lon="12.886152695864439">
        <ele>630.3794888728241</ele>
        <time>2025-04-22T14:50:17.897Z</time>
      </trkpt>
      <trkpt lat="46.450251722708344" lon="12.886301139369607">
        <ele>634.5746641331407</ele>
        <time>2025-04-22T14:50:23.006Z</time>
      </trkpt>
      <trkpt lat="46.45018072798848" lon="12.88630717433989">
        <ele>637.982646198614</ele>
        <time>2025-04-22T14:50:26.057Z</time>
      </trkpt>
      <trkpt lat="46.450308384373784" lon="12.886569947004318">
        <ele>640.5609199235157</ele>
        <time>2025-04-22T14:50:36.155Z</time>
      </trkpt>
      <trkpt lat="46.45052136853337" lon="12.886701375246048">
        <ele>656.1338690386353</ele>
        <time>2025-04-22T14:50:45.135Z</time>
      </trkpt>
      <trkpt lat="46.45055380649865" lon="12.886826684698462">
        <ele>659.984065629242</ele>
        <time>2025-04-22T14:50:51.066Z</time>
      </trkpt>
      <trkpt lat="46.450499910861254" lon="12.886872198432684">
        <ele>655.2505629892552</ele>
        <time>2025-04-22T14:50:57.944Z</time>
      </trkpt>
      <trkpt lat="46.450813729315996" lon="12.886993233114481">
        <ele>685.7785810639471</ele>
        <time>2025-04-22T14:50:59.897Z</time>
      </trkpt>
      <trkpt lat="46.45068020559847" lon="12.887026341632009">
        <ele>670.7062830106518</ele>
        <time>2025-04-22T14:51:01.822Z</time>
      </trkpt>
      <trkpt lat="46.45033948123455" lon="12.886795001104474">
        <ele>645.7350205803524</ele>
        <time>2025-04-22T14:51:07.518Z</time>
      </trkpt>
      <trkpt lat="46.44999054260552" lon="12.886749068275094">
        <ele>656.930163727251</ele>
        <time>2025-04-22T14:51:14.039Z</time>
      </trkpt>
      <trkpt lat="46.450020130723715" lon="12.886609677225351">
        <ele>652.8924091464614</ele>
        <time>2025-04-22T14:51:18.637Z</time>
      </trkpt>
      <trkpt lat="46.449998086318374" lon="12.886640271171927">
        <ele>654.8082295766048</ele>
        <time>2025-04-22T14:51:20.469Z</time>
      </trkpt>
      <trkpt lat="46.449961038306355" lon="12.8864742256701">
        <ele>655.8891863572665</ele>
        <time>2025-04-22T14:51:23.202Z</time>
      </trkpt>
      <trkpt lat="46.45001510158181" lon="12.886344892904162">
        <ele>650.7782992815403</ele>
        <time>2025-04-22T14:51:25.919Z</time>
      </trkpt>
      <trkpt lat="46.44994402304292" lon="12.886163759976625">
        <ele>655.5346825221413</ele>
        <time>2025-04-22T14:51:32.212Z</time>
      </trkpt>
      <trkpt lat="46.449877889826894" lon="12.886239029467106">
        <ele>661.6704804788736</ele>
        <time>2025-04-22T14:51:36.674Z</time>
      </trkpt>
      <trkpt lat="46.44966322928667" lon="12.886013807728887">
        <ele>683.5422180977226</ele>
        <time>2025-04-22T14:51:45.523Z</time>
      </trkpt>
      <trkpt lat="46.44971209578216" lon="12.886105421930552">
        <ele>677.6464551298778</ele>
        <time>2025-04-22T14:51:48.146Z</time>
      </trkpt>
      <trkpt lat="46.44966029562056" lon="12.88608237169683">
        <ele>683.1442972539737</ele>
        <time>2025-04-22T14:51:49.888Z</time>
      </trkpt>
      <trkpt lat="46.4495546836406" lon="12.88584055379033">
        <ele>695.9495053513466</ele>
        <time>2025-04-22T14:51:56.805Z</time>
      </trkpt>
      <trkpt lat="46.44964411854744" lon="12.885578703135252">
        <ele>688.8016524831446</ele>
        <time>2025-04-22T14:52:03.640Z</time>
      </trkpt>
      <trkpt lat="46.44956784322858" lon="12.88503966294229">
        <ele>698.301744516725</ele>
        <time>2025-04-22T14:52:12.040Z</time>
      </trkpt>
      <trkpt lat="46.4496598765254" lon="12.884919382631779">
        <ele>692.1444228822444</ele>
        <time>2025-04-22T14:52:14.523Z</time>
      </trkpt>
      <trkpt lat="46.44942526705563" lon="12.88416744209826">
        <ele>692.2051980515589</ele>
        <time>2025-04-22T14:52:21.806Z</time>
      </trkpt>
      <trkpt lat="46.449075154960155" lon="12.883627563714981">
        <ele>690.6123492588657</ele>
        <time>2025-04-22T14:52:26.511Z</time>
      </trkpt>
      <trkpt lat="46.44889762625098" lon="12.8834486939013">
        <ele>687.7146587144231</ele>
        <time>2025-04-22T14:52:28.804Z</time>
      </trkpt>
      <trkpt lat="46.44872512668371" lon="12.883522287011147">
        <ele>692.0817288721373</ele>
        <time>2025-04-22T14:52:33.334Z</time>
      </trkpt>
      <trkpt lat="46.448561511933804" lon="12.883472414687276">
        <ele>682.4548490694185</ele>
        <time>2025-04-22T14:52:37.807Z</time>
      </trkpt>
      <trkpt lat="46.448245011270046" lon="12.883672825992107">
        <ele>678.805319053028</ele>
        <time>2025-04-22T14:52:41.483Z</time>
      </trkpt>
      <trkpt lat="46.44780739210546" lon="12.884274227544665">
        <ele>677.1802404189759</ele>
        <time>2025-04-22T14:52:50.702Z</time>
      </trkpt>
      <trkpt lat="46.44752106629312" lon="12.884639175608754">
        <ele>679.2995326670501</ele>
        <time>2025-04-22T14:52:54.809Z</time>
      </trkpt>
      <trkpt lat="46.447223676368594" lon="12.884945701807737">
        <ele>683.1534192563029</ele>
        <time>2025-04-22T14:52:57.472Z</time>
      </trkpt>
      <trkpt lat="46.44669930450618" lon="12.8853362146765">
        <ele>680.3668738579241</ele>
        <time>2025-04-22T14:53:02.611Z</time>
      </trkpt>
      <trkpt lat="46.44651507027447" lon="12.88540754467249">
        <ele>674.7774287793442</ele>
        <time>2025-04-22T14:53:05.103Z</time>
      </trkpt>
      <trkpt lat="46.44586203619838" lon="12.886000396683812">
        <ele>673.7070355166959</ele>
        <time>2025-04-22T14:53:09.315Z</time>
      </trkpt>
      <trkpt lat="46.44544545561075" lon="12.88647573441267">
        <ele>675.0912531452886</ele>
        <time>2025-04-22T14:53:13.846Z</time>
      </trkpt>
      <trkpt lat="46.445201709866524" lon="12.886866834014654">
        <ele>682.4695609341927</ele>
        <time>2025-04-22T14:53:17.654Z</time>
      </trkpt>
      <trkpt lat="46.44443501718342" lon="12.887514838948846">
        <ele>697.8075260491535</ele>
        <time>2025-04-22T14:53:24.804Z</time>
      </trkpt>
      <trkpt lat="46.444310043007135" lon="12.887770738452673">
        <ele>702.2301759931892</ele>
        <time>2025-04-22T14:53:27.231Z</time>
      </trkpt>
      <trkpt lat="46.444146847352386" lon="12.88795824162662">
        <ele>705.3545894386419</ele>
        <time>2025-04-22T14:53:29.602Z</time>
      </trkpt>
      <trkpt lat="46.44394090399146" lon="12.888125292956829">
        <ele>706.4017481592072</ele>
        <time>2025-04-22T14:53:31.921Z</time>
      </trkpt>
      <trkpt lat="46.44368198700249" lon="12.8882269654423">
        <ele>703.0475773274073</ele>
        <time>2025-04-22T14:53:34.622Z</time>
      </trkpt>
      <trkpt lat="46.4435778837651" lon="12.888367278501391">
        <ele>703.4389623591915</ele>
        <time>2025-04-22T14:53:35.950Z</time>
      </trkpt>
      <trkpt lat="46.44349657930434" lon="12.888694508001208">
        <ele>709.2490231304761</ele>
        <time>2025-04-22T14:53:38.115Z</time>
      </trkpt>
      <trkpt lat="46.44340664148331" lon="12.88871856406331">
        <ele>708.5630670108803</ele>
        <time>2025-04-22T14:53:38.962Z</time>
      </trkpt>
      <trkpt lat="46.443366911262274" lon="12.888802969828248">
        <ele>710.7635205954623</ele>
        <time>2025-04-22T14:53:40.218Z</time>
      </trkpt>
      <trkpt lat="46.44315015524626" lon="12.88877128623426">
        <ele>711.062053527789</ele>
        <time>2025-04-22T14:53:41.872Z</time>
      </trkpt>
      <trkpt lat="46.44296072423458" lon="12.88869702257216">
        <ele>709.1082933213986</ele>
        <time>2025-04-22T14:53:43.075Z</time>
      </trkpt>
      <trkpt lat="46.44265000708401" lon="12.8887830208987">
        <ele>707.3516816367105</ele>
        <time>2025-04-22T14:53:47.351Z</time>
      </trkpt>
      <trkpt lat="46.44237474538386" lon="12.889152243733406">
        <ele>707.3352356906221</ele>
        <time>2025-04-22T14:53:51.042Z</time>
      </trkpt>
      <trkpt lat="46.442355047911406" lon="12.889245869591832">
        <ele>707.8541728201303</ele>
        <time>2025-04-22T14:53:51.763Z</time>
      </trkpt>
      <trkpt lat="46.4421671256423" lon="12.889405880123377">
        <ele>698.0557739937025</ele>
        <time>2025-04-22T14:53:53.890Z</time>
      </trkpt>
      <trkpt lat="46.44199722446501" lon="12.889830591157079">
        <ele>695.7628421754646</ele>
        <time>2025-04-22T14:53:56.588Z</time>
      </trkpt>
      <trkpt lat="46.44188096746802" lon="12.88995087146759">
        <ele>690.0886097710866</ele>
        <time>2025-04-22T14:53:58.220Z</time>
      </trkpt>
      <trkpt lat="46.44171190448105" lon="12.890609605237842">
        <ele>689.0202437624101</ele>
        <time>2025-04-22T14:54:01.656Z</time>
      </trkpt>
      <trkpt lat="46.441432032734156" lon="12.890990562736988">
        <ele>677.1203441742589</ele>
        <time>2025-04-22T14:54:03.676Z</time>
      </trkpt>
      <trkpt lat="46.441349470987916" lon="12.89141041226685">
        <ele>675.7813142742807</ele>
        <time>2025-04-22T14:54:05.854Z</time>
      </trkpt>
      <trkpt lat="46.44135273993015" lon="12.891708556562662">
        <ele>677.2628415200244</ele>
        <time>2025-04-22T14:54:07.144Z</time>
      </trkpt>
      <trkpt lat="46.44122751429677" lon="12.891883989796042">
        <ele>672.3795533419957</ele>
        <time>2025-04-22T14:54:07.643Z</time>
      </trkpt>
      <trkpt lat="46.441183844581246" lon="12.892427472397685">
        <ele>675.7029406791805</ele>
        <time>2025-04-22T14:54:09.061Z</time>
      </trkpt>
      <trkpt lat="46.44122667610645" lon="12.892627213150263">
        <ele>679.0740663689646</ele>
        <time>2025-04-22T14:54:09.729Z</time>
      </trkpt>
      <trkpt lat="46.44116926006973" lon="12.893086289986968">
        <ele>676.6741350911398</ele>
        <time>2025-04-22T14:54:10.778Z</time>
      </trkpt>
      <trkpt lat="46.44121485762298" lon="12.893295837566257">
        <ele>679.7320832346682</ele>
        <time>2025-04-22T14:54:11.575Z</time>
      </trkpt>
      <trkpt lat="46.44117001444101" lon="12.893766229972243">
        <ele>680.4511998800886</ele>
        <time>2025-04-22T14:54:12.136Z</time>
      </trkpt>
      <trkpt lat="46.44096348434687" lon="12.894428316503763">
        <ele>679.5303105017578</ele>
        <time>2025-04-22T14:54:13.141Z</time>
      </trkpt>
      <trkpt lat="46.44096474163234" lon="12.89477214217186">
        <ele>683.4125741697592</ele>
        <time>2025-04-22T14:54:13.438Z</time>
      </trkpt>
      <trkpt lat="46.44083700142801" lon="12.89512543939054">
        <ele>681.0407828103712</ele>
        <time>2025-04-22T14:54:13.985Z</time>
      </trkpt>
      <trkpt lat="46.440930124372244" lon="12.895383099094033">
        <ele>687.8842643840755</ele>
        <time>2025-04-22T14:54:14.357Z</time>
      </trkpt>
      <trkpt lat="46.44083758816123" lon="12.895585941150784">
        <ele>686.7951201065495</ele>
        <time>2025-04-22T14:54:14.586Z</time>
      </trkpt>
      <trkpt lat="46.440762570127845" lon="12.896261354908347">
        <ele>691.1493559327747</ele>
        <time>2025-04-22T14:54:15.392Z</time>
      </trkpt>
      <trkpt lat="46.440632147714496" lon="12.896693106740713">
        <ele>691.3767724524353</ele>
        <time>2025-04-22T14:54:15.712Z</time>
      </trkpt>
      <trkpt lat="46.44066860899329" lon="12.896883292123675">
        <ele>693.773253930744</ele>
        <time>2025-04-22T14:54:15.847Z</time>
      </trkpt>
      <trkpt lat="46.440641451627016" lon="12.897093845531344">
        <ele>694.3747476164783</ele>
        <time>2025-04-22T14:54:15.910Z</time>
      </trkpt>
      <trkpt lat="46.440548915416" lon="12.897438425570726">
        <ele>694.8051813141499</ele>
        <time>2025-04-22T14:54:16.059Z</time>
      </trkpt>
      <trkpt lat="46.440062" lon="12.898475">
        <ele>691.939286941958</ele>
        <time>2025-04-22T14:55:36.811Z</time>
      </trkpt>
      <trkpt lat="46.44011" lon="12.898414">
        <ele>692.2939941290992</ele>
        <time>2025-04-22T14:55:42.771Z</time>
      </trkpt>
      <trkpt lat="46.440242" lon="12.898201">
        <ele>693.6549996220887</ele>
        <time>2025-04-22T14:56:01.210Z</time>
      </trkpt>
      <trkpt lat="46.440307" lon="12.898077">
        <ele>694.6025810084315</ele>
        <time>2025-04-22T14:56:11.238Z</time>
      </trkpt>
      <trkpt lat="46.440395" lon="12.897848">
        <ele>695.0213219694376</ele>
        <time>2025-04-22T14:56:28.115Z</time>
      </trkpt>
      <trkpt lat="46.440422" lon="12.897822">
        <ele>695.640870991134</ele>
        <time>2025-04-22T14:56:31.141Z</time>
      </trkpt>
      <trkpt lat="46.440453" lon="12.897843">
        <ele>696.9524325475278</ele>
        <time>2025-04-22T14:56:34.336Z</time>
      </trkpt>
      <trkpt lat="46.440458" lon="12.897858">
        <ele>697.2962875077345</ele>
        <time>2025-04-22T14:56:35.408Z</time>
      </trkpt>
      <trkpt lat="46.44047" lon="12.897902">
        <ele>698.3116281249763</ele>
        <time>2025-04-22T14:56:38.454Z</time>
      </trkpt>
      <trkpt lat="46.440466" lon="12.898">
        <ele>699.413159253814</ele>
        <time>2025-04-22T14:56:44.773Z</time>
      </trkpt>
      <trkpt lat="46.440417" lon="12.89831">
        <ele>701.9849167482416</ele>
        <time>2025-04-22T14:57:05.246Z</time>
      </trkpt>
      <trkpt lat="46.440389" lon="12.89857">
        <ele>704.5021990490155</ele>
        <time>2025-04-22T14:57:22.185Z</time>
      </trkpt>
      <trkpt lat="46.440301" lon="12.898972">
        <ele>706.3818605116683</ele>
        <time>2025-04-22T14:57:49.336Z</time>
      </trkpt>
      <trkpt lat="46.440302" lon="12.899056">
        <ele>707.4803620020934</ele>
        <time>2025-04-22T14:57:54.743Z</time>
      </trkpt>
      <trkpt lat="46.440332" lon="12.899092">
        <ele>709.3256144313223</ele>
        <time>2025-04-22T14:57:58.379Z</time>
      </trkpt>
      <trkpt lat="46.440386" lon="12.899048">
        <ele>711.3757854139694</ele>
        <time>2025-04-22T14:58:04.163Z</time>
      </trkpt>
      <trkpt lat="46.440426" lon="12.898959">
        <ele>711.6243146104198</ele>
        <time>2025-04-22T14:58:11.002Z</time>
      </trkpt>
      <trkpt lat="46.44054" lon="12.898616">
        <ele>711.8306747910066</ele>
        <time>2025-04-22T14:58:35.514Z</time>
      </trkpt>
      <trkpt lat="46.440659" lon="12.898293">
        <ele>713.1008114586709</ele>
        <time>2025-04-22T14:58:59.090Z</time>
      </trkpt>
      <trkpt lat="46.440774" lon="12.898103">
        <ele>716.6350974010178</ele>
        <time>2025-04-22T14:59:15.368Z</time>
      </trkpt>
      <trkpt lat="46.440965" lon="12.897693">
        <ele>723.5425400600764</ele>
        <time>2025-04-22T14:59:47.224Z</time>
      </trkpt>
      <trkpt lat="46.441171" lon="12.897239">
        <ele>731.5021745274915</ele>
        <time>2025-04-22T15:00:22.214Z</time>
      </trkpt>
      <trkpt lat="46.441331" lon="12.896916">
        <ele>734.6593456427581</ele>
        <time>2025-04-22T15:00:47.819Z</time>
      </trkpt>
      <trkpt lat="46.441491" lon="12.896593">
        <ele>740.6203742107181</ele>
        <time>2025-04-22T15:01:13.424Z</time>
      </trkpt>
      <trkpt lat="46.441578" lon="12.8963">
        <ele>744.3238199510444</ele>
        <time>2025-04-22T15:01:33.960Z</time>
      </trkpt>
      <trkpt lat="46.441693" lon="12.895937">
        <ele>750.1790178271627</ele>
        <time>2025-04-22T15:01:59.677Z</time>
      </trkpt>
      <trkpt lat="46.441737" lon="12.895632">
        <ele>752.1666207127437</ele>
        <time>2025-04-22T15:02:19.735Z</time>
      </trkpt>
      <trkpt lat="46.441816" lon="12.895171">
        <ele>753.9759338564565</ele>
        <time>2025-04-22T15:02:50.312Z</time>
      </trkpt>
      <trkpt lat="46.441902" lon="12.894844">
        <ele>757.9172208875898</ele>
        <time>2025-04-22T15:03:12.841Z</time>
      </trkpt>
      <trkpt lat="46.442073" lon="12.89419">
        <ele>761.2070340876455</ele>
        <time>2025-04-22T15:03:57.866Z</time>
      </trkpt>
      <trkpt lat="46.44223" lon="12.893853">
        <ele>764.8929302502218</ele>
        <time>2025-04-22T15:04:24.050Z</time>
      </trkpt>
      <trkpt lat="46.442453" lon="12.893703">
        <ele>772.8574993998977</ele>
        <time>2025-04-22T15:04:47.009Z</time>
      </trkpt>
      <trkpt lat="46.442572" lon="12.893554">
        <ele>776.1753774723361</ele>
        <time>2025-04-22T15:05:01.690Z</time>
      </trkpt>
      <trkpt lat="46.442713" lon="12.893214">
        <ele>777.4478553483049</ele>
        <time>2025-04-22T15:05:27.232Z</time>
      </trkpt>
      <trkpt lat="46.442782" lon="12.893009">
        <ele>776.8736339344708</ele>
        <time>2025-04-22T15:05:41.917Z</time>
      </trkpt>
      <trkpt lat="46.442865" lon="12.892972">
        <ele>780.257271419071</ele>
        <time>2025-04-22T15:05:50.027Z</time>
      </trkpt>
      <trkpt lat="46.442909" lon="12.893035">
        <ele>783.4070124316711</ele>
        <time>2025-04-22T15:05:55.800Z</time>
      </trkpt>
      <trkpt lat="46.443268" lon="12.892439">
        <ele>794.6657191276329</ele>
        <time>2025-04-22T15:06:46.753Z</time>
      </trkpt>
      <trkpt lat="46.443627" lon="12.891842">
        <ele>804.7992167353725</ele>
        <time>2025-04-22T15:07:37.755Z</time>
      </trkpt>
      <trkpt lat="46.443871" lon="12.891911">
        <ele>816.972923191131</ele>
        <time>2025-04-22T15:08:00.976Z</time>
      </trkpt>
      <trkpt lat="46.444115" lon="12.891979">
        <ele>824.5235386672653</ele>
        <time>2025-04-22T15:08:24.184Z</time>
      </trkpt>
      <trkpt lat="46.444495" lon="12.891972">
        <ele>831.9328394171389</ele>
        <time>2025-04-22T15:08:59.683Z</time>
      </trkpt>
      <trkpt lat="46.44483" lon="12.89236">
        <ele>844.0538742005704</ele>
        <time>2025-04-22T15:09:39.719Z</time>
      </trkpt>
      <trkpt lat="46.444998" lon="12.892554">
        <ele>853.1244678112589</ele>
        <time>2025-04-22T15:09:59.773Z</time>
      </trkpt>
      <trkpt lat="46.444782" lon="12.893087">
        <ele>862.9209235348358</ele>
        <time>2025-04-22T15:10:39.573Z</time>
      </trkpt>
      <trkpt lat="46.444553" lon="12.893657">
        <ele>875.757533583318</ele>
        <time>2025-04-22T15:11:22.041Z</time>
      </trkpt>
      <trkpt lat="46.444404" lon="12.894024">
        <ele>880.9119325095264</ele>
        <time>2025-04-22T15:11:49.458Z</time>
      </trkpt>
      <trkpt lat="46.444528" lon="12.894091">
        <ele>885.0612557748672</ele>
        <time>2025-04-22T15:12:01.817Z</time>
      </trkpt>
      <trkpt lat="46.444681" lon="12.893981">
        <ele>885.3354391256001</ele>
        <time>2025-04-22T15:12:17.766Z</time>
      </trkpt>
      <trkpt lat="46.444865" lon="12.894027">
        <ele>890.2328635073003</ele>
        <time>2025-04-22T15:12:35.206Z</time>
      </trkpt>
      <trkpt lat="46.444976" lon="12.893863">
        <ele>888.6971223612919</ele>
        <time>2025-04-22T15:12:50.002Z</time>
      </trkpt>
      <trkpt lat="46.445019" lon="12.894007">
        <ele>893.3282571975615</ele>
        <time>2025-04-22T15:13:00.103Z</time>
      </trkpt>
      <trkpt lat="46.445128" lon="12.894039">
        <ele>897.3102504625351</ele>
        <time>2025-04-22T15:13:10.491Z</time>
      </trkpt>
      <trkpt lat="46.445356" lon="12.893893">
        <ele>901.4967408817092</ele>
        <time>2025-04-22T15:13:33.769Z</time>
      </trkpt>
      <trkpt lat="46.445529" lon="12.893766">
        <ele>905.0902424657274</ele>
        <time>2025-04-22T15:13:51.878Z</time>
      </trkpt>
      <trkpt lat="46.445712" lon="12.893693">
        <ele>909.0177753230683</ele>
        <time>2025-04-22T15:14:09.606Z</time>
      </trkpt>
      <trkpt lat="46.445842" lon="12.893681">
        <ele>911.6888991400051</ele>
        <time>2025-04-22T15:14:21.773Z</time>
      </trkpt>
      <trkpt lat="46.446108" lon="12.893914">
        <ele>919.3548719234774</ele>
        <time>2025-04-22T15:14:50.795Z</time>
      </trkpt>
      <trkpt lat="46.446364" lon="12.894072">
        <ele>926.8008982364278</ele>
        <time>2025-04-22T15:15:16.780Z</time>
      </trkpt>
      <trkpt lat="46.446513" lon="12.894211">
        <ele>930.3342190960152</ele>
        <time>2025-04-22T15:15:33.325Z</time>
      </trkpt>
      <trkpt lat="46.446718" lon="12.894379">
        <ele>934.8357896741697</ele>
        <time>2025-04-22T15:15:55.316Z</time>
      </trkpt>
      <trkpt lat="46.446807" lon="12.894834">
        <ele>949.7379442790138</ele>
        <time>2025-04-22T15:16:25.758Z</time>
      </trkpt>
      <trkpt lat="46.447108" lon="12.895154">
        <ele>957.6140888506513</ele>
        <time>2025-04-22T15:17:00.611Z</time>
      </trkpt>
      <trkpt lat="46.44731" lon="12.895417">
        <ele>965.2053140326165</ele>
        <time>2025-04-22T15:17:25.960Z</time>
      </trkpt>
      <trkpt lat="46.44749" lon="12.895653">
        <ele>968.2760408494667</ele>
        <time>2025-04-22T15:17:48.619Z</time>
      </trkpt>
      <trkpt lat="46.447511" lon="12.89568">
        <ele>968.1440532725983</ele>
        <time>2025-04-22T15:17:51.239Z</time>
      </trkpt>
      <trkpt lat="46.447692" lon="12.897363">
        <ele>991.7154297480428</ele>
        <time>2025-04-22T15:19:40.871Z</time>
      </trkpt>
      <trkpt lat="46.447823" lon="12.897752">
        <ele>995.6785981602372</ele>
        <time>2025-04-22T15:20:08.738Z</time>
      </trkpt>
      <trkpt lat="46.447832" lon="12.898034">
        <ele>1003.8187185600779</ele>
        <time>2025-04-22T15:20:26.907Z</time>
      </trkpt>
      <trkpt lat="46.448112" lon="12.898892">
        <ele>1013.4593410859635</ele>
        <time>2025-04-22T15:21:28.009Z</time>
      </trkpt>
      <trkpt lat="46.448325" lon="12.899457">
        <ele>1020.3017042096734</ele>
        <time>2025-04-22T15:22:09.460Z</time>
      </trkpt>
      <trkpt lat="46.448388" lon="12.899986">
        <ele>1035.3644487599097</ele>
        <time>2025-04-22T15:22:44.011Z</time>
      </trkpt>
      <trkpt lat="46.448494" lon="12.900397">
        <ele>1043.3049810877546</ele>
        <time>2025-04-22T15:23:12.255Z</time>
      </trkpt>
      <trkpt lat="46.448601" lon="12.900807">
        <ele>1041.6565227273059</ele>
        <time>2025-04-22T15:23:40.472Z</time>
      </trkpt>
      <trkpt lat="46.448589" lon="12.900859">
        <ele>1042.231702537455</ele>
        <time>2025-04-22T15:23:44.001Z</time>
      </trkpt>
      <trkpt lat="46.448558" lon="12.90099">
        <ele>1044.326737743971</ele>
        <time>2025-04-22T15:23:52.915Z</time>
      </trkpt>
      <trkpt lat="46.448497" lon="12.901249">
        <ele>1051.3167569711195</ele>
        <time>2025-04-22T15:24:10.531Z</time>
      </trkpt>
      <trkpt lat="46.448299" lon="12.901618">
        <ele>1061.9635437594561</ele>
        <time>2025-04-22T15:24:40.632Z</time>
      </trkpt>
      <trkpt lat="46.448224" lon="12.90199">
        <ele>1071.7658105944188</ele>
        <time>2025-04-22T15:25:05.578Z</time>
      </trkpt>
      <trkpt lat="46.448079" lon="12.901976">
        <ele>1074.970299392344</ele>
        <time>2025-04-22T15:25:19.152Z</time>
      </trkpt>
      <trkpt lat="46.447694" lon="12.901601">
        <ele>1079.936170932201</ele>
        <time>2025-04-22T15:26:02.463Z</time>
      </trkpt>
      <trkpt lat="46.4474" lon="12.901598">
        <ele>1082.1475116878576</ele>
        <time>2025-04-22T15:26:29.926Z</time>
      </trkpt>
      <trkpt lat="46.447286" lon="12.901789">
        <ele>1085.6872456950646</ele>
        <time>2025-04-22T15:26:46.190Z</time>
      </trkpt>
      <trkpt lat="46.446971" lon="12.90176">
        <ele>1081.6495574169571</ele>
        <time>2025-04-22T15:27:15.673Z</time>
      </trkpt>
      <trkpt lat="46.446662" lon="12.901801">
        <ele>1078.7979962164222</ele>
        <time>2025-04-22T15:27:44.657Z</time>
      </trkpt>
      <trkpt lat="46.446247" lon="12.901964">
        <ele>1069.1744617758359</ele>
        <time>2025-04-22T15:28:24.817Z</time>
      </trkpt>
      <trkpt lat="46.446078" lon="12.902086">
        <ele>1063.4354111443336</ele>
        <time>2025-04-22T15:28:42.448Z</time>
      </trkpt>
      <trkpt lat="46.445941" lon="12.90234">
        <ele>1057.6149760677583</ele>
        <time>2025-04-22T15:29:03.209Z</time>
      </trkpt>
      <trkpt lat="46.445909" lon="12.902628">
        <ele>1055.7505746736529</ele>
        <time>2025-04-22T15:29:21.985Z</time>
      </trkpt>
      <trkpt lat="46.445834" lon="12.902896">
        <ele>1053.6213853987765</ele>
        <time>2025-04-22T15:29:40.602Z</time>
      </trkpt>
      <trkpt lat="46.445615" lon="12.903308">
        <ele>1047.322470420738</ele>
        <time>2025-04-22T15:30:14.093Z</time>
      </trkpt>
      <trkpt lat="46.445424" lon="12.904315">
        <ele>1039.485746531565</ele>
        <time>2025-04-22T15:31:21.318Z</time>
      </trkpt>
      <trkpt lat="46.445361" lon="12.904651">
        <ele>1036.1554766821005</ele>
        <time>2025-04-22T15:31:43.730Z</time>
      </trkpt>
      <trkpt lat="46.44538" lon="12.905025">
        <ele>1038.5414126789865</ele>
        <time>2025-04-22T15:32:07.867Z</time>
      </trkpt>
      <trkpt lat="46.445336" lon="12.905646">
        <ele>1038.3540143818964</ele>
        <time>2025-04-22T15:32:48.048Z</time>
      </trkpt>
      <trkpt lat="46.445303" lon="12.906098">
        <ele>1040.2583480255937</ele>
        <time>2025-04-22T15:33:17.303Z</time>
      </trkpt>
      <trkpt lat="46.44525" lon="12.90646">
        <ele>1043.264112557259</ele>
        <time>2025-04-22T15:33:41.123Z</time>
      </trkpt>
      <trkpt lat="46.445197" lon="12.906822">
        <ele>1051.0119169829673</ele>
        <time>2025-04-22T15:34:04.943Z</time>
      </trkpt>
      <trkpt lat="46.445144" lon="12.907184">
        <ele>1059.7944554565859</ele>
        <time>2025-04-22T15:34:28.763Z</time>
      </trkpt>
      <trkpt lat="46.445091" lon="12.907546">
        <ele>1065.751756842969</ele>
        <time>2025-04-22T15:34:52.583Z</time>
      </trkpt>
      <trkpt lat="46.444955" lon="12.908173">
        <ele>1070.3460041838575</ele>
        <time>2025-04-22T15:35:34.892Z</time>
      </trkpt>
      <trkpt lat="46.444843" lon="12.908858">
        <ele>1081.3121920457281</ele>
        <time>2025-04-22T15:36:20.206Z</time>
      </trkpt>
      <trkpt lat="46.444682" lon="12.909199">
        <ele>1085.3327456760637</ele>
        <time>2025-04-22T15:36:46.812Z</time>
      </trkpt>
      <trkpt lat="46.444477" lon="12.909453">
        <ele>1087.9790619434345</ele>
        <time>2025-04-22T15:37:11.990Z</time>
      </trkpt>
      <trkpt lat="46.444054" lon="12.909802">
        <ele>1089.271203930282</ele>
        <time>2025-04-22T15:37:57.442Z</time>
      </trkpt>
      <trkpt lat="46.443843" lon="12.909976">
        <ele>1091.5994993667264</ele>
        <time>2025-04-22T15:38:20.111Z</time>
      </trkpt>
      <trkpt lat="46.443823" lon="12.910055">
        <ele>1093.283043935673</ele>
        <time>2025-04-22T15:38:25.528Z</time>
      </trkpt>
      <trkpt lat="46.44379" lon="12.910189">
        <ele>1095.8870927582652</ele>
        <time>2025-04-22T16:28:11.017Z</time>
      </trkpt>
      <trkpt lat="46.443816" lon="12.910538">
        <ele>1103.1008818230312</ele>
        <time>2025-04-22T16:28:34.713Z</time>
      </trkpt>
      <trkpt lat="46.444278" lon="12.910443">
        <ele>1110.9821335930328</ele>
        <time>2025-04-22T16:29:20.424Z</time>
      </trkpt>
      <trkpt lat="46.444757" lon="12.910382">
        <ele>1122.249761674948</ele>
        <time>2025-04-22T16:29:53.035Z</time>
      </trkpt>
      <trkpt lat="46.444821" lon="12.910437">
        <ele>1124.986682990169</ele>
        <time>2025-04-22T16:29:58.079Z</time>
      </trkpt>
      <trkpt lat="46.444941" lon="12.910542">
        <ele>1129.5619469836668</ele>
        <time>2025-04-22T16:30:07.582Z</time>
      </trkpt>
      <trkpt lat="46.444826" lon="12.911194">
        <ele>1137.0933915799199</ele>
        <time>2025-04-22T16:30:39.034Z</time>
      </trkpt>
      <trkpt lat="46.444433" lon="12.912188">
        <ele>1163.9229465817318</ele>
        <time>2025-04-22T16:31:32.590Z</time>
      </trkpt>
      <trkpt lat="46.44437" lon="12.912695">
        <ele>1177.013908350871</ele>
        <time>2025-04-22T16:31:56.666Z</time>
      </trkpt>
      <trkpt lat="46.444374" lon="12.912928">
        <ele>1181.5211404349445</ele>
        <time>2025-04-22T16:32:07.558Z</time>
      </trkpt>
      <trkpt lat="46.444351" lon="12.91354">
        <ele>1189.899709945777</ele>
        <time>2025-04-22T16:32:36.201Z</time>
      </trkpt>
      <trkpt lat="46.444337" lon="12.913947">
        <ele>1196.6308943799759</ele>
        <time>2025-04-22T16:32:55.245Z</time>
      </trkpt>
      <trkpt lat="46.444377" lon="12.914983">
        <ele>1201.8382907748012</ele>
        <time>2025-04-22T16:33:43.764Z</time>
      </trkpt>
      <trkpt lat="46.444506" lon="12.915145">
        <ele>1202.7024759461221</ele>
        <time>2025-04-22T16:33:55.340Z</time>
      </trkpt>
      <trkpt lat="46.4444833" lon="12.915215">
        <ele>1203.5567242874345</ele>
        <time>2025-04-22T16:33:58.957Z</time>
      </trkpt>
      <trkpt lat="46.444445" lon="12.915255">
        <ele>1204.237100093462</ele>
        <time>2025-04-22T16:34:02.957Z</time>
      </trkpt>
      <trkpt lat="46.4443567" lon="12.9154383">
        <ele>1207.4089576524211</ele>
        <time>2025-04-22T16:34:13.957Z</time>
      </trkpt>
      <trkpt lat="46.44432" lon="12.91548">
        <ele>1208.1701924794609</ele>
        <time>2025-04-22T16:34:16.956Z</time>
      </trkpt>
      <trkpt lat="46.444265" lon="12.91565">
        <ele>1210.2706201881551</ele>
        <time>2025-04-22T16:34:26.957Z</time>
      </trkpt>
      <trkpt lat="46.44422" lon="12.9157167">
        <ele>1211.038294449416</ele>
        <time>2025-04-22T16:34:31.957Z</time>
      </trkpt>
      <trkpt lat="46.4441633" lon="12.9158783">
        <ele>1212.6413232063255</ele>
        <time>2025-04-22T16:34:41.957Z</time>
      </trkpt>
      <trkpt lat="46.4441267" lon="12.915915">
        <ele>1213.0990662304444</ele>
        <time>2025-04-22T16:34:44.957Z</time>
      </trkpt>
      <trkpt lat="46.44405" lon="12.9160767">
        <ele>1214.8212703930203</ele>
        <time>2025-04-22T16:34:58.957Z</time>
      </trkpt>
      <trkpt lat="46.44409" lon="12.91618">
        <ele>1214.9686262945952</ele>
        <time>2025-04-22T16:35:05.957Z</time>
      </trkpt>
      <trkpt lat="46.44407" lon="12.9162867">
        <ele>1215.5292142191295</ele>
        <time>2025-04-22T16:35:13.956Z</time>
      </trkpt>
      <trkpt lat="46.44408" lon="12.9163817">
        <ele>1215.3324433904645</ele>
        <time>2025-04-22T16:35:19.957Z</time>
      </trkpt>
      <trkpt lat="46.44407" lon="12.91646">
        <ele>1215.381932234497</ele>
        <time>2025-04-22T16:35:22.956Z</time>
      </trkpt>
      <trkpt lat="46.4440933" lon="12.9165117">
        <ele>1214.5489454997828</ele>
        <time>2025-04-22T16:35:25.957Z</time>
      </trkpt>
      <trkpt lat="46.444095" lon="12.9165583">
        <ele>1214.0240131516996</ele>
        <time>2025-04-22T16:35:28.956Z</time>
      </trkpt>
      <trkpt lat="46.4438917" lon="12.916625">
        <ele>1219.7479124269157</ele>
        <time>2025-04-22T16:35:45.957Z</time>
      </trkpt>
      <trkpt lat="46.4437617" lon="12.9167633">
        <ele>1223.007544673868</ele>
        <time>2025-04-22T16:35:57.957Z</time>
      </trkpt>
      <trkpt lat="46.443625" lon="12.9168667">
        <ele>1225.4626353846672</ele>
        <time>2025-04-22T16:36:08.956Z</time>
      </trkpt>
      <trkpt lat="46.4435617" lon="12.9169467">
        <ele>1226.139756907306</ele>
        <time>2025-04-22T16:36:13.957Z</time>
      </trkpt>
      <trkpt lat="46.44343" lon="12.9170317">
        <ele>1227.5388435782584</ele>
        <time>2025-04-22T16:36:20.957Z</time>
      </trkpt>
      <trkpt lat="46.4432733" lon="12.9170883">
        <ele>1229.4875280753547</ele>
        <time>2025-04-22T16:36:33.957Z</time>
      </trkpt>
      <trkpt lat="46.4432267" lon="12.9170633">
        <ele>1230.5877613239943</ele>
        <time>2025-04-22T16:36:37.957Z</time>
      </trkpt>
      <trkpt lat="46.44319" lon="12.9170917">
        <ele>1231.1268145846816</ele>
        <time>2025-04-22T16:36:42.957Z</time>
      </trkpt>
      <trkpt lat="46.44314" lon="12.9171733">
        <ele>1231.7267571153197</ele>
        <time>2025-04-22T16:36:52.957Z</time>
      </trkpt>
      <trkpt lat="46.44309" lon="12.91716">
        <ele>1233.1330405287497</ele>
        <time>2025-04-22T16:37:00.956Z</time>
      </trkpt>
      <trkpt lat="46.4430533" lon="12.9172183">
        <ele>1233.5566286771323</ele>
        <time>2025-04-22T16:37:15.957Z</time>
      </trkpt>
      <trkpt lat="46.442995" lon="12.9172133">
        <ele>1235.4408188812008</ele>
        <time>2025-04-22T16:37:24.957Z</time>
      </trkpt>
      <trkpt lat="46.4429283" lon="12.91726">
        <ele>1237.2037051133257</ele>
        <time>2025-04-22T16:37:39.957Z</time>
      </trkpt>
      <trkpt lat="46.4428567" lon="12.917265">
        <ele>1239.8208712929154</ele>
        <time>2025-04-22T16:37:48.956Z</time>
      </trkpt>
      <trkpt lat="46.4428217" lon="12.9173333">
        <ele>1240.7468952051827</ele>
        <time>2025-04-22T16:37:57.956Z</time>
      </trkpt>
      <trkpt lat="46.44275" lon="12.9173933">
        <ele>1242.931833799061</ele>
        <time>2025-04-22T16:38:05.957Z</time>
      </trkpt>
      <trkpt lat="46.44272" lon="12.9173817">
        <ele>1244.2442182324294</ele>
        <time>2025-04-22T16:38:07.957Z</time>
      </trkpt>
      <trkpt lat="46.4426767" lon="12.9174033">
        <ele>1245.7574253778434</ele>
        <time>2025-04-22T16:38:10.956Z</time>
      </trkpt>
      <trkpt lat="46.44266" lon="12.9174717">
        <ele>1245.6275665408998</ele>
        <time>2025-04-22T16:38:21.956Z</time>
      </trkpt>
      <trkpt lat="46.4425367" lon="12.9175633">
        <ele>1248.5736258141242</ele>
        <time>2025-04-22T16:38:36.956Z</time>
      </trkpt>
      <trkpt lat="46.4425133" lon="12.917575">
        <ele>1249.0551677262322</ele>
        <time>2025-04-22T16:38:38.957Z</time>
      </trkpt>
      <trkpt lat="46.4424467" lon="12.9175233">
        <ele>1251.814784026254</ele>
        <time>2025-04-22T16:38:47.957Z</time>
      </trkpt>
      <trkpt lat="46.442375" lon="12.91754">
        <ele>1251.867306705339</ele>
        <time>2025-04-22T16:38:56.957Z</time>
      </trkpt>
      <trkpt lat="46.44236" lon="12.91752">
        <ele>1252.4070005826316</ele>
        <time>2025-04-22T16:38:59.957Z</time>
      </trkpt>
      <trkpt lat="46.4423317" lon="12.9175517">
        <ele>1250.5447205642274</ele>
        <time>2025-04-22T16:39:04.957Z</time>
      </trkpt>
      <trkpt lat="46.442330599010205" lon="12.917549701706434">
        <ele>1250.5164877256416</ele>
        <time>2025-04-22T16:39:05.076Z</time>
      </trkpt>
      <trkpt lat="46.44228996092494" lon="12.917554180745668">
        <ele>1248.0329206920383</ele>
        <time>2025-04-22T16:39:07.613Z</time>
      </trkpt>
      <trkpt lat="46.442238046505224" lon="12.917582044635452">
        <ele>1244.85603155326</ele>
        <time>2025-04-22T16:39:11.059Z</time>
      </trkpt>
      <trkpt lat="46.4422" lon="12.917635">
        <ele>1241.0113152252766</ele>
        <time>2025-04-22T16:39:14.341Z</time>
      </trkpt>
      <trkpt lat="46.4422017" lon="12.9177783">
        <ele>1240.8580890800174</ele>
        <time>2025-04-22T16:39:20.506Z</time>
      </trkpt>
      <trkpt lat="46.44217" lon="12.9179967">
        <ele>1237.2912604579533</ele>
        <time>2025-04-22T16:39:28.507Z</time>
      </trkpt>
      <trkpt lat="46.442075" lon="12.918205">
        <ele>1229.3749957213809</ele>
        <time>2025-04-22T16:39:39.507Z</time>
      </trkpt>
      <trkpt lat="46.44208" lon="12.918355">
        <ele>1229.8972819082378</ele>
        <time>2025-04-22T16:39:47.507Z</time>
      </trkpt>
      <trkpt lat="46.4421033" lon="12.9184367">
        <ele>1232.0463884000771</ele>
        <time>2025-04-22T16:39:50.506Z</time>
      </trkpt>
      <trkpt lat="46.4421017" lon="12.918535">
        <ele>1232.4549364924117</ele>
        <time>2025-04-22T16:39:53.507Z</time>
      </trkpt>
      <trkpt lat="46.44204" lon="12.9187967">
        <ele>1229.4377776573274</ele>
        <time>2025-04-22T16:40:02.507Z</time>
      </trkpt>
      <trkpt lat="46.44204" lon="12.9189933">
        <ele>1228.452702542341</ele>
        <time>2025-04-22T16:40:10.506Z</time>
      </trkpt>
      <trkpt lat="46.4420583" lon="12.9190917">
        <ele>1228.9062491835668</ele>
        <time>2025-04-22T16:40:15.507Z</time>
      </trkpt>
      <trkpt lat="46.4419967" lon="12.9192783">
        <ele>1227.039909906246</ele>
        <time>2025-04-22T16:40:23.506Z</time>
      </trkpt>
      <trkpt lat="46.441965" lon="12.9195">
        <ele>1227.855218214415</ele>
        <time>2025-04-22T16:40:33.506Z</time>
      </trkpt>
      <trkpt lat="46.44194" lon="12.91957">
        <ele>1227.5272043949485</ele>
        <time>2025-04-22T16:40:37.507Z</time>
      </trkpt>
      <trkpt lat="46.441955" lon="12.9199067">
        <ele>1227.9014577392818</ele>
        <time>2025-04-22T16:40:53.507Z</time>
      </trkpt>
      <trkpt lat="46.44195" lon="12.9199917">
        <ele>1224.8014360366979</ele>
        <time>2025-04-22T16:40:56.507Z</time>
      </trkpt>
      <trkpt lat="46.4419217" lon="12.9201">
        <ele>1222.7595645847582</ele>
        <time>2025-04-22T16:41:01.507Z</time>
      </trkpt>
      <trkpt lat="46.441915" lon="12.9203">
        <ele>1220.2057610646134</ele>
        <time>2025-04-22T16:41:09.507Z</time>
      </trkpt>
      <trkpt lat="46.4418133" lon="12.9204933">
        <ele>1215.4238844927172</ele>
        <time>2025-04-22T16:41:20.507Z</time>
      </trkpt>
      <trkpt lat="46.4417867" lon="12.92057">
        <ele>1213.5839651730682</ele>
        <time>2025-04-22T16:41:23.506Z</time>
      </trkpt>
      <trkpt lat="46.4417967" lon="12.9206783">
        <ele>1212.624262083109</ele>
        <time>2025-04-22T16:41:29.506Z</time>
      </trkpt>
      <trkpt lat="46.4417367" lon="12.920915">
        <ele>1208.4887165563043</ele>
        <time>2025-04-22T16:41:38.507Z</time>
      </trkpt>
      <trkpt lat="46.4416867" lon="12.9212433">
        <ele>1205.0542396307455</ele>
        <time>2025-04-22T16:41:52.507Z</time>
      </trkpt>
      <trkpt lat="46.4416133" lon="12.9214467">
        <ele>1202.373861806274</ele>
        <time>2025-04-22T16:41:58.507Z</time>
      </trkpt>
      <trkpt lat="46.4415367" lon="12.921565">
        <ele>1198.9896634499137</ele>
        <time>2025-04-22T16:42:04.506Z</time>
      </trkpt>
      <trkpt lat="46.4415217" lon="12.9216383">
        <ele>1197.4341215976103</ele>
        <time>2025-04-22T16:42:07.507Z</time>
      </trkpt>
      <trkpt lat="46.4414183" lon="12.9219">
        <ele>1185.0113917228716</ele>
        <time>2025-04-22T16:43:31.799Z</time>
      </trkpt>
      <trkpt lat="46.44154" lon="12.9221">
        <ele>1188.8617259794137</ele>
        <time>2025-04-22T16:43:44.798Z</time>
      </trkpt>
      <trkpt lat="46.4415717" lon="12.922305">
        <ele>1184.7352442198448</ele>
        <time>2025-04-22T16:43:55.798Z</time>
      </trkpt>
      <trkpt lat="46.4415983" lon="12.9223633">
        <ele>1183.2671523406163</ele>
        <time>2025-04-22T16:43:59.798Z</time>
      </trkpt>
      <trkpt lat="46.4415933" lon="12.92247">
        <ele>1181.123185450274</ele>
        <time>2025-04-22T16:44:04.799Z</time>
      </trkpt>
      <trkpt lat="46.4415517" lon="12.922555">
        <ele>1180.3113112325352</ele>
        <time>2025-04-22T16:44:09.798Z</time>
      </trkpt>
      <trkpt lat="46.441555" lon="12.92265">
        <ele>1178.5893210782974</ele>
        <time>2025-04-22T16:44:13.798Z</time>
      </trkpt>
      <trkpt lat="46.4415367" lon="12.9227717">
        <ele>1176.9433414299347</ele>
        <time>2025-04-22T16:44:20.798Z</time>
      </trkpt>
      <trkpt lat="46.4414817" lon="12.9228917">
        <ele>1175.3550760821258</ele>
        <time>2025-04-22T16:44:25.798Z</time>
      </trkpt>
      <trkpt lat="46.4414317" lon="12.9229533">
        <ele>1174.7943655213771</ele>
        <time>2025-04-22T16:44:29.798Z</time>
      </trkpt>
      <trkpt lat="46.4414033" lon="12.9230317">
        <ele>1173.984427335022</ele>
        <time>2025-04-22T16:44:33.798Z</time>
      </trkpt>
      <trkpt lat="46.4414033" lon="12.923155">
        <ele>1171.8986076169592</ele>
        <time>2025-04-22T16:44:37.798Z</time>
      </trkpt>
      <trkpt lat="46.4413633" lon="12.9232617">
        <ele>1168.9740833842586</ele>
        <time>2025-04-22T16:44:42.798Z</time>
      </trkpt>
      <trkpt lat="46.4413267" lon="12.9234733">
        <ele>1164.8062956589042</ele>
        <time>2025-04-22T16:44:51.799Z</time>
      </trkpt>
      <trkpt lat="46.441235" lon="12.9236733">
        <ele>1158.8039243710766</ele>
        <time>2025-04-22T16:44:59.798Z</time>
      </trkpt>
      <trkpt lat="46.4411117" lon="12.923885">
        <ele>1151.856837404816</ele>
        <time>2025-04-22T16:45:08.798Z</time>
      </trkpt>
      <trkpt lat="46.441075" lon="12.9240083">
        <ele>1150.3764376279732</ele>
        <time>2025-04-22T16:45:13.798Z</time>
      </trkpt>
      <trkpt lat="46.441015" lon="12.92409">
        <ele>1149.988662422325</ele>
        <time>2025-04-22T16:45:17.798Z</time>
      </trkpt>
      <trkpt lat="46.4410083" lon="12.9241733">
        <ele>1149.9846920640887</ele>
        <time>2025-04-22T16:45:20.798Z</time>
      </trkpt>
      <trkpt lat="46.4409133" lon="12.92439">
        <ele>1152.1548127046342</ele>
        <time>2025-04-22T16:45:31.799Z</time>
      </trkpt>
      <trkpt lat="46.440895" lon="12.92453">
        <ele>1153.085724342604</ele>
        <time>2025-04-22T16:45:37.798Z</time>
      </trkpt>
      <trkpt lat="46.44083" lon="12.92465">
        <ele>1155.1486399720493</ele>
        <time>2025-04-22T16:45:43.798Z</time>
      </trkpt>
      <trkpt lat="46.4408267" lon="12.924715">
        <ele>1155.665390875159</ele>
        <time>2025-04-22T16:45:46.798Z</time>
      </trkpt>
      <trkpt lat="46.4407133" lon="12.9248817">
        <ele>1157.2030585182538</ele>
        <time>2025-04-22T16:46:00.798Z</time>
      </trkpt>
      <trkpt lat="46.44071" lon="12.924905">
        <ele>1157.6308805135432</ele>
        <time>2025-04-22T16:46:03.798Z</time>
      </trkpt>
      <trkpt lat="46.4406583" lon="12.92491">
        <ele>1155.2110309123814</ele>
        <time>2025-04-22T16:46:10.798Z</time>
      </trkpt>
      <trkpt lat="46.44066" lon="12.9249767">
        <ele>1156.5620632013058</ele>
        <time>2025-04-22T16:46:16.798Z</time>
      </trkpt>
      <trkpt lat="46.4406367" lon="12.92503">
        <ele>1156.2872427708194</ele>
        <time>2025-04-22T16:46:21.798Z</time>
      </trkpt>
      <trkpt lat="46.4406367" lon="12.9251033">
        <ele>1157.820431108327</ele>
        <time>2025-04-22T16:46:27.798Z</time>
      </trkpt>
      <trkpt lat="46.4405933" lon="12.92531">
        <ele>1160.7001109563582</ele>
        <time>2025-04-22T16:46:38.799Z</time>
      </trkpt>
      <trkpt lat="46.4405967" lon="12.9253933">
        <ele>1162.0408986920993</ele>
        <time>2025-04-22T16:46:43.798Z</time>
      </trkpt>
      <trkpt lat="46.44056" lon="12.9254783">
        <ele>1161.3889508994966</ele>
        <time>2025-04-22T16:46:47.798Z</time>
      </trkpt>
      <trkpt lat="46.44056" lon="12.9255767">
        <ele>1161.610100205771</ele>
        <time>2025-04-22T16:46:53.798Z</time>
      </trkpt>
      <trkpt lat="46.4404783" lon="12.9257617">
        <ele>1158.2384911744261</ele>
        <time>2025-04-22T16:47:02.798Z</time>
      </trkpt>
      <trkpt lat="46.4404733" lon="12.9258617">
        <ele>1158.0699921078944</ele>
        <time>2025-04-22T16:47:08.798Z</time>
      </trkpt>
      <trkpt lat="46.4404333" lon="12.925995">
        <ele>1156.0281948790516</ele>
        <time>2025-04-22T16:47:16.798Z</time>
      </trkpt>
      <trkpt lat="46.44044" lon="12.926055">
        <ele>1156.5051840589545</ele>
        <time>2025-04-22T16:47:21.798Z</time>
      </trkpt>
      <trkpt lat="46.440415" lon="12.9262033">
        <ele>1154.587730980835</ele>
        <time>2025-04-22T16:47:27.798Z</time>
      </trkpt>
      <trkpt lat="46.4404267" lon="12.9262833">
        <ele>1155.055737632653</ele>
        <time>2025-04-22T16:47:30.798Z</time>
      </trkpt>
      <trkpt lat="46.4404633" lon="12.9263433">
        <ele>1156.6456561475843</ele>
        <time>2025-04-22T16:47:34.798Z</time>
      </trkpt>
      <trkpt lat="46.4404783" lon="12.926405">
        <ele>1156.065130710098</ele>
        <time>2025-04-22T16:47:37.798Z</time>
      </trkpt>
      <trkpt lat="46.44045" lon="12.9266367">
        <ele>1154.457392523973</ele>
        <time>2025-04-22T16:47:45.798Z</time>
      </trkpt>
      <trkpt lat="46.4403867" lon="12.9267783">
        <ele>1152.6088604199927</ele>
        <time>2025-04-22T16:47:50.799Z</time>
      </trkpt>
      <trkpt lat="46.44038" lon="12.9268633">
        <ele>1151.9820824684268</ele>
        <time>2025-04-22T16:47:54.799Z</time>
      </trkpt>
      <trkpt lat="46.4402483" lon="12.9272583">
        <ele>1144.2959851527403</ele>
        <time>2025-04-22T16:48:11.799Z</time>
      </trkpt>
      <trkpt lat="46.440265" lon="12.9273567">
        <ele>1141.9566307249531</ele>
        <time>2025-04-22T16:48:16.798Z</time>
      </trkpt>
      <trkpt lat="46.4401917" lon="12.9275617">
        <ele>1136.3949580661056</ele>
        <time>2025-04-22T16:48:25.798Z</time>
      </trkpt>
      <trkpt lat="46.4401883" lon="12.9276933">
        <ele>1130.9806879073085</ele>
        <time>2025-04-22T16:48:31.798Z</time>
      </trkpt>
      <trkpt lat="46.4400717" lon="12.9278383">
        <ele>1128.6632851840393</ele>
        <time>2025-04-22T16:48:40.798Z</time>
      </trkpt>
      <trkpt lat="46.4400633" lon="12.9279333">
        <ele>1125.8827645922881</ele>
        <time>2025-04-22T16:48:44.798Z</time>
      </trkpt>
      <trkpt lat="46.4400317" lon="12.9280417">
        <ele>1123.640922314794</ele>
        <time>2025-04-22T16:48:49.799Z</time>
      </trkpt>
      <trkpt lat="46.4400283" lon="12.9280883">
        <ele>1122.5627748556444</ele>
        <time>2025-04-22T16:48:51.798Z</time>
      </trkpt>
      <trkpt lat="46.440038" lon="12.928137">
        <ele>1121.0912266332293</ele>
        <time>2025-04-22T16:48:55.038Z</time>
      </trkpt>
      <trkpt lat="46.440162" lon="12.928071">
        <ele>1119.0923286370162</ele>
        <time>2025-04-22T16:49:07.290Z</time>
      </trkpt>
      <trkpt lat="46.440294" lon="12.92804">
        <ele>1114.747288865513</ele>
        <time>2025-04-22T16:49:19.694Z</time>
      </trkpt>
      <trkpt lat="46.440349" lon="12.928016">
        <ele>1113.0910686116663</ele>
        <time>2025-04-22T16:49:25.021Z</time>
      </trkpt>
      <trkpt lat="46.440427" lon="12.927939">
        <ele>1112.54694116778</ele>
        <time>2025-04-22T16:49:33.772Z</time>
      </trkpt>
      <trkpt lat="46.440391" lon="12.928189">
        <ele>1106.5711344919625</ele>
        <time>2025-04-22T16:49:50.098Z</time>
      </trkpt>
      <trkpt lat="46.440209" lon="12.928583">
        <ele>1104.357764197293</ele>
        <time>2025-04-22T16:50:20.420Z</time>
      </trkpt>
      <trkpt lat="46.440129" lon="12.928836">
        <ele>1102.4128323696</ele>
        <time>2025-04-22T16:50:38.214Z</time>
      </trkpt>
      <trkpt lat="46.44037" lon="12.928801">
        <ele>1090.0640095854615</ele>
        <time>2025-04-22T16:51:00.682Z</time>
      </trkpt>
      <trkpt lat="46.440222" lon="12.929082">
        <ele>1090.711215152194</ele>
        <time>2025-04-22T16:51:23.291Z</time>
      </trkpt>
      <trkpt lat="46.440043" lon="12.929567">
        <ele>1086.0430163646495</ele>
        <time>2025-04-22T16:51:58.462Z</time>
      </trkpt>
      <trkpt lat="46.44022" lon="12.929482">
        <ele>1079.01772812461</ele>
        <time>2025-04-22T16:52:15.757Z</time>
      </trkpt>
      <trkpt lat="46.44037" lon="12.929308">
        <ele>1076.3168425581628</ele>
        <time>2025-04-22T16:52:33.571Z</time>
      </trkpt>
      <trkpt lat="46.440573" lon="12.92935">
        <ele>1066.3796302010464</ele>
        <time>2025-04-22T16:52:52.593Z</time>
      </trkpt>
      <trkpt lat="46.440525" lon="12.929786">
        <ele>1056.4018799103358</ele>
        <time>2025-04-22T16:53:20.818Z</time>
      </trkpt>
      <trkpt lat="46.440413" lon="12.930048">
        <ele>1054.6691361210635</ele>
        <time>2025-04-22T16:53:40.527Z</time>
      </trkpt>
      <trkpt lat="46.44047" lon="12.930407">
        <ele>1046.1720389049897</ele>
        <time>2025-04-22T16:54:04.077Z</time>
      </trkpt>
      <trkpt lat="46.440591" lon="12.93098">
        <ele>1027.4198862459016</ele>
        <time>2025-04-22T16:54:42.387Z</time>
      </trkpt>
      <trkpt lat="46.44051" lon="12.931437">
        <ele>1023.1154914143885</ele>
        <time>2025-04-22T16:55:12.552Z</time>
      </trkpt>
      <trkpt lat="46.440372" lon="12.93192">
        <ele>1013.1054135022302</ele>
        <time>2025-04-22T16:55:45.977Z</time>
      </trkpt>
      <trkpt lat="46.440254" lon="12.932314">
        <ele>1002.4004792095669</ele>
        <time>2025-04-22T16:56:13.439Z</time>
      </trkpt>
      <trkpt lat="46.440136" lon="12.932708">
        <ele>988.0522672671989</ele>
        <time>2025-04-22T16:56:40.901Z</time>
      </trkpt>
      <trkpt lat="46.439456" lon="12.933287">
        <ele>978.5562749270289</ele>
        <time>2025-04-22T16:57:54.045Z</time>
      </trkpt>
      <trkpt lat="46.439312" lon="12.933409">
        <ele>977.3558618042151</ele>
        <time>2025-04-22T16:58:09.514Z</time>
      </trkpt>
      <trkpt lat="46.43909" lon="12.933578">
        <ele>972.8162302138828</ele>
        <time>2025-04-22T16:58:32.771Z</time>
      </trkpt>
      <trkpt lat="46.438868" lon="12.933746">
        <ele>966.4301850183249</ele>
        <time>2025-04-22T16:58:55.999Z</time>
      </trkpt>
      <trkpt lat="46.438626" lon="12.933775">
        <ele>965.1498717411309</ele>
        <time>2025-04-22T16:59:18.526Z</time>
      </trkpt>
      <trkpt lat="46.438091" lon="12.933769">
        <ele>963.8518107109602</ele>
        <time>2025-04-22T17:00:08.161Z</time>
      </trkpt>
      <trkpt lat="46.437869" lon="12.93384">
        <ele>963.2603743333848</ele>
        <time>2025-04-22T17:00:29.251Z</time>
      </trkpt>
      <trkpt lat="46.437425" lon="12.933982">
        <ele>963.4382222899326</ele>
        <time>2025-04-22T17:01:11.431Z</time>
      </trkpt>
      <trkpt lat="46.436899" lon="12.934541">
        <ele>963.4937731108661</ele>
        <time>2025-04-22T17:02:11.918Z</time>
      </trkpt>
      <trkpt lat="46.436712" lon="12.9347">
        <ele>963.7832625388479</ele>
        <time>2025-04-22T17:02:32.025Z</time>
      </trkpt>
      <trkpt lat="46.436504" lon="12.934547">
        <ele>962.6423755313086</ele>
        <time>2025-04-22T17:02:53.659Z</time>
      </trkpt>
      <trkpt lat="46.436425" lon="12.934521">
        <ele>961.6150305265332</ele>
        <time>2025-04-22T17:03:01.174Z</time>
      </trkpt>
      <trkpt lat="46.436393" lon="12.934481">
        <ele>960.7418696412742</ele>
        <time>2025-04-22T17:03:05.092Z</time>
      </trkpt>
      <trkpt lat="46.436352" lon="12.934403">
        <ele>959.1431731915436</ele>
        <time>2025-04-22T17:03:11.364Z</time>
      </trkpt>
      <trkpt lat="46.436307" lon="12.934214">
        <ele>955.2378221735488</ele>
        <time>2025-04-22T17:03:24.148Z</time>
      </trkpt>
      <trkpt lat="46.436286" lon="12.934079">
        <ele>952.6676168708159</ele>
        <time>2025-04-22T17:03:32.996Z</time>
      </trkpt>
      <trkpt lat="46.436288" lon="12.933942">
        <ele>950.9662867171919</ele>
        <time>2025-04-22T17:03:41.757Z</time>
      </trkpt>
      <trkpt lat="46.436313" lon="12.933594">
        <ele>946.8654237433545</ele>
        <time>2025-04-22T17:04:04.127Z</time>
      </trkpt>
      <trkpt lat="46.436311" lon="12.933246">
        <ele>942.2279469536446</ele>
        <time>2025-04-22T17:04:26.377Z</time>
      </trkpt>
      <trkpt lat="46.436374" lon="12.932919">
        <ele>941.1557526286654</ele>
        <time>2025-04-22T17:04:48.085Z</time>
      </trkpt>
      <trkpt lat="46.436412" lon="12.932782">
        <ele>939.974218572995</ele>
        <time>2025-04-22T17:04:57.527Z</time>
      </trkpt>
      <trkpt lat="46.436497" lon="12.932481">
        <ele>937.1241442720079</ele>
        <time>2025-04-22T17:05:18.324Z</time>
      </trkpt>
      <trkpt lat="46.436593" lon="12.932098">
        <ele>933.490324529288</ele>
        <time>2025-04-22T17:05:44.380Z</time>
      </trkpt>
      <trkpt lat="46.436746" lon="12.931741">
        <ele>929.1963985209335</ele>
        <time>2025-04-22T17:06:11.258Z</time>
      </trkpt>
      <trkpt lat="46.436822" lon="12.931494">
        <ele>923.7279218013016</ele>
        <time>2025-04-22T17:06:28.552Z</time>
      </trkpt>
      <trkpt lat="46.436833" lon="12.931349">
        <ele>919.435965769798</ele>
        <time>2025-04-22T17:06:37.878Z</time>
      </trkpt>
      <trkpt lat="46.436857" lon="12.931172">
        <ele>916.1320471172469</ele>
        <time>2025-04-22T17:06:49.411Z</time>
      </trkpt>
      <trkpt lat="46.43684" lon="12.930998">
        <ele>913.6375635207805</ele>
        <time>2025-04-22T17:07:00.647Z</time>
      </trkpt>
      <trkpt lat="46.436716" lon="12.930802">
        <ele>909.2086061388744</ele>
        <time>2025-04-22T17:07:17.658Z</time>
      </trkpt>
      <trkpt lat="46.436585" lon="12.930369">
        <ele>906.2369691597728</ele>
        <time>2025-04-22T17:07:47.892Z</time>
      </trkpt>
      <trkpt lat="46.436408" lon="12.929645">
        <ele>902.5130768412806</ele>
        <time>2025-04-22T17:08:37.008Z</time>
      </trkpt>
      <trkpt lat="46.436378" lon="12.92898">
        <ele>895.2900739806707</ele>
        <time>2025-04-22T17:09:19.616Z</time>
      </trkpt>
      <trkpt lat="46.436286" lon="12.928551">
        <ele>887.6911935078401</ele>
        <time>2025-04-22T17:09:48.341Z</time>
      </trkpt>
      <trkpt lat="46.436186" lon="12.928089">
        <ele>885.2801882486126</ele>
        <time>2025-04-22T17:10:19.302Z</time>
      </trkpt>
      <trkpt lat="46.435994" lon="12.927826">
        <ele>879.8384369355357</ele>
        <time>2025-04-22T17:10:43.797Z</time>
      </trkpt>
      <trkpt lat="46.435725" lon="12.926633">
        <ele>871.8340028797379</ele>
        <time>2025-04-22T17:12:04.052Z</time>
      </trkpt>
      <trkpt lat="46.435636" lon="12.926386">
        <ele>870.6007388081946</ele>
        <time>2025-04-22T17:12:21.872Z</time>
      </trkpt>
      <trkpt lat="46.435586" lon="12.926051">
        <ele>869.7758367815645</ele>
        <time>2025-04-22T17:12:43.787Z</time>
      </trkpt>
      <trkpt lat="46.435651" lon="12.925243">
        <ele>866.3199497410062</ele>
        <time>2025-04-22T17:13:35.798Z</time>
      </trkpt>
      <trkpt lat="46.43556" lon="12.925058">
        <ele>863.3707105838985</ele>
        <time>2025-04-22T17:13:50.330Z</time>
      </trkpt>
      <trkpt lat="46.435416" lon="12.925207">
        <ele>860.4631499445368</ele>
        <time>2025-04-22T17:14:06.738Z</time>
      </trkpt>
      <trkpt lat="46.435191" lon="12.925328">
        <ele>855.7342476641655</ele>
        <time>2025-04-22T17:14:28.999Z</time>
      </trkpt>
      <trkpt lat="46.435087" lon="12.925429">
        <ele>854.128316628421</ele>
        <time>2025-04-22T17:14:40.609Z</time>
      </trkpt>
      <trkpt lat="46.434978" lon="12.925535">
        <ele>852.5382179249225</ele>
        <time>2025-04-22T17:14:52.782Z</time>
      </trkpt>
      <trkpt lat="46.434777" lon="12.925657">
        <ele>849.093397629557</ele>
        <time>2025-04-22T17:15:12.995Z</time>
      </trkpt>
      <trkpt lat="46.434738" lon="12.925706">
        <ele>848.9532942814758</ele>
        <time>2025-04-22T17:15:17.781Z</time>
      </trkpt>
      <trkpt lat="46.434595" lon="12.925707">
        <ele>844.1323523939373</ele>
        <time>2025-04-22T17:15:31.047Z</time>
      </trkpt>
      <trkpt lat="46.434466" lon="12.925792">
        <ele>838.7911224287312</ele>
        <time>2025-04-22T17:15:44.191Z</time>
      </trkpt>
      <trkpt lat="46.434375" lon="12.926083">
        <ele>834.8061305909391</ele>
        <time>2025-04-22T17:16:04.622Z</time>
      </trkpt>
      <trkpt lat="46.434312" lon="12.92604">
        <ele>830.795200503462</ele>
        <time>2025-04-22T17:16:11.081Z</time>
      </trkpt>
      <trkpt lat="46.434259" lon="12.926126">
        <ele>828.5178693756948</ele>
        <time>2025-04-22T17:16:18.457Z</time>
      </trkpt>
      <trkpt lat="46.434159" lon="12.926201">
        <ele>824.8726699777473</ele>
        <time>2025-04-22T17:16:28.900Z</time>
      </trkpt>
      <trkpt lat="46.433992" lon="12.926133">
        <ele>819.2825612826359</ele>
        <time>2025-04-22T17:16:44.991Z</time>
      </trkpt>
      <trkpt lat="46.433966" lon="12.925981">
        <ele>817.0571195415588</ele>
        <time>2025-04-22T17:16:55.004Z</time>
      </trkpt>
      <trkpt lat="46.433981" lon="12.92558">
        <ele>812.2453406437434</ele>
        <time>2025-04-22T17:17:20.681Z</time>
      </trkpt>
      <trkpt lat="46.434197" lon="12.924936">
        <ele>805.9081607619258</ele>
        <time>2025-04-22T17:18:06.474Z</time>
      </trkpt>
      <trkpt lat="46.434394" lon="12.924432">
        <ele>803.6474179097191</ele>
        <time>2025-04-22T17:18:43.521Z</time>
      </trkpt>
      <trkpt lat="46.434425" lon="12.923955">
        <ele>797.4666583723213</ele>
        <time>2025-04-22T17:19:14.154Z</time>
      </trkpt>
      <trkpt lat="46.434353" lon="12.923633">
        <ele>791.5066200936392</ele>
        <time>2025-04-22T17:19:35.798Z</time>
      </trkpt>
      <trkpt lat="46.434305" lon="12.923321">
        <ele>786.5473771580105</ele>
        <time>2025-04-22T17:19:56.237Z</time>
      </trkpt>
      <trkpt lat="46.434306" lon="12.923103">
        <ele>784.9025365699388</ele>
        <time>2025-04-22T17:20:10.175Z</time>
      </trkpt>
      <trkpt lat="46.434219" lon="12.922911">
        <ele>780.4159818383739</ele>
        <time>2025-04-22T17:20:24.866Z</time>
      </trkpt>
      <trkpt lat="46.434033" lon="12.922672">
        <ele>772.9781890425145</ele>
        <time>2025-04-22T17:20:47.915Z</time>
      </trkpt>
      <trkpt lat="46.43391" lon="12.922657">
        <ele>769.4262264841964</ele>
        <time>2025-04-22T17:20:59.366Z</time>
      </trkpt>
      <trkpt lat="46.433803" lon="12.922785">
        <ele>766.4821373367852</ele>
        <time>2025-04-22T17:21:12.231Z</time>
      </trkpt>
      <trkpt lat="46.43355" lon="12.922751">
        <ele>760.8871579448146</ele>
        <time>2025-04-22T17:21:35.803Z</time>
      </trkpt>
      <trkpt lat="46.433486" lon="12.922694">
        <ele>759.2874609141468</ele>
        <time>2025-04-22T17:21:42.769Z</time>
      </trkpt>
      <trkpt lat="46.433434" lon="12.922712">
        <ele>757.9115855253241</ele>
        <time>2025-04-22T17:21:47.728Z</time>
      </trkpt>
      <trkpt lat="46.433308" lon="12.92318">
        <ele>755.4770496235335</ele>
        <time>2025-04-22T17:22:19.853Z</time>
      </trkpt>
      <trkpt lat="46.433148" lon="12.923142">
        <ele>752.0457676952956</ele>
        <time>2025-04-22T17:22:34.894Z</time>
      </trkpt>
      <trkpt lat="46.432965" lon="12.922908">
        <ele>745.7887596858967</ele>
        <time>2025-04-22T17:22:57.523Z</time>
      </trkpt>
      <trkpt lat="46.432877" lon="12.922553">
        <ele>740.0333339163562</ele>
        <time>2025-04-22T17:23:21.645Z</time>
      </trkpt>
      <trkpt lat="46.432816" lon="12.922276">
        <ele>736.8052629157518</ele>
        <time>2025-04-22T17:23:40.238Z</time>
      </trkpt>
      <trkpt lat="46.43272" lon="12.922024">
        <ele>734.6492609703583</ele>
        <time>2025-04-22T17:23:58.648Z</time>
      </trkpt>
      <trkpt lat="46.432606" lon="12.921891">
        <ele>732.7082023962794</ele>
        <time>2025-04-22T17:24:12.219Z</time>
      </trkpt>
      <trkpt lat="46.432479" lon="12.921677">
        <ele>731.5761994470403</ele>
        <time>2025-04-22T17:24:30.276Z</time>
      </trkpt>
      <trkpt lat="46.432382" lon="12.92156">
        <ele>729.5847817296319</ele>
        <time>2025-04-22T17:24:41.978Z</time>
      </trkpt>
      <trkpt lat="46.432277" lon="12.921519">
        <ele>727.60605272956</ele>
        <time>2025-04-22T17:24:52.065Z</time>
      </trkpt>
      <trkpt lat="46.432102" lon="12.921611">
        <ele>722.5864500241428</ele>
        <time>2025-04-22T17:25:09.333Z</time>
      </trkpt>
      <trkpt lat="46.431873" lon="12.921931">
        <ele>717.2192340227971</ele>
        <time>2025-04-22T17:25:38.829Z</time>
      </trkpt>
      <trkpt lat="46.43169" lon="12.922002">
        <ele>714.9115279670654</ele>
        <time>2025-04-22T17:25:56.403Z</time>
      </trkpt>
      <trkpt lat="46.431638" lon="12.921926">
        <ele>713.906561789419</ele>
        <time>2025-04-22T17:26:03.250Z</time>
      </trkpt>
      <trkpt lat="46.431638" lon="12.921519">
        <ele>709.5145903785749</ele>
        <time>2025-04-22T17:26:29.274Z</time>
      </trkpt>
      <trkpt lat="46.431659" lon="12.921213">
        <ele>707.7418415040377</ele>
        <time>2025-04-22T17:26:48.936Z</time>
      </trkpt>
      <trkpt lat="46.431709" lon="12.920877">
        <ele>707.4615216205434</ele>
        <time>2025-04-22T17:27:10.915Z</time>
      </trkpt>
      <trkpt lat="46.431655" lon="12.920651">
        <ele>705.5336819509641</ele>
        <time>2025-04-22T17:27:26.209Z</time>
      </trkpt>
      <trkpt lat="46.431668" lon="12.920334">
        <ele>701.8247101151502</ele>
        <time>2025-04-22T17:27:46.514Z</time>
      </trkpt>
      <trkpt lat="46.431717" lon="12.919988">
        <ele>697.9312080103182</ele>
        <time>2025-04-22T17:28:09.100Z</time>
      </trkpt>
      <trkpt lat="46.431767" lon="12.919643">
        <ele>693.9707839237298</ele>
        <time>2025-04-22T17:28:31.642Z</time>
      </trkpt>
      <trkpt lat="46.431804" lon="12.919408">
        <ele>691.6662774530944</ele>
        <time>2025-04-22T17:28:47.055Z</time>
      </trkpt>
      <trkpt lat="46.431872" lon="12.918986">
        <ele>691.4496278149757</ele>
        <time>2025-04-22T17:29:14.765Z</time>
      </trkpt>
      <trkpt lat="46.431857" lon="12.918564">
        <ele>692.8909624386833</ele>
        <time>2025-04-22T17:29:41.784Z</time>
      </trkpt>
      <trkpt lat="46.431826" lon="12.918572">
        <ele>691.8368080971806</ele>
        <time>2025-04-22T17:29:44.705Z</time>
      </trkpt>
      <trkpt lat="46.431802" lon="12.918562">
        <ele>691.3855526353448</ele>
        <time>2025-04-22T17:29:47.021Z</time>
      </trkpt>
      <trkpt lat="46.431772" lon="12.918533">
        <ele>690.9435973851812</ele>
        <time>2025-04-22T17:29:50.365Z</time>
      </trkpt>
      <trkpt lat="46.43168" lon="12.918295">
        <ele>689.6001539375659</ele>
        <time>2025-04-22T17:30:07.813Z</time>
      </trkpt>
      <trkpt lat="46.431661" lon="12.918263">
        <ele>689.174253290749</ele>
        <time>2025-04-22T17:30:10.513Z</time>
      </trkpt>
      <trkpt lat="46.431595" lon="12.918235">
        <ele>688.1205355212605</ele>
        <time>2025-04-22T17:30:16.892Z</time>
      </trkpt>
      <trkpt lat="46.431453" lon="12.918283">
        <ele>686.613377203493</ele>
        <time>2025-04-22T17:30:30.418Z</time>
      </trkpt>
      <trkpt lat="46.431633" lon="12.918066">
        <ele>686.6151346532404</ele>
        <time>2025-04-22T17:30:52.129Z</time>
      </trkpt>
      <trkpt lat="46.431815" lon="12.917886">
        <ele>686.0066323067184</ele>
        <time>2025-04-22T17:31:12.563Z</time>
      </trkpt>
      <trkpt lat="46.431896" lon="12.917731">
        <ele>685.5822617471538</ele>
        <time>2025-04-22T17:31:25.000Z</time>
      </trkpt>
      <trkpt lat="46.4319" lon="12.917506">
        <ele>685.5128809098713</ele>
        <time>2025-04-22T17:31:39.391Z</time>
      </trkpt>
      <trkpt lat="46.431762" lon="12.917288">
        <ele>687.5469181725066</ele>
        <time>2025-04-22T17:31:58.317Z</time>
      </trkpt>
      <trkpt lat="46.431646" lon="12.917044">
        <ele>690.474467629311</ele>
        <time>2025-04-22T17:32:17.270Z</time>
      </trkpt>
      <trkpt lat="46.43153" lon="12.916799">
        <ele>690.6952635853231</ele>
        <time>2025-04-22T17:32:36.276Z</time>
      </trkpt>
      <trkpt lat="46.431584" lon="12.916303">
        <ele>694.6665499654549</ele>
        <time>2025-04-22T17:33:08.384Z</time>
      </trkpt>
      <trkpt lat="46.431613" lon="12.916032">
        <ele>698.281927883632</ele>
        <time>2025-04-22T17:33:25.919Z</time>
      </trkpt>
      <trkpt lat="46.43141" lon="12.915297">
        <ele>704.9533950874525</ele>
        <time>2025-04-22T17:34:16.549Z</time>
      </trkpt>
      <trkpt lat="46.431364" lon="12.914907">
        <ele>711.5902607943885</ele>
        <time>2025-04-22T17:34:41.848Z</time>
      </trkpt>
      <trkpt lat="46.431354" lon="12.914527">
        <ele>717.6969305075947</ele>
        <time>2025-04-22T17:35:06.163Z</time>
      </trkpt>
      <trkpt lat="46.431438" lon="12.914307">
        <ele>720.4238438620367</ele>
        <time>2025-04-22T17:35:22.244Z</time>
      </trkpt>
      <trkpt lat="46.43147" lon="12.914065">
        <ele>723.0916089488946</ele>
        <time>2025-04-22T17:35:38.000Z</time>
      </trkpt>
      <trkpt lat="46.43154" lon="12.913642">
        <ele>725.84678539345</ele>
        <time>2025-04-22T17:36:05.816Z</time>
      </trkpt>
      <trkpt lat="46.431589" lon="12.913472">
        <ele>727.3567143157582</ele>
        <time>2025-04-22T17:36:17.598Z</time>
      </trkpt>
      <trkpt lat="46.431642" lon="12.913246">
        <ele>729.2746229260106</ele>
        <time>2025-04-22T17:36:32.862Z</time>
      </trkpt>
      <trkpt lat="46.431565" lon="12.913431">
        <ele>727.2279628017397</ele>
        <time>2025-04-22T17:36:46.680Z</time>
      </trkpt>
      <trkpt lat="46.431481" lon="12.913763">
        <ele>724.5724208497148</ele>
        <time>2025-04-22T17:37:09.293Z</time>
      </trkpt>
      <trkpt lat="46.431436" lon="12.914002">
        <ele>723.0342992614134</ele>
        <time>2025-04-22T17:37:25.135Z</time>
      </trkpt>
      <trkpt lat="46.431418" lon="12.91405">
        <ele>722.4966626255193</ele>
        <time>2025-04-22T17:37:28.629Z</time>
      </trkpt>
      <trkpt lat="46.431381" lon="12.914069">
        <ele>721.8893414091306</ele>
        <time>2025-04-22T17:37:32.270Z</time>
      </trkpt>
      <trkpt lat="46.431077" lon="12.914144">
        <ele>718.2523105193113</ele>
        <time>2025-04-22T17:38:00.878Z</time>
      </trkpt>
      <trkpt lat="46.430672" lon="12.914219">
        <ele>712.8251720039989</ele>
        <time>2025-04-22T17:38:38.756Z</time>
      </trkpt>
      <trkpt lat="46.430288" lon="12.914412">
        <ele>708.7157273517961</ele>
        <time>2025-04-22T17:39:16.458Z</time>
      </trkpt>
      <trkpt lat="46.430106" lon="12.91444">
        <ele>707.4184249742614</ele>
        <time>2025-04-22T17:39:33.437Z</time>
      </trkpt>
      <trkpt lat="46.429867" lon="12.914591">
        <ele>706.19645871783</ele>
        <time>2025-04-22T17:39:57.621Z</time>
      </trkpt>
      <trkpt lat="46.429822" lon="12.9146">
        <ele>705.8463898916962</ele>
        <time>2025-04-22T17:40:01.835Z</time>
      </trkpt>
      <trkpt lat="46.429589" lon="12.914598">
        <ele>704.0974200593439</ele>
        <time>2025-04-22T17:40:23.451Z</time>
      </trkpt>
      <trkpt lat="46.429484" lon="12.914637">
        <ele>703.2923287011083</ele>
        <time>2025-04-22T17:40:33.506Z</time>
      </trkpt>
      <trkpt lat="46.429235" lon="12.914765">
        <ele>701.620917499594</ele>
        <time>2025-04-22T17:40:58.013Z</time>
      </trkpt>
      <trkpt lat="46.429136" lon="12.914792">
        <ele>700.3983935589686</ele>
        <time>2025-04-22T17:41:07.358Z</time>
      </trkpt>
      <trkpt lat="46.428812" lon="12.914777">
        <ele>695.3502018080126</ele>
        <time>2025-04-22T17:41:37.432Z</time>
      </trkpt>
      <trkpt lat="46.428746" lon="12.914791">
        <ele>694.2821449284013</ele>
        <time>2025-04-22T17:41:43.620Z</time>
      </trkpt>
      <trkpt lat="46.428641" lon="12.914866">
        <ele>692.7363371167185</ele>
        <time>2025-04-22T17:41:54.477Z</time>
      </trkpt>
      <trkpt lat="46.428591" lon="12.914888">
        <ele>692.0668915515365</ele>
        <time>2025-04-22T17:41:59.324Z</time>
      </trkpt>
      <trkpt lat="46.428411" lon="12.914935">
        <ele>690.1336750616941</ele>
        <time>2025-04-22T17:42:16.291Z</time>
      </trkpt>
      <trkpt lat="46.428315" lon="12.914934">
        <ele>689.3840874103489</ele>
        <time>2025-04-22T17:42:25.197Z</time>
      </trkpt>
      <trkpt lat="46.428272" lon="12.914891">
        <ele>688.9337510676077</ele>
        <time>2025-04-22T17:42:30.042Z</time>
      </trkpt>
      <trkpt lat="46.428159" lon="12.914668">
        <ele>686.6143674551363</ele>
        <time>2025-04-22T17:42:47.740Z</time>
      </trkpt>
      <trkpt lat="46.428126" lon="12.91457">
        <ele>685.0520826842146</ele>
        <time>2025-04-22T17:42:54.714Z</time>
      </trkpt>
      <trkpt lat="46.428123" lon="12.914445">
        <ele>683.0971411924764</ele>
        <time>2025-04-22T17:43:02.712Z</time>
      </trkpt>
      <trkpt lat="46.428207" lon="12.914009">
        <ele>677.011973553133</ele>
        <time>2025-04-22T17:43:31.661Z</time>
      </trkpt>
      <trkpt lat="46.428326" lon="12.913754">
        <ele>673.2345995593712</ele>
        <time>2025-04-22T17:43:51.352Z</time>
      </trkpt>
      <trkpt lat="46.428446" lon="12.913498">
        <ele>671.5228096007756</ele>
        <time>2025-04-22T17:44:11.148Z</time>
      </trkpt>
      <trkpt lat="46.428486" lon="12.913331">
        <ele>670.6296957304503</ele>
        <time>2025-04-22T17:44:22.453Z</time>
      </trkpt>
      <trkpt lat="46.428491" lon="12.913236">
        <ele>669.9771556583361</ele>
        <time>2025-04-22T17:44:28.545Z</time>
      </trkpt>
      <trkpt lat="46.428432" lon="12.912872">
        <ele>667.0418951890897</ele>
        <time>2025-04-22T17:44:52.456Z</time>
      </trkpt>
      <trkpt lat="46.428368" lon="12.91264">
        <ele>664.8794103299297</ele>
        <time>2025-04-22T17:45:08.435Z</time>
      </trkpt>
      <trkpt lat="46.428187" lon="12.912292">
        <ele>660.6544430461703</ele>
        <time>2025-04-22T17:45:36.312Z</time>
      </trkpt>
      <trkpt lat="46.428142" lon="12.912148">
        <ele>659.0236790121534</ele>
        <time>2025-04-22T17:45:46.422Z</time>
      </trkpt>
      <trkpt lat="46.428162" lon="12.911974">
        <ele>656.8248049817837</ele>
        <time>2025-04-22T17:45:57.702Z</time>
      </trkpt>
      <trkpt lat="46.428149" lon="12.911868">
        <ele>655.2527848356002</ele>
        <time>2025-04-22T17:46:04.586Z</time>
      </trkpt>
      <trkpt lat="46.428106" lon="12.91179">
        <ele>653.7990712565149</ele>
        <time>2025-04-22T17:46:10.972Z</time>
      </trkpt>
      <trkpt lat="46.427957" lon="12.911636">
        <ele>649.600595219762</ele>
        <time>2025-04-22T17:46:27.944Z</time>
      </trkpt>
      <trkpt lat="46.427902" lon="12.911579">
        <ele>647.6211867596555</ele>
        <time>2025-04-22T17:46:34.214Z</time>
      </trkpt>
      <trkpt lat="46.42789" lon="12.911427">
        <ele>644.3093230308932</ele>
        <time>2025-04-22T17:46:43.997Z</time>
      </trkpt>
      <trkpt lat="46.427911" lon="12.911332">
        <ele>643.0729071170554</ele>
        <time>2025-04-22T17:46:50.376Z</time>
      </trkpt>
      <trkpt lat="46.427992" lon="12.911168">
        <ele>641.7403053810475</ele>
        <time>2025-04-22T17:47:03.277Z</time>
      </trkpt>
      <trkpt lat="46.428048" lon="12.911105">
        <ele>641.8034443486562</ele>
        <time>2025-04-22T17:47:09.851Z</time>
      </trkpt>
      <trkpt lat="46.428076" lon="12.91105">
        <ele>641.5043440188807</ele>
        <time>2025-04-22T17:47:14.223Z</time>
      </trkpt>
      <trkpt lat="46.428088" lon="12.910992">
        <ele>640.890102010288</ele>
        <time>2025-04-22T17:47:18.095Z</time>
      </trkpt>
      <trkpt lat="46.428065" lon="12.910959">
        <ele>639.7444654221885</ele>
        <time>2025-04-22T17:47:21.096Z</time>
      </trkpt>
      <trkpt lat="46.428007" lon="12.910925">
        <ele>637.5387820471703</ele>
        <time>2025-04-22T17:47:26.899Z</time>
      </trkpt>
      <trkpt lat="46.427921" lon="12.91092">
        <ele>635.0496108847904</ele>
        <time>2025-04-22T17:47:34.883Z</time>
      </trkpt>
      <trkpt lat="46.427869" lon="12.910882">
        <ele>632.2701033295963</ele>
        <time>2025-04-22T17:47:40.284Z</time>
      </trkpt>
      <trkpt lat="46.427868" lon="12.910841">
        <ele>631.271517722205</ele>
        <time>2025-04-22T17:47:42.907Z</time>
      </trkpt>
      <trkpt lat="46.428013" lon="12.910345">
        <ele>625.9709599069695</ele>
        <time>2025-04-22T17:48:17.359Z</time>
      </trkpt>
      <trkpt lat="46.428011" lon="12.910247">
        <ele>624.391992724848</ele>
        <time>2025-04-22T17:48:23.628Z</time>
      </trkpt>
      <trkpt lat="46.427988" lon="12.910201">
        <ele>623.2547111853178</ele>
        <time>2025-04-22T17:48:27.261Z</time>
      </trkpt>
      <trkpt lat="46.427931" lon="12.910145">
        <ele>621.3898140980007</ele>
        <time>2025-04-22T17:48:33.647Z</time>
      </trkpt>
      <trkpt lat="46.42787" lon="12.910135">
        <ele>619.765279574563</ele>
        <time>2025-04-22T17:48:39.342Z</time>
      </trkpt>
      <trkpt lat="46.427752" lon="12.90998">
        <ele>614.5706210877919</ele>
        <time>2025-04-22T17:48:54.109Z</time>
      </trkpt>
      <trkpt lat="46.427723" lon="12.909741">
        <ele>610.9887221874549</ele>
        <time>2025-04-22T17:49:09.627Z</time>
      </trkpt>
      <trkpt lat="46.427751" lon="12.909559">
        <ele>609.3222622437098</ele>
        <time>2025-04-22T17:49:21.551Z</time>
      </trkpt>
      <trkpt lat="46.427775" lon="12.909326">
        <ele>606.7740385164361</ele>
        <time>2025-04-22T17:49:36.615Z</time>
      </trkpt>
      <trkpt lat="46.427761" lon="12.909148">
        <ele>604.4835932507713</ele>
        <time>2025-04-22T17:49:48.071Z</time>
      </trkpt>
      <trkpt lat="46.427581" lon="12.908478">
        <ele>594.8165341512589</ele>
        <time>2025-04-22T17:50:34.054Z</time>
      </trkpt>
      <trkpt lat="46.427541" lon="12.908423">
        <ele>593.612864030543</ele>
        <time>2025-04-22T17:50:39.166Z</time>
      </trkpt>
      <trkpt lat="46.427499" lon="12.90842">
        <ele>592.6108397716814</ele>
        <time>2025-04-22T17:50:43.067Z</time>
      </trkpt>
      <trkpt lat="46.427394" lon="12.908475">
        <ele>590.7232201425923</ele>
        <time>2025-04-22T17:50:53.423Z</time>
      </trkpt>
      <trkpt lat="46.427297" lon="12.908477">
        <ele>588.756254650867</ele>
        <time>2025-04-22T17:51:02.422Z</time>
      </trkpt>
      <trkpt lat="46.427061" lon="12.908219">
        <ele>581.9374665380599</ele>
        <time>2025-04-22T17:51:29.836Z</time>
      </trkpt>
      <trkpt lat="46.427012" lon="12.907973">
        <ele>578.817758056136</ele>
        <time>2025-04-22T17:51:46.210Z</time>
      </trkpt>
      <trkpt lat="46.426992" lon="12.907793">
        <ele>576.5840998787437</ele>
        <time>2025-04-22T17:51:57.869Z</time>
      </trkpt>
      <trkpt lat="46.426938" lon="12.907633">
        <ele>574.0142569135642</ele>
        <time>2025-04-22T17:52:09.261Z</time>
      </trkpt>
      <trkpt lat="46.426909" lon="12.907625">
        <ele>573.5534112171736</ele>
        <time>2025-04-22T17:52:11.999Z</time>
      </trkpt>
      <trkpt lat="46.426849" lon="12.907643">
        <ele>573.0221800002099</ele>
        <time>2025-04-22T17:52:17.683Z</time>
      </trkpt>
      <trkpt lat="46.42681" lon="12.907637">
        <ele>572.6109454065827</ele>
        <time>2025-04-22T17:52:21.321Z</time>
      </trkpt>
      <trkpt lat="46.42675" lon="12.907525">
        <ele>570.6921998378559</ele>
        <time>2025-04-22T17:52:30.391Z</time>
      </trkpt>
      <trkpt lat="46.426672" lon="12.907446">
        <ele>568.9594055178803</ele>
        <time>2025-04-22T17:52:39.216Z</time>
      </trkpt>
      <trkpt lat="46.426639" lon="12.907426">
        <ele>568.4025092539803</ele>
        <time>2025-04-22T17:52:42.533Z</time>
      </trkpt>
      <trkpt lat="46.426592" lon="12.907371">
        <ele>567.1007368724997</ele>
        <time>2025-04-22T17:52:48.135Z</time>
      </trkpt>
      <trkpt lat="46.426568" lon="12.907313">
        <ele>566.0048978920602</ele>
        <time>2025-04-22T17:52:52.460Z</time>
      </trkpt>
      <trkpt lat="46.426541" lon="12.907214">
        <ele>564.3047591488873</ele>
        <time>2025-04-22T17:52:59.268Z</time>
      </trkpt>
      <trkpt lat="46.426512" lon="12.907155">
        <ele>563.1561455352737</ele>
        <time>2025-04-22T17:53:03.901Z</time>
      </trkpt>
      <trkpt lat="46.426476" lon="12.907119">
        <ele>562.1805278411043</ele>
        <time>2025-04-22T17:53:07.957Z</time>
      </trkpt>
      <trkpt lat="46.426435" lon="12.907104">
        <ele>561.3924413722447</ele>
        <time>2025-04-22T17:53:11.879Z</time>
      </trkpt>
      <trkpt lat="46.42634" lon="12.907115">
        <ele>560.5474693876545</ele>
        <time>2025-04-22T17:53:20.720Z</time>
      </trkpt>
      <trkpt lat="46.426288" lon="12.907077">
        <ele>559.4994190140432</ele>
        <time>2025-04-22T17:53:26.121Z</time>
      </trkpt>
      <trkpt lat="46.426228" lon="12.906933">
        <ele>556.6300280341737</ele>
        <time>2025-04-22T17:53:36.881Z</time>
      </trkpt>
      <trkpt lat="46.426197" lon="12.906893">
        <ele>555.8362460205459</ele>
        <time>2025-04-22T17:53:40.729Z</time>
      </trkpt>
      <trkpt lat="46.426151" lon="12.906855">
        <ele>555.0834932879411</ele>
        <time>2025-04-22T17:53:45.639Z</time>
      </trkpt>
      <trkpt lat="46.426025" lon="12.90682">
        <ele>554.164189023023</ele>
        <time>2025-04-22T17:53:57.540Z</time>
      </trkpt>
      <trkpt lat="46.425931" lon="12.906823">
        <ele>554.1414493888083</ele>
        <time>2025-04-22T17:54:06.262Z</time>
      </trkpt>
      <trkpt lat="46.425827" lon="12.906788">
        <ele>554.0902802298032</ele>
        <time>2025-04-22T17:54:16.166Z</time>
      </trkpt>
      <trkpt lat="46.425607" lon="12.906801">
        <ele>553.2040222577623</ele>
        <time>2025-04-22T17:54:36.593Z</time>
      </trkpt>
      <trkpt lat="46.425523" lon="12.906762">
        <ele>551.2488947556778</ele>
        <time>2025-04-22T17:54:44.775Z</time>
      </trkpt>
      <trkpt lat="46.425402" lon="12.906661">
        <ele>547.3575331167694</ele>
        <time>2025-04-22T17:54:57.726Z</time>
      </trkpt>
      <trkpt lat="46.425384" lon="12.906633">
        <ele>546.6610546985362</ele>
        <time>2025-04-22T17:55:00.174Z</time>
      </trkpt>
      <trkpt lat="46.425279" lon="12.906605">
        <ele>543.6063828544793</ele>
        <time>2025-04-22T17:55:10.078Z</time>
      </trkpt>
      <trkpt lat="46.425026" lon="12.906621">
        <ele>534.8248180403892</ele>
        <time>2025-04-22T17:55:33.572Z</time>
      </trkpt>
      <trkpt lat="46.42493" lon="12.906654">
        <ele>531.1715609141659</ele>
        <time>2025-04-22T17:55:42.724Z</time>
      </trkpt>
      <trkpt lat="46.424755" lon="12.906755">
        <ele>526.0654783520995</ele>
        <time>2025-04-22T17:56:00.197Z</time>
      </trkpt>
      <trkpt lat="46.424683" lon="12.906759">
        <ele>522.9539560083572</ele>
        <time>2025-04-22T17:56:06.881Z</time>
      </trkpt>
      <trkpt lat="46.424568" lon="12.906735">
        <ele>515.8700957622995</ele>
        <time>2025-04-22T17:56:17.659Z</time>
      </trkpt>
      <trkpt lat="46.424496" lon="12.906739">
        <ele>511.2317419262952</ele>
        <time>2025-04-22T17:56:24.343Z</time>
      </trkpt>
      <trkpt lat="46.424442" lon="12.90678">
        <ele>509.6071060119815</ele>
        <time>2025-04-22T17:56:29.997Z</time>
      </trkpt>
      <trkpt lat="46.42434" lon="12.906907">
        <ele>510.7372127801488</ele>
        <time>2025-04-22T17:56:42.467Z</time>
      </trkpt>
      <trkpt lat="46.424239" lon="12.906984">
        <ele>509.2281758565856</ele>
        <time>2025-04-22T17:56:53.052Z</time>
      </trkpt>
      <trkpt lat="46.424045" lon="12.907029">
        <ele>501.4601191149434</ele>
        <time>2025-04-22T17:57:11.278Z</time>
      </trkpt>
      <trkpt lat="46.423979" lon="12.907011">
        <ele>497.3621895383727</ele>
        <time>2025-04-22T17:57:17.508Z</time>
      </trkpt>
      <trkpt lat="46.423883" lon="12.907022">
        <ele>492.86238031743886</ele>
        <time>2025-04-22T17:57:26.442Z</time>
      </trkpt>
      <trkpt lat="46.423767" lon="12.90709">
        <ele>484.6699004418212</ele>
        <time>2025-04-22T17:57:38.049Z</time>
      </trkpt>
      <trkpt lat="46.423742" lon="12.907096">
        <ele>482.2276911864363</ele>
        <time>2025-04-22T17:57:40.399Z</time>
      </trkpt>
      <trkpt lat="46.423729" lon="12.90707">
        <ele>480.79116510039216</ele>
        <time>2025-04-22T17:57:42.453Z</time>
      </trkpt>
      <trkpt lat="46.423711" lon="12.907066">
        <ele>479.0734275821714</ele>
        <time>2025-04-22T17:57:44.142Z</time>
      </trkpt>
      <trkpt lat="46.423687" lon="12.907085">
        <ele>476.72909364375874</ele>
        <time>2025-04-22T17:57:46.678Z</time>
      </trkpt>
      <trkpt lat="46.423662" lon="12.907128">
        <ele>473.85570019569434</ele>
        <time>2025-04-22T17:57:50.275Z</time>
      </trkpt>
      <trkpt lat="46.423646" lon="12.907128">
        <ele>472.6458240593941</ele>
        <time>2025-04-22T17:57:51.759Z</time>
      </trkpt>
      <trkpt lat="46.423589" lon="12.906995">
        <ele>470.76304030152176</ele>
        <time>2025-04-22T17:58:01.774Z</time>
      </trkpt>
      <trkpt lat="46.423546" lon="12.906974">
        <ele>468.8235727577595</ele>
        <time>2025-04-22T17:58:05.983Z</time>
      </trkpt>
      <trkpt lat="46.42351" lon="12.906978">
        <ele>467.6821711241545</ele>
        <time>2025-04-22T17:58:09.332Z</time>
      </trkpt>
      <trkpt lat="46.423456" lon="12.907005">
        <ele>465.44102784403674</ele>
        <time>2025-04-22T17:58:14.631Z</time>
      </trkpt>
      <trkpt lat="46.423291" lon="12.907059">
        <ele>462.7043458119461</ele>
        <time>2025-04-22T17:58:30.323Z</time>
      </trkpt>
      <trkpt lat="46.423192" lon="12.907166">
        <ele>459.2418955600025</ele>
        <time>2025-04-22T17:58:41.776Z</time>
      </trkpt>
      <trkpt lat="46.423148" lon="12.907235">
        <ele>456.2169029346408</ele>
        <time>2025-04-22T17:58:47.787Z</time>
      </trkpt>
      <trkpt lat="46.423127" lon="12.907282">
        <ele>454.15374173694414</ele>
        <time>2025-04-22T17:58:51.368Z</time>
      </trkpt>
      <trkpt lat="46.42312" lon="12.907324">
        <ele>452.5284485223953</ele>
        <time>2025-04-22T17:58:54.131Z</time>
      </trkpt>
      <trkpt lat="46.423126" lon="12.907367">
        <ele>451.13131191261584</ele>
        <time>2025-04-22T17:58:56.936Z</time>
      </trkpt>
      <trkpt lat="46.423144" lon="12.907402">
        <ele>450.3678905790338</ele>
        <time>2025-04-22T17:58:59.728Z</time>
      </trkpt>
      <trkpt lat="46.423148" lon="12.907445">
        <ele>449.2841312442541</ele>
        <time>2025-04-22T17:59:02.502Z</time>
      </trkpt>
      <trkpt lat="46.423128" lon="12.907504">
        <ele>447.24427189169563</ele>
        <time>2025-04-22T17:59:06.706Z</time>
      </trkpt>
      <trkpt lat="46.423074" lon="12.907575">
        <ele>444.3057260584004</ele>
        <time>2025-04-22T17:59:13.467Z</time>
      </trkpt>
      <trkpt lat="46.423072" lon="12.907617">
        <ele>443.76222502361793</ele>
        <time>2025-04-22T17:59:16.159Z</time>
      </trkpt>
      <trkpt lat="46.423094" lon="12.90769">
        <ele>443.47933867554025</ele>
        <time>2025-04-22T17:59:21.254Z</time>
      </trkpt>
      <trkpt lat="46.423096" lon="12.907737">
        <ele>443.06367731054524</ele>
        <time>2025-04-22T17:59:24.265Z</time>
      </trkpt>
      <trkpt lat="46.423072" lon="12.907818">
        <ele>442.73042320860384</ele>
        <time>2025-04-22T17:59:29.903Z</time>
      </trkpt>
      <trkpt lat="46.422958" lon="12.907971">
        <ele>437.5844113838714</ele>
        <time>2025-04-22T17:59:44.311Z</time>
      </trkpt>
      <trkpt lat="46.422795" lon="12.908236">
        <ele>433.9332170261889</ele>
        <time>2025-04-22T18:00:07.024Z</time>
      </trkpt>
      <trkpt lat="46.42269" lon="12.90833">
        <ele>429.22528375078923</ele>
        <time>2025-04-22T18:00:18.470Z</time>
      </trkpt>
      <trkpt lat="46.422641" lon="12.908389">
        <ele>425.2274152269536</ele>
        <time>2025-04-22T18:00:24.377Z</time>
      </trkpt>
      <trkpt lat="46.422621" lon="12.908427">
        <ele>423.6028091668194</ele>
        <time>2025-04-22T18:00:27.434Z</time>
      </trkpt>
      <trkpt lat="46.422534" lon="12.908716">
        <ele>420.63244550583954</ele>
        <time>2025-04-22T18:00:47.601Z</time>
      </trkpt>
      <trkpt lat="46.422488" lon="12.908807">
        <ele>419.69483157903596</ele>
        <time>2025-04-22T18:00:54.817Z</time>
      </trkpt>
      <trkpt lat="46.422462" lon="12.908858">
        <ele>419.4683815910612</ele>
        <time>2025-04-22T18:00:58.873Z</time>
      </trkpt>
      <trkpt lat="46.42233" lon="12.909034">
        <ele>415.56146200688136</ele>
        <time>2025-04-22T18:01:15.506Z</time>
      </trkpt>
      <trkpt lat="46.422242" lon="12.909111">
        <ele>411.73605724394645</ele>
        <time>2025-04-22T18:01:25.040Z</time>
      </trkpt>
      <trkpt lat="46.422157" lon="12.909211">
        <ele>407.99015696026686</ele>
        <time>2025-04-22T18:01:35.193Z</time>
      </trkpt>
      <trkpt lat="46.422109" lon="12.909314">
        <ele>406.3753605415113</ele>
        <time>2025-04-22T18:01:43.144Z</time>
      </trkpt>
      <trkpt lat="46.422047" lon="12.909416">
        <ele>403.08460450780694</ele>
        <time>2025-04-22T18:01:51.840Z</time>
      </trkpt>
      <trkpt lat="46.421982" lon="12.90955">
        <ele>401.3393967699594</ele>
        <time>2025-04-22T18:02:02.318Z</time>
      </trkpt>
      <trkpt lat="46.421933" lon="12.909596">
        <ele>399.1315633698271</ele>
        <time>2025-04-22T18:02:07.732Z</time>
      </trkpt>
      <trkpt lat="46.421769" lon="12.909832">
        <ele>395.6330114743636</ele>
        <time>2025-04-22T18:02:29.163Z</time>
      </trkpt>
      <trkpt lat="46.421692" lon="12.909915">
        <ele>392.8976744450837</ele>
        <time>2025-04-22T18:02:38.062Z</time>
      </trkpt>
      <trkpt lat="46.421641" lon="12.909992">
        <ele>390.74337884848427</ele>
        <time>2025-04-22T18:02:44.891Z</time>
      </trkpt>
      <trkpt lat="46.421554" lon="12.910167">
        <ele>388.8449440484841</ele>
        <time>2025-04-22T18:02:58.689Z</time>
      </trkpt>
      <trkpt lat="46.421512" lon="12.910208">
        <ele>387.9467913770222</ele>
        <time>2025-04-22T18:03:03.385Z</time>
      </trkpt>
      <trkpt lat="46.421415" lon="12.910244">
        <ele>386.50330674057403</ele>
        <time>2025-04-22T18:03:12.673Z</time>
      </trkpt>
      <trkpt lat="46.421373" lon="12.910479">
        <ele>388.3195890327138</ele>
        <time>2025-04-22T18:03:28.198Z</time>
      </trkpt>
      <trkpt lat="46.421318" lon="12.910779">
        <ele>389.5718171296503</ele>
        <time>2025-04-22T18:03:48.051Z</time>
      </trkpt>
      <trkpt lat="46.421303" lon="12.910862">
        <ele>389.71305880833984</ele>
        <time>2025-04-22T18:03:53.570Z</time>
      </trkpt>
      <trkpt lat="46.421455" lon="12.912154">
        <ele>400.45249404307987</ele>
        <time>2025-04-22T18:06:09.247Z</time>
      </trkpt>
      <trkpt lat="46.42131848063049" lon="12.912892059903852">
        <ele>396.29529080231396</ele>
        <time>2025-04-22T18:07:31.590Z</time>
      </trkpt>
      <trkpt lat="46.42122619253292" lon="12.913045047787953">
        <ele>397.3700362043963</ele>
        <time>2025-04-22T18:07:44.590Z</time>
      </trkpt>
      <trkpt lat="46.42126680321503" lon="12.913185275343178">
        <ele>398.5097427931927</ele>
        <time>2025-04-22T18:07:53.590Z</time>
      </trkpt>
      <trkpt lat="46.4215264055322" lon="12.913669494628328">
        <ele>402.3840340015859</ele>
        <time>2025-04-22T18:08:28.590Z</time>
      </trkpt>
      <trkpt lat="46.421948466889795" lon="12.913996924694933">
        <ele>408.116068902731</ele>
        <time>2025-04-22T18:10:11.590Z</time>
      </trkpt>
      <trkpt lat="46.42203490884393" lon="12.914496109702476">
        <ele>413.28887233275424</ele>
        <time>2025-04-22T18:10:42.590Z</time>
      </trkpt>
      <trkpt lat="46.422572616404615" lon="12.914372445894974">
        <ele>416.34977806865766</ele>
        <time>2025-04-22T18:11:20.590Z</time>
      </trkpt>
      <trkpt lat="46.42289033417098" lon="12.914571669989263">
        <ele>422.9947423768169</ele>
        <time>2025-04-22T18:11:49.590Z</time>
      </trkpt>
      <trkpt lat="46.42306673909457" lon="12.914840906557101">
        <ele>431.00377906687896</ele>
        <time>2025-04-22T18:12:24.590Z</time>
      </trkpt>
      <trkpt lat="46.42297257631958" lon="12.915072714524953">
        <ele>441.3747258461746</ele>
        <time>2025-04-22T18:12:48.590Z</time>
      </trkpt>
      <trkpt lat="46.422889681032366" lon="12.915006764285051">
        <ele>438.6470743027132</ele>
        <time>2025-04-22T18:13:00.590Z</time>
      </trkpt>
      <trkpt lat="46.42279838204587" lon="12.91506099035972">
        <ele>439.96485212095655</ele>
        <time>2025-04-22T18:13:09.590Z</time>
      </trkpt>
      <trkpt lat="46.42290993369899" lon="12.91542772513381">
        <ele>452.5012367183398</ele>
        <time>2025-04-22T18:13:38.590Z</time>
      </trkpt>
      <trkpt lat="46.42263555798967" lon="12.915406029020133">
        <ele>448.3675528363667</ele>
        <time>2025-04-22T18:13:58.590Z</time>
      </trkpt>
      <trkpt lat="46.42268983221003" lon="12.915610986549837">
        <ele>453.456102300476</ele>
        <time>2025-04-22T18:14:14.590Z</time>
      </trkpt>
      <trkpt lat="46.42302202446456" lon="12.915767328124211">
        <ele>459.40288535461366</ele>
        <time>2025-04-22T18:14:41.590Z</time>
      </trkpt>
      <trkpt lat="46.42292853657644" lon="12.916549590768007">
        <ele>468.3361475507224</ele>
        <time>2025-04-22T18:15:21.590Z</time>
      </trkpt>
      <trkpt lat="46.42274431803748" lon="12.91673064071632">
        <ele>470.31727896778</ele>
        <time>2025-04-22T18:15:37.590Z</time>
      </trkpt>
      <trkpt lat="46.422440693756954" lon="12.91679861025225">
        <ele>471.46203035988947</ele>
        <time>2025-04-22T18:16:08.689Z</time>
      </trkpt>
      <trkpt lat="46.42240301610852" lon="12.91683301113099">
        <ele>471.53092307146704</ele>
        <time>2025-04-22T18:16:13.195Z</time>
      </trkpt>
      <trkpt lat="46.422393" lon="12.91684">
        <ele>471.51075114935395</ele>
        <time>2025-04-22T18:16:14.320Z</time>
      </trkpt>
      <trkpt lat="46.422412" lon="12.916884">
        <ele>472.213723829435</ele>
        <time>2025-04-22T18:16:17.943Z</time>
      </trkpt>
      <trkpt lat="46.422418" lon="12.916941">
        <ele>472.94040916304544</ele>
        <time>2025-04-22T18:16:21.966Z</time>
      </trkpt>
      <trkpt lat="46.422413" lon="12.916993">
        <ele>473.491536558216</ele>
        <time>2025-04-22T18:16:25.629Z</time>
      </trkpt>
      <trkpt lat="46.422402" lon="12.917029">
        <ele>473.7875960456806</ele>
        <time>2025-04-22T18:16:28.376Z</time>
      </trkpt>
      <trkpt lat="46.422074" lon="12.917588">
        <ele>477.439860177401</ele>
        <time>2025-04-22T18:17:19.601Z</time>
      </trkpt>
      <trkpt lat="46.422005" lon="12.917686">
        <ele>478.2111020417651</ele>
        <time>2025-04-22T18:17:29.376Z</time>
      </trkpt>
      <trkpt lat="46.421943" lon="12.917744">
        <ele>478.8578122844302</ele>
        <time>2025-04-22T18:17:36.844Z</time>
      </trkpt>
      <trkpt lat="46.421929" lon="12.917755">
        <ele>478.9475398513138</ele>
        <time>2025-04-22T18:17:38.455Z</time>
      </trkpt>
      <trkpt lat="46.421943" lon="12.917744">
        <ele>478.8578122844302</ele>
        <time>2025-04-22T18:17:40.066Z</time>
      </trkpt>
      <trkpt lat="46.421991" lon="12.917843">
        <ele>481.2412518212203</ele>
        <time>2025-04-22T18:17:48.512Z</time>
      </trkpt>
      <trkpt lat="46.422149" lon="12.917965">
        <ele>485.0157907046214</ele>
        <time>2025-04-22T18:18:06.630Z</time>
      </trkpt>
      <trkpt lat="46.422273" lon="12.918227">
        <ele>489.0447172329486</ele>
        <time>2025-04-22T18:18:28.807Z</time>
      </trkpt>
      <trkpt lat="46.4223" lon="12.918387">
        <ele>491.1427355090953</ele>
        <time>2025-04-22T18:18:40.301Z</time>
      </trkpt>
      <trkpt lat="46.422381" lon="12.918505">
        <ele>493.11798772030704</ele>
        <time>2025-04-22T18:18:51.921Z</time>
      </trkpt>
      <trkpt lat="46.422359" lon="12.918497">
        <ele>492.9172605243626</ele>
        <time>2025-04-22T18:18:54.216Z</time>
      </trkpt>
      <trkpt lat="46.422381" lon="12.918505">
        <ele>493.11798772030704</ele>
        <time>2025-04-22T18:18:56.511Z</time>
      </trkpt>
      <trkpt lat="46.422493" lon="12.918898">
        <ele>500.08575530064945</ele>
        <time>2025-04-22T18:19:26.186Z</time>
      </trkpt>
      <trkpt lat="46.422496" lon="12.918906">
        <ele>500.1277854548273</ele>
        <time>2025-04-22T18:19:26.821Z</time>
      </trkpt>
      <trkpt lat="46.422493" lon="12.918898">
        <ele>500.08575530064945</ele>
        <time>2025-04-22T18:19:27.456Z</time>
      </trkpt>
      <trkpt lat="46.422188" lon="12.919063">
        <ele>501.45823312817504</ele>
        <time>2025-04-22T18:20:00.407Z</time>
      </trkpt>
      <trkpt lat="46.422128" lon="12.919106">
        <ele>501.5460156629535</ele>
        <time>2025-04-22T18:20:07.181Z</time>
      </trkpt>
      <trkpt lat="46.422061" lon="12.919176">
        <ele>502.2451769176449</ele>
        <time>2025-04-22T18:20:15.539Z</time>
      </trkpt>
      <trkpt lat="46.421908" lon="12.919367">
        <ele>504.5668264661071</ele>
        <time>2025-04-22T18:20:35.972Z</time>
      </trkpt>
      <trkpt lat="46.421672" lon="12.919685">
        <ele>507.4485082510247</ele>
        <time>2025-04-22T18:21:08.578Z</time>
      </trkpt>
      <trkpt lat="46.421383" lon="12.920111">
        <ele>508.73507763079755</ele>
        <time>2025-04-22T18:21:50.286Z</time>
      </trkpt>
      <trkpt lat="46.421331" lon="12.920233">
        <ele>509.11462801607695</ele>
        <time>2025-04-22T18:22:00.295Z</time>
      </trkpt>
      <trkpt lat="46.421303" lon="12.920317">
        <ele>509.36372408110765</ele>
        <time>2025-04-22T18:22:06.806Z</time>
      </trkpt>
      <trkpt lat="46.421281" lon="12.920481">
        <ele>509.93864885458026</ele>
        <time>2025-04-22T18:22:18.464Z</time>
      </trkpt>
      <trkpt lat="46.421286" lon="12.920674">
        <ele>511.6385439118981</ele>
        <time>2025-04-22T18:22:31.941Z</time>
      </trkpt>
      <trkpt lat="46.421298" lon="12.920803">
        <ele>513.2643548505264</ele>
        <time>2025-04-22T18:22:41.024Z</time>
      </trkpt>
      <trkpt lat="46.421313" lon="12.920891">
        <ele>514.6378753583863</ele>
        <time>2025-04-22T18:22:47.349Z</time>
      </trkpt>
      <trkpt lat="46.421334" lon="12.920969">
        <ele>515.7742216541782</ele>
        <time>2025-04-22T18:22:53.192Z</time>
      </trkpt>
      <trkpt lat="46.421334" lon="12.920971">
        <ele>515.8036353419872</ele>
        <time>2025-04-22T18:22:53.331Z</time>
      </trkpt>
      <trkpt lat="46.421334" lon="12.920969">
        <ele>515.7742216541782</ele>
        <time>2025-04-22T18:22:53.470Z</time>
      </trkpt>
      <trkpt lat="46.421272" lon="12.921007">
        <ele>516.6561563674902</ele>
        <time>2025-04-22T18:23:00.283Z</time>
      </trkpt>
      <trkpt lat="46.42122" lon="12.921079">
        <ele>518.7718476799802</ele>
        <time>2025-04-22T18:23:07.559Z</time>
      </trkpt>
      <trkpt lat="46.421069" lon="12.921162">
        <ele>524.0600162416415</ele>
        <time>2025-04-22T18:23:23.905Z</time>
      </trkpt>
      <trkpt lat="46.420635" lon="12.921486">
        <ele>531.8293984289504</ele>
        <time>2025-04-22T18:24:13.314Z</time>
      </trkpt>
      <trkpt lat="46.420512" lon="12.921824">
        <ele>541.5486010701375</ele>
        <time>2025-04-22T18:24:39.985Z</time>
      </trkpt>
      <trkpt lat="46.42039" lon="12.921989">
        <ele>548.8055103023341</ele>
        <time>2025-04-22T18:24:56.869Z</time>
      </trkpt>
      <trkpt lat="46.420268" lon="12.922121">
        <ele>553.9186439511932</ele>
        <time>2025-04-22T18:25:12.275Z</time>
      </trkpt>
      <trkpt lat="46.420196" lon="12.922222">
        <ele>557.8286000436996</ele>
        <time>2025-04-22T18:25:22.413Z</time>
      </trkpt>
      <trkpt lat="46.419945" lon="12.922354">
        <ele>562.5757296686749</ele>
        <time>2025-04-22T18:25:49.439Z</time>
      </trkpt>
      <trkpt lat="46.419698" lon="12.922342">
        <ele>561.14645606117</ele>
        <time>2025-04-22T18:26:14.456Z</time>
      </trkpt>
      <trkpt lat="46.419681" lon="12.922351">
        <ele>561.3218538879289</ele>
        <time>2025-04-22T18:26:16.287Z</time>
      </trkpt>
      <trkpt lat="46.419601" lon="12.9224">
        <ele>562.2776103440464</ele>
        <time>2025-04-22T18:26:25.077Z</time>
      </trkpt>
      <trkpt lat="46.419543" lon="12.922445">
        <ele>563.1549218040352</ele>
        <time>2025-04-22T18:26:31.735Z</time>
      </trkpt>
      <trkpt lat="46.419545" lon="12.922459">
        <ele>563.6333581720353</ele>
        <time>2025-04-22T18:26:32.732Z</time>
      </trkpt>
      <trkpt lat="46.419568" lon="12.922581">
        <ele>567.934698639752</ele>
        <time>2025-04-22T18:26:41.558Z</time>
      </trkpt>
      <trkpt lat="46.419535" lon="12.922675">
        <ele>570.7702137677406</ele>
        <time>2025-04-22T18:26:48.919Z</time>
      </trkpt>
      <trkpt lat="46.419489" lon="12.922715">
        <ele>571.4643060978153</ele>
        <time>2025-04-22T18:26:54.348Z</time>
      </trkpt>
      <trkpt lat="46.419476" lon="12.922784">
        <ele>573.6395272858556</ele>
        <time>2025-04-22T18:26:59.339Z</time>
      </trkpt>
      <trkpt lat="46.419476" lon="12.922831">
        <ele>575.2882950391605</ele>
        <time>2025-04-22T18:27:02.618Z</time>
      </trkpt>
      <trkpt lat="46.419448" lon="12.92286">
        <ele>575.7480454438243</ele>
        <time>2025-04-22T18:27:06.100Z</time>
      </trkpt>
      <trkpt lat="46.419426" lon="12.922933">
        <ele>577.7428099763374</ele>
        <time>2025-04-22T18:27:11.659Z</time>
      </trkpt>
      <trkpt lat="46.419406" lon="12.923032">
        <ele>580.4820623090272</ele>
        <time>2025-04-22T18:27:18.858Z</time>
      </trkpt>
      <trkpt lat="46.419395" lon="12.923279">
        <ele>586.5014908871929</ele>
        <time>2025-04-22T18:27:36.130Z</time>
      </trkpt>
      <trkpt lat="46.419382" lon="12.923375">
        <ele>588.2198097503117</ele>
        <time>2025-04-22T18:27:42.957Z</time>
      </trkpt>
      <trkpt lat="46.419337" lon="12.923458">
        <ele>587.7356038366751</ele>
        <time>2025-04-22T18:27:50.325Z</time>
      </trkpt>
      <trkpt lat="46.419313" lon="12.923552">
        <ele>589.3386096269094</ele>
        <time>2025-04-22T18:27:57.320Z</time>
      </trkpt>
      <trkpt lat="46.419297" lon="12.923577">
        <ele>589.5916286832094</ele>
        <time>2025-04-22T18:27:59.700Z</time>
      </trkpt>
      <trkpt lat="46.419271" lon="12.923618">
        <ele>589.6225604048063</ele>
        <time>2025-04-22T18:28:03.587Z</time>
      </trkpt>
      <trkpt lat="46.41923" lon="12.923776">
        <ele>593.7997375014374</ele>
        <time>2025-04-22T18:28:15.368Z</time>
      </trkpt>
      <trkpt lat="46.419178" lon="12.923846">
        <ele>592.2858860203272</ele>
        <time>2025-04-22T18:28:22.549Z</time>
      </trkpt>
      <trkpt lat="46.419136" lon="12.923948">
        <ele>588.2422851566893</ele>
        <time>2025-04-22T18:28:30.840Z</time>
      </trkpt>
      <trkpt lat="46.419138" lon="12.924026">
        <ele>590.7747821676039</ele>
        <time>2025-04-22T18:28:36.287Z</time>
      </trkpt>
      <trkpt lat="46.419165" lon="12.924103">
        <ele>596.5141324792373</ele>
        <time>2025-04-22T18:28:42.315Z</time>
      </trkpt>
      <trkpt lat="46.419186" lon="12.924237">
        <ele>596.25082270788</ele>
        <time>2025-04-22T18:28:51.904Z</time>
      </trkpt>
      <trkpt lat="46.419256" lon="12.924331">
        <ele>603.2060942940697</ele>
        <time>2025-04-22T18:29:01.560Z</time>
      </trkpt>
      <trkpt lat="46.419241" lon="12.92447">
        <ele>595.7075595192237</ele>
        <time>2025-04-22T18:29:11.378Z</time>
      </trkpt>
      <trkpt lat="46.419239" lon="12.9245">
        <ele>594.1182735356529</ele>
        <time>2025-04-22T18:29:13.481Z</time>
      </trkpt>
      <trkpt lat="46.419308" lon="12.92461">
        <ele>604.8293688271758</ele>
        <time>2025-04-22T18:29:23.859Z</time>
      </trkpt>
      <trkpt lat="46.41935" lon="12.924718">
        <ele>610.566717863049</ele>
        <time>2025-04-22T18:29:32.512Z</time>
      </trkpt>
      <trkpt lat="46.419476" lon="12.924822">
        <ele>627.5426795755568</ele>
        <time>2025-04-22T18:29:47.187Z</time>
      </trkpt>
      <trkpt lat="46.419605" lon="12.924908">
        <ele>638.6739222623729</ele>
        <time>2025-04-22T18:30:01.558Z</time>
      </trkpt>
      <trkpt lat="46.419722" lon="12.924935">
        <ele>644.0525157785434</ele>
        <time>2025-04-22T18:30:13.550Z</time>
      </trkpt>
      <trkpt lat="46.419784" lon="12.924915">
        <ele>645.258559670496</ele>
        <time>2025-04-22T18:30:19.979Z</time>
      </trkpt>
      <trkpt lat="46.4198" lon="12.92491">
        <ele>645.4948888266274</ele>
        <time>2025-04-22T18:30:21.635Z</time>
      </trkpt>
      <trkpt lat="46.419859" lon="12.92491">
        <ele>646.8899010470283</ele>
        <time>2025-04-22T18:30:27.607Z</time>
      </trkpt>
      <trkpt lat="46.41999" lon="12.924869">
        <ele>648.9563403276335</ele>
        <time>2025-04-22T18:30:41.173Z</time>
      </trkpt>
      <trkpt lat="46.420207" lon="12.92482">
        <ele>653.2823525382184</ele>
        <time>2025-04-22T18:31:03.404Z</time>
      </trkpt>
      <trkpt lat="46.420304" lon="12.924778">
        <ele>653.766664600641</ele>
        <time>2025-04-22T18:31:13.651Z</time>
      </trkpt>
      <trkpt lat="46.420277" lon="12.924829">
        <ele>654.8286937391965</ele>
        <time>2025-04-22T18:31:18.138Z</time>
      </trkpt>
      <trkpt lat="46.420149" lon="12.92508">
        <ele>658.8979466710778</ele>
        <time>2025-04-22T18:31:39.925Z</time>
      </trkpt>
      <trkpt lat="46.420021" lon="12.925157">
        <ele>657.4846833165295</ele>
        <time>2025-04-22T18:31:53.952Z</time>
      </trkpt>
      <trkpt lat="46.419825" lon="12.925463">
        <ele>661.5253865398507</ele>
        <time>2025-04-22T18:32:23.100Z</time>
      </trkpt>
      <trkpt lat="46.419744" lon="12.925533">
        <ele>661.0885449239313</ele>
        <time>2025-04-22T18:32:32.644Z</time>
      </trkpt>
      <trkpt lat="46.419657" lon="12.925705">
        <ele>658.2175567280486</ele>
        <time>2025-04-22T18:32:47.531Z</time>
      </trkpt>
      <trkpt lat="46.419587" lon="12.925876">
        <ele>648.5376238323697</ele>
        <time>2025-04-22T18:33:01.409Z</time>
      </trkpt>
      <trkpt lat="46.41957" lon="12.925938">
        <ele>647.3116291522172</ele>
        <time>2025-04-22T18:33:06.065Z</time>
      </trkpt>
      <trkpt lat="46.419592" lon="12.926035">
        <ele>654.2082521412406</ele>
        <time>2025-04-22T18:33:13.191Z</time>
      </trkpt>
      <trkpt lat="46.419587" lon="12.926155">
        <ele>657.2023632124445</ele>
        <time>2025-04-22T18:33:21.580Z</time>
      </trkpt>
      <trkpt lat="46.419539" lon="12.926305">
        <ele>660.1364894670342</ele>
        <time>2025-04-22T18:33:33.120Z</time>
      </trkpt>
      <trkpt lat="46.419411" lon="12.926423">
        <ele>659.1746862769671</ele>
        <time>2025-04-22T18:33:48.472Z</time>
      </trkpt>
      <trkpt lat="46.41938" lon="12.926493">
        <ele>659.6054770940591</ele>
        <time>2025-04-22T18:33:54.278Z</time>
      </trkpt>
      <trkpt lat="46.419311" lon="12.926576">
        <ele>658.725642546645</ele>
        <time>2025-04-22T18:34:03.351Z</time>
      </trkpt>
      <trkpt lat="46.419236" lon="12.926745">
        <ele>660.3495440343952</ele>
        <time>2025-04-22T18:34:17.377Z</time>
      </trkpt>
      <trkpt lat="46.419215" lon="12.926879">
        <ele>662.0673168456843</ele>
        <time>2025-04-22T18:34:26.966Z</time>
      </trkpt>
      <trkpt lat="46.419189" lon="12.926997">
        <ele>663.1525815014647</ele>
        <time>2025-04-22T18:34:35.611Z</time>
      </trkpt>
      <trkpt lat="46.419119" lon="12.927067">
        <ele>662.2994068046887</ele>
        <time>2025-04-22T18:34:44.217Z</time>
      </trkpt>
      <trkpt lat="46.419086" lon="12.927123">
        <ele>661.4704544046327</ele>
        <time>2025-04-22T18:34:49.358Z</time>
      </trkpt>
      <trkpt lat="46.419021" lon="12.927201">
        <ele>659.4005759387651</ele>
        <time>2025-04-22T18:34:57.897Z</time>
      </trkpt>
      <trkpt lat="46.418912" lon="12.927461">
        <ele>657.5124275055056</ele>
        <time>2025-04-22T18:35:19.132Z</time>
      </trkpt>
      <trkpt lat="46.418844" lon="12.927571">
        <ele>656.6406298093739</ele>
        <time>2025-04-22T18:35:29.442Z</time>
      </trkpt>
      <trkpt lat="46.418795" lon="12.927614">
        <ele>656.0550335952486</ele>
        <time>2025-04-22T18:35:35.239Z</time>
      </trkpt>
      <trkpt lat="46.418743" lon="12.927716">
        <ele>656.588940356181</ele>
        <time>2025-04-22T18:35:44.092Z</time>
      </trkpt>
      <trkpt lat="46.418623" lon="12.927805">
        <ele>655.2326047356864</ele>
        <time>2025-04-22T18:35:57.735Z</time>
      </trkpt>
      <trkpt lat="46.418523" lon="12.927911">
        <ele>651.720032595081</ele>
        <time>2025-04-22T18:36:10.272Z</time>
      </trkpt>
      <trkpt lat="46.418429" lon="12.928028">
        <ele>644.998252667803</ele>
        <time>2025-04-22T18:36:22.810Z</time>
      </trkpt>
      <trkpt lat="46.418391" lon="12.928166">
        <ele>641.4144924978162</ele>
        <time>2025-04-22T18:36:33.180Z</time>
      </trkpt>
      <trkpt lat="46.418384" lon="12.92837">
        <ele>647.6271465835214</ele>
        <time>2025-04-22T18:36:47.433Z</time>
      </trkpt>
      <trkpt lat="46.418335" lon="12.928556">
        <ele>650.7671789437849</ele>
        <time>2025-04-22T18:37:01.328Z</time>
      </trkpt>
      <trkpt lat="46.418268" lon="12.928738">
        <ele>650.786050725667</ele>
        <time>2025-04-22T18:37:15.726Z</time>
      </trkpt>
      <trkpt lat="46.418177" lon="12.928864">
        <ele>649.1558415683706</ele>
        <time>2025-04-22T18:37:28.460Z</time>
      </trkpt>
      <trkpt lat="46.418107" lon="12.928946">
        <ele>646.879610560283</ele>
        <time>2025-04-22T18:37:37.568Z</time>
      </trkpt>
      <trkpt lat="46.418055" lon="12.929065">
        <ele>646.8519122998348</ele>
        <time>2025-04-22T18:37:47.400Z</time>
      </trkpt>
      <trkpt lat="46.417943" lon="12.929331">
        <ele>648.5132216686545</ele>
        <time>2025-04-22T18:38:09.151Z</time>
      </trkpt>
      <trkpt lat="46.417874" lon="12.92946">
        <ele>648.4178593793931</ele>
        <time>2025-04-22T18:38:20.545Z</time>
      </trkpt>
      <trkpt lat="46.417804" lon="12.929556">
        <ele>646.3449729153949</ele>
        <time>2025-04-22T18:38:30.296Z</time>
      </trkpt>
      <trkpt lat="46.41771" lon="12.929613">
        <ele>640.2775943439806</ele>
        <time>2025-04-22T18:38:40.609Z</time>
      </trkpt>
      <trkpt lat="46.417665" lon="12.929728">
        <ele>638.9081583509227</ele>
        <time>2025-04-22T18:38:49.837Z</time>
      </trkpt>
      <trkpt lat="46.417645" lon="12.929913">
        <ele>640.7500359924128</ele>
        <time>2025-04-22T18:39:02.905Z</time>
      </trkpt>
      <trkpt lat="46.417597" lon="12.930082">
        <ele>640.0364925107174</ele>
        <time>2025-04-22T18:39:15.660Z</time>
      </trkpt>
      <trkpt lat="46.417536" lon="12.930174">
        <ele>638.4839829316612</ele>
        <time>2025-04-22T18:39:24.567Z</time>
      </trkpt>
      <trkpt lat="46.417377" lon="12.930563">
        <ele>633.9754964501589</ele>
        <time>2025-04-22T18:39:56.127Z</time>
      </trkpt>
      <trkpt lat="46.417401" lon="12.930689">
        <ele>632.2001524547561</ele>
        <time>2025-04-22T18:40:05.249Z</time>
      </trkpt>
      <trkpt lat="46.417529" lon="12.930807">
        <ele>634.4272586704756</ele>
        <time>2025-04-22T18:40:20.601Z</time>
      </trkpt>
      <trkpt lat="46.417565" lon="12.930864">
        <ele>635.324462263874</ele>
        <time>2025-04-22T18:40:25.995Z</time>
      </trkpt>
      <trkpt lat="46.417558" lon="12.930947">
        <ele>636.3057891663573</ele>
        <time>2025-04-22T18:40:31.830Z</time>
      </trkpt>
      <trkpt lat="46.41754" lon="12.931052">
        <ele>638.658746755139</ele>
        <time>2025-04-22T18:40:39.380Z</time>
      </trkpt>
      <trkpt lat="46.417516" lon="12.931173">
        <ele>641.506833597418</ele>
        <time>2025-04-22T18:40:48.166Z</time>
      </trkpt>
      <trkpt lat="46.417491" lon="12.931237">
        <ele>642.8399195572537</ele>
        <time>2025-04-22T18:40:53.299Z</time>
      </trkpt>
      <trkpt lat="46.417472" lon="12.931351">
        <ele>643.3140520719836</ele>
        <time>2025-04-22T18:41:01.483Z</time>
      </trkpt>
      <trkpt lat="46.417506" lon="12.931528">
        <ele>644.6199032535353</ele>
        <time>2025-04-22T18:41:14.305Z</time>
      </trkpt>
      <trkpt lat="46.41755" lon="12.931596">
        <ele>645.6322171662505</ele>
        <time>2025-04-22T18:41:20.813Z</time>
      </trkpt>
      <trkpt lat="46.417466" lon="12.932032">
        <ele>643.5411266411869</ele>
        <time>2025-04-22T18:41:52.406Z</time>
      </trkpt>
      <trkpt lat="46.417397" lon="12.932191">
        <ele>642.5022194058417</ele>
        <time>2025-04-22T18:42:05.517Z</time>
      </trkpt>
      <trkpt lat="46.417356" lon="12.932253">
        <ele>644.5419916774142</ele>
        <time>2025-04-22T18:42:11.512Z</time>
      </trkpt>
      <trkpt lat="46.417306" lon="12.932495">
        <ele>651.1505957362247</ele>
        <time>2025-04-22T18:42:29.142Z</time>
      </trkpt>
      <trkpt lat="46.417276" lon="12.932684">
        <ele>650.9905385933196</ele>
        <time>2025-04-22T18:42:42.676Z</time>
      </trkpt>
      <trkpt lat="46.417269" lon="12.93273">
        <ele>650.441736205484</ele>
        <time>2025-04-22T18:42:45.963Z</time>
      </trkpt>
      <trkpt lat="46.417188" lon="12.932861">
        <ele>645.8623945314064</ele>
        <time>2025-04-22T18:42:58.243Z</time>
      </trkpt>
      <trkpt lat="46.417163" lon="12.932937">
        <ele>643.794488052383</ele>
        <time>2025-04-22T18:43:04.119Z</time>
      </trkpt>
    </trkseg>
  </trk>
</gpx>
