<?xml version="1.0" encoding="UTF-8"?>
<gpx creator="Garmin Explore App" version="1.1" schemaLocation="http://www.topografix.com/GPX/1/1 http://www.topografix.com/GPX/1/1/gpx.xsd http://www.garmin.com/xmlschemas/GpxExtensions/v3 http://www.garmin.com/xmlschemas/GpxExtensionsv3.xsd http://www.garmin.com/xmlschemas/TrackPointExtension/v1 http://www.garmin.com/xmlschemas/TrackPointExtensionv1.xsd http://www.garmin.com/xmlschemas/PowerExtension/v1 http://www.garmin.com/xmlschemas/PowerExtensionv1.xsd http://www.topografix.com/GPX/gpx_style/0/2 http://www.topografix.com/GPX/gpx_style/0/2/gpx_style.xsd" xmlns="http://www.topografix.com/GPX/1/1" xmlns:xsi="http://www.w3.org/2001/XMLSchema-instance" xsi:schemaLocation="http://www.topografix.com/GPX/1/1 http://www.topografix.com/GPX/1/1/gpx.xsd http://www.garmin.com/xmlschemas/GpxExtensions/v3 http://www.garmin.com/xmlschemas/GpxExtensionsv3.xsd http://www.garmin.com/xmlschemas/TrackPointExtension/v1 http://www.garmin.com/xmlschemas/TrackPointExtensionv1.xsd http://www.garmin.com/xmlschemas/PowerExtension/v1 http://www.garmin.com/xmlschemas/PowerExtensionv1.xsd http://www.topografix.com/GPX/gpx_style/0/2 http://www.topografix.com/GPX/gpx_style/0/2/gpx_style.xsd" xmlns:gpxtpx="http://www.garmin.com/xmlschemas/TrackPointExtension/v1" xmlns:gpxx="http://www.garmin.com/xmlschemas/GpxExtensions/v3" xmlns:gpxpx="http://www.garmin.com/xmlschemas/PowerExtension/v1" xmlns:gpx_style="http://www.topografix.com/GPX/gpx_style/0/2">
  <metadata>
    <name>BUT-I</name>
    <author>
      <name>gpx.studio</name>
      <link href="https://gpx.studio"/>
    </author>
    <link href="http://www.garmin.com">
      <text>Garmin International</text>
    </link>
    <time>2026-02-18T10:02:41.000Z</time>
  </metadata>
  <trk>
    <name>BUT-I</name>
    <trkseg>
      <trkpt lat="46.440448" lon="12.968614">
        <ele>901.5278620276622</ele>
        <time>2025-03-30T13:19:19.256Z</time>
      </trkpt>
      <trkpt lat="46.440596" lon="12.968721">
        <ele>903.8161416409488</ele>
        <time>2025-03-30T13:19:33.689Z</time>
      </trkpt>
      <trkpt lat="46.440673" lon="12.968843">
        <ele>904.9206003232798</ele>
        <time>2025-03-30T13:19:43.640Z</time>
      </trkpt>
      <trkpt lat="46.440716" lon="12.969007">
        <ele>904.6724414686707</ele>
        <time>2025-03-30T13:19:54.194Z</time>
      </trkpt>
      <trkpt lat="46.440746" lon="12.969121">
        <ele>904.3657856381506</ele>
        <time>2025-03-30T13:20:01.534Z</time>
      </trkpt>
      <trkpt lat="46.440829" lon="12.969087">
        <ele>906.8625148330982</ele>
        <time>2025-03-30T13:20:09.062Z</time>
      </trkpt>
      <trkpt lat="46.440911" lon="12.969106">
        <ele>908.6503062794609</ele>
        <time>2025-03-30T13:20:16.310Z</time>
      </trkpt>
      <trkpt lat="46.441192" lon="12.96897">
        <ele>917.0769146163132</ele>
        <time>2025-03-30T13:20:42.166Z</time>
      </trkpt>
      <trkpt lat="46.441261" lon="12.969056">
        <ele>917.5289562508935</ele>
        <time>2025-03-30T13:20:50.105Z</time>
      </trkpt>
      <trkpt lat="46.441405" lon="12.969109">
        <ele>920.3034701245542</ele>
        <time>2025-03-30T13:21:03.072Z</time>
      </trkpt>
      <trkpt lat="46.441502" lon="12.969166">
        <ele>922.1045062071187</ele>
        <time>2025-03-30T13:21:12.206Z</time>
      </trkpt>
      <trkpt lat="46.441626" lon="12.969124">
        <ele>926.0298312939134</ele>
        <time>2025-03-30T13:21:23.320Z</time>
      </trkpt>
      <trkpt lat="46.441707" lon="12.969197">
        <ele>927.5704874602751</ele>
        <time>2025-03-30T13:21:31.643Z</time>
      </trkpt>
      <trkpt lat="46.441809" lon="12.969246">
        <ele>930.0379546872808</ele>
        <time>2025-03-30T13:21:41.021Z</time>
      </trkpt>
      <trkpt lat="46.441889" lon="12.969251">
        <ele>932.1791160409265</ele>
        <time>2025-03-30T13:21:48.010Z</time>
      </trkpt>
      <trkpt lat="46.441947" lon="12.969256">
        <ele>933.6739746749801</ele>
        <time>2025-03-30T13:21:53.081Z</time>
      </trkpt>
      <trkpt lat="46.442016" lon="12.969327">
        <ele>933.9861842469179</ele>
        <time>2025-03-30T13:22:00.464Z</time>
      </trkpt>
      <trkpt lat="46.442015" lon="12.969265">
        <ele>935.1689173637097</ele>
        <time>2025-03-30T13:22:04.194Z</time>
      </trkpt>
      <trkpt lat="46.442229" lon="12.969295">
        <ele>939.5339067498107</ele>
        <time>2025-03-30T13:22:22.961Z</time>
      </trkpt>
      <trkpt lat="46.442367" lon="12.969365">
        <ele>941.595670692766</ele>
        <time>2025-03-30T13:22:35.721Z</time>
      </trkpt>
      <trkpt lat="46.442477" lon="12.969453">
        <ele>942.7706980937186</ele>
        <time>2025-03-30T13:22:46.685Z</time>
      </trkpt>
      <trkpt lat="46.442592" lon="12.969589">
        <ele>943.616972021395</ele>
        <time>2025-03-30T13:22:59.634Z</time>
      </trkpt>
      <trkpt lat="46.442662" lon="12.969715">
        <ele>943.1667758617091</ele>
        <time>2025-03-30T13:23:09.369Z</time>
      </trkpt>
      <trkpt lat="46.442687" lon="12.96978">
        <ele>942.3073741232283</ele>
        <time>2025-03-30T13:23:13.846Z</time>
      </trkpt>
      <trkpt lat="46.442746" lon="12.969931">
        <ele>940.4775590994245</ele>
        <time>2025-03-30T13:23:24.287Z</time>
      </trkpt>
      <trkpt lat="46.442807" lon="12.970046">
        <ele>940.3633244852876</ele>
        <time>2025-03-30T13:23:33.047Z</time>
      </trkpt>
      <trkpt lat="46.44312755379212" lon="12.970505276165857">
        <ele>945.7020658111752</ele>
        <time>2025-03-30T13:24:12.508Z</time>
      </trkpt>
      <trkpt lat="46.44337868690491" lon="12.970869541168213">
        <ele>946.5735650924427</ele>
        <time>2025-03-30T13:24:53.870Z</time>
      </trkpt>
      <trkpt lat="46.44337868690491" lon="12.970869541168213">
        <ele>946.5735650924427</ele>
        <time>2025-03-30T13:24:53.870Z</time>
      </trkpt>
      <trkpt lat="46.44358932971954" lon="12.97098171710968">
        <ele>947.6166700852682</ele>
        <time>2025-03-30T13:25:10.871Z</time>
      </trkpt>
      <trkpt lat="46.44363713264465" lon="12.970970392227173">
        <ele>948.6171473865938</ele>
        <time>2025-03-30T13:25:14.871Z</time>
      </trkpt>
      <trkpt lat="46.4437575340271" lon="12.970856070518494">
        <ele>953.5530049591001</ele>
        <time>2025-03-30T13:25:25.871Z</time>
      </trkpt>
      <trkpt lat="46.44392442703247" lon="12.970770478248596">
        <ele>958.3834975586354</ele>
        <time>2025-03-30T13:25:38.871Z</time>
      </trkpt>
      <trkpt lat="46.443984627723694" lon="12.970569133758545">
        <ele>965.8327128037309</ele>
        <time>2025-03-30T13:25:49.871Z</time>
      </trkpt>
      <trkpt lat="46.44404137134552" lon="12.97051727771759">
        <ele>967.9582860861094</ele>
        <time>2025-03-30T13:25:55.871Z</time>
      </trkpt>
      <trkpt lat="46.444053173065186" lon="12.970965385437012">
        <ele>957.1821926498241</ele>
        <time>2025-03-30T13:26:21.871Z</time>
      </trkpt>
      <trkpt lat="46.44417226314545" lon="12.971274137496948">
        <ele>959.399081879898</ele>
        <time>2025-03-30T13:26:40.871Z</time>
      </trkpt>
      <trkpt lat="46.444196820259094" lon="12.971575617790222">
        <ele>959.0383313705089</ele>
        <time>2025-03-30T13:27:00.871Z</time>
      </trkpt>
      <trkpt lat="46.44432306289673" lon="12.971712708473206">
        <ele>962.6850740030417</ele>
        <time>2025-03-30T13:27:15.871Z</time>
      </trkpt>
      <trkpt lat="46.444515347480774" lon="12.971750497817993">
        <ele>969.2249559466295</ele>
        <time>2025-03-30T13:27:31.871Z</time>
      </trkpt>
      <trkpt lat="46.44457399845123" lon="12.972028613090515">
        <ele>969.9295796679335</ele>
        <time>2025-03-30T13:27:49.871Z</time>
      </trkpt>
      <trkpt lat="46.444780111312866" lon="12.972273230552673">
        <ele>977.0200818839846</ele>
        <time>2025-03-30T13:28:14.871Z</time>
      </trkpt>
      <trkpt lat="46.44472658634186" lon="12.972461700439453">
        <ele>975.3690027480018</ele>
        <time>2025-03-30T13:28:30.871Z</time>
      </trkpt>
      <trkpt lat="46.44476664066315" lon="12.972517848014832">
        <ele>976.5903748652908</ele>
        <time>2025-03-30T13:28:36.871Z</time>
      </trkpt>
      <trkpt lat="46.44491124153137" lon="12.972472071647644">
        <ele>980.4366559494074</ele>
        <time>2025-03-30T13:28:58.871Z</time>
      </trkpt>
      <trkpt lat="46.4450318813324" lon="12.972581505775452">
        <ele>981.3714450713032</ele>
        <time>2025-03-30T13:29:12.871Z</time>
      </trkpt>
      <trkpt lat="46.445082902908325" lon="12.97270393371582">
        <ele>979.7021138762443</ele>
        <time>2025-03-30T13:29:22.871Z</time>
      </trkpt>
      <trkpt lat="46.44513738155365" lon="12.972606539726257">
        <ele>981.6910456193486</ele>
        <time>2025-03-30T13:29:35.871Z</time>
      </trkpt>
      <trkpt lat="46.44529402256012" lon="12.972480177879333">
        <ele>985.6771367891164</ele>
        <time>2025-03-30T13:29:53.871Z</time>
      </trkpt>
      <trkpt lat="46.44536375999451" lon="12.972357034683228">
        <ele>990.6975421563096</ele>
        <time>2025-03-30T13:30:04.871Z</time>
      </trkpt>
      <trkpt lat="46.44544339179993" lon="12.972197771072388">
        <ele>998.3575037217316</ele>
        <time>2025-03-30T13:30:22.871Z</time>
      </trkpt>
      <trkpt lat="46.44534349441528" lon="12.971994161605835">
        <ele>999.5826718059841</ele>
        <time>2025-03-30T13:30:51.871Z</time>
      </trkpt>
      <trkpt lat="46.44543015956879" lon="12.971922755241394">
        <ele>1004.7319479216068</ele>
        <time>2025-03-30T13:31:06.871Z</time>
      </trkpt>
      <trkpt lat="46.44552552700043" lon="12.971747398376465">
        <ele>1011.5640869959424</ele>
        <time>2025-03-30T13:31:24.871Z</time>
      </trkpt>
      <trkpt lat="46.44561278820038" lon="12.971735835075378">
        <ele>1015.3543339847135</ele>
        <time>2025-03-30T13:31:41.871Z</time>
      </trkpt>
      <trkpt lat="46.44565570354462" lon="12.971584677696228">
        <ele>1019.5188936461877</ele>
        <time>2025-03-30T13:32:01.871Z</time>
      </trkpt>
      <trkpt lat="46.44571268558502" lon="12.971539378166199">
        <ele>1022.6911442967601</ele>
        <time>2025-03-30T13:32:12.871Z</time>
      </trkpt>
      <trkpt lat="46.445757269859314" lon="12.971620559692383">
        <ele>1023.2016896119715</ele>
        <time>2025-03-30T13:32:21.871Z</time>
      </trkpt>
      <trkpt lat="46.44589006900787" lon="12.971652269363403">
        <ele>1027.737020282319</ele>
        <time>2025-03-30T13:32:44.871Z</time>
      </trkpt>
      <trkpt lat="46.44617033004761" lon="12.971447467803955">
        <ele>1042.3127650032693</ele>
        <time>2025-03-30T13:33:20.871Z</time>
      </trkpt>
      <trkpt lat="46.44623267650604" lon="12.971467852592468">
        <ele>1044.6543675723756</ele>
        <time>2025-03-30T13:33:32.871Z</time>
      </trkpt>
      <trkpt lat="46.446252942085266" lon="12.971523761749268">
        <ele>1044.7456778283547</ele>
        <time>2025-03-30T13:33:43.871Z</time>
      </trkpt>
      <trkpt lat="46.446370363235474" lon="12.97135305404663">
        <ele>1052.505872781102</ele>
        <time>2025-03-30T13:34:02.871Z</time>
      </trkpt>
      <trkpt lat="46.446370363235474" lon="12.971268892288208">
        <ele>1053.742874575096</ele>
        <time>2025-03-30T13:34:10.871Z</time>
      </trkpt>
      <trkpt lat="46.44631767272949" lon="12.971190929412842">
        <ele>1052.8705329852314</ele>
        <time>2025-03-30T13:34:17.871Z</time>
      </trkpt>
      <trkpt lat="46.44619393348694" lon="12.971111416816711">
        <ele>1049.9197849213158</ele>
        <time>2025-03-30T13:34:28.871Z</time>
      </trkpt>
      <trkpt lat="46.446192502975464" lon="12.97101616859436">
        <ele>1052.5156216473797</ele>
        <time>2025-03-30T13:34:38.871Z</time>
      </trkpt>
      <trkpt lat="46.44621193408966" lon="12.970906615257263">
        <ele>1056.441955195885</ele>
        <time>2025-03-30T13:34:49.871Z</time>
      </trkpt>
      <trkpt lat="46.44610011577606" lon="12.970669984817505">
        <ele>1058.6248542075982</ele>
        <time>2025-03-30T13:35:11.871Z</time>
      </trkpt>
      <trkpt lat="46.44601321220398" lon="12.97029435634613">
        <ele>1064.248409286974</ele>
        <time>2025-03-30T13:35:36.871Z</time>
      </trkpt>
      <trkpt lat="46.445879101753235" lon="12.969905734062195">
        <ele>1064.7305338991132</ele>
        <time>2025-03-30T13:36:01.871Z</time>
      </trkpt>
      <trkpt lat="46.4457802772522" lon="12.969770789146423">
        <ele>1060.814700358688</ele>
        <time>2025-03-30T13:36:12.871Z</time>
      </trkpt>
      <trkpt lat="46.4457221031189" lon="12.96958041191101">
        <ele>1058.8532880707558</ele>
        <time>2025-03-30T13:36:22.871Z</time>
      </trkpt>
      <trkpt lat="46.44576859474182" lon="12.96915054321289">
        <ele>1059.7642866032202</ele>
        <time>2025-03-30T13:36:46.871Z</time>
      </trkpt>
      <trkpt lat="46.44566512107849" lon="12.969127893447876">
        <ele>1055.6560783957134</ele>
        <time>2025-03-30T13:36:58.871Z</time>
      </trkpt>
      <trkpt lat="46.44561731815338" lon="12.969056844711304">
        <ele>1053.6257719731896</ele>
        <time>2025-03-30T13:37:06.871Z</time>
      </trkpt>
      <trkpt lat="46.44566881656647" lon="12.968691110610962">
        <ele>1054.2730387702122</ele>
        <time>2025-03-30T13:37:28.871Z</time>
      </trkpt>
      <trkpt lat="46.44546186923981" lon="12.968438386917114">
        <ele>1047.3348052995427</ele>
        <time>2025-03-30T13:37:53.871Z</time>
      </trkpt>
      <trkpt lat="46.445467948913574" lon="12.968218922615051">
        <ele>1048.5328614194889</ele>
        <time>2025-03-30T13:38:07.871Z</time>
      </trkpt>
      <trkpt lat="46.445536732673645" lon="12.967788696289062">
        <ele>1056.8568673434665</ele>
        <time>2025-03-30T13:38:39.875Z</time>
      </trkpt>
      <trkpt lat="46.445519" lon="12.967798">
        <ele>1055.9432174649528</ele>
        <time>2025-03-30T13:38:41.858Z</time>
      </trkpt>
      <trkpt lat="46.445512" lon="12.967773">
        <ele>1056.1194019246923</ele>
        <time>2025-03-30T13:38:43.813Z</time>
      </trkpt>
      <trkpt lat="46.445513" lon="12.967677">
        <ele>1058.0897156328297</ele>
        <time>2025-03-30T13:38:50.770Z</time>
      </trkpt>
      <trkpt lat="46.445539" lon="12.967613">
        <ele>1060.4268930254461</ele>
        <time>2025-03-30T13:38:56.153Z</time>
      </trkpt>
      <trkpt lat="46.445546" lon="12.967587">
        <ele>1061.2958985905127</ele>
        <time>2025-03-30T13:38:58.191Z</time>
      </trkpt>
      <trkpt lat="46.445562" lon="12.96753">
        <ele>1063.3199558466263</ele>
        <time>2025-03-30T13:39:02.685Z</time>
      </trkpt>
      <trkpt lat="46.445553" lon="12.967475">
        <ele>1064.5506348952151</ele>
        <time>2025-03-30T13:39:06.813Z</time>
      </trkpt>
      <trkpt lat="46.445523" lon="12.967415">
        <ele>1065.5942701020308</ele>
        <time>2025-03-30T13:39:12.226Z</time>
      </trkpt>
      <trkpt lat="46.445414" lon="12.96735">
        <ele>1064.757141159645</ele>
        <time>2025-03-30T13:39:24.715Z</time>
      </trkpt>
      <trkpt lat="46.445394" lon="12.967338">
        <ele>1064.6610927776674</ele>
        <time>2025-03-30T13:39:27.008Z</time>
      </trkpt>
      <trkpt lat="46.445329" lon="12.967312">
        <ele>1063.9058731184293</ele>
        <time>2025-03-30T13:39:34.153Z</time>
      </trkpt>
      <trkpt lat="46.445245" lon="12.967292">
        <ele>1062.5797019520783</ele>
        <time>2025-03-30T13:39:43.174Z</time>
      </trkpt>
      <trkpt lat="46.444869" lon="12.967266">
        <ele>1055.276733366005</ele>
        <time>2025-03-30T13:40:23.067Z</time>
      </trkpt>
      <trkpt lat="46.444826" lon="12.967232">
        <ele>1054.6890114461355</ele>
        <time>2025-03-30T13:40:28.256Z</time>
      </trkpt>
      <trkpt lat="46.444789" lon="12.967187">
        <ele>1054.4162537989764</ele>
        <time>2025-03-30T13:40:33.372Z</time>
      </trkpt>
      <trkpt lat="46.44476" lon="12.967128">
        <ele>1054.4398116059074</ele>
        <time>2025-03-30T13:40:38.664Z</time>
      </trkpt>
      <trkpt lat="46.444743" lon="12.967066">
        <ele>1054.8650397394529</ele>
        <time>2025-03-30T13:40:43.536Z</time>
      </trkpt>
      <trkpt lat="46.444726" lon="12.966928">
        <ele>1056.369008696263</ele>
        <time>2025-03-30T13:40:53.773Z</time>
      </trkpt>
      <trkpt lat="46.44472" lon="12.966845">
        <ele>1057.3908432787064</ele>
        <time>2025-03-30T13:40:59.867Z</time>
      </trkpt>
      <trkpt lat="46.444717" lon="12.966795">
        <ele>1058.024033185328</ele>
        <time>2025-03-30T13:41:03.532Z</time>
      </trkpt>
      <trkpt lat="46.444607" lon="12.966215">
        <ele>1060.0888166434133</ele>
        <time>2025-03-30T13:41:47.462Z</time>
      </trkpt>
      <trkpt lat="46.444587" lon="12.966034">
        <ele>1060.337031582338</ele>
        <time>2025-03-30T13:42:00.848Z</time>
      </trkpt>
      <trkpt lat="46.444575" lon="12.965849">
        <ele>1061.0881988897906</ele>
        <time>2025-03-30T13:42:14.417Z</time>
      </trkpt>
      <trkpt lat="46.444578" lon="12.965759">
        <ele>1061.7322463004768</ele>
        <time>2025-03-30T13:42:20.997Z</time>
      </trkpt>
      <trkpt lat="46.444561" lon="12.965718">
        <ele>1061.6287175357813</ele>
        <time>2025-03-30T13:42:24.491Z</time>
      </trkpt>
      <trkpt lat="46.444564" lon="12.965609">
        <ele>1062.6219872350828</ele>
        <time>2025-03-30T13:42:32.457Z</time>
      </trkpt>
      <trkpt lat="46.444553" lon="12.965546">
        <ele>1062.9127803354493</ele>
        <time>2025-03-30T13:42:37.203Z</time>
      </trkpt>
      <trkpt lat="46.444522" lon="12.965545">
        <ele>1062.0986777436253</ele>
        <time>2025-03-30T13:42:40.489Z</time>
      </trkpt>
      <trkpt lat="46.444505" lon="12.965377">
        <ele>1063.2766135489805</ele>
        <time>2025-03-30T13:42:52.888Z</time>
      </trkpt>
      <trkpt lat="46.444443" lon="12.964935">
        <ele>1068.3142995623673</ele>
        <time>2025-03-30T13:43:25.827Z</time>
      </trkpt>
      <trkpt lat="46.444348" lon="12.964605">
        <ele>1070.6083513876006</ele>
        <time>2025-03-30T13:43:51.944Z</time>
      </trkpt>
      <trkpt lat="46.444334" lon="12.964213">
        <ele>1077.2753209037708</ele>
        <time>2025-03-30T13:44:20.608Z</time>
      </trkpt>
      <trkpt lat="46.444255" lon="12.9638">
        <ele>1083.8720471554448</ele>
        <time>2025-03-30T13:44:51.908Z</time>
      </trkpt>
      <trkpt lat="46.444236" lon="12.963698">
        <ele>1084.6862032372192</ele>
        <time>2025-03-30T13:44:59.612Z</time>
      </trkpt>
      <trkpt lat="46.443892" lon="12.963379">
        <ele>1076.0656815519894</ele>
        <time>2025-03-30T13:45:42.811Z</time>
      </trkpt>
      <trkpt lat="46.443913" lon="12.963301">
        <ele>1076.7890249100935</ele>
        <time>2025-03-30T13:45:48.917Z</time>
      </trkpt>
      <trkpt lat="46.443922" lon="12.963206">
        <ele>1077.2046614225726</ele>
        <time>2025-03-30T13:45:55.909Z</time>
      </trkpt>
      <trkpt lat="46.443915" lon="12.963096">
        <ele>1077.2064400501565</ele>
        <time>2025-03-30T13:46:03.964Z</time>
      </trkpt>
      <trkpt lat="46.443876" lon="12.962794">
        <ele>1077.6637807824573</ele>
        <time>2025-03-30T13:46:26.368Z</time>
      </trkpt>
      <trkpt lat="46.443864" lon="12.962741">
        <ele>1077.7739106962003</ele>
        <time>2025-03-30T13:46:30.435Z</time>
      </trkpt>
      <trkpt lat="46.443848" lon="12.962722">
        <ele>1077.550123410254</ele>
        <time>2025-03-30T13:46:32.622Z</time>
      </trkpt>
      <trkpt lat="46.443893" lon="12.962687">
        <ele>1078.907539798854</ele>
        <time>2025-03-30T13:46:38.024Z</time>
      </trkpt>
      <trkpt lat="46.443934" lon="12.962615">
        <ele>1080.5332472349755</ele>
        <time>2025-03-30T13:46:44.834Z</time>
      </trkpt>
      <trkpt lat="46.443958" lon="12.962506">
        <ele>1081.9165476544724</ele>
        <time>2025-03-30T13:46:53.177Z</time>
      </trkpt>
      <trkpt lat="46.443981" lon="12.962074">
        <ele>1084.5446281273387</ele>
        <time>2025-03-30T13:47:24.770Z</time>
      </trkpt>
      <trkpt lat="46.444052" lon="12.960851">
        <ele>1089.660198387548</ele>
        <time>2025-03-30T13:48:54.263Z</time>
      </trkpt>
      <trkpt lat="46.444071" lon="12.960769">
        <ele>1090.0663718440926</ele>
        <time>2025-03-30T13:49:00.571Z</time>
      </trkpt>
      <trkpt lat="46.444132" lon="12.960627">
        <ele>1090.912877507595</ele>
        <time>2025-03-30T13:49:12.772Z</time>
      </trkpt>
      <trkpt lat="46.445189" lon="12.959068">
        <ele>1092.9858842291108</ele>
        <time>2025-03-30T13:51:52.249Z</time>
      </trkpt>
      <trkpt lat="46.445206" lon="12.959007">
        <ele>1092.251566425153</ele>
        <time>2025-03-30T13:51:57.046Z</time>
      </trkpt>
      <trkpt lat="46.445228" lon="12.958971">
        <ele>1091.90038383744</ele>
        <time>2025-03-30T13:52:00.554Z</time>
      </trkpt>
      <trkpt lat="46.445405" lon="12.958806">
        <ele>1089.6662818948848</ele>
        <time>2025-03-30T13:52:22.815Z</time>
      </trkpt>
      <trkpt lat="46.445523" lon="12.95865">
        <ele>1085.888920614635</ele>
        <time>2025-03-30T13:52:39.705Z</time>
      </trkpt>
      <trkpt lat="46.445489" lon="12.9585878">
        <ele>1085.1100237024016</ele>
        <time>2025-03-30T13:52:44.569Z</time>
      </trkpt>
      <trkpt lat="46.4454814" lon="12.9585472">
        <ele>1084.488325853737</ele>
        <time>2025-03-30T13:52:45.569Z</time>
      </trkpt>
      <trkpt lat="46.4454712" lon="12.958505">
        <ele>1083.9541405481104</ele>
        <time>2025-03-30T13:52:46.569Z</time>
      </trkpt>
      <trkpt lat="46.4454571" lon="12.9584609">
        <ele>1083.4161232036392</ele>
        <time>2025-03-30T13:52:47.569Z</time>
      </trkpt>
      <trkpt lat="46.4454405" lon="12.958418">
        <ele>1082.9341575291483</ele>
        <time>2025-03-30T13:52:48.569Z</time>
      </trkpt>
      <trkpt lat="46.445402" lon="12.9583556">
        <ele>1082.262687718694</ele>
        <time>2025-03-30T13:52:50.569Z</time>
      </trkpt>
      <trkpt lat="46.4453855" lon="12.9583354">
        <ele>1082.0220981056239</ele>
        <time>2025-03-30T13:52:51.569Z</time>
      </trkpt>
      <trkpt lat="46.4453407" lon="12.958288">
        <ele>1081.3428398671808</ele>
        <time>2025-03-30T13:52:56.569Z</time>
      </trkpt>
      <trkpt lat="46.4453426" lon="12.9582855">
        <ele>1081.2888498655304</ele>
        <time>2025-03-30T13:53:02.569Z</time>
      </trkpt>
      <trkpt lat="46.4453488" lon="12.9582844">
        <ele>1081.2564845341376</ele>
        <time>2025-03-30T13:53:08.569Z</time>
      </trkpt>
      <trkpt lat="46.4453548" lon="12.9582768">
        <ele>1081.0942291299543</ele>
        <time>2025-03-30T13:53:09.569Z</time>
      </trkpt>
      <trkpt lat="46.4453631" lon="12.958259">
        <ele>1080.7276601558515</ele>
        <time>2025-03-30T13:53:14.569Z</time>
      </trkpt>
      <trkpt lat="46.4453662" lon="12.958254">
        <ele>1080.6249567313457</ele>
        <time>2025-03-30T13:53:15.569Z</time>
      </trkpt>
      <trkpt lat="46.4453733" lon="12.9582475">
        <ele>1080.476869390402</ele>
        <time>2025-03-30T13:53:16.569Z</time>
      </trkpt>
      <trkpt lat="46.4453936" lon="12.9582275">
        <ele>1080.0302061242612</ele>
        <time>2025-03-30T13:53:18.569Z</time>
      </trkpt>
      <trkpt lat="46.4453989" lon="12.958216">
        <ele>1079.8020607199678</ele>
        <time>2025-03-30T13:53:19.569Z</time>
      </trkpt>
      <trkpt lat="46.4453963" lon="12.9582099">
        <ele>1079.6937508642227</ele>
        <time>2025-03-30T13:53:20.569Z</time>
      </trkpt>
      <trkpt lat="46.4453961" lon="12.9581983">
        <ele>1079.4748537751125</ele>
        <time>2025-03-30T13:53:24.569Z</time>
      </trkpt>
      <trkpt lat="46.4453901" lon="12.9581902">
        <ele>1079.3275564093096</ele>
        <time>2025-03-30T13:53:26.569Z</time>
      </trkpt>
      <trkpt lat="46.4453838" lon="12.9581846">
        <ele>1079.2274871820105</ele>
        <time>2025-03-30T13:53:27.569Z</time>
      </trkpt>
      <trkpt lat="46.4453678" lon="12.9581792">
        <ele>1079.140734759673</ele>
        <time>2025-03-30T13:53:29.569Z</time>
      </trkpt>
      <trkpt lat="46.4453527" lon="12.9581694">
        <ele>1078.9268065508104</ele>
        <time>2025-03-30T13:53:31.569Z</time>
      </trkpt>
      <trkpt lat="46.4453381" lon="12.9581605">
        <ele>1078.7209585988837</ele>
        <time>2025-03-30T13:53:34.569Z</time>
      </trkpt>
      <trkpt lat="46.4453413" lon="12.9581604">
        <ele>1078.7241493254894</ele>
        <time>2025-03-30T13:53:36.569Z</time>
      </trkpt>
      <trkpt lat="46.4453424" lon="12.9581599">
        <ele>1078.715553411068</ele>
        <time>2025-03-30T13:53:37.569Z</time>
      </trkpt>
      <trkpt lat="46.4453427" lon="12.9581589">
        <ele>1078.6952380308326</ele>
        <time>2025-03-30T13:53:43.569Z</time>
      </trkpt>
      <trkpt lat="46.445343" lon="12.9581595">
        <ele>1078.7082350300466</ele>
        <time>2025-03-30T13:53:47.569Z</time>
      </trkpt>
      <trkpt lat="46.4453415" lon="12.9581605">
        <ele>1078.726566443057</ele>
        <time>2025-03-30T13:53:51.569Z</time>
      </trkpt>
      <trkpt lat="46.4453293" lon="12.9581565">
        <ele>1078.6210632114542</ele>
        <time>2025-03-30T13:53:55.569Z</time>
      </trkpt>
      <trkpt lat="46.4453291" lon="12.9581557">
        <ele>1078.6036193208784</ele>
        <time>2025-03-30T13:53:56.569Z</time>
      </trkpt>
      <trkpt lat="46.4453279" lon="12.9581603">
        <ele>1078.6998549877544</ele>
        <time>2025-03-30T13:54:02.569Z</time>
      </trkpt>
      <trkpt lat="46.445326" lon="12.9581533">
        <ele>1078.546379386303</ele>
        <time>2025-03-30T13:54:08.569Z</time>
      </trkpt>
      <trkpt lat="46.4453174" lon="12.9581558">
        <ele>1078.5842904514773</ele>
        <time>2025-03-30T13:54:11.569Z</time>
      </trkpt>
      <trkpt lat="46.4453015" lon="12.9581483">
        <ele>1078.368944359333</ele>
        <time>2025-03-30T13:54:13.569Z</time>
      </trkpt>
      <trkpt lat="46.4452907" lon="12.9581407">
        <ele>1078.14990924936</ele>
        <time>2025-03-30T13:54:14.569Z</time>
      </trkpt>
      <trkpt lat="46.4452808" lon="12.9581369">
        <ele>1078.0181579862146</ele>
        <time>2025-03-30T13:54:15.569Z</time>
      </trkpt>
      <trkpt lat="46.4452647" lon="12.9581361">
        <ele>1077.92453876937</ele>
        <time>2025-03-30T13:54:17.569Z</time>
      </trkpt>
      <trkpt lat="46.4452533" lon="12.9581328">
        <ele>1077.7944201743835</ele>
        <time>2025-03-30T13:54:19.569Z</time>
      </trkpt>
      <trkpt lat="46.4452367" lon="12.9581233">
        <ele>1077.4464417746472</ele>
        <time>2025-03-30T13:54:21.569Z</time>
      </trkpt>
      <trkpt lat="46.4452279" lon="12.9581163">
        <ele>1077.2065086046098</ele>
        <time>2025-03-30T13:54:22.569Z</time>
      </trkpt>
      <trkpt lat="46.445193" lon="12.9581164">
        <ele>1076.9139698513586</ele>
        <time>2025-03-30T13:54:26.569Z</time>
      </trkpt>
      <trkpt lat="46.4451477" lon="12.9581245">
        <ele>1076.6563726898294</ele>
        <time>2025-03-30T13:54:30.569Z</time>
      </trkpt>
      <trkpt lat="46.4451401" lon="12.9581259">
        <ele>1076.6135229911201</ele>
        <time>2025-03-30T13:54:31.569Z</time>
      </trkpt>
      <trkpt lat="46.4451215" lon="12.9581309">
        <ele>1076.4949585363047</ele>
        <time>2025-03-30T13:54:37.569Z</time>
      </trkpt>
      <trkpt lat="46.4451033" lon="12.9581346">
        <ele>1076.3085230134905</ele>
        <time>2025-03-30T13:54:39.569Z</time>
      </trkpt>
      <trkpt lat="46.445044" lon="12.9581408">
        <ele>1075.4472280467094</ele>
        <time>2025-03-30T13:54:44.569Z</time>
      </trkpt>
      <trkpt lat="46.4450315" lon="12.958144">
        <ele>1075.2844589039698</ele>
        <time>2025-03-30T13:54:45.569Z</time>
      </trkpt>
      <trkpt lat="46.4450085" lon="12.9581506">
        <ele>1074.975328233746</ele>
        <time>2025-03-30T13:54:47.569Z</time>
      </trkpt>
      <trkpt lat="46.444963" lon="12.958174">
        <ele>1074.4435135428807</ele>
        <time>2025-03-30T13:54:51.569Z</time>
      </trkpt>
      <trkpt lat="46.4449564" lon="12.9581843">
        <ele>1074.5272860717973</ele>
        <time>2025-03-30T13:54:52.569Z</time>
      </trkpt>
      <trkpt lat="46.4449326" lon="12.9582147">
        <ele>1074.5986609414233</ele>
        <time>2025-03-30T13:54:58.569Z</time>
      </trkpt>
      <trkpt lat="46.4449145" lon="12.958208">
        <ele>1073.9528687691327</ele>
        <time>2025-03-30T13:55:04.569Z</time>
      </trkpt>
      <trkpt lat="46.444907" lon="12.958205">
        <ele>1073.6800614621504</ele>
        <time>2025-03-30T13:55:08.569Z</time>
      </trkpt>
      <trkpt lat="46.4449045" lon="12.9582098">
        <ele>1073.7242754947406</ele>
        <time>2025-03-30T13:55:10.569Z</time>
      </trkpt>
      <trkpt lat="46.4448964" lon="12.9582242">
        <ele>1073.8406854357581</ele>
        <time>2025-03-30T13:55:12.569Z</time>
      </trkpt>
      <trkpt lat="46.4448474" lon="12.9582973">
        <ele>1073.9631825781644</ele>
        <time>2025-03-30T13:55:15.569Z</time>
      </trkpt>
      <trkpt lat="46.4447819" lon="12.9583765">
        <ele>1073.5223153919478</ele>
        <time>2025-03-30T13:55:19.569Z</time>
      </trkpt>
      <trkpt lat="46.4447685" lon="12.9583848">
        <ele>1073.2674146147456</ele>
        <time>2025-03-30T13:55:20.569Z</time>
      </trkpt>
      <trkpt lat="46.4447548" lon="12.9583928">
        <ele>1073.0043798779382</ele>
        <time>2025-03-30T13:55:21.569Z</time>
      </trkpt>
      <trkpt lat="46.4447409" lon="12.9584019">
        <ele>1072.7592702987615</ele>
        <time>2025-03-30T13:55:22.569Z</time>
      </trkpt>
      <trkpt lat="46.4447031" lon="12.9584927">
        <ele>1073.5414920528892</ele>
        <time>2025-03-30T13:55:25.569Z</time>
      </trkpt>
      <trkpt lat="46.4446953" lon="12.9585249">
        <ele>1073.9793802966835</ele>
        <time>2025-03-30T13:55:26.569Z</time>
      </trkpt>
      <trkpt lat="46.4446804" lon="12.9585678">
        <ele>1074.441866808159</ele>
        <time>2025-03-30T13:55:28.569Z</time>
      </trkpt>
      <trkpt lat="46.4446664" lon="12.9586104">
        <ele>1074.9583937131333</ele>
        <time>2025-03-30T13:55:30.569Z</time>
      </trkpt>
      <trkpt lat="46.4446616" lon="12.9586259">
        <ele>1075.1606425679877</ele>
        <time>2025-03-30T13:55:31.569Z</time>
      </trkpt>
      <trkpt lat="46.4446612" lon="12.9586358">
        <ele>1075.3679715265991</ele>
        <time>2025-03-30T13:55:35.569Z</time>
      </trkpt>
      <trkpt lat="46.4446552" lon="12.9586189">
        <ele>1074.8155533479069</ele>
        <time>2025-03-30T13:55:37.569Z</time>
      </trkpt>
      <trkpt lat="46.4446426" lon="12.9585561">
        <ele>1073.0418911972556</ele>
        <time>2025-03-30T13:55:40.569Z</time>
      </trkpt>
      <trkpt lat="46.4446377" lon="12.9585337">
        <ele>1072.4059145170977</ele>
        <time>2025-03-30T13:55:41.569Z</time>
      </trkpt>
      <trkpt lat="46.4446308" lon="12.9584977">
        <ele>1071.4195527779239</ele>
        <time>2025-03-30T13:55:43.569Z</time>
      </trkpt>
      <trkpt lat="46.4446229" lon="12.9584911">
        <ele>1071.0285861306677</ele>
        <time>2025-03-30T13:55:44.569Z</time>
      </trkpt>
      <trkpt lat="46.4446183" lon="12.958497">
        <ele>1071.0120603983914</ele>
        <time>2025-03-30T13:55:45.569Z</time>
      </trkpt>
      <trkpt lat="46.4446167" lon="12.95852">
        <ele>1071.4631845581048</ele>
        <time>2025-03-30T13:55:47.569Z</time>
      </trkpt>
      <trkpt lat="46.4445991" lon="12.9585747">
        <ele>1072.1292387569597</ele>
        <time>2025-03-30T13:55:50.569Z</time>
      </trkpt>
      <trkpt lat="46.444574" lon="12.958611">
        <ele>1072.1590268900502</ele>
        <time>2025-03-30T13:55:52.569Z</time>
      </trkpt>
      <trkpt lat="46.4445596" lon="12.9586308">
        <ele>1072.1688144142759</ele>
        <time>2025-03-30T13:55:53.569Z</time>
      </trkpt>
      <trkpt lat="46.4445296" lon="12.9586663">
        <ele>1071.9949140845933</ele>
        <time>2025-03-30T13:55:55.569Z</time>
      </trkpt>
      <trkpt lat="46.4445174" lon="12.9586832">
        <ele>1071.9518373379085</ele>
        <time>2025-03-30T13:55:56.569Z</time>
      </trkpt>
      <trkpt lat="46.4445042" lon="12.9586992">
        <ele>1071.862163266661</ele>
        <time>2025-03-30T13:55:57.569Z</time>
      </trkpt>
      <trkpt lat="46.444481" lon="12.9587063">
        <ele>1071.2344565482344</ele>
        <time>2025-03-30T13:55:58.569Z</time>
      </trkpt>
      <trkpt lat="46.4444393" lon="12.9587343">
        <ele>1070.4004881738815</ele>
        <time>2025-03-30T13:56:00.569Z</time>
      </trkpt>
      <trkpt lat="46.4444093" lon="12.9587447">
        <ele>1069.5253745871044</ele>
        <time>2025-03-30T13:56:02.569Z</time>
      </trkpt>
      <trkpt lat="46.4443972" lon="12.9587407">
        <ele>1068.945708121875</ele>
        <time>2025-03-30T13:56:03.569Z</time>
      </trkpt>
      <trkpt lat="46.4443848" lon="12.9587391">
        <ele>1068.4097621622427</ele>
        <time>2025-03-30T13:56:05.569Z</time>
      </trkpt>
      <trkpt lat="46.4443691" lon="12.958736">
        <ele>1067.7039123780005</ele>
        <time>2025-03-30T13:56:09.569Z</time>
      </trkpt>
      <trkpt lat="46.4443679" lon="12.958737">
        <ele>1067.6800264518774</ele>
        <time>2025-03-30T13:56:10.569Z</time>
      </trkpt>
      <trkpt lat="46.4443857" lon="12.9587103">
        <ele>1067.7541655846755</ele>
        <time>2025-03-30T13:56:15.569Z</time>
      </trkpt>
      <trkpt lat="46.4443953" lon="12.9586968">
        <ele>1067.823369980076</ele>
        <time>2025-03-30T13:56:16.569Z</time>
      </trkpt>
      <trkpt lat="46.4443893" lon="12.958651">
        <ele>1066.4806616464682</ele>
        <time>2025-03-30T13:56:19.569Z</time>
      </trkpt>
      <trkpt lat="46.4443835" lon="12.9586547">
        <ele>1066.3267455504956</ele>
        <time>2025-03-30T13:56:20.569Z</time>
      </trkpt>
      <trkpt lat="46.4443763" lon="12.9586615">
        <ele>1066.1902686227058</ele>
        <time>2025-03-30T13:56:21.569Z</time>
      </trkpt>
      <trkpt lat="46.4443545" lon="12.9586786">
        <ele>1065.6885881473522</ele>
        <time>2025-03-30T13:56:23.569Z</time>
      </trkpt>
      <trkpt lat="46.4443229" lon="12.9587018">
        <ele>1064.9146401602165</ele>
        <time>2025-03-30T13:56:25.569Z</time>
      </trkpt>
      <trkpt lat="46.4443074" lon="12.9587168">
        <ele>1064.6381100400313</ele>
        <time>2025-03-30T13:56:26.569Z</time>
      </trkpt>
      <trkpt lat="46.4442653" lon="12.9587473">
        <ele>1063.6554781352006</ele>
        <time>2025-03-30T13:56:29.569Z</time>
      </trkpt>
      <trkpt lat="46.4442592" lon="12.9587591">
        <ele>1063.7314512568082</ele>
        <time>2025-03-30T13:56:30.569Z</time>
      </trkpt>
      <trkpt lat="46.4442362" lon="12.9587692">
        <ele>1063.050058412596</ele>
        <time>2025-03-30T13:56:31.569Z</time>
      </trkpt>
      <trkpt lat="46.4442212" lon="12.9587719">
        <ele>1062.49362604263</ele>
        <time>2025-03-30T13:56:32.569Z</time>
      </trkpt>
      <trkpt lat="46.4442126" lon="12.9587662">
        <ele>1061.9519178028802</ele>
        <time>2025-03-30T13:56:34.569Z</time>
      </trkpt>
      <trkpt lat="46.4442066" lon="12.9587556">
        <ele>1061.3627365551527</ele>
        <time>2025-03-30T13:56:36.569Z</time>
      </trkpt>
      <trkpt lat="46.4442111" lon="12.9587459">
        <ele>1061.2562275081032</ele>
        <time>2025-03-30T13:56:37.569Z</time>
      </trkpt>
      <trkpt lat="46.4442282" lon="12.9586686">
        <ele>1059.6813073160886</ele>
        <time>2025-03-30T13:56:40.569Z</time>
      </trkpt>
      <trkpt lat="46.4442297" lon="12.9586531">
        <ele>1059.2889331864885</ele>
        <time>2025-03-30T13:56:41.569Z</time>
      </trkpt>
      <trkpt lat="46.4442262" lon="12.9586323">
        <ele>1058.4873246675045</ele>
        <time>2025-03-30T13:56:42.569Z</time>
      </trkpt>
      <trkpt lat="46.4442191" lon="12.9585757">
        <ele>1056.2352505916826</ele>
        <time>2025-03-30T13:56:44.569Z</time>
      </trkpt>
      <trkpt lat="46.4442051" lon="12.9585657">
        <ele>1055.1177819983286</ele>
        <time>2025-03-30T13:56:46.569Z</time>
      </trkpt>
      <trkpt lat="46.4442012" lon="12.9585703">
        <ele>1055.060185421449</ele>
        <time>2025-03-30T13:56:48.569Z</time>
      </trkpt>
      <trkpt lat="46.4441933" lon="12.9585768">
        <ele>1054.8521300252999</ele>
        <time>2025-03-30T13:56:49.569Z</time>
      </trkpt>
      <trkpt lat="46.444159" lon="12.9585811">
        <ele>1053.0653366045462</ele>
        <time>2025-03-30T13:56:51.569Z</time>
      </trkpt>
      <trkpt lat="46.4441399" lon="12.9585908">
        <ele>1052.3514854461232</ele>
        <time>2025-03-30T13:56:52.569Z</time>
      </trkpt>
      <trkpt lat="46.4441239" lon="12.9585937">
        <ele>1051.5583987972636</ele>
        <time>2025-03-30T13:56:53.569Z</time>
      </trkpt>
      <trkpt lat="46.4441028" lon="12.958601">
        <ele>1050.6332651376604</ele>
        <time>2025-03-30T13:56:55.569Z</time>
      </trkpt>
      <trkpt lat="46.4440862" lon="12.9585988">
        <ele>1049.5847216836605</ele>
        <time>2025-03-30T13:56:56.569Z</time>
      </trkpt>
      <trkpt lat="46.4440944" lon="12.9585858">
        <ele>1049.5185805214005</ele>
        <time>2025-03-30T13:56:58.569Z</time>
      </trkpt>
      <trkpt lat="46.4441121" lon="12.9585456">
        <ele>1048.9276858088558</ele>
        <time>2025-03-30T13:57:00.569Z</time>
      </trkpt>
      <trkpt lat="46.4441186" lon="12.9585296">
        <ele>1048.6846540307452</ele>
        <time>2025-03-30T13:57:01.569Z</time>
      </trkpt>
      <trkpt lat="46.4441294" lon="12.9584885">
        <ele>1047.7239945737329</ele>
        <time>2025-03-30T13:57:03.569Z</time>
      </trkpt>
      <trkpt lat="46.4441338" lon="12.9584616">
        <ele>1046.945470022032</ele>
        <time>2025-03-30T13:57:04.569Z</time>
      </trkpt>
      <trkpt lat="46.4441449" lon="12.9584118">
        <ele>1045.609805731192</ele>
        <time>2025-03-30T13:57:06.569Z</time>
      </trkpt>
      <trkpt lat="46.4441451" lon="12.9583751">
        <ele>1044.1108007305997</ele>
        <time>2025-03-30T13:57:07.569Z</time>
      </trkpt>
      <trkpt lat="46.4441488" lon="12.9583216">
        <ele>1042.202121541725</ele>
        <time>2025-03-30T13:57:09.569Z</time>
      </trkpt>
      <trkpt lat="46.4441659" lon="12.9582413">
        <ele>1040.164361894265</ele>
        <time>2025-03-30T13:57:12.569Z</time>
      </trkpt>
      <trkpt lat="46.4441698" lon="12.9582071">
        <ele>1039.0729786945858</ele>
        <time>2025-03-30T13:57:14.569Z</time>
      </trkpt>
      <trkpt lat="46.4441648" lon="12.9581608">
        <ele>1036.962245791066</ele>
        <time>2025-03-30T13:57:17.569Z</time>
      </trkpt>
      <trkpt lat="46.4441481" lon="12.9581396">
        <ele>1034.956605423364</ele>
        <time>2025-03-30T13:57:21.569Z</time>
      </trkpt>
      <trkpt lat="46.4441385" lon="12.9581477">
        <ele>1034.572486494962</ele>
        <time>2025-03-30T13:57:22.569Z</time>
      </trkpt>
      <trkpt lat="46.4441137" lon="12.9581665">
        <ele>1033.563944149344</ele>
        <time>2025-03-30T13:57:24.569Z</time>
      </trkpt>
      <trkpt lat="46.4440735" lon="12.9582069">
        <ele>1032.4089596524846</ele>
        <time>2025-03-30T13:57:27.569Z</time>
      </trkpt>
      <trkpt lat="46.4440398" lon="12.958242">
        <ele>1031.561033120799</ele>
        <time>2025-03-30T13:57:29.569Z</time>
      </trkpt>
      <trkpt lat="46.4439851" lon="12.958293">
        <ele>1030.0245287286125</ele>
        <time>2025-03-30T13:57:32.569Z</time>
      </trkpt>
      <trkpt lat="46.4439635" lon="12.9583082">
        <ele>1029.2742354663092</ele>
        <time>2025-03-30T13:57:33.569Z</time>
      </trkpt>
      <trkpt lat="46.4439472" lon="12.9583216">
        <ele>1028.7978366909085</ele>
        <time>2025-03-30T13:57:34.569Z</time>
      </trkpt>
      <trkpt lat="46.4439173" lon="12.958332">
        <ele>1027.4645994643915</ele>
        <time>2025-03-30T13:57:35.569Z</time>
      </trkpt>
      <trkpt lat="46.4438987" lon="12.9583488">
        <ele>1027.068518140074</ele>
        <time>2025-03-30T13:57:36.569Z</time>
      </trkpt>
      <trkpt lat="46.4438831" lon="12.9583663">
        <ele>1026.9133381817494</ele>
        <time>2025-03-30T13:57:37.569Z</time>
      </trkpt>
      <trkpt lat="46.4438631" lon="12.9583853">
        <ele>1026.6675457104118</ele>
        <time>2025-03-30T13:57:38.569Z</time>
      </trkpt>
      <trkpt lat="46.4438447" lon="12.9584025">
        <ele>1026.4535300080208</ele>
        <time>2025-03-30T13:57:39.569Z</time>
      </trkpt>
      <trkpt lat="46.4438255" lon="12.958418">
        <ele>1026.1406919662</ele>
        <time>2025-03-30T13:57:40.569Z</time>
      </trkpt>
      <trkpt lat="46.4437878" lon="12.9584485">
        <ele>1025.619576584313</ele>
        <time>2025-03-30T13:57:42.569Z</time>
      </trkpt>
      <trkpt lat="46.4437454" lon="12.9584742">
        <ele>1024.8557721463494</ele>
        <time>2025-03-30T13:57:44.569Z</time>
      </trkpt>
      <trkpt lat="46.4437368" lon="12.9584974">
        <ele>1025.6033991622915</ele>
        <time>2025-03-30T13:57:45.569Z</time>
      </trkpt>
      <trkpt lat="46.4437124" lon="12.9585119">
        <ele>1025.1873090319605</ele>
        <time>2025-03-30T13:57:46.569Z</time>
      </trkpt>
      <trkpt lat="46.4436944" lon="12.9585222">
        <ele>1024.9100476908452</ele>
        <time>2025-03-30T13:57:47.569Z</time>
      </trkpt>
      <trkpt lat="46.4436603" lon="12.9585438">
        <ele>1024.5068100766334</ele>
        <time>2025-03-30T13:57:49.569Z</time>
      </trkpt>
      <trkpt lat="46.4436271" lon="12.9585718">
        <ele>1024.4733124149507</ele>
        <time>2025-03-30T13:57:51.569Z</time>
      </trkpt>
      <trkpt lat="46.4435876" lon="12.9586061">
        <ele>1024.4775829859018</ele>
        <time>2025-03-30T13:57:53.569Z</time>
      </trkpt>
      <trkpt lat="46.4435638" lon="12.9586173">
        <ele>1023.9898316884245</ele>
        <time>2025-03-30T13:57:54.569Z</time>
      </trkpt>
      <trkpt lat="46.4435441" lon="12.9586272">
        <ele>1023.599776497438</ele>
        <time>2025-03-30T13:57:55.569Z</time>
      </trkpt>
      <trkpt lat="46.443518" lon="12.9586313">
        <ele>1022.7023982436903</ele>
        <time>2025-03-30T13:57:56.569Z</time>
      </trkpt>
      <trkpt lat="46.4434945" lon="12.9586397">
        <ele>1022.1366724309975</ele>
        <time>2025-03-30T13:57:57.569Z</time>
      </trkpt>
      <trkpt lat="46.4434328" lon="12.9586372">
        <ele>1019.5084848293385</ele>
        <time>2025-03-30T13:57:59.569Z</time>
      </trkpt>
      <trkpt lat="46.443412" lon="12.9586373">
        <ele>1018.6670543658553</ele>
        <time>2025-03-30T13:58:00.569Z</time>
      </trkpt>
      <trkpt lat="46.4433925" lon="12.9586433">
        <ele>1018.141396790371</ele>
        <time>2025-03-30T13:58:01.569Z</time>
      </trkpt>
      <trkpt lat="46.4433388" lon="12.9586847">
        <ele>1017.7635556700177</ele>
        <time>2025-03-30T13:58:04.569Z</time>
      </trkpt>
      <trkpt lat="46.4433174" lon="12.9586935">
        <ele>1017.2485803624152</ele>
        <time>2025-03-30T13:58:05.569Z</time>
      </trkpt>
      <trkpt lat="46.4432693" lon="12.9586941">
        <ele>1015.2419551139235</ele>
        <time>2025-03-30T13:58:07.569Z</time>
      </trkpt>
      <trkpt lat="46.4432426" lon="12.9586914">
        <ele>1013.9938080187424</ele>
        <time>2025-03-30T13:58:08.569Z</time>
      </trkpt>
      <trkpt lat="46.4432085" lon="12.9586863">
        <ele>1012.3078149989211</ele>
        <time>2025-03-30T13:58:09.569Z</time>
      </trkpt>
      <trkpt lat="46.4431013" lon="12.9586631">
        <ele>1006.6507338429146</ele>
        <time>2025-03-30T13:58:11.569Z</time>
      </trkpt>
      <trkpt lat="46.4430513" lon="12.958652">
        <ele>1003.8889538075418</ele>
        <time>2025-03-30T13:58:13.569Z</time>
      </trkpt>
      <trkpt lat="46.4429934" lon="12.9586598">
        <ele>1001.6627765090678</ele>
        <time>2025-03-30T13:58:15.569Z</time>
      </trkpt>
      <trkpt lat="46.4429379" lon="12.9586676">
        <ele>999.4795566194014</ele>
        <time>2025-03-30T13:58:17.569Z</time>
      </trkpt>
      <trkpt lat="46.4429171" lon="12.9586814">
        <ele>999.1350924832195</ele>
        <time>2025-03-30T13:58:18.569Z</time>
      </trkpt>
      <trkpt lat="46.442866" lon="12.9587007">
        <ele>997.5685339797648</ele>
        <time>2025-03-30T13:58:20.569Z</time>
      </trkpt>
      <trkpt lat="46.442844" lon="12.9587152">
        <ele>997.1274569125192</ele>
        <time>2025-03-30T13:58:21.569Z</time>
      </trkpt>
      <trkpt lat="46.442804" lon="12.9587555">
        <ele>996.9685783965346</ele>
        <time>2025-03-30T13:58:24.569Z</time>
      </trkpt>
      <trkpt lat="46.4427938" lon="12.9587616">
        <ele>996.7443143516329</ele>
        <time>2025-03-30T13:58:25.569Z</time>
      </trkpt>
      <trkpt lat="46.4426993" lon="12.9587945">
        <ele>993.3616034114752</ele>
        <time>2025-03-30T13:58:30.569Z</time>
      </trkpt>
      <trkpt lat="46.4426737" lon="12.958806">
        <ele>992.535590302909</ele>
        <time>2025-03-30T13:58:31.569Z</time>
      </trkpt>
      <trkpt lat="46.4426493" lon="12.9588147">
        <ele>991.6606462106694</ele>
        <time>2025-03-30T13:58:32.569Z</time>
      </trkpt>
      <trkpt lat="46.4425652" lon="12.958869">
        <ele>989.6226592597039</ele>
        <time>2025-03-30T13:58:35.569Z</time>
      </trkpt>
      <trkpt lat="46.4425415" lon="12.9588999">
        <ele>989.6909054296096</ele>
        <time>2025-03-30T13:58:36.569Z</time>
      </trkpt>
      <trkpt lat="46.4425174" lon="12.9589249">
        <ele>989.6195691152395</ele>
        <time>2025-03-30T13:58:37.569Z</time>
      </trkpt>
      <trkpt lat="46.4424676" lon="12.9589473">
        <ele>988.2267998281312</ele>
        <time>2025-03-30T13:58:39.569Z</time>
      </trkpt>
      <trkpt lat="46.4424403" lon="12.9589354">
        <ele>986.5712754569404</ele>
        <time>2025-03-30T13:58:40.569Z</time>
      </trkpt>
      <trkpt lat="46.4423864" lon="12.9588959">
        <ele>982.8853285536649</ele>
        <time>2025-03-30T13:58:42.569Z</time>
      </trkpt>
      <trkpt lat="46.4423591" lon="12.9588893">
        <ele>981.6607004132183</ele>
        <time>2025-03-30T13:58:43.569Z</time>
      </trkpt>
      <trkpt lat="46.4423296" lon="12.9588914">
        <ele>980.803321457656</ele>
        <time>2025-03-30T13:58:44.569Z</time>
      </trkpt>
      <trkpt lat="46.4422972" lon="12.9588956">
        <ele>979.9617181280046</ele>
        <time>2025-03-30T13:58:45.569Z</time>
      </trkpt>
      <trkpt lat="46.4422275" lon="12.9589101">
        <ele>978.4288725905367</ele>
        <time>2025-03-30T13:58:47.569Z</time>
      </trkpt>
      <trkpt lat="46.4421892" lon="12.9589223">
        <ele>977.8555191430507</ele>
        <time>2025-03-30T13:58:48.569Z</time>
      </trkpt>
      <trkpt lat="46.4421492" lon="12.9589337">
        <ele>977.2971758131349</ele>
        <time>2025-03-30T13:58:49.569Z</time>
      </trkpt>
      <trkpt lat="46.4421081" lon="12.958939">
        <ele>976.5769715376673</ele>
        <time>2025-03-30T13:58:50.569Z</time>
      </trkpt>
      <trkpt lat="46.4420248" lon="12.9589685">
        <ele>975.9213444993138</ele>
        <time>2025-03-30T13:58:53.569Z</time>
      </trkpt>
      <trkpt lat="46.4420102" lon="12.9589878">
        <ele>976.2646505124407</ele>
        <time>2025-03-30T13:58:54.569Z</time>
      </trkpt>
      <trkpt lat="46.4419774" lon="12.9590185">
        <ele>976.6725764855471</ele>
        <time>2025-03-30T13:58:56.569Z</time>
      </trkpt>
      <trkpt lat="46.4419417" lon="12.9590598">
        <ele>977.3404223733978</ele>
        <time>2025-03-30T13:58:58.569Z</time>
      </trkpt>
      <trkpt lat="46.4419205" lon="12.9590825">
        <ele>977.7841499281934</ele>
        <time>2025-03-30T13:58:59.569Z</time>
      </trkpt>
      <trkpt lat="46.4418301" lon="12.9591223">
        <ele>977.6289294657308</ele>
        <time>2025-03-30T13:59:02.569Z</time>
      </trkpt>
      <trkpt lat="46.4417872" lon="12.9591349">
        <ele>977.2889405532283</ele>
        <time>2025-03-30T13:59:03.569Z</time>
      </trkpt>
      <trkpt lat="46.441741" lon="12.9591469">
        <ele>976.8514618951601</ele>
        <time>2025-03-30T13:59:04.569Z</time>
      </trkpt>
      <trkpt lat="46.4417013" lon="12.9591618">
        <ele>976.7201168518983</ele>
        <time>2025-03-30T13:59:05.569Z</time>
      </trkpt>
      <trkpt lat="46.4416705" lon="12.9591695">
        <ele>976.3571300396703</ele>
        <time>2025-03-30T13:59:06.569Z</time>
      </trkpt>
      <trkpt lat="46.4416425" lon="12.9591717">
        <ele>975.8314081738945</ele>
        <time>2025-03-30T13:59:07.569Z</time>
      </trkpt>
      <trkpt lat="46.4416081" lon="12.9591824">
        <ele>975.5210884171788</ele>
        <time>2025-03-30T13:59:09.569Z</time>
      </trkpt>
      <trkpt lat="46.4415795" lon="12.9591952">
        <ele>975.3852603501184</ele>
        <time>2025-03-30T13:59:11.569Z</time>
      </trkpt>
      <trkpt lat="46.4414744" lon="12.9591877">
        <ele>972.6561290732774</ele>
        <time>2025-03-30T13:59:14.569Z</time>
      </trkpt>
      <trkpt lat="46.4414319" lon="12.9591909">
        <ele>971.7979110017345</ele>
        <time>2025-03-30T13:59:15.569Z</time>
      </trkpt>
      <trkpt lat="46.4413924" lon="12.9591979">
        <ele>971.1614542745035</ele>
        <time>2025-03-30T13:59:16.569Z</time>
      </trkpt>
      <trkpt lat="46.4412813" lon="12.959222">
        <ele>969.7722321480035</ele>
        <time>2025-03-30T13:59:19.569Z</time>
      </trkpt>
      <trkpt lat="46.4412537" lon="12.9592288">
        <ele>969.5205926745632</ele>
        <time>2025-03-30T13:59:20.569Z</time>
      </trkpt>
      <trkpt lat="46.4412167" lon="12.9592396">
        <ele>969.295412550467</ele>
        <time>2025-03-30T13:59:22.569Z</time>
      </trkpt>
      <trkpt lat="46.4412045" lon="12.9592418">
        <ele>969.2045133191519</ele>
        <time>2025-03-30T13:59:24.569Z</time>
      </trkpt>
      <trkpt lat="46.4411988" lon="12.959236">
        <ele>968.9269991688144</ele>
        <time>2025-03-30T13:59:30.569Z</time>
      </trkpt>
      <trkpt lat="46.4411931" lon="12.9592343">
        <ele>968.7912492836606</ele>
        <time>2025-03-30T13:59:34.569Z</time>
      </trkpt>
      <trkpt lat="46.441198" lon="12.9592318">
        <ele>968.7739823995169</ele>
        <time>2025-03-30T13:59:40.569Z</time>
      </trkpt>
      <trkpt lat="46.4411971" lon="12.9592337">
        <ele>968.8249053957379</ele>
        <time>2025-03-30T13:59:43.569Z</time>
      </trkpt>
      <trkpt lat="46.4411971" lon="12.9592334">
        <ele>968.8146040660438</ele>
        <time>2025-03-30T13:59:44.569Z</time>
      </trkpt>
      <trkpt lat="46.441192" lon="12.959227">
        <ele>968.5474244996917</ele>
        <time>2025-03-30T13:59:50.569Z</time>
      </trkpt>
      <trkpt lat="46.441192" lon="12.9592274">
        <ele>968.5595413777057</ele>
        <time>2025-03-30T13:59:52.569Z</time>
      </trkpt>
      <trkpt lat="46.4411939" lon="12.9592291">
        <ele>968.6367373075348</ele>
        <time>2025-03-30T13:59:58.569Z</time>
      </trkpt>
      <trkpt lat="46.4411766" lon="12.9592202">
        <ele>968.1331388508914</ele>
        <time>2025-03-30T14:00:01.569Z</time>
      </trkpt>
      <trkpt lat="46.441162" lon="12.9592181">
        <ele>967.8982764238685</ele>
        <time>2025-03-30T14:00:05.569Z</time>
      </trkpt>
      <trkpt lat="46.441151" lon="12.9592187">
        <ele>967.8077320049618</ele>
        <time>2025-03-30T14:00:08.569Z</time>
      </trkpt>
      <trkpt lat="46.4411481" lon="12.9592172">
        <ele>967.734275920468</ele>
        <time>2025-03-30T14:00:14.569Z</time>
      </trkpt>
      <trkpt lat="46.4411477" lon="12.9592163">
        <ele>967.7034549068005</ele>
        <time>2025-03-30T14:00:15.569Z</time>
      </trkpt>
      <trkpt lat="46.4411478" lon="12.9592124">
        <ele>967.5879393967889</ele>
        <time>2025-03-30T14:00:21.569Z</time>
      </trkpt>
      <trkpt lat="46.44115" lon="12.9592139">
        <ele>967.6542654599427</ele>
        <time>2025-03-30T14:00:26.569Z</time>
      </trkpt>
      <trkpt lat="46.4411501" lon="12.9592143">
        <ele>967.667210269756</ele>
        <time>2025-03-30T14:00:28.569Z</time>
      </trkpt>
      <trkpt lat="46.4411506" lon="12.9592148">
        <ele>967.6870681574278</ele>
        <time>2025-03-30T14:00:30.569Z</time>
      </trkpt>
      <trkpt lat="46.4411512" lon="12.9592141">
        <ele>967.6719907657998</ele>
        <time>2025-03-30T14:00:33.569Z</time>
      </trkpt>
      <trkpt lat="46.4411492" lon="12.9592154">
        <ele>967.691288804062</ele>
        <time>2025-03-30T14:00:34.569Z</time>
      </trkpt>
      <trkpt lat="46.4411191" lon="12.9592269">
        <ele>967.7329998616602</ele>
        <time>2025-03-30T14:00:36.569Z</time>
      </trkpt>
      <trkpt lat="46.4410929" lon="12.9592322">
        <ele>967.6804425439343</ele>
        <time>2025-03-30T14:00:37.569Z</time>
      </trkpt>
      <trkpt lat="46.4410351" lon="12.9592547">
        <ele>968.0764223164424</ele>
        <time>2025-03-30T14:00:39.569Z</time>
      </trkpt>
      <trkpt lat="46.4409645" lon="12.9592695">
        <ele>968.3726951693491</ele>
        <time>2025-03-30T14:00:41.569Z</time>
      </trkpt>
      <trkpt lat="46.4408926" lon="12.9592835">
        <ele>968.7903392102864</ele>
        <time>2025-03-30T14:00:43.569Z</time>
      </trkpt>
      <trkpt lat="46.4408536" lon="12.9592892">
        <ele>969.045126174715</ele>
        <time>2025-03-30T14:00:44.569Z</time>
      </trkpt>
      <trkpt lat="46.4408153" lon="12.9592998">
        <ele>969.4627506421764</ele>
        <time>2025-03-30T14:00:45.569Z</time>
      </trkpt>
      <trkpt lat="46.4407373" lon="12.9593059">
        <ele>969.9261015314391</ele>
        <time>2025-03-30T14:00:47.569Z</time>
      </trkpt>
      <trkpt lat="46.4406964" lon="12.9593022">
        <ele>969.9892620023961</ele>
        <time>2025-03-30T14:00:48.569Z</time>
      </trkpt>
      <trkpt lat="46.4406078" lon="12.9593082">
        <ele>970.697715088789</ele>
        <time>2025-03-30T14:00:50.569Z</time>
      </trkpt>
      <trkpt lat="46.4405117" lon="12.9593077">
        <ele>971.2788212219256</ele>
        <time>2025-03-30T14:00:52.569Z</time>
      </trkpt>
      <trkpt lat="46.440406" lon="12.9592926">
        <ele>971.535796224699</ele>
        <time>2025-03-30T14:00:54.569Z</time>
      </trkpt>
      <trkpt lat="46.4403022" lon="12.9592688">
        <ele>971.7771755412286</ele>
        <time>2025-03-30T14:00:56.569Z</time>
      </trkpt>
      <trkpt lat="46.4401571" lon="12.9591918">
        <ele>971.8083908327628</ele>
        <time>2025-03-30T14:00:59.569Z</time>
      </trkpt>
      <trkpt lat="46.4401166" lon="12.9591528">
        <ele>971.4704482272035</ele>
        <time>2025-03-30T14:01:00.569Z</time>
      </trkpt>
      <trkpt lat="46.4400789" lon="12.9591027">
        <ele>970.8905662726702</ele>
        <time>2025-03-30T14:01:01.569Z</time>
      </trkpt>
      <trkpt lat="46.4400077" lon="12.9589835">
        <ele>969.304156973916</ele>
        <time>2025-03-30T14:01:03.569Z</time>
      </trkpt>
      <trkpt lat="46.4398874" lon="12.958766">
        <ele>967.2170063201343</ele>
        <time>2025-03-30T14:01:06.569Z</time>
      </trkpt>
      <trkpt lat="46.4397994" lon="12.9586227">
        <ele>966.6448594328024</ele>
        <time>2025-03-30T14:01:08.569Z</time>
      </trkpt>
      <trkpt lat="46.4397994" lon="12.9586227">
        <ele>966.6448594328024</ele>
        <time>2025-03-30T14:01:11.569Z</time>
      </trkpt>
      <trkpt lat="46.4396799" lon="12.958578">
        <ele>967.9377420475255</ele>
        <time>2025-04-22T10:38:02.201Z</time>
      </trkpt>
      <trkpt lat="46.4394982" lon="12.9585566">
        <ele>970.4185571378008</ele>
        <time>2025-04-22T10:38:11.687Z</time>
      </trkpt>
      <trkpt lat="46.4394982" lon="12.9585566">
        <ele>970.4185571378008</ele>
        <time>2025-04-22T10:38:32.752Z</time>
      </trkpt>
      <trkpt lat="46.4394537" lon="12.9585673">
        <ele>971.154539911705</ele>
        <time>2025-04-22T10:40:39.445Z</time>
      </trkpt>
      <trkpt lat="46.4394166" lon="12.9585834">
        <ele>971.8162855450515</ele>
        <time>2025-04-22T10:40:41.611Z</time>
      </trkpt>
      <trkpt lat="46.43927294652647" lon="12.958622574608114">
        <ele>973.8633730645943</ele>
        <time>2025-04-22T10:40:49.747Z</time>
      </trkpt>
      <trkpt lat="46.43915930549099" lon="12.958687200158579">
        <ele>975.445767032252</ele>
        <time>2025-04-22T10:40:56.541Z</time>
      </trkpt>
      <trkpt lat="46.4391566" lon="12.9586861">
        <ele>975.4576960508479</ele>
        <time>2025-04-22T10:40:56.728Z</time>
      </trkpt>
      <trkpt lat="46.4390626" lon="12.9587992">
        <ele>976.9917840035711</ele>
        <time>2025-04-22T10:40:59.728Z</time>
      </trkpt>
      <trkpt lat="46.4390166" lon="12.9588729">
        <ele>978.0157169560957</ele>
        <time>2025-04-22T10:41:01.728Z</time>
      </trkpt>
      <trkpt lat="46.4389955" lon="12.9588991">
        <ele>978.3557986364051</ele>
        <time>2025-04-22T10:41:02.728Z</time>
      </trkpt>
      <trkpt lat="46.4389393" lon="12.958968">
        <ele>979.2675219498132</ele>
        <time>2025-04-22T10:41:05.728Z</time>
      </trkpt>
      <trkpt lat="46.4388725" lon="12.9590063">
        <ele>979.549760181274</ele>
        <time>2025-04-22T10:41:08.728Z</time>
      </trkpt>
      <trkpt lat="46.4388086" lon="12.9590706">
        <ele>979.9663910081963</ele>
        <time>2025-04-22T10:41:11.728Z</time>
      </trkpt>
      <trkpt lat="46.4387834" lon="12.9591259">
        <ele>980.4840945067489</ele>
        <time>2025-04-22T10:41:13.728Z</time>
      </trkpt>
      <trkpt lat="46.4387732" lon="12.9591519">
        <ele>980.721031082302</ele>
        <time>2025-04-22T10:41:14.728Z</time>
      </trkpt>
      <trkpt lat="46.438743" lon="12.9592083">
        <ele>981.105820351434</ele>
        <time>2025-04-22T10:41:16.728Z</time>
      </trkpt>
      <trkpt lat="46.4387225" lon="12.9592498">
        <ele>981.3497251566052</ele>
        <time>2025-04-22T10:41:17.728Z</time>
      </trkpt>
      <trkpt lat="46.438673" lon="12.9593525">
        <ele>981.8010670915645</ele>
        <time>2025-04-22T10:41:20.728Z</time>
      </trkpt>
      <trkpt lat="46.4386438" lon="12.9593975">
        <ele>981.7222382715466</ele>
        <time>2025-04-22T10:41:22.728Z</time>
      </trkpt>
      <trkpt lat="46.4386304" lon="12.9594156">
        <ele>981.6637314895797</ele>
        <time>2025-04-22T10:41:23.728Z</time>
      </trkpt>
      <trkpt lat="46.4385919" lon="12.9594582">
        <ele>981.3607766097089</ele>
        <time>2025-04-22T10:41:25.728Z</time>
      </trkpt>
      <trkpt lat="46.4385714" lon="12.9595012">
        <ele>981.3664769831153</ele>
        <time>2025-04-22T10:41:26.728Z</time>
      </trkpt>
      <trkpt lat="46.438537" lon="12.9596057">
        <ele>981.7669442551216</ele>
        <time>2025-04-22T10:41:28.728Z</time>
      </trkpt>
      <trkpt lat="46.4385207" lon="12.9596603">
        <ele>982.0618273716661</ele>
        <time>2025-04-22T10:41:29.728Z</time>
      </trkpt>
      <trkpt lat="46.4384952" lon="12.9597715">
        <ele>982.7360332121705</ele>
        <time>2025-04-22T10:41:31.728Z</time>
      </trkpt>
      <trkpt lat="46.4384855" lon="12.9598309">
        <ele>983.2245154095554</ele>
        <time>2025-04-22T10:41:32.728Z</time>
      </trkpt>
      <trkpt lat="46.4384798" lon="12.959892">
        <ele>983.7800577331561</ele>
        <time>2025-04-22T10:41:33.728Z</time>
      </trkpt>
      <trkpt lat="46.4384709" lon="12.9600142">
        <ele>984.977480298625</ele>
        <time>2025-04-22T10:41:35.728Z</time>
      </trkpt>
      <trkpt lat="46.4384679" lon="12.9601272">
        <ele>986.2668708158307</ele>
        <time>2025-04-22T10:41:37.728Z</time>
      </trkpt>
      <trkpt lat="46.4384717" lon="12.9601823">
        <ele>987.0630540688529</ele>
        <time>2025-04-22T10:41:38.728Z</time>
      </trkpt>
      <trkpt lat="46.4384779" lon="12.9602341">
        <ele>987.9365600683269</ele>
        <time>2025-04-22T10:41:39.728Z</time>
      </trkpt>
      <trkpt lat="46.4384896" lon="12.9602848">
        <ele>989.0081564117231</ele>
        <time>2025-04-22T10:41:40.728Z</time>
      </trkpt>
      <trkpt lat="46.4385042" lon="12.9603344">
        <ele>990.1952853390017</ele>
        <time>2025-04-22T10:41:41.728Z</time>
      </trkpt>
      <trkpt lat="46.4385178" lon="12.9603783">
        <ele>991.2464011229047</ele>
        <time>2025-04-22T10:41:42.728Z</time>
      </trkpt>
      <trkpt lat="46.438529" lon="12.9606442">
        <ele>996.2711417719727</ele>
        <time>2025-04-22T10:42:35.728Z</time>
      </trkpt>
      <trkpt lat="46.4385211" lon="12.9606618">
        <ele>996.3597610523695</ele>
        <time>2025-04-22T10:42:36.728Z</time>
      </trkpt>
      <trkpt lat="46.4385074" lon="12.9606951">
        <ele>996.5712552838959</ele>
        <time>2025-04-22T10:42:38.728Z</time>
      </trkpt>
      <trkpt lat="46.4384979" lon="12.9607437">
        <ele>997.2210634427615</ele>
        <time>2025-04-22T10:42:40.728Z</time>
      </trkpt>
      <trkpt lat="46.4384876" lon="12.9607781">
        <ele>997.5429202802486</ele>
        <time>2025-04-22T10:42:41.728Z</time>
      </trkpt>
      <trkpt lat="46.4384736" lon="12.9609065">
        <ele>999.8698713245981</ele>
        <time>2025-04-22T10:42:44.728Z</time>
      </trkpt>
      <trkpt lat="46.4384755" lon="12.9609966">
        <ele>1002.0744660879957</ele>
        <time>2025-04-22T10:42:46.728Z</time>
      </trkpt>
      <trkpt lat="46.4384742" lon="12.9610532">
        <ele>1003.4136624779221</ele>
        <time>2025-04-22T10:42:47.728Z</time>
      </trkpt>
      <trkpt lat="46.4384674" lon="12.9611323">
        <ele>1005.1382868228735</ele>
        <time>2025-04-22T10:42:49.728Z</time>
      </trkpt>
      <trkpt lat="46.4384544" lon="12.961152">
        <ele>1005.2043259327766</ele>
        <time>2025-04-22T10:42:50.728Z</time>
      </trkpt>
      <trkpt lat="46.4384297" lon="12.9611996">
        <ele>1005.619498994655</ele>
        <time>2025-04-22T10:42:52.728Z</time>
      </trkpt>
      <trkpt lat="46.4384073" lon="12.9612382">
        <ele>1005.8943802306434</ele>
        <time>2025-04-22T10:42:54.728Z</time>
      </trkpt>
      <trkpt lat="46.4384016" lon="12.9612547">
        <ele>1006.1342084781505</ele>
        <time>2025-04-22T10:42:55.728Z</time>
      </trkpt>
      <trkpt lat="46.4383664" lon="12.9613323">
        <ele>1006.9333227723829</ele>
        <time>2025-04-22T10:42:58.728Z</time>
      </trkpt>
      <trkpt lat="46.4383182" lon="12.9614118">
        <ele>1007.2711326852716</ele>
        <time>2025-04-22T10:43:00.728Z</time>
      </trkpt>
      <trkpt lat="46.4382265" lon="12.961502">
        <ele>1006.0814079208399</ele>
        <time>2025-04-22T10:43:04.728Z</time>
      </trkpt>
      <trkpt lat="46.4382101" lon="12.9615187">
        <ele>1005.8741091691925</ele>
        <time>2025-04-22T10:43:05.728Z</time>
      </trkpt>
      <trkpt lat="46.4381795" lon="12.9615555">
        <ele>1005.6266843739364</ele>
        <time>2025-04-22T10:43:07.728Z</time>
      </trkpt>
      <trkpt lat="46.4381495" lon="12.9615734">
        <ele>1004.917179566287</ele>
        <time>2025-04-22T10:43:09.728Z</time>
      </trkpt>
      <trkpt lat="46.4381187" lon="12.9616029">
        <ele>1004.3529086006256</ele>
        <time>2025-04-22T10:43:11.728Z</time>
      </trkpt>
      <trkpt lat="46.4381001" lon="12.9616109">
        <ele>1003.8049746042675</ele>
        <time>2025-04-22T10:43:12.728Z</time>
      </trkpt>
      <trkpt lat="46.4380818" lon="12.9616231">
        <ele>1003.3456111981106</ele>
        <time>2025-04-22T10:43:13.728Z</time>
      </trkpt>
      <trkpt lat="46.4380322" lon="12.9616544">
        <ele>1001.9750397665695</ele>
        <time>2025-04-22T10:43:16.728Z</time>
      </trkpt>
      <trkpt lat="46.4380168" lon="12.9616653">
        <ele>1001.4922970197059</ele>
        <time>2025-04-22T10:43:17.728Z</time>
      </trkpt>
      <trkpt lat="46.4379887" lon="12.9616911">
        <ele>1000.8076714386403</ele>
        <time>2025-04-22T10:43:19.728Z</time>
      </trkpt>
      <trkpt lat="46.4379549" lon="12.9617218">
        <ele>1000.0134460588339</ele>
        <time>2025-04-22T10:43:21.728Z</time>
      </trkpt>
      <trkpt lat="46.4379425" lon="12.9617348">
        <ele>999.7035165940958</ele>
        <time>2025-04-22T10:43:22.728Z</time>
      </trkpt>
      <trkpt lat="46.4379304" lon="12.9617469">
        <ele>999.4056227794339</ele>
        <time>2025-04-22T10:43:23.728Z</time>
      </trkpt>
      <trkpt lat="46.4379149" lon="12.9617709">
        <ele>999.3106088963343</ele>
        <time>2025-04-22T10:43:25.728Z</time>
      </trkpt>
      <trkpt lat="46.4379027" lon="12.9617799">
        <ele>999.530809855974</ele>
        <time>2025-04-22T10:43:26.728Z</time>
      </trkpt>
      <trkpt lat="46.4378942" lon="12.9617893">
        <ele>999.7607975257567</ele>
        <time>2025-04-22T10:43:27.728Z</time>
      </trkpt>
      <trkpt lat="46.4378649" lon="12.9618264">
        <ele>1000.5792738988539</ele>
        <time>2025-04-22T10:43:30.728Z</time>
      </trkpt>
      <trkpt lat="46.4378553" lon="12.9618426">
        <ele>998.6806716743996</ele>
        <time>2025-04-22T10:43:31.728Z</time>
      </trkpt>
      <trkpt lat="46.4378193" lon="12.9618912">
        <ele>997.5660287452089</ele>
        <time>2025-04-22T10:43:34.728Z</time>
      </trkpt>
      <trkpt lat="46.4377812" lon="12.9619429">
        <ele>996.3242286403364</ele>
        <time>2025-04-22T10:43:39.728Z</time>
      </trkpt>
      <trkpt lat="46.4377781" lon="12.9619461">
        <ele>996.2252829354154</ele>
        <time>2025-04-22T10:43:40.728Z</time>
      </trkpt>
      <trkpt lat="46.4377769" lon="12.9619463">
        <ele>996.1678638727969</ele>
        <time>2025-04-22T10:43:41.728Z</time>
      </trkpt>
      <trkpt lat="46.4377637" lon="12.9619597">
        <ele>995.7563928004861</ele>
        <time>2025-04-22T10:43:47.728Z</time>
      </trkpt>
      <trkpt lat="46.4377634" lon="12.9619603">
        <ele>995.7530472151934</ele>
        <time>2025-04-22T10:43:48.728Z</time>
      </trkpt>
      <trkpt lat="46.4377525" lon="12.961975">
        <ele>995.5028544907682</ele>
        <time>2025-04-22T10:43:53.728Z</time>
      </trkpt>
      <trkpt lat="46.4377528" lon="12.9619825">
        <ele>995.649731630424</ele>
        <time>2025-04-22T10:43:54.728Z</time>
      </trkpt>
      <trkpt lat="46.4377509" lon="12.961996">
        <ele>995.7579127234661</ele>
        <time>2025-04-22T10:43:57.728Z</time>
      </trkpt>
      <trkpt lat="46.4377425" lon="12.9620077">
        <ele>995.5252122418115</ele>
        <time>2025-04-22T10:43:58.728Z</time>
      </trkpt>
      <trkpt lat="46.4377249" lon="12.9620297">
        <ele>994.9925366943961</ele>
        <time>2025-04-22T10:44:00.728Z</time>
      </trkpt>
      <trkpt lat="46.4377138" lon="12.9620427">
        <ele>994.6600512672046</ele>
        <time>2025-04-22T10:44:01.728Z</time>
      </trkpt>
      <trkpt lat="46.4377072" lon="12.9620598">
        <ele>994.6297491794455</ele>
        <time>2025-04-22T10:44:02.728Z</time>
      </trkpt>
      <trkpt lat="46.4376885" lon="12.9620837">
        <ele>994.0460585868564</ele>
        <time>2025-04-22T10:44:04.728Z</time>
      </trkpt>
      <trkpt lat="46.4376606" lon="12.96213">
        <ele>993.2133805702842</ele>
        <time>2025-04-22T10:44:08.728Z</time>
      </trkpt>
      <trkpt lat="46.437649" lon="12.9621399">
        <ele>992.7637059116789</ele>
        <time>2025-04-22T10:44:09.728Z</time>
      </trkpt>
      <trkpt lat="46.4376323" lon="12.9621658">
        <ele>992.2445560068907</ele>
        <time>2025-04-22T10:44:11.728Z</time>
      </trkpt>
      <trkpt lat="46.4376132" lon="12.9621911">
        <ele>991.5580092227083</ele>
        <time>2025-04-22T10:44:13.728Z</time>
      </trkpt>
      <trkpt lat="46.437604" lon="12.9622007">
        <ele>991.1922290453609</ele>
        <time>2025-04-22T10:44:14.728Z</time>
      </trkpt>
      <trkpt lat="46.437595" lon="12.9622174">
        <ele>990.9320631956818</ele>
        <time>2025-04-22T10:44:16.728Z</time>
      </trkpt>
      <trkpt lat="46.437581" lon="12.962252">
        <ele>990.6307865286758</ele>
        <time>2025-04-22T10:44:18.728Z</time>
      </trkpt>
      <trkpt lat="46.4375576" lon="12.9622791">
        <ele>989.7587538910598</ele>
        <time>2025-04-22T10:44:20.728Z</time>
      </trkpt>
      <trkpt lat="46.4375478" lon="12.962291">
        <ele>989.3708971365727</ele>
        <time>2025-04-22T10:44:21.728Z</time>
      </trkpt>
      <trkpt lat="46.4375326" lon="12.9623157">
        <ele>988.8725822246404</ele>
        <time>2025-04-22T10:44:23.728Z</time>
      </trkpt>
      <trkpt lat="46.4375251" lon="12.9623215">
        <ele>988.5624676386095</ele>
        <time>2025-04-22T10:44:24.728Z</time>
      </trkpt>
      <trkpt lat="46.4375198" lon="12.9623391">
        <ele>988.4542108947818</ele>
        <time>2025-04-22T10:44:26.728Z</time>
      </trkpt>
      <trkpt lat="46.437514" lon="12.9623444">
        <ele>988.2101158274753</ele>
        <time>2025-04-22T10:44:29.728Z</time>
      </trkpt>
      <trkpt lat="46.4375061" lon="12.9623337">
        <ele>987.7140208295523</ele>
        <time>2025-04-22T10:44:35.728Z</time>
      </trkpt>
      <trkpt lat="46.4375033" lon="12.9623342">
        <ele>987.5772883861168</ele>
        <time>2025-04-22T10:44:38.728Z</time>
      </trkpt>
      <trkpt lat="46.4375116" lon="12.9623424">
        <ele>988.0711757626008</ele>
        <time>2025-04-22T10:44:44.728Z</time>
      </trkpt>
      <trkpt lat="46.4375116" lon="12.9623444">
        <ele>988.0894388186518</ele>
        <time>2025-04-22T10:44:45.728Z</time>
      </trkpt>
      <trkpt lat="46.4374735" lon="12.9623865">
        <ele>986.5052301602509</ele>
        <time>2025-04-22T10:44:51.728Z</time>
      </trkpt>
      <trkpt lat="46.4374606" lon="12.9624017">
        <ele>986.0202920140019</ele>
        <time>2025-04-22T10:44:53.728Z</time>
      </trkpt>
      <trkpt lat="46.4374556" lon="12.9624109">
        <ele>985.8717881583477</ele>
        <time>2025-04-22T10:44:54.728Z</time>
      </trkpt>
      <trkpt lat="46.4374288" lon="12.9624553">
        <ele>984.8589349911384</ele>
        <time>2025-04-22T10:45:00.728Z</time>
      </trkpt>
      <trkpt lat="46.4374049" lon="12.9625072">
        <ele>984.0444394744818</ele>
        <time>2025-04-22T10:45:06.728Z</time>
      </trkpt>
      <trkpt lat="46.437393" lon="12.9625243">
        <ele>983.5400824026095</ele>
        <time>2025-04-22T10:45:08.728Z</time>
      </trkpt>
      <trkpt lat="46.4373827" lon="12.9625497">
        <ele>983.1999685299647</ele>
        <time>2025-04-22T10:45:11.728Z</time>
      </trkpt>
      <trkpt lat="46.4373808" lon="12.9625804">
        <ele>983.3456766676318</ele>
        <time>2025-04-22T10:45:14.728Z</time>
      </trkpt>
      <trkpt lat="46.4373867" lon="12.9625974">
        <ele>983.7109200357336</ele>
        <time>2025-04-22T10:45:16.728Z</time>
      </trkpt>
      <trkpt lat="46.4373884" lon="12.9626093">
        <ele>983.8336529969175</ele>
        <time>2025-04-22T10:45:17.728Z</time>
      </trkpt>
      <trkpt lat="46.4373956" lon="12.9626362">
        <ele>984.2613471563834</ele>
        <time>2025-04-22T10:45:19.728Z</time>
      </trkpt>
      <trkpt lat="46.437399" lon="12.9626465">
        <ele>984.4491316262711</ele>
        <time>2025-04-22T10:45:20.728Z</time>
      </trkpt>
      <trkpt lat="46.4373811" lon="12.9627073">
        <ele>983.7233007306625</ele>
        <time>2025-04-22T10:45:26.728Z</time>
      </trkpt>
      <trkpt lat="46.437377" lon="12.9627358">
        <ele>983.5699518722563</ele>
        <time>2025-04-22T10:45:28.728Z</time>
      </trkpt>
      <trkpt lat="46.4373723" lon="12.9627473">
        <ele>983.3722266539464</ele>
        <time>2025-04-22T10:45:29.728Z</time>
      </trkpt>
      <trkpt lat="46.4373461" lon="12.9627873">
        <ele>982.2103954747446</ele>
        <time>2025-04-22T10:45:33.728Z</time>
      </trkpt>
      <trkpt lat="46.4373215" lon="12.9628196">
        <ele>981.1320402272008</ele>
        <time>2025-04-22T10:45:37.728Z</time>
      </trkpt>
      <trkpt lat="46.4373148" lon="12.9628257">
        <ele>980.818525486788</ele>
        <time>2025-04-22T10:45:38.728Z</time>
      </trkpt>
      <trkpt lat="46.4372927" lon="12.9628458">
        <ele>979.8078082523384</ele>
        <time>2025-04-22T10:45:43.728Z</time>
      </trkpt>
      <trkpt lat="46.4372718" lon="12.9628567">
        <ele>978.8460168451135</ele>
        <time>2025-04-22T10:45:46.728Z</time>
      </trkpt>
      <trkpt lat="46.4372476" lon="12.9628729">
        <ele>977.657832037007</ele>
        <time>2025-04-22T10:45:50.728Z</time>
      </trkpt>
      <trkpt lat="46.4372242" lon="12.9628969">
        <ele>976.5555872518509</ele>
        <time>2025-04-22T10:45:54.728Z</time>
      </trkpt>
      <trkpt lat="46.43719" lon="12.9629216">
        <ele>974.8571806510295</ele>
        <time>2025-04-22T10:45:59.728Z</time>
      </trkpt>
      <trkpt lat="46.4371832" lon="12.9629267">
        <ele>974.492950471926</ele>
        <time>2025-04-22T10:46:00.728Z</time>
      </trkpt>
      <trkpt lat="46.4371625" lon="12.9629411">
        <ele>973.3951193529792</ele>
        <time>2025-04-22T10:46:03.728Z</time>
      </trkpt>
      <trkpt lat="46.4371464" lon="12.9629513">
        <ele>972.5566199120517</ele>
        <time>2025-04-22T10:46:05.728Z</time>
      </trkpt>
      <trkpt lat="46.4371391" lon="12.9629568">
        <ele>972.1680449934237</ele>
        <time>2025-04-22T10:46:06.728Z</time>
      </trkpt>
      <trkpt lat="46.437096" lon="12.9630117">
        <ele>970.0845505679849</ele>
        <time>2025-04-22T10:46:12.728Z</time>
      </trkpt>
      <trkpt lat="46.4370853" lon="12.9630285">
        <ele>969.5999356304313</ele>
        <time>2025-04-22T10:46:14.728Z</time>
      </trkpt>
      <trkpt lat="46.4370575" lon="12.9630827">
        <ele>968.3932550161122</ele>
        <time>2025-04-22T10:46:20.728Z</time>
      </trkpt>
      <trkpt lat="46.4370475" lon="12.9631391">
        <ele>968.2713788565632</ele>
        <time>2025-04-22T10:46:25.728Z</time>
      </trkpt>
      <trkpt lat="46.437039" lon="12.9631749">
        <ele>968.1028135794379</ele>
        <time>2025-04-22T10:46:28.728Z</time>
      </trkpt>
      <trkpt lat="46.4370179" lon="12.9632002">
        <ele>967.1237342504506</ele>
        <time>2025-04-22T10:46:31.728Z</time>
      </trkpt>
      <trkpt lat="46.4369724" lon="12.9632402">
        <ele>964.9741409356413</ele>
        <time>2025-04-22T10:46:37.728Z</time>
      </trkpt>
      <trkpt lat="46.4369667" lon="12.9632455">
        <ele>964.7155534900836</ele>
        <time>2025-04-22T10:46:38.728Z</time>
      </trkpt>
      <trkpt lat="46.4369415" lon="12.9632802">
        <ele>963.6256050608982</ele>
        <time>2025-04-22T10:46:43.728Z</time>
      </trkpt>
      <trkpt lat="46.4369111" lon="12.9633255">
        <ele>962.3145201741119</ele>
        <time>2025-04-22T10:46:48.728Z</time>
      </trkpt>
      <trkpt lat="46.4369052" lon="12.9633353">
        <ele>962.0810715377521</ele>
        <time>2025-04-22T10:46:49.728Z</time>
      </trkpt>
      <trkpt lat="46.436892" lon="12.9633598">
        <ele>961.5715979434087</ele>
        <time>2025-04-22T10:46:52.728Z</time>
      </trkpt>
      <trkpt lat="46.4368861" lon="12.963368">
        <ele>961.3102476220681</ele>
        <time>2025-04-22T10:46:53.728Z</time>
      </trkpt>
      <trkpt lat="46.4368799" lon="12.9633763">
        <ele>961.0378566385839</ele>
        <time>2025-04-22T10:46:54.728Z</time>
      </trkpt>
      <trkpt lat="46.4368344" lon="12.9634265">
        <ele>959.0235922264602</ele>
        <time>2025-04-22T10:47:00.728Z</time>
      </trkpt>
      <trkpt lat="46.4368291" lon="12.9634338">
        <ele>958.8008461574468</ele>
        <time>2025-04-22T10:47:01.728Z</time>
      </trkpt>
      <trkpt lat="46.4368248" lon="12.9634397">
        <ele>958.6152927477934</ele>
        <time>2025-04-22T10:47:02.728Z</time>
      </trkpt>
      <trkpt lat="46.4367958" lon="12.9634944">
        <ele>957.4052949657707</ele>
        <time>2025-04-22T10:47:08.728Z</time>
      </trkpt>
      <trkpt lat="46.436793" lon="12.963507">
        <ele>957.3406776051078</ele>
        <time>2025-04-22T10:47:09.728Z</time>
      </trkpt>
      <trkpt lat="46.4367897" lon="12.9635193">
        <ele>957.2464325953956</ele>
        <time>2025-04-22T10:47:10.728Z</time>
      </trkpt>
      <trkpt lat="46.4367598" lon="12.9635629">
        <ele>955.87720673333</ele>
        <time>2025-04-22T10:47:15.728Z</time>
      </trkpt>
      <trkpt lat="46.436753" lon="12.963568">
        <ele>955.5657633285778</ele>
        <time>2025-04-22T10:47:16.728Z</time>
      </trkpt>
      <trkpt lat="46.4367154" lon="12.963613">
        <ele>953.9058716437545</ele>
        <time>2025-04-22T10:47:22.728Z</time>
      </trkpt>
      <trkpt lat="46.4366896" lon="12.9636439">
        <ele>952.6738316693576</ele>
        <time>2025-04-22T10:47:26.728Z</time>
      </trkpt>
      <trkpt lat="46.4366789" lon="12.9636621">
        <ele>952.2164199599982</ele>
        <time>2025-04-22T10:47:28.728Z</time>
      </trkpt>
      <trkpt lat="46.4366578" lon="12.9637099">
        <ele>951.3292096056055</ele>
        <time>2025-04-22T10:47:33.728Z</time>
      </trkpt>
      <trkpt lat="46.4366413" lon="12.963733">
        <ele>950.5982652214614</ele>
        <time>2025-04-22T10:47:35.671Z</time>
      </trkpt>
      <trkpt lat="46.43664903870601" lon="12.963820669258354">
        <ele>951.0495187334254</ele>
        <time>2025-04-22T10:47:40.820Z</time>
      </trkpt>
      <trkpt lat="46.43664197384601" lon="12.963841172185425">
        <ele>950.750923216483</ele>
        <time>2025-04-22T10:47:42.155Z</time>
      </trkpt>
      <trkpt lat="46.43664197384601" lon="12.963867533090166">
        <ele>950.7122882528247</ele>
        <time>2025-04-22T10:47:43.770Z</time>
      </trkpt>
      <trkpt lat="46.436651" lon="12.963892">
        <ele>950.9888317732293</ele>
        <time>2025-04-22T10:47:45.470Z</time>
      </trkpt>
      <trkpt lat="46.436703" lon="12.963851">
        <ele>953.2317730193502</ele>
        <time>2025-04-22T10:47:50.731Z</time>
      </trkpt>
      <trkpt lat="46.436772" lon="12.963856">
        <ele>955.7830350261186</ele>
        <time>2025-04-22T10:47:56.873Z</time>
      </trkpt>
      <trkpt lat="46.437066" lon="12.96413">
        <ele>957.0170007481265</ele>
        <time>2025-04-22T10:48:27.940Z</time>
      </trkpt>
      <trkpt lat="46.437116" lon="12.964142">
        <ele>957.1563616518534</ele>
        <time>2025-04-22T10:48:32.446Z</time>
      </trkpt>
      <trkpt lat="46.437169" lon="12.964123">
        <ele>957.9911673314879</ele>
        <time>2025-04-22T10:48:37.300Z</time>
      </trkpt>
      <trkpt lat="46.437327" lon="12.963905">
        <ele>964.1885119085185</ele>
        <time>2025-04-22T10:48:56.685Z</time>
      </trkpt>
      <trkpt lat="46.437421" lon="12.963814">
        <ele>967.6108068375386</ele>
        <time>2025-04-22T10:49:06.732Z</time>
      </trkpt>
      <trkpt lat="46.43806" lon="12.963519">
        <ele>975.5638198880117</ele>
        <time>2025-04-22T10:50:06.354Z</time>
      </trkpt>
      <trkpt lat="46.438205" lon="12.963434">
        <ele>977.0858428024163</ele>
        <time>2025-04-22T10:50:20.258Z</time>
      </trkpt>
      <trkpt lat="46.438667" lon="12.963019">
        <ele>984.6298381677371</ele>
        <time>2025-04-22T10:51:08.569Z</time>
      </trkpt>
      <trkpt lat="46.438827" lon="12.962934">
        <ele>985.3932828031027</ele>
        <time>2025-04-22T10:51:23.718Z</time>
      </trkpt>
      <trkpt lat="46.439016" lon="12.962921">
        <ele>984.7938652219815</ele>
        <time>2025-04-22T10:51:40.541Z</time>
      </trkpt>
      <trkpt lat="46.439187" lon="12.962934">
        <ele>985.7218406947802</ele>
        <time>2025-04-22T10:51:55.766Z</time>
      </trkpt>
      <trkpt lat="46.439496" lon="12.963154">
        <ele>988.2440451502713</ele>
        <time>2025-04-22T10:52:26.369Z</time>
      </trkpt>
      <trkpt lat="46.439688" lon="12.963278">
        <ele>990.0612121623266</ele>
        <time>2025-04-22T10:52:45.054Z</time>
      </trkpt>
      <trkpt lat="46.439962" lon="12.96332">
        <ele>993.7185346439267</ele>
        <time>2025-04-22T10:53:09.551Z</time>
      </trkpt>
      <trkpt lat="46.44043" lon="12.963521">
        <ele>1000.8712359005394</ele>
        <time>2025-04-22T10:53:52.946Z</time>
      </trkpt>
      <trkpt lat="46.440476" lon="12.963531">
        <ele>1002.5220614873265</ele>
        <time>2025-04-22T10:53:57.081Z</time>
      </trkpt>
      <trkpt lat="46.44051516056061" lon="12.963561534881592">
        <ele>1003.7014641479294</ele>
        <time>2025-04-22T10:54:00.947Z</time>
      </trkpt>
      <trkpt lat="46.44054341316223" lon="12.963567733764648">
        <ele>1005.0125128655923</ele>
        <time>2025-04-22T10:54:02.947Z</time>
      </trkpt>
      <trkpt lat="46.44055676460266" lon="12.963576078414917">
        <ele>1005.5291953639214</ele>
        <time>2025-04-22T10:54:03.947Z</time>
      </trkpt>
      <trkpt lat="46.44060242176056" lon="12.96358335018158">
        <ele>1007.9153371179489</ele>
        <time>2025-04-22T10:54:06.947Z</time>
      </trkpt>
      <trkpt lat="46.4406179189682" lon="12.963580131530762">
        <ele>1008.89988668766</ele>
        <time>2025-04-22T10:54:07.947Z</time>
      </trkpt>
      <trkpt lat="46.44064116477966" lon="12.963598012924194">
        <ele>1009.9150593324111</ele>
        <time>2025-04-22T10:54:09.947Z</time>
      </trkpt>
      <trkpt lat="46.44067418575287" lon="12.963614106178284">
        <ele>1011.6502741768826</ele>
        <time>2025-04-22T10:54:12.947Z</time>
      </trkpt>
      <trkpt lat="46.44068205356598" lon="12.96362042427063">
        <ele>1012.0183708246805</ele>
        <time>2025-04-22T10:54:13.947Z</time>
      </trkpt>
      <trkpt lat="46.44068133831024" lon="12.963646650314331">
        <ele>1011.4619048587078</ele>
        <time>2025-04-22T10:54:15.947Z</time>
      </trkpt>
      <trkpt lat="46.44069015979767" lon="12.963667273521423">
        <ele>1011.6012240982465</ele>
        <time>2025-04-22T10:54:17.947Z</time>
      </trkpt>
      <trkpt lat="46.440696239471436" lon="12.963677287101746">
        <ele>1011.7759444099804</ele>
        <time>2025-04-22T10:54:19.947Z</time>
      </trkpt>
      <trkpt lat="46.44070112705231" lon="12.963685274124146">
        <ele>1011.9088706284085</ele>
        <time>2025-04-22T10:54:20.947Z</time>
      </trkpt>
      <trkpt lat="46.44070529937744" lon="12.963721871376038">
        <ele>1011.4547001579966</ele>
        <time>2025-04-22T10:54:22.947Z</time>
      </trkpt>
      <trkpt lat="46.440706968307495" lon="12.963740944862366">
        <ele>1011.1929146845691</ele>
        <time>2025-04-22T10:54:23.947Z</time>
      </trkpt>
      <trkpt lat="46.4407297372818" lon="12.96379005908966">
        <ele>1011.7397094960332</ele>
        <time>2025-04-22T10:54:26.947Z</time>
      </trkpt>
      <trkpt lat="46.44073748588562" lon="12.963801860809326">
        <ele>1012.1851345827812</ele>
        <time>2025-04-22T10:54:27.947Z</time>
      </trkpt>
      <trkpt lat="46.44074332714081" lon="12.963814854621887">
        <ele>1012.5209166115156</ele>
        <time>2025-04-22T10:54:28.947Z</time>
      </trkpt>
      <trkpt lat="46.44074845314026" lon="12.963827729225159">
        <ele>1012.8155825047762</ele>
        <time>2025-04-22T10:54:29.947Z</time>
      </trkpt>
      <trkpt lat="46.44075691699982" lon="12.96385657787323">
        <ele>1013.2931129881886</ele>
        <time>2025-04-22T10:54:31.947Z</time>
      </trkpt>
      <trkpt lat="46.44076371192932" lon="12.963884592056274">
        <ele>1011.4841601623918</ele>
        <time>2025-04-22T10:54:33.947Z</time>
      </trkpt>
      <trkpt lat="46.440765380859375" lon="12.963900566101074">
        <ele>1011.2448333477992</ele>
        <time>2025-04-22T10:54:34.947Z</time>
      </trkpt>
      <trkpt lat="46.440767884254456" lon="12.963916540145874">
        <ele>1011.0441089474245</ele>
        <time>2025-04-22T10:54:35.947Z</time>
      </trkpt>
      <trkpt lat="46.44076681137085" lon="12.964001417160034">
        <ele>1009.2263772434156</ele>
        <time>2025-04-22T10:54:39.947Z</time>
      </trkpt>
      <trkpt lat="46.440770506858826" lon="12.964036107063293">
        <ele>1008.65979900273</ele>
        <time>2025-04-22T10:54:41.947Z</time>
      </trkpt>
      <trkpt lat="46.440773725509644" lon="12.964051723480225">
        <ele>1008.4783989923783</ele>
        <time>2025-04-22T10:54:42.947Z</time>
      </trkpt>
      <trkpt lat="46.44076597690582" lon="12.964099645614624">
        <ele>1007.1196788349895</ele>
        <time>2025-04-22T10:54:44.947Z</time>
      </trkpt>
      <trkpt lat="46.440762519836426" lon="12.964120626449585">
        <ele>1006.521865243046</ele>
        <time>2025-04-22T10:54:45.947Z</time>
      </trkpt>
      <trkpt lat="46.44076335430145" lon="12.964164137840271">
        <ele>1005.647458179063</ele>
        <time>2025-04-22T10:54:47.947Z</time>
      </trkpt>
      <trkpt lat="46.44076478481293" lon="12.96419095993042">
        <ele>1005.1502603545326</ele>
        <time>2025-04-22T10:54:48.947Z</time>
      </trkpt>
      <trkpt lat="46.440773606300354" lon="12.964243531227112">
        <ele>1004.5009406376698</ele>
        <time>2025-04-22T10:54:50.947Z</time>
      </trkpt>
      <trkpt lat="46.44078755378723" lon="12.964300155639648">
        <ele>1004.058899977711</ele>
        <time>2025-04-22T10:54:53.947Z</time>
      </trkpt>
      <trkpt lat="46.44079053401947" lon="12.964339256286621">
        <ele>1003.4255405461424</ele>
        <time>2025-04-22T10:54:55.947Z</time>
      </trkpt>
      <trkpt lat="46.440789580345154" lon="12.96436095237732">
        <ele>1002.9506711194302</ele>
        <time>2025-04-22T10:54:56.947Z</time>
      </trkpt>
      <trkpt lat="46.44079077243805" lon="12.964383244514465">
        <ele>1002.5675803949716</ele>
        <time>2025-04-22T10:54:57.947Z</time>
      </trkpt>
      <trkpt lat="46.440800070762634" lon="12.964420676231384">
        <ele>1002.3433134844928</ele>
        <time>2025-04-22T10:54:59.947Z</time>
      </trkpt>
      <trkpt lat="46.44080889225006" lon="12.964468836784363">
        <ele>1001.9209205019295</ele>
        <time>2025-04-22T10:55:01.947Z</time>
      </trkpt>
      <trkpt lat="46.44081246852875" lon="12.964489698410034">
        <ele>1001.7316857533771</ele>
        <time>2025-04-22T10:55:02.947Z</time>
      </trkpt>
      <trkpt lat="46.44082510471344" lon="12.96455991268158">
        <ele>1001.0946703273813</ele>
        <time>2025-04-22T10:55:05.947Z</time>
      </trkpt>
      <trkpt lat="46.44082534313202" lon="12.964605450630188">
        <ele>1000.3627762576108</ele>
        <time>2025-04-22T10:55:07.947Z</time>
      </trkpt>
      <trkpt lat="46.440826177597046" lon="12.96462631225586">
        <ele>1000.0605914593916</ele>
        <time>2025-04-22T10:55:08.947Z</time>
      </trkpt>
      <trkpt lat="46.44083571434021" lon="12.964739918708801">
        <ele>998.8738782744394</ele>
        <time>2025-04-22T10:55:14.947Z</time>
      </trkpt>
      <trkpt lat="46.44084024429321" lon="12.964759349822998">
        <ele>998.8466209826065</ele>
        <time>2025-04-22T10:55:15.947Z</time>
      </trkpt>
      <trkpt lat="46.440847754478455" lon="12.96477723121643">
        <ele>998.9684269112075</ele>
        <time>2025-04-22T10:55:16.947Z</time>
      </trkpt>
      <trkpt lat="46.440876603126526" lon="12.9649099111557">
        <ele>998.7035937664991</ele>
        <time>2025-04-22T10:55:21.947Z</time>
      </trkpt>
      <trkpt lat="46.44088315963745" lon="12.964932203292847">
        <ele>998.7448585992323</ele>
        <time>2025-04-22T10:55:22.947Z</time>
      </trkpt>
      <trkpt lat="46.440905809402466" lon="12.965001702308655">
        <ele>998.8862203169623</ele>
        <time>2025-04-22T10:55:25.947Z</time>
      </trkpt>
      <trkpt lat="46.44091749191284" lon="12.965045094490051">
        <ele>998.8152075773578</ele>
        <time>2025-04-22T10:55:27.947Z</time>
      </trkpt>
      <trkpt lat="46.440924286842346" lon="12.96506416797638">
        <ele>998.8457296893005</ele>
        <time>2025-04-22T10:55:28.947Z</time>
      </trkpt>
      <trkpt lat="46.44093918800354" lon="12.96510136127472">
        <ele>998.9400756533006</ele>
        <time>2025-04-22T10:55:30.947Z</time>
      </trkpt>
      <trkpt lat="46.440972089767456" lon="12.965187072753906">
        <ele>998.8906670623575</ele>
        <time>2025-04-22T10:55:34.947Z</time>
      </trkpt>
      <trkpt lat="46.44099223613739" lon="12.96526551246643">
        <ele>998.3352694053349</ele>
        <time>2025-04-22T10:55:38.947Z</time>
      </trkpt>
      <trkpt lat="46.44099283218384" lon="12.965283751487732">
        <ele>998.0754595433796</ele>
        <time>2025-04-22T10:55:39.947Z</time>
      </trkpt>
      <trkpt lat="46.44099771976471" lon="12.965325951576233">
        <ele>997.5676243396457</ele>
        <time>2025-04-22T10:55:41.947Z</time>
      </trkpt>
      <trkpt lat="46.440999150276184" lon="12.96535050868988">
        <ele>997.2026014555761</ele>
        <time>2025-04-22T10:55:42.947Z</time>
      </trkpt>
      <trkpt lat="46.441004276275635" lon="12.965376734733582">
        <ele>996.9045630251373</ele>
        <time>2025-04-22T10:55:43.947Z</time>
      </trkpt>
      <trkpt lat="46.44102203845978" lon="12.965447545051575">
        <ele>996.1701343252159</ele>
        <time>2025-04-22T10:55:46.947Z</time>
      </trkpt>
      <trkpt lat="46.44103169441223" lon="12.965498447418213">
        <ele>995.5377493298147</ele>
        <time>2025-04-22T10:55:48.947Z</time>
      </trkpt>
      <trkpt lat="46.441038846969604" lon="12.965517282485962">
        <ele>995.3778854432051</ele>
        <time>2025-04-22T10:55:49.947Z</time>
      </trkpt>
      <trkpt lat="46.441072940826416" lon="12.965612769126892">
        <ele>994.5323031098893</ele>
        <time>2025-04-22T10:55:54.947Z</time>
      </trkpt>
      <trkpt lat="46.441078424453735" lon="12.96563446521759">
        <ele>994.281833724518</ele>
        <time>2025-04-22T10:55:55.947Z</time>
      </trkpt>
      <trkpt lat="46.44109344482422" lon="12.965676546096802">
        <ele>993.9170049230196</ele>
        <time>2025-04-22T10:55:57.947Z</time>
      </trkpt>
      <trkpt lat="46.4411016702652" lon="12.965692400932312">
        <ele>993.8269761731885</ele>
        <time>2025-04-22T10:55:58.947Z</time>
      </trkpt>
      <trkpt lat="46.44110941886902" lon="12.96572744846344">
        <ele>993.3393603634894</ele>
        <time>2025-04-22T10:56:00.947Z</time>
      </trkpt>
      <trkpt lat="46.44111502170563" lon="12.965789556503296">
        <ele>992.2905917261058</ele>
        <time>2025-04-22T10:56:03.947Z</time>
      </trkpt>
      <trkpt lat="46.44111609458923" lon="12.96580982208252">
        <ele>991.922335355067</ele>
        <time>2025-04-22T10:56:04.947Z</time>
      </trkpt>
      <trkpt lat="46.44111919403076" lon="12.965864896774292">
        <ele>990.8215675021823</ele>
        <time>2025-04-22T10:56:07.947Z</time>
      </trkpt>
      <trkpt lat="46.44111692905426" lon="12.965928196907043">
        <ele>989.2073309255388</ele>
        <time>2025-04-22T10:56:10.947Z</time>
      </trkpt>
      <trkpt lat="46.44111740589142" lon="12.965947031974792">
        <ele>988.759870191459</ele>
        <time>2025-04-22T10:56:11.947Z</time>
      </trkpt>
      <trkpt lat="46.441123962402344" lon="12.965965390205383">
        <ele>988.5247956709006</ele>
        <time>2025-04-22T10:56:12.947Z</time>
      </trkpt>
      <trkpt lat="46.44112813472748" lon="12.96603548526764">
        <ele>986.860052133123</ele>
        <time>2025-04-22T10:56:15.947Z</time>
      </trkpt>
      <trkpt lat="46.4411324262619" lon="12.966055631637573">
        <ele>986.4453776946096</ele>
        <time>2025-04-22T10:56:16.947Z</time>
      </trkpt>
      <trkpt lat="46.44114065170288" lon="12.96607506275177">
        <ele>986.1849188335459</ele>
        <time>2025-04-22T10:56:17.947Z</time>
      </trkpt>
      <trkpt lat="46.44114124774933" lon="12.966094732284546">
        <ele>985.6668960770737</ele>
        <time>2025-04-22T10:56:18.947Z</time>
      </trkpt>
      <trkpt lat="46.441168785095215" lon="12.966130495071411">
        <ele>985.5269040003124</ele>
        <time>2025-04-22T10:56:20.947Z</time>
      </trkpt>
      <trkpt lat="46.44117856025696" lon="12.966148853302002">
        <ele>985.3421462632825</ele>
        <time>2025-04-22T10:56:21.947Z</time>
      </trkpt>
      <trkpt lat="46.441187381744385" lon="12.966173768043518">
        <ele>984.9331916335285</ele>
        <time>2025-04-22T10:56:22.947Z</time>
      </trkpt>
      <trkpt lat="46.44120907783508" lon="12.96621298789978">
        <ele>984.5373606816904</ele>
        <time>2025-04-22T10:56:24.947Z</time>
      </trkpt>
      <trkpt lat="46.441227197647095" lon="12.966248512268066">
        <ele>984.0737468753388</ele>
        <time>2025-04-22T10:56:26.947Z</time>
      </trkpt>
      <trkpt lat="46.44123661518097" lon="12.966258525848389">
        <ele>984.099807623576</ele>
        <time>2025-04-22T10:56:27.947Z</time>
      </trkpt>
      <trkpt lat="46.441264510154724" lon="12.966281294822693">
        <ele>984.3800286802006</ele>
        <time>2025-04-22T10:56:29.947Z</time>
      </trkpt>
      <trkpt lat="46.44128489494324" lon="12.966300010681152">
        <ele>984.5059054943739</ele>
        <time>2025-04-22T10:56:31.947Z</time>
      </trkpt>
      <trkpt lat="46.44129729270935" lon="12.966308116912842">
        <ele>984.7191346101202</ele>
        <time>2025-04-22T10:56:32.947Z</time>
      </trkpt>
      <trkpt lat="46.44132375717163" lon="12.966346383094788">
        <ele>984.4530843016387</ele>
        <time>2025-04-22T10:56:35.947Z</time>
      </trkpt>
      <trkpt lat="46.44133961200714" lon="12.966381907463074">
        <ele>983.776223414427</ele>
        <time>2025-04-22T10:56:37.947Z</time>
      </trkpt>
      <trkpt lat="46.44135344028473" lon="12.96640956401825">
        <ele>983.2677602484829</ele>
        <time>2025-04-22T10:56:39.947Z</time>
      </trkpt>
      <trkpt lat="46.44136321544647" lon="12.966423392295837">
        <ele>983.1158047233249</ele>
        <time>2025-04-22T10:56:40.947Z</time>
      </trkpt>
      <trkpt lat="46.44138729572296" lon="12.966463446617126">
        <ele>982.5010634499821</ele>
        <time>2025-04-22T10:56:43.947Z</time>
      </trkpt>
      <trkpt lat="46.4413948059082" lon="12.966470718383789">
        <ele>982.4992417825961</ele>
        <time>2025-04-22T10:56:44.947Z</time>
      </trkpt>
      <trkpt lat="46.44140934944153" lon="12.966488718986511">
        <ele>982.3386505190015</ele>
        <time>2025-04-22T10:56:46.947Z</time>
      </trkpt>
      <trkpt lat="46.44144129753113" lon="12.966505646705627">
        <ele>982.8349814525641</ele>
        <time>2025-04-22T10:56:49.947Z</time>
      </trkpt>
      <trkpt lat="46.44145309925079" lon="12.966508388519287">
        <ele>983.1512171977686</ele>
        <time>2025-04-22T10:56:50.947Z</time>
      </trkpt>
      <trkpt lat="46.441476583480835" lon="12.966512799263">
        <ele>983.7788091339025</ele>
        <time>2025-04-22T10:56:52.947Z</time>
      </trkpt>
      <trkpt lat="46.44150114059448" lon="12.966525316238403">
        <ele>984.0702384694666</ele>
        <time>2025-04-22T10:56:54.947Z</time>
      </trkpt>
      <trkpt lat="46.44151020050049" lon="12.966539144515991">
        <ele>983.7985744921266</ele>
        <time>2025-04-22T10:56:55.947Z</time>
      </trkpt>
      <trkpt lat="46.44151306152344" lon="12.966561675071716">
        <ele>982.9717325198005</ele>
        <time>2025-04-22T10:56:56.947Z</time>
      </trkpt>
      <trkpt lat="46.441502928733826" lon="12.966638207435608">
        <ele>979.5070806866819</ele>
        <time>2025-04-22T10:56:59.947Z</time>
      </trkpt>
      <trkpt lat="46.441506028175354" lon="12.966663360595703">
        <ele>978.5590786319789</ele>
        <time>2025-04-22T10:57:00.947Z</time>
      </trkpt>
      <trkpt lat="46.44151818752289" lon="12.966752409934998">
        <ele>975.2745979291936</ele>
        <time>2025-04-22T10:57:04.947Z</time>
      </trkpt>
      <trkpt lat="46.44152796268463" lon="12.966774106025696">
        <ele>974.6755208045744</ele>
        <time>2025-04-22T10:57:05.947Z</time>
      </trkpt>
      <trkpt lat="46.44153535366058" lon="12.966798067092896">
        <ele>973.9219035776289</ele>
        <time>2025-04-22T10:57:06.947Z</time>
      </trkpt>
      <trkpt lat="46.4415568113327" lon="12.966817021369934">
        <ele>973.7702435944565</ele>
        <time>2025-04-22T10:57:08.947Z</time>
      </trkpt>
      <trkpt lat="46.44161283969879" lon="12.96682357788086">
        <ele>974.9965937262878</ele>
        <time>2025-04-22T10:57:11.947Z</time>
      </trkpt>
      <trkpt lat="46.441627502441406" lon="12.96682858467102">
        <ele>975.1642925156758</ele>
        <time>2025-04-22T10:57:12.947Z</time>
      </trkpt>
      <trkpt lat="46.441645860672" lon="12.966833591461182">
        <ele>975.4290654307162</ele>
        <time>2025-04-22T10:57:14.947Z</time>
      </trkpt>
      <trkpt lat="46.441646575927734" lon="12.966854810714722">
        <ele>974.5843817565221</ele>
        <time>2025-04-22T10:57:15.947Z</time>
      </trkpt>
      <trkpt lat="46.441651463508606" lon="12.966870307922363">
        <ele>974.0858612882072</ele>
        <time>2025-04-22T10:57:16.947Z</time>
      </trkpt>
      <trkpt lat="46.44165599346161" lon="12.966891884803772">
        <ele>973.3231644169143</ele>
        <time>2025-04-22T10:57:17.947Z</time>
      </trkpt>
      <trkpt lat="46.44166016578674" lon="12.96690845489502">
        <ele>972.7528222434889</ele>
        <time>2025-04-22T10:57:18.947Z</time>
      </trkpt>
      <trkpt lat="46.44166827201843" lon="12.966927289962769">
        <ele>972.1884914834214</ele>
        <time>2025-04-22T10:57:19.947Z</time>
      </trkpt>
      <trkpt lat="46.44167625904083" lon="12.966946482658386">
        <ele>971.6002740849325</ele>
        <time>2025-04-22T10:57:20.947Z</time>
      </trkpt>
      <trkpt lat="46.44168293476105" lon="12.966979265213013">
        <ele>970.4692514063879</ele>
        <time>2025-04-22T10:57:22.947Z</time>
      </trkpt>
      <trkpt lat="46.44167447090149" lon="12.966999650001526">
        <ele>969.4563075506373</ele>
        <time>2025-04-22T10:57:23.947Z</time>
      </trkpt>
      <trkpt lat="46.44167387485504" lon="12.967023015022278">
        <ele>968.5296557421326</ele>
        <time>2025-04-22T10:57:24.947Z</time>
      </trkpt>
      <trkpt lat="46.44168710708618" lon="12.967049479484558">
        <ele>967.8669304460292</ele>
        <time>2025-04-22T10:57:26.947Z</time>
      </trkpt>
      <trkpt lat="46.44170308113098" lon="12.967076897621155">
        <ele>967.2741195654035</ele>
        <time>2025-04-22T10:57:28.947Z</time>
      </trkpt>
      <trkpt lat="46.441709756851196" lon="12.96709418296814">
        <ele>966.7989799877636</ele>
        <time>2025-04-22T10:57:29.947Z</time>
      </trkpt>
      <trkpt lat="46.44171178340912" lon="12.967125654220581">
        <ele>965.6770427781634</ele>
        <time>2025-04-22T10:57:31.947Z</time>
      </trkpt>
      <trkpt lat="46.44170808792114" lon="12.967135667800903">
        <ele>965.235054728377</ele>
        <time>2025-04-22T10:57:32.947Z</time>
      </trkpt>
      <trkpt lat="46.44170415401459" lon="12.967146754264832">
        <ele>964.7607521810792</ele>
        <time>2025-04-22T10:57:33.947Z</time>
      </trkpt>
      <trkpt lat="46.44170844554901" lon="12.967194557189941">
        <ele>963.2625396727551</ele>
        <time>2025-04-22T10:57:36.947Z</time>
      </trkpt>
      <trkpt lat="46.441712737083435" lon="12.967215418815613">
        <ele>962.681385209785</ele>
        <time>2025-04-22T10:57:37.947Z</time>
      </trkpt>
      <trkpt lat="46.441723346710205" lon="12.967257380485535">
        <ele>961.7950639948253</ele>
        <time>2025-04-22T10:57:39.947Z</time>
      </trkpt>
      <trkpt lat="46.441730976104736" lon="12.967317700386047">
        <ele>960.3752047668213</ele>
        <time>2025-04-22T10:57:42.947Z</time>
      </trkpt>
      <trkpt lat="46.44173324108124" lon="12.967334985733032">
        <ele>960.0135603660722</ele>
        <time>2025-04-22T10:57:43.947Z</time>
      </trkpt>
      <trkpt lat="46.4417405128479" lon="12.967380046844482">
        <ele>959.1077766055712</ele>
        <time>2025-04-22T10:57:45.947Z</time>
      </trkpt>
      <trkpt lat="46.44174301624298" lon="12.967399716377258">
        <ele>958.7099430404609</ele>
        <time>2025-04-22T10:57:46.947Z</time>
      </trkpt>
      <trkpt lat="46.4417450428009" lon="12.967416167259216">
        <ele>958.3814322726805</ele>
        <time>2025-04-22T10:57:47.947Z</time>
      </trkpt>
      <trkpt lat="46.4417507648468" lon="12.96743130683899">
        <ele>958.1834476331252</ele>
        <time>2025-04-22T10:57:48.947Z</time>
      </trkpt>
      <trkpt lat="46.44175732135773" lon="12.967446565628052">
        <ele>958.0052592340858</ele>
        <time>2025-04-22T10:57:49.947Z</time>
      </trkpt>
      <trkpt lat="46.44175601005554" lon="12.967483520507812">
        <ele>957.1097135119697</ele>
        <time>2025-04-22T10:57:51.947Z</time>
      </trkpt>
      <trkpt lat="46.44174921512604" lon="12.967506408691406">
        <ele>956.3992363779043</ele>
        <time>2025-04-22T10:57:52.947Z</time>
      </trkpt>
      <trkpt lat="46.44174909591675" lon="12.967552304267883">
        <ele>955.3370647667876</ele>
        <time>2025-04-22T10:57:55.947Z</time>
      </trkpt>
      <trkpt lat="46.44174838066101" lon="12.96757423877716">
        <ele>954.790057751653</ele>
        <time>2025-04-22T10:57:57.947Z</time>
      </trkpt>
      <trkpt lat="46.44174408912659" lon="12.967607259750366">
        <ele>953.8733021627189</ele>
        <time>2025-04-22T10:57:59.947Z</time>
      </trkpt>
      <trkpt lat="46.44174516201019" lon="12.96762502193451">
        <ele>953.4659285592858</ele>
        <time>2025-04-22T10:58:00.947Z</time>
      </trkpt>
      <trkpt lat="46.441742300987244" lon="12.967654585838318">
        <ele>952.6613113011382</ele>
        <time>2025-04-22T10:58:01.947Z</time>
      </trkpt>
      <trkpt lat="46.44174611568451" lon="12.967671036720276">
        <ele>952.3402748547643</ele>
        <time>2025-04-22T10:58:02.947Z</time>
      </trkpt>
      <trkpt lat="46.441749572753906" lon="12.967689275741577">
        <ele>951.9625600535592</ele>
        <time>2025-04-22T10:58:03.947Z</time>
      </trkpt>
      <trkpt lat="46.4417530298233" lon="12.9677072763443">
        <ele>951.5884365821692</ele>
        <time>2025-04-22T10:58:04.947Z</time>
      </trkpt>
      <trkpt lat="46.441755175590515" lon="12.967725276947021">
        <ele>951.1807113325434</ele>
        <time>2025-04-22T10:58:05.947Z</time>
      </trkpt>
      <trkpt lat="46.441760301589966" lon="12.967770338058472">
        <ele>950.2422524658446</ele>
        <time>2025-04-22T10:58:08.947Z</time>
      </trkpt>
      <trkpt lat="46.441771388053894" lon="12.96779465675354">
        <ele>949.9426634335326</ele>
        <time>2025-04-22T10:58:10.947Z</time>
      </trkpt>
      <trkpt lat="46.441771268844604" lon="12.967809557914734">
        <ele>949.5894444151811</ele>
        <time>2025-04-22T10:58:11.947Z</time>
      </trkpt>
      <trkpt lat="46.441771388053894" lon="12.967818975448608">
        <ele>949.3731136355091</ele>
        <time>2025-04-22T10:58:12.947Z</time>
      </trkpt>
      <trkpt lat="46.441770911216736" lon="12.967889189720154">
        <ele>947.7541216381571</ele>
        <time>2025-04-22T10:58:16.947Z</time>
      </trkpt>
      <trkpt lat="46.44176781177521" lon="12.967907071113586">
        <ele>947.2789078406531</ele>
        <time>2025-04-22T10:58:17.947Z</time>
      </trkpt>
      <trkpt lat="46.441763520240784" lon="12.967928171157837">
        <ele>946.7448962833737</ele>
        <time>2025-04-22T10:58:18.947Z</time>
      </trkpt>
      <trkpt lat="46.441757678985596" lon="12.967950701713562">
        <ele>946.14483845002</ele>
        <time>2025-04-22T10:58:19.947Z</time>
      </trkpt>
      <trkpt lat="46.441752314567566" lon="12.967987775802612">
        <ele>945.2620374441149</ele>
        <time>2025-04-22T10:58:21.947Z</time>
      </trkpt>
      <trkpt lat="46.4417439699173" lon="12.968017220497131">
        <ele>944.4874085612603</ele>
        <time>2025-04-22T10:58:23.947Z</time>
      </trkpt>
      <trkpt lat="46.44174420833588" lon="12.968044519424438">
        <ele>943.9849693857144</ele>
        <time>2025-04-22T10:58:25.947Z</time>
      </trkpt>
      <trkpt lat="46.44175183773041" lon="12.968054294586182">
        <ele>944.0091380149138</ele>
        <time>2025-04-22T10:58:26.947Z</time>
      </trkpt>
      <trkpt lat="46.44175887107849" lon="12.968054175376892">
        <ele>944.2016268283139</ele>
        <time>2025-04-22T10:58:27.947Z</time>
      </trkpt>
      <trkpt lat="46.441787242889404" lon="12.968038320541382">
        <ele>945.3184676951045</ele>
        <time>2025-04-22T10:58:31.947Z</time>
      </trkpt>
      <trkpt lat="46.44178783893585" lon="12.968034148216248">
        <ele>945.409098970682</ele>
        <time>2025-04-22T10:58:33.947Z</time>
      </trkpt>
      <trkpt lat="46.44179928302765" lon="12.968032360076904">
        <ele>945.7705252977481</ele>
        <time>2025-04-22T10:58:39.947Z</time>
      </trkpt>
      <trkpt lat="46.441799998283386" lon="12.96803343296051">
        <ele>945.7728155192199</ele>
        <time>2025-04-22T10:58:41.947Z</time>
      </trkpt>
      <trkpt lat="46.44180071353912" lon="12.968035340309143">
        <ele>945.7609288184967</ele>
        <time>2025-04-22T10:58:44.947Z</time>
      </trkpt>
      <trkpt lat="46.44180130958557" lon="12.968036532402039">
        <ele>945.7578757264678</ele>
        <time>2025-04-22T10:58:46.947Z</time>
      </trkpt>
      <trkpt lat="46.44180166721344" lon="12.968037724494934">
        <ele>945.7479530113125</ele>
        <time>2025-04-22T10:58:48.947Z</time>
      </trkpt>
      <trkpt lat="46.44180178642273" lon="12.968037962913513">
        <ele>945.7473580695826</ele>
        <time>2025-04-22T10:58:49.947Z</time>
      </trkpt>
      <trkpt lat="46.4418021440506" lon="12.968038439750671">
        <ele>945.7496410686712</ele>
        <time>2025-04-22T10:58:51.947Z</time>
      </trkpt>
      <trkpt lat="46.44180405139923" lon="12.96804130077362">
        <ele>945.7566620396649</ele>
        <time>2025-04-22T10:58:56.947Z</time>
      </trkpt>
      <trkpt lat="46.44180405139923" lon="12.968043684959412">
        <ele>945.7162973161142</ele>
        <time>2025-04-22T10:59:02.947Z</time>
      </trkpt>
      <trkpt lat="46.44180417060852" lon="12.968043804168701">
        <ele>945.7177704387545</ele>
        <time>2025-04-22T10:59:07.947Z</time>
      </trkpt>
      <trkpt lat="46.44180476665497" lon="12.968044400215149">
        <ele>945.7251528500052</ele>
        <time>2025-04-22T10:59:11.947Z</time>
      </trkpt>
      <trkpt lat="46.44180500507355" lon="12.968044519424438">
        <ele>945.7301274104043</ele>
        <time>2025-04-22T10:59:12.947Z</time>
      </trkpt>
      <trkpt lat="46.441805958747864" lon="12.968045234680176">
        <ele>945.7460294891206</ele>
        <time>2025-04-22T10:59:17.947Z</time>
      </trkpt>
      <trkpt lat="46.44180607795715" lon="12.96804392337799">
        <ele>945.7716234695771</ele>
        <time>2025-04-22T10:59:23.947Z</time>
      </trkpt>
      <trkpt lat="46.44180154800415" lon="12.968065619468689">
        <ele>945.2694717273155</ele>
        <time>2025-04-22T10:59:29.947Z</time>
      </trkpt>
      <trkpt lat="46.44179284572601" lon="12.968091487884521">
        <ele>944.599133832847</ele>
        <time>2025-04-22T10:59:31.947Z</time>
      </trkpt>
      <trkpt lat="46.44178795814514" lon="12.96812379360199">
        <ele>943.9610816306445</ele>
        <time>2025-04-22T10:59:33.947Z</time>
      </trkpt>
      <trkpt lat="46.441784739494324" lon="12.968141078948975">
        <ele>943.6013209731793</ele>
        <time>2025-04-22T10:59:34.947Z</time>
      </trkpt>
      <trkpt lat="46.44178032875061" lon="12.968159079551697">
        <ele>943.1947250396237</ele>
        <time>2025-04-22T10:59:35.947Z</time>
      </trkpt>
      <trkpt lat="46.441760659217834" lon="12.96821403503418">
        <ele>941.7635613603463</ele>
        <time>2025-04-22T10:59:38.947Z</time>
      </trkpt>
      <trkpt lat="46.441757678985596" lon="12.9682297706604">
        <ele>941.4303258506488</ele>
        <time>2025-04-22T10:59:39.947Z</time>
      </trkpt>
      <trkpt lat="46.441752195358276" lon="12.968244075775146">
        <ele>941.0367246178087</ele>
        <time>2025-04-22T10:59:40.947Z</time>
      </trkpt>
      <trkpt lat="46.44174838066101" lon="12.968258261680603">
        <ele>940.6959350708843</ele>
        <time>2025-04-22T10:59:41.947Z</time>
      </trkpt>
      <trkpt lat="46.44173181056976" lon="12.968327164649963">
        <ele>939.076445778114</ele>
        <time>2025-04-22T10:59:45.947Z</time>
      </trkpt>
      <trkpt lat="46.441731452941895" lon="12.968364596366882">
        <ele>938.4955816278703</ele>
        <time>2025-04-22T10:59:47.947Z</time>
      </trkpt>
      <trkpt lat="46.44173550605774" lon="12.968400597572327">
        <ele>938.0873602378654</ele>
        <time>2025-04-22T10:59:49.947Z</time>
      </trkpt>
      <trkpt lat="46.44174873828888" lon="12.968441009521484">
        <ele>937.9169231680767</ele>
        <time>2025-04-22T10:59:51.947Z</time>
      </trkpt>
      <trkpt lat="46.44175159931183" lon="12.968456745147705">
        <ele>937.7739374031717</ele>
        <time>2025-04-22T10:59:52.947Z</time>
      </trkpt>
      <trkpt lat="46.441750168800354" lon="12.968491315841675">
        <ele>937.1936953045266</ele>
        <time>2025-04-22T10:59:54.947Z</time>
      </trkpt>
      <trkpt lat="46.44175851345062" lon="12.96854841709137">
        <ele>936.570804379497</ele>
        <time>2025-04-22T10:59:57.947Z</time>
      </trkpt>
      <trkpt lat="46.44176781177521" lon="12.968586921691895">
        <ele>936.2829985571295</ele>
        <time>2025-04-22T10:59:59.947Z</time>
      </trkpt>
      <trkpt lat="46.44177556037903" lon="12.968605160713196">
        <ele>936.2838186814472</ele>
        <time>2025-04-22T11:00:00.947Z</time>
      </trkpt>
      <trkpt lat="46.44177532196045" lon="12.968623518943787">
        <ele>935.9864223482806</ele>
        <time>2025-04-22T11:00:01.947Z</time>
      </trkpt>
      <trkpt lat="46.441773653030396" lon="12.968648076057434">
        <ele>935.5421319220575</ele>
        <time>2025-04-22T11:00:03.947Z</time>
      </trkpt>
      <trkpt lat="46.44176518917084" lon="12.968671441078186">
        <ele>934.8892827044043</ele>
        <time>2025-04-22T11:00:05.947Z</time>
      </trkpt>
      <trkpt lat="46.44176440336582" lon="12.968674905278078">
        <ele>934.809833638138</ele>
        <time>2025-04-22T11:00:06.947Z</time>
      </trkpt>
      <trkpt lat="46.44176" lon="12.968846">
        <ele>932.374562043019</ele>
        <time>2025-04-22T11:00:17.276Z</time>
      </trkpt>
      <trkpt lat="46.441051" lon="12.968174">
        <ele>922.118900429645</ele>
        <time>2025-04-22T11:01:31.416Z</time>
      </trkpt>
      <trkpt lat="46.440965" lon="12.968078">
        <ele>921.8639501041273</ele>
        <time>2025-04-22T11:01:40.915Z</time>
      </trkpt>
      <trkpt lat="46.440903" lon="12.968028">
        <ele>921.4220355151676</ele>
        <time>2025-04-22T11:01:47.125Z</time>
      </trkpt>
      <trkpt lat="46.440642" lon="12.967926">
        <ele>917.235029267122</ele>
        <time>2025-04-22T11:02:10.804Z</time>
      </trkpt>
      <trkpt lat="46.440308" lon="12.967787">
        <ele>912.7651479374681</ele>
        <time>2025-04-22T11:02:41.242Z</time>
      </trkpt>
      <trkpt lat="46.440235" lon="12.967787">
        <ele>911.5546159966914</ele>
        <time>2025-04-22T11:02:47.637Z</time>
      </trkpt>
      <trkpt lat="46.440101" lon="12.967877">
        <ele>907.8441249331937</ele>
        <time>2025-04-22T11:03:00.572Z</time>
      </trkpt>
      <trkpt lat="46.43992" lon="12.96807">
        <ele>902.3943981614641</ele>
        <time>2025-04-22T11:03:20.248Z</time>
      </trkpt>
      <trkpt lat="46.439645" lon="12.968294">
        <ele>897.1203022629261</ele>
        <time>2025-04-22T11:03:47.874Z</time>
      </trkpt>
      <trkpt lat="46.439458" lon="12.96833">
        <ele>896.0196163110602</ele>
        <time>2025-04-22T11:04:04.399Z</time>
      </trkpt>
      <trkpt lat="46.439617" lon="12.96836">
        <ele>896.0616683423524</ele>
        <time>2025-04-22T11:04:18.445Z</time>
      </trkpt>
      <trkpt lat="46.439835" lon="12.96835">
        <ele>897.2928533379139</ele>
        <time>2025-04-22T11:04:37.552Z</time>
      </trkpt>
      <trkpt lat="46.440094" lon="12.968421">
        <ele>898.5973441825723</ele>
        <time>2025-04-22T11:05:00.642Z</time>
      </trkpt>
      <trkpt lat="46.440254" lon="12.968492">
        <ele>899.7327344066417</ele>
        <time>2025-04-22T11:05:15.299Z</time>
      </trkpt>
      <trkpt lat="46.440417" lon="12.968591">
        <ele>901.1969436922097</ele>
        <time>2025-04-22T11:05:30.778Z</time>
      </trkpt>
    </trkseg>
  </trk>
</gpx>
