<?xml version="1.0" encoding="UTF-8"?>
<gpx creator="https://gpx.studio" version="1.1" xmlns="http://www.topografix.com/GPX/1/1" xmlns:xsi="http://www.w3.org/2001/XMLSchema-instance" xsi:schemaLocation="http://www.topografix.com/GPX/1/1 http://www.topografix.com/GPX/1/1/gpx.xsd http://www.garmin.com/xmlschemas/GpxExtensions/v3 http://www.garmin.com/xmlschemas/GpxExtensionsv3.xsd http://www.garmin.com/xmlschemas/TrackPointExtension/v1 http://www.garmin.com/xmlschemas/TrackPointExtensionv1.xsd http://www.garmin.com/xmlschemas/PowerExtension/v1 http://www.garmin.com/xmlschemas/PowerExtensionv1.xsd http://www.topografix.com/GPX/gpx_style/0/2 http://www.topografix.com/GPX/gpx_style/0/2/gpx_style.xsd" xmlns:gpxtpx="http://www.garmin.com/xmlschemas/TrackPointExtension/v1" xmlns:gpxx="http://www.garmin.com/xmlschemas/GpxExtensions/v3" xmlns:gpxpx="http://www.garmin.com/xmlschemas/PowerExtension/v1" xmlns:gpx_style="http://www.topografix.com/GPX/gpx_style/0/2">
  <metadata>
    <name>LAU-MTB-V</name>
    <author>
      <name>gpx.studio</name>
      <link href="https://gpx.studio"/>
    </author>
  </metadata>
  <trk>
    <name>LAU-MTB-V</name>
    <trkseg>
      <trkpt lat="46.422715" lon="12.931602">
        <ele>718.7045883215726</ele>
      </trkpt>
      <trkpt lat="46.422717" lon="12.931595">
        <ele>718.699519093583</ele>
      </trkpt>
      <trkpt lat="46.422826" lon="12.931669">
        <ele>719.1728017243515</ele>
      </trkpt>
      <trkpt lat="46.422958" lon="12.931699">
        <ele>720.1545879161927</ele>
      </trkpt>
      <trkpt lat="46.423062" lon="12.931683">
        <ele>720.9376536479907</ele>
      </trkpt>
      <trkpt lat="46.423186" lon="12.931686">
        <ele>722.3487875340827</ele>
      </trkpt>
      <trkpt lat="46.423203" lon="12.931754">
        <ele>722.9804929019125</ele>
      </trkpt>
      <trkpt lat="46.423239" lon="12.931811">
        <ele>723.6482286912167</ele>
      </trkpt>
      <trkpt lat="46.423291" lon="12.931924">
        <ele>724.7674460473465</ele>
      </trkpt>
      <trkpt lat="46.423317" lon="12.932022">
        <ele>725.5045634276828</ele>
      </trkpt>
      <trkpt lat="46.423317" lon="12.93231">
        <ele>726.5921761240694</ele>
      </trkpt>
      <trkpt lat="46.423318" lon="12.932395">
        <ele>726.984148062571</ele>
      </trkpt>
      <trkpt lat="46.4234" lon="12.932635">
        <ele>729.792179245711</ele>
      </trkpt>
      <trkpt lat="46.423404" lon="12.932744">
        <ele>731.0580519830884</ele>
      </trkpt>
      <trkpt lat="46.423385" lon="12.932815">
        <ele>731.6534917227908</ele>
      </trkpt>
      <trkpt lat="46.423358" lon="12.932867">
        <ele>732.018807259579</ele>
      </trkpt>
      <trkpt lat="46.423293" lon="12.932951">
        <ele>732.3330771092147</ele>
      </trkpt>
      <trkpt lat="46.423072" lon="12.933126">
        <ele>731.1838000430107</ele>
      </trkpt>
      <trkpt lat="46.423006" lon="12.933203">
        <ele>730.9914872904751</ele>
      </trkpt>
      <trkpt lat="46.42295" lon="12.933293">
        <ele>731.0726655993551</ele>
      </trkpt>
      <trkpt lat="46.422919" lon="12.933377">
        <ele>731.1488800757506</ele>
      </trkpt>
      <trkpt lat="46.422882" lon="12.933516">
        <ele>731.2745694897502</ele>
      </trkpt>
      <trkpt lat="46.42287" lon="12.933606">
        <ele>731.432250043309</ele>
      </trkpt>
      <trkpt lat="46.422877" lon="12.933704">
        <ele>731.6893451440759</ele>
      </trkpt>
      <trkpt lat="46.42288" lon="12.933737">
        <ele>731.7477956093456</ele>
      </trkpt>
      <trkpt lat="46.422904" lon="12.933797">
        <ele>732.0692073502564</ele>
      </trkpt>
      <trkpt lat="46.422943" lon="12.933853">
        <ele>732.4959894600655</ele>
      </trkpt>
      <trkpt lat="46.422984" lon="12.933887">
        <ele>732.8235922224703</ele>
      </trkpt>
      <trkpt lat="46.423082" lon="12.93393">
        <ele>733.6155049013614</ele>
      </trkpt>
      <trkpt lat="46.423151" lon="12.933925">
        <ele>734.0637605938537</ele>
      </trkpt>
      <trkpt lat="46.423226" lon="12.933881">
        <ele>734.6362308494458</ele>
      </trkpt>
      <trkpt lat="46.423523" lon="12.93352">
        <ele>738.0783528426272</ele>
      </trkpt>
      <trkpt lat="46.423625" lon="12.933446">
        <ele>739.2952002644713</ele>
      </trkpt>
      <trkpt lat="46.423891" lon="12.933182">
        <ele>741.1895992410031</ele>
      </trkpt>
      <trkpt lat="46.423931" lon="12.933132">
        <ele>741.5221578008284</ele>
      </trkpt>
      <trkpt lat="46.423977" lon="12.933038">
        <ele>741.8973801104436</ele>
      </trkpt>
      <trkpt lat="46.423995" lon="12.93295">
        <ele>742.1075570871559</ele>
      </trkpt>
      <trkpt lat="46.424035" lon="12.932762">
        <ele>742.4278201945583</ele>
      </trkpt>
      <trkpt lat="46.424058" lon="12.932707">
        <ele>742.5060823773373</ele>
      </trkpt>
      <trkpt lat="46.424141" lon="12.932661">
        <ele>743.3629059082416</ele>
      </trkpt>
      <trkpt lat="46.424378" lon="12.93249">
        <ele>745.1576697198359</ele>
      </trkpt>
      <trkpt lat="46.424451" lon="12.932481">
        <ele>745.8449303644945</ele>
      </trkpt>
      <trkpt lat="46.424534" lon="12.932496">
        <ele>746.7092201201756</ele>
      </trkpt>
      <trkpt lat="46.42467" lon="12.93248">
        <ele>748.3816239292105</ele>
      </trkpt>
      <trkpt lat="46.424886" lon="12.932405">
        <ele>750.2684298523341</ele>
      </trkpt>
      <trkpt lat="46.425141" lon="12.932374">
        <ele>750.9422338945873</ele>
      </trkpt>
      <trkpt lat="46.425257" lon="12.932345">
        <ele>751.7066737746576</ele>
      </trkpt>
      <trkpt lat="46.425353" lon="12.932298">
        <ele>752.6321112469769</ele>
      </trkpt>
      <trkpt lat="46.425399" lon="12.932268">
        <ele>753.0538793115722</ele>
      </trkpt>
      <trkpt lat="46.425649" lon="12.932028">
        <ele>754.2199131267275</ele>
      </trkpt>
      <trkpt lat="46.425708" lon="12.931992">
        <ele>754.5693836231695</ele>
      </trkpt>
      <trkpt lat="46.425801" lon="12.931986">
        <ele>755.1703129670794</ele>
      </trkpt>
      <trkpt lat="46.425844" lon="12.932004">
        <ele>755.4431025454063</ele>
      </trkpt>
      <trkpt lat="46.425897" lon="12.932057">
        <ele>755.7401071080491</ele>
      </trkpt>
      <trkpt lat="46.42595" lon="12.932152">
        <ele>756.3232250293803</ele>
      </trkpt>
      <trkpt lat="46.425996" lon="12.932268">
        <ele>757.1319277492207</ele>
      </trkpt>
      <trkpt lat="46.426026" lon="12.932363">
        <ele>758.0753893981632</ele>
      </trkpt>
      <trkpt lat="46.426054" lon="12.93249">
        <ele>759.3630118059157</ele>
      </trkpt>
      <trkpt lat="46.426065" lon="12.932578">
        <ele>760.1784744030558</ele>
      </trkpt>
      <trkpt lat="46.426065" lon="12.932896">
        <ele>761.2780967781339</ele>
      </trkpt>
      <trkpt lat="46.426083" lon="12.932995">
        <ele>761.7091139488391</ele>
      </trkpt>
      <trkpt lat="46.426115" lon="12.933073">
        <ele>762.0970312216843</ele>
      </trkpt>
      <trkpt lat="46.426175" lon="12.933128">
        <ele>762.9354397619256</ele>
      </trkpt>
      <trkpt lat="46.426311" lon="12.933205">
        <ele>764.830425456455</ele>
      </trkpt>
      <trkpt lat="46.426373" lon="12.933263">
        <ele>765.826881500834</ele>
      </trkpt>
      <trkpt lat="46.42642" lon="12.933341">
        <ele>766.8704340188322</ele>
      </trkpt>
      <trkpt lat="46.426442" lon="12.933419">
        <ele>767.8083184323557</ele>
      </trkpt>
      <trkpt lat="46.426443" lon="12.933516">
        <ele>768.6903933239744</ele>
      </trkpt>
      <trkpt lat="46.426417" lon="12.933637">
        <ele>769.6744364900883</ele>
      </trkpt>
      <trkpt lat="46.426273" lon="12.934211">
        <ele>771.4443169725313</ele>
      </trkpt>
      <trkpt lat="46.426261" lon="12.934285">
        <ele>771.6937782593994</ele>
      </trkpt>
      <trkpt lat="46.426261" lon="12.934348">
        <ele>772.1413420734079</ele>
      </trkpt>
      <trkpt lat="46.426285" lon="12.934436">
        <ele>772.3866612300632</ele>
      </trkpt>
      <trkpt lat="46.42631" lon="12.934465">
        <ele>772.6486226362825</ele>
      </trkpt>
      <trkpt lat="46.426353" lon="12.934485">
        <ele>773.1090438523795</ele>
      </trkpt>
      <trkpt lat="46.426403" lon="12.934493">
        <ele>773.559117320638</ele>
      </trkpt>
      <trkpt lat="46.42648" lon="12.93448">
        <ele>774.2436506510624</ele>
      </trkpt>
      <trkpt lat="46.426755" lon="12.934406">
        <ele>776.3417133715159</ele>
      </trkpt>
      <trkpt lat="46.427055" lon="12.934297">
        <ele>779.2004368613175</ele>
      </trkpt>
      <trkpt lat="46.427169" lon="12.934274">
        <ele>779.8712730369589</ele>
      </trkpt>
      <trkpt lat="46.42753" lon="12.93425">
        <ele>781.821500340955</ele>
      </trkpt>
      <trkpt lat="46.427694" lon="12.934226">
        <ele>784.4327175607245</ele>
      </trkpt>
      <trkpt lat="46.42779" lon="12.934236">
        <ele>785.771096279246</ele>
      </trkpt>
      <trkpt lat="46.427839" lon="12.93426">
        <ele>786.4682918055674</ele>
      </trkpt>
      <trkpt lat="46.427892" lon="12.934318">
        <ele>787.3220889556967</ele>
      </trkpt>
      <trkpt lat="46.428026" lon="12.934558">
        <ele>789.925191709066</ele>
      </trkpt>
      <trkpt lat="46.428136" lon="12.934779">
        <ele>791.9037810372536</ele>
      </trkpt>
      <trkpt lat="46.428191" lon="12.934908">
        <ele>792.8441030338479</ele>
      </trkpt>
      <trkpt lat="46.428288" lon="12.935189">
        <ele>795.0272790612971</ele>
      </trkpt>
      <trkpt lat="46.428379" lon="12.935551">
        <ele>797.2590997570027</ele>
      </trkpt>
      <trkpt lat="46.428436" lon="12.935885">
        <ele>800.7142514724484</ele>
      </trkpt>
      <trkpt lat="46.428453" lon="12.936079">
        <ele>801.8483527633748</ele>
      </trkpt>
      <trkpt lat="46.428445" lon="12.936281">
        <ele>802.8176469450877</ele>
      </trkpt>
      <trkpt lat="46.428395" lon="12.936622">
        <ele>804.9526318825625</ele>
      </trkpt>
      <trkpt lat="46.428383" lon="12.936819">
        <ele>806.2363745009064</ele>
      </trkpt>
      <trkpt lat="46.428394" lon="12.93692">
        <ele>807.1953831520073</ele>
      </trkpt>
      <trkpt lat="46.428436" lon="12.937091">
        <ele>809.5398068853491</ele>
      </trkpt>
      <trkpt lat="46.428489" lon="12.937224">
        <ele>811.1929854399909</ele>
      </trkpt>
      <trkpt lat="46.428531" lon="12.937361">
        <ele>812.4238213274948</ele>
      </trkpt>
      <trkpt lat="46.428548" lon="12.937443">
        <ele>812.9633803761528</ele>
      </trkpt>
      <trkpt lat="46.428625" lon="12.938124">
        <ele>817.8714045603134</ele>
      </trkpt>
      <trkpt lat="46.428646" lon="12.938215">
        <ele>818.4406275620797</ele>
      </trkpt>
      <trkpt lat="46.4289" lon="12.939003">
        <ele>825.4104141415737</ele>
      </trkpt>
      <trkpt lat="46.429353" lon="12.940096">
        <ele>831.623954886225</ele>
      </trkpt>
      <trkpt lat="46.429381" lon="12.940137">
        <ele>831.9960958376043</ele>
      </trkpt>
      <trkpt lat="46.429454" lon="12.940197">
        <ele>833.5540546160129</ele>
      </trkpt>
      <trkpt lat="46.429685" lon="12.940323">
        <ele>835.0717222945752</ele>
      </trkpt>
      <trkpt lat="46.429879" lon="12.940359">
        <ele>836.5067604248098</ele>
      </trkpt>
      <trkpt lat="46.430106" lon="12.940358">
        <ele>838.4898054745133</ele>
      </trkpt>
      <trkpt lat="46.430522" lon="12.940376">
        <ele>840.3945929752315</ele>
      </trkpt>
      <trkpt lat="46.430613" lon="12.94037">
        <ele>840.6852175345956</ele>
      </trkpt>
      <trkpt lat="46.431002" lon="12.940271">
        <ele>843.5385862101073</ele>
      </trkpt>
      <trkpt lat="46.431091" lon="12.940279">
        <ele>844.3991484318288</ele>
      </trkpt>
      <trkpt lat="46.43112" lon="12.940306">
        <ele>844.3757686962833</ele>
      </trkpt>
      <trkpt lat="46.431158" lon="12.940391">
        <ele>844.1796405195992</ele>
      </trkpt>
      <trkpt lat="46.431166" lon="12.940485">
        <ele>844.3108101322107</ele>
      </trkpt>
      <trkpt lat="46.431161" lon="12.940535">
        <ele>844.4870092482308</ele>
      </trkpt>
      <trkpt lat="46.431141" lon="12.94061">
        <ele>845.3586230015093</ele>
      </trkpt>
      <trkpt lat="46.431109" lon="12.940662">
        <ele>845.9463732111592</ele>
      </trkpt>
      <trkpt lat="46.430924" lon="12.94083">
        <ele>848.3603189484497</ele>
      </trkpt>
      <trkpt lat="46.430843" lon="12.94094">
        <ele>849.9867579661325</ele>
      </trkpt>
      <trkpt lat="46.430721" lon="12.941138">
        <ele>853.0036441793188</ele>
      </trkpt>
      <trkpt lat="46.430608" lon="12.941362">
        <ele>855.858963665013</ele>
      </trkpt>
      <trkpt lat="46.430539" lon="12.941574">
        <ele>857.4164697424872</ele>
      </trkpt>
      <trkpt lat="46.430484" lon="12.94178">
        <ele>859.2143374850858</ele>
      </trkpt>
      <trkpt lat="46.43043" lon="12.941887">
        <ele>860.4165805322363</ele>
      </trkpt>
      <trkpt lat="46.430311" lon="12.942027">
        <ele>862.4861139382604</ele>
      </trkpt>
      <trkpt lat="46.430098" lon="12.942188">
        <ele>864.3939378890377</ele>
      </trkpt>
      <trkpt lat="46.42997" lon="12.94227">
        <ele>866.1959154075431</ele>
      </trkpt>
      <trkpt lat="46.429936" lon="12.942278">
        <ele>866.5008871273926</ele>
      </trkpt>
      <trkpt lat="46.429829" lon="12.942267">
        <ele>867.4522550638956</ele>
      </trkpt>
      <trkpt lat="46.429596" lon="12.942191">
        <ele>867.7121371187408</ele>
      </trkpt>
      <trkpt lat="46.429042" lon="12.942121">
        <ele>871.2940094497983</ele>
      </trkpt>
      <trkpt lat="46.428968" lon="12.942125">
        <ele>871.2390352456695</ele>
      </trkpt>
      <trkpt lat="46.428523" lon="12.942314">
        <ele>872.4816294078557</ele>
      </trkpt>
      <trkpt lat="46.42844" lon="12.942318">
        <ele>872.7305706378993</ele>
      </trkpt>
      <trkpt lat="46.42836" lon="12.942308">
        <ele>872.8511285848361</ele>
      </trkpt>
      <trkpt lat="46.428217" lon="12.942226">
        <ele>872.2066596526208</ele>
      </trkpt>
      <trkpt lat="46.428124" lon="12.942196">
        <ele>871.8999571993656</ele>
      </trkpt>
      <trkpt lat="46.428054" lon="12.942192">
        <ele>871.8800647993694</ele>
      </trkpt>
      <trkpt lat="46.427728" lon="12.942242">
        <ele>873.5828435599757</ele>
      </trkpt>
      <trkpt lat="46.427592" lon="12.942247">
        <ele>874.6104074485019</ele>
      </trkpt>
      <trkpt lat="46.427535" lon="12.942234">
        <ele>874.7456668559485</ele>
      </trkpt>
      <trkpt lat="46.427309" lon="12.942146">
        <ele>874.401546361747</ele>
      </trkpt>
      <trkpt lat="46.427184" lon="12.942129">
        <ele>874.1311247479558</ele>
      </trkpt>
      <trkpt lat="46.427098" lon="12.942143">
        <ele>873.9522225685484</ele>
      </trkpt>
      <trkpt lat="46.426854" lon="12.942309">
        <ele>873.3459184805847</ele>
      </trkpt>
      <trkpt lat="46.426777" lon="12.942387">
        <ele>872.7809603019839</ele>
      </trkpt>
      <trkpt lat="46.426665" lon="12.942552">
        <ele>871.7698744494492</ele>
      </trkpt>
      <trkpt lat="46.426601" lon="12.942731">
        <ele>871.2584533728214</ele>
      </trkpt>
      <trkpt lat="46.426536" lon="12.943015">
        <ele>870.9858505791344</ele>
      </trkpt>
      <trkpt lat="46.426495" lon="12.943301">
        <ele>870.70404918759</ele>
      </trkpt>
      <trkpt lat="46.426505" lon="12.943606">
        <ele>870.780686954724</ele>
      </trkpt>
      <trkpt lat="46.426547" lon="12.943952">
        <ele>870.6890722071919</ele>
      </trkpt>
      <trkpt lat="46.426703" lon="12.944345">
        <ele>871.3453985599626</ele>
      </trkpt>
      <trkpt lat="46.426833" lon="12.94452">
        <ele>871.9043783056791</ele>
      </trkpt>
      <trkpt lat="46.42739" lon="12.944941">
        <ele>874.4543767253516</ele>
      </trkpt>
      <trkpt lat="46.427764" lon="12.945357">
        <ele>875.3850402553411</ele>
      </trkpt>
      <trkpt lat="46.42803" lon="12.945718">
        <ele>877.3743075354955</ele>
      </trkpt>
      <trkpt lat="46.42816" lon="12.945855">
        <ele>878.1607763332836</ele>
      </trkpt>
      <trkpt lat="46.428282" lon="12.945923">
        <ele>878.7828255595844</ele>
      </trkpt>
      <trkpt lat="46.428656" lon="12.945992">
        <ele>879.6633649689575</ele>
      </trkpt>
      <trkpt lat="46.428799" lon="12.946031">
        <ele>879.9657313880773</ele>
      </trkpt>
      <trkpt lat="46.428891" lon="12.946071">
        <ele>880.4989742782163</ele>
      </trkpt>
      <trkpt lat="46.429077" lon="12.946178">
        <ele>882.367331022075</ele>
      </trkpt>
      <trkpt lat="46.42921" lon="12.946292">
        <ele>883.8927412296059</ele>
      </trkpt>
      <trkpt lat="46.429277" lon="12.94638">
        <ele>884.6014293162157</ele>
      </trkpt>
      <trkpt lat="46.429369" lon="12.946549">
        <ele>885.1998714834086</ele>
      </trkpt>
      <trkpt lat="46.429681" lon="12.947267">
        <ele>886.1642931933026</ele>
      </trkpt>
      <trkpt lat="46.430071" lon="12.948124">
        <ele>883.1501218408276</ele>
      </trkpt>
      <trkpt lat="46.430169" lon="12.948246">
        <ele>881.5241323877417</ele>
      </trkpt>
      <trkpt lat="46.430225" lon="12.948286">
        <ele>880.9198438447285</ele>
      </trkpt>
      <trkpt lat="46.430745" lon="12.948339">
        <ele>876.5968643054573</ele>
      </trkpt>
      <trkpt lat="46.431093" lon="12.948324">
        <ele>875.1145352433516</ele>
      </trkpt>
      <trkpt lat="46.431542" lon="12.948438">
        <ele>869.1591811089079</ele>
      </trkpt>
      <trkpt lat="46.431635" lon="12.948445">
        <ele>868.2748471349694</ele>
      </trkpt>
      <trkpt lat="46.431975" lon="12.948255">
        <ele>867.0048991382642</ele>
      </trkpt>
      <trkpt lat="46.432265" lon="12.948288">
        <ele>862.1178538444123</ele>
      </trkpt>
      <trkpt lat="46.432668" lon="12.94819">
        <ele>861.5761767283618</ele>
      </trkpt>
      <trkpt lat="46.432716" lon="12.948203">
        <ele>861.0029343184485</ele>
      </trkpt>
      <trkpt lat="46.432793" lon="12.948252">
        <ele>860.2795653502831</ele>
      </trkpt>
      <trkpt lat="46.43296" lon="12.948473">
        <ele>858.2355840028944</ele>
      </trkpt>
      <trkpt lat="46.433048" lon="12.948566">
        <ele>856.3868869128839</ele>
      </trkpt>
      <trkpt lat="46.43334" lon="12.948808">
        <ele>854.0478313231291</ele>
      </trkpt>
      <trkpt lat="46.433406" lon="12.948835">
        <ele>854.479108250463</ele>
      </trkpt>
      <trkpt lat="46.433534" lon="12.948952">
        <ele>854.0612424086929</ele>
      </trkpt>
      <trkpt lat="46.433855" lon="12.949201">
        <ele>853.1469751600891</ele>
      </trkpt>
      <trkpt lat="46.434072" lon="12.949348">
        <ele>850.7448214422577</ele>
      </trkpt>
      <trkpt lat="46.43438" lon="12.949487">
        <ele>849.2812292727149</ele>
      </trkpt>
      <trkpt lat="46.434452" lon="12.94951">
        <ele>848.6971590257369</ele>
      </trkpt>
      <trkpt lat="46.434637" lon="12.949461">
        <ele>848.6878331941462</ele>
      </trkpt>
      <trkpt lat="46.434796" lon="12.949381">
        <ele>847.1918625227554</ele>
      </trkpt>
      <trkpt lat="46.435202" lon="12.949213">
        <ele>843.7771281464073</ele>
      </trkpt>
      <trkpt lat="46.435261" lon="12.949166">
        <ele>843.7923115015728</ele>
      </trkpt>
      <trkpt lat="46.43561" lon="12.948473">
        <ele>841.1566931252798</ele>
      </trkpt>
      <trkpt lat="46.435766" lon="12.948156">
        <ele>841.5025988434327</ele>
      </trkpt>
      <trkpt lat="46.43585" lon="12.947766">
        <ele>842.1543398131791</ele>
      </trkpt>
      <trkpt lat="46.43594" lon="12.947675">
        <ele>842.3831391523684</ele>
      </trkpt>
      <trkpt lat="46.43602" lon="12.947721">
        <ele>841.6705068169724</ele>
      </trkpt>
      <trkpt lat="46.436191" lon="12.947886">
        <ele>841.1876451544149</ele>
      </trkpt>
      <trkpt lat="46.436299" lon="12.948048">
        <ele>839.8573451427773</ele>
      </trkpt>
      <trkpt lat="46.436409" lon="12.948155">
        <ele>838.9642822789523</ele>
      </trkpt>
      <trkpt lat="46.43655" lon="12.94826">
        <ele>839.6457056973113</ele>
      </trkpt>
      <trkpt lat="46.43661" lon="12.948339">
        <ele>839.9333239392522</ele>
      </trkpt>
      <trkpt lat="46.436816" lon="12.948744">
        <ele>839.9361125515902</ele>
      </trkpt>
      <trkpt lat="46.436942" lon="12.948819">
        <ele>839.1280206262402</ele>
      </trkpt>
      <trkpt lat="46.437323" lon="12.948892">
        <ele>836.289568159852</ele>
      </trkpt>
      <trkpt lat="46.437496" lon="12.948896">
        <ele>835.7550061488056</ele>
      </trkpt>
      <trkpt lat="46.437545" lon="12.948843">
        <ele>836.3295219836083</ele>
      </trkpt>
      <trkpt lat="46.437565" lon="12.948789">
        <ele>837.259573582904</ele>
      </trkpt>
      <trkpt lat="46.437564" lon="12.948506">
        <ele>838.5043547153323</ele>
      </trkpt>
      <trkpt lat="46.437593" lon="12.94841">
        <ele>837.3277872511967</ele>
      </trkpt>
      <trkpt lat="46.437642" lon="12.948355">
        <ele>836.485695585454</ele>
      </trkpt>
      <trkpt lat="46.437748" lon="12.948314">
        <ele>834.7520995936637</ele>
      </trkpt>
      <trkpt lat="46.437895" lon="12.948289">
        <ele>831.7191286395755</ele>
      </trkpt>
      <trkpt lat="46.437971" lon="12.948236">
        <ele>833.7836956445526</ele>
      </trkpt>
      <trkpt lat="46.438011" lon="12.948164">
        <ele>834.7818696357094</ele>
      </trkpt>
      <trkpt lat="46.438012" lon="12.948055">
        <ele>836.4492949735583</ele>
      </trkpt>
      <trkpt lat="46.437977" lon="12.947921">
        <ele>836.6608099363714</ele>
      </trkpt>
      <trkpt lat="46.437909" lon="12.947753">
        <ele>834.5653468944392</ele>
      </trkpt>
      <trkpt lat="46.437795" lon="12.947532">
        <ele>836.3658148120628</ele>
      </trkpt>
      <trkpt lat="46.437628" lon="12.94727">
        <ele>836.320725103212</ele>
      </trkpt>
      <trkpt lat="46.437597" lon="12.94717">
        <ele>836.1715441963022</ele>
      </trkpt>
      <trkpt lat="46.437611" lon="12.947066">
        <ele>834.1399673123328</ele>
      </trkpt>
      <trkpt lat="46.437679" lon="12.94703">
        <ele>832.289126029304</ele>
      </trkpt>
      <trkpt lat="46.437896" lon="12.947043">
        <ele>826.9136939330974</ele>
      </trkpt>
      <trkpt lat="46.438095" lon="12.947063">
        <ele>825.3959274410361</ele>
      </trkpt>
      <trkpt lat="46.438257" lon="12.947065">
        <ele>824.8110942232128</ele>
      </trkpt>
      <trkpt lat="46.438454" lon="12.947113">
        <ele>822.7573294204615</ele>
      </trkpt>
      <trkpt lat="46.43858" lon="12.947136">
        <ele>821.6360678129123</ele>
      </trkpt>
      <trkpt lat="46.43874" lon="12.947186">
        <ele>820.3540943380385</ele>
      </trkpt>
      <trkpt lat="46.439042" lon="12.947346">
        <ele>816.0146958091898</ele>
      </trkpt>
      <trkpt lat="46.439132" lon="12.947346">
        <ele>816.4889934789628</ele>
      </trkpt>
      <trkpt lat="46.4392" lon="12.947269">
        <ele>817.4209441506941</ele>
      </trkpt>
      <trkpt lat="46.439246" lon="12.947122">
        <ele>818.2573441760119</ele>
      </trkpt>
      <trkpt lat="46.43935" lon="12.946546">
        <ele>816.5475860480008</ele>
      </trkpt>
      <trkpt lat="46.43948" lon="12.945931">
        <ele>814.5528648588557</ele>
      </trkpt>
      <trkpt lat="46.439545" lon="12.945697">
        <ele>813.8485257106834</ele>
      </trkpt>
      <trkpt lat="46.439604" lon="12.945582">
        <ele>813.3165208656534</ele>
      </trkpt>
      <trkpt lat="46.439642" lon="12.945681">
        <ele>812.2286819322096</ele>
      </trkpt>
      <trkpt lat="46.439572" lon="12.945925">
        <ele>812.653453687266</ele>
      </trkpt>
      <trkpt lat="46.439583" lon="12.946088">
        <ele>812.5231455268466</ele>
      </trkpt>
      <trkpt lat="46.439595" lon="12.946128">
        <ele>812.4330824652342</ele>
      </trkpt>
      <trkpt lat="46.439611" lon="12.946187">
        <ele>812.3199380643517</ele>
      </trkpt>
      <trkpt lat="46.439716" lon="12.946327">
        <ele>810.4999695994197</ele>
      </trkpt>
      <trkpt lat="46.439828" lon="12.946452">
        <ele>808.1294764764893</ele>
      </trkpt>
      <trkpt lat="46.439978" lon="12.946619">
        <ele>807.8971617247684</ele>
      </trkpt>
      <trkpt lat="46.440027" lon="12.946712">
        <ele>809.2211993991142</ele>
      </trkpt>
      <trkpt lat="46.440039" lon="12.9469">
        <ele>810.5121445078066</ele>
      </trkpt>
      <trkpt lat="46.440026" lon="12.947524">
        <ele>810.7755090896887</ele>
      </trkpt>
      <trkpt lat="46.440006" lon="12.948185">
        <ele>807.0613672047007</ele>
      </trkpt>
      <trkpt lat="46.44" lon="12.94867">
        <ele>805.712253461709</ele>
      </trkpt>
      <trkpt lat="46.440023" lon="12.948859">
        <ele>805.0486728180656</ele>
      </trkpt>
      <trkpt lat="46.440082" lon="12.948974">
        <ele>805.625859236229</ele>
      </trkpt>
      <trkpt lat="46.44024" lon="12.949135">
        <ele>806.817260202317</ele>
      </trkpt>
      <trkpt lat="46.440397" lon="12.949231">
        <ele>807.7527308881196</ele>
      </trkpt>
      <trkpt lat="46.440567" lon="12.949372">
        <ele>805.727394467985</ele>
      </trkpt>
      <trkpt lat="46.440706" lon="12.949392">
        <ele>804.8305947669879</ele>
      </trkpt>
      <trkpt lat="46.440878" lon="12.949347">
        <ele>804.8229361219762</ele>
      </trkpt>
      <trkpt lat="46.44114" lon="12.949246">
        <ele>804.206599681609</ele>
      </trkpt>
      <trkpt lat="46.441479" lon="12.949157">
        <ele>801.3566253749159</ele>
      </trkpt>
      <trkpt lat="46.441674" lon="12.949163">
        <ele>798.314562107058</ele>
      </trkpt>
      <trkpt lat="46.442359" lon="12.949476">
        <ele>785.2180826562058</ele>
      </trkpt>
      <trkpt lat="46.44305" lon="12.949822">
        <ele>778.0438151385408</ele>
      </trkpt>
      <trkpt lat="46.443471" lon="12.950013">
        <ele>775.9704656645919</ele>
      </trkpt>
      <trkpt lat="46.443643" lon="12.950098">
        <ele>770.5563875047036</ele>
      </trkpt>
      <trkpt lat="46.443974" lon="12.950252">
        <ele>773.3088738758877</ele>
      </trkpt>
      <trkpt lat="46.444287" lon="12.950371">
        <ele>781.5307093695083</ele>
      </trkpt>
      <trkpt lat="46.444553" lon="12.950416">
        <ele>783.7695788588538</ele>
      </trkpt>
      <trkpt lat="46.444603" lon="12.950485">
        <ele>785.4962082011958</ele>
      </trkpt>
      <trkpt lat="46.444599" lon="12.950553">
        <ele>787.5455753131653</ele>
      </trkpt>
      <trkpt lat="46.444539" lon="12.950635">
        <ele>789.4469263378246</ele>
      </trkpt>
      <trkpt lat="46.444395" lon="12.950659">
        <ele>788.9511888126731</ele>
      </trkpt>
      <trkpt lat="46.444178" lon="12.950726">
        <ele>789.6355886345732</ele>
      </trkpt>
      <trkpt lat="46.444094" lon="12.950777">
        <ele>790.6629213321062</ele>
      </trkpt>
      <trkpt lat="46.444063" lon="12.95087">
        <ele>793.1950087732638</ele>
      </trkpt>
      <trkpt lat="46.444082" lon="12.950931">
        <ele>794.7205806671814</ele>
      </trkpt>
      <trkpt lat="46.444125" lon="12.950952">
        <ele>794.9605522256657</ele>
      </trkpt>
      <trkpt lat="46.444261" lon="12.950961">
        <ele>795.2314339008485</ele>
      </trkpt>
      <trkpt lat="46.444669" lon="12.950839">
        <ele>796.8526441220001</ele>
      </trkpt>
      <trkpt lat="46.444739" lon="12.950862">
        <ele>798.1669839256053</ele>
      </trkpt>
      <trkpt lat="46.44477" lon="12.950922">
        <ele>799.764331537178</ele>
      </trkpt>
      <trkpt lat="46.444762" lon="12.95101">
        <ele>801.620366222569</ele>
      </trkpt>
      <trkpt lat="46.444729" lon="12.95105">
        <ele>802.1306187440107</ele>
      </trkpt>
      <trkpt lat="46.44443" lon="12.95121">
        <ele>802.2424064477843</ele>
      </trkpt>
      <trkpt lat="46.444143" lon="12.951584">
        <ele>805.2289435775001</ele>
      </trkpt>
      <trkpt lat="46.443917" lon="12.951987">
        <ele>809.3523902795268</ele>
      </trkpt>
      <trkpt lat="46.443816" lon="12.952165">
        <ele>810.8152275902878</ele>
      </trkpt>
      <trkpt lat="46.44371" lon="12.952292">
        <ele>812.7357380858557</ele>
      </trkpt>
      <trkpt lat="46.443535" lon="12.952385">
        <ele>814.4839820972477</ele>
      </trkpt>
      <trkpt lat="46.443354" lon="12.952447">
        <ele>811.2974193113678</ele>
      </trkpt>
      <trkpt lat="46.443268" lon="12.952547">
        <ele>810.3304199240698</ele>
      </trkpt>
      <trkpt lat="46.443257" lon="12.952739">
        <ele>813.114346705633</ele>
      </trkpt>
      <trkpt lat="46.443292" lon="12.952871">
        <ele>815.977924552345</ele>
      </trkpt>
      <trkpt lat="46.443369" lon="12.952927">
        <ele>818.5707042223341</ele>
      </trkpt>
      <trkpt lat="46.443573" lon="12.952871">
        <ele>822.5418800653985</ele>
      </trkpt>
      <trkpt lat="46.443764" lon="12.952839">
        <ele>824.7251293751459</ele>
      </trkpt>
      <trkpt lat="46.443835" lon="12.952864">
        <ele>825.7416222618535</ele>
      </trkpt>
      <trkpt lat="46.44386" lon="12.95295">
        <ele>827.6386579746861</ele>
      </trkpt>
      <trkpt lat="46.443841" lon="12.953031">
        <ele>829.2406412985539</ele>
      </trkpt>
      <trkpt lat="46.443782" lon="12.953089">
        <ele>830.3716529475345</ele>
      </trkpt>
      <trkpt lat="46.443646" lon="12.953181">
        <ele>830.9212044688484</ele>
      </trkpt>
      <trkpt lat="46.443394" lon="12.95348">
        <ele>829.5756998696454</ele>
      </trkpt>
      <trkpt lat="46.443368" lon="12.953627">
        <ele>830.6354755808693</ele>
      </trkpt>
      <trkpt lat="46.443395" lon="12.953692">
        <ele>832.6569630805432</ele>
      </trkpt>
      <trkpt lat="46.443431" lon="12.953729">
        <ele>834.1290415851588</ele>
      </trkpt>
      <trkpt lat="46.443501" lon="12.953695">
        <ele>834.8886470214244</ele>
      </trkpt>
      <trkpt lat="46.443699" lon="12.953554">
        <ele>836.3629184910922</ele>
      </trkpt>
      <trkpt lat="46.443856" lon="12.953471">
        <ele>838.3854353771723</ele>
      </trkpt>
      <trkpt lat="46.443988" lon="12.953439">
        <ele>839.2341499894554</ele>
      </trkpt>
      <trkpt lat="46.444048" lon="12.953489">
        <ele>840.3624622580462</ele>
      </trkpt>
      <trkpt lat="46.444053" lon="12.953569">
        <ele>841.6879886800482</ele>
      </trkpt>
      <trkpt lat="46.444017" lon="12.953645">
        <ele>842.6075881382224</ele>
      </trkpt>
      <trkpt lat="46.443951" lon="12.953672">
        <ele>842.3866335866003</ele>
      </trkpt>
      <trkpt lat="46.443869" lon="12.953724">
        <ele>842.2667300604351</ele>
      </trkpt>
      <trkpt lat="46.443642" lon="12.954066">
        <ele>848.2781593795464</ele>
      </trkpt>
      <trkpt lat="46.443474" lon="12.954211">
        <ele>850.6707100114347</ele>
      </trkpt>
      <trkpt lat="46.443373" lon="12.954347">
        <ele>851.1382854441463</ele>
      </trkpt>
      <trkpt lat="46.443253" lon="12.95465">
        <ele>852.9793822211649</ele>
      </trkpt>
      <trkpt lat="46.443124" lon="12.954933">
        <ele>856.2373406308457</ele>
      </trkpt>
      <trkpt lat="46.442947" lon="12.955161">
        <ele>857.8622088251044</ele>
      </trkpt>
      <trkpt lat="46.442853" lon="12.955389">
        <ele>861.5247479483015</ele>
      </trkpt>
      <trkpt lat="46.442883" lon="12.955499">
        <ele>864.5467953495348</ele>
      </trkpt>
      <trkpt lat="46.442931" lon="12.955522">
        <ele>865.5444459124535</ele>
      </trkpt>
      <trkpt lat="46.443001" lon="12.955508">
        <ele>865.8019581161941</ele>
      </trkpt>
      <trkpt lat="46.443202" lon="12.955201">
        <ele>865.3075391959319</ele>
      </trkpt>
      <trkpt lat="46.443421" lon="12.955001">
        <ele>868.59263271612</ele>
      </trkpt>
      <trkpt lat="46.443506" lon="12.954931">
        <ele>869.5924006766618</ele>
      </trkpt>
      <trkpt lat="46.443593" lon="12.954933">
        <ele>871.1646681199072</ele>
      </trkpt>
      <trkpt lat="46.443633" lon="12.955">
        <ele>872.8129255334675</ele>
      </trkpt>
      <trkpt lat="46.443627" lon="12.955086">
        <ele>874.1942516251049</ele>
      </trkpt>
      <trkpt lat="46.443584" lon="12.955178">
        <ele>875.6677154797627</ele>
      </trkpt>
      <trkpt lat="46.443502" lon="12.955232">
        <ele>874.7952822605789</ele>
      </trkpt>
      <trkpt lat="46.443431" lon="12.955299">
        <ele>873.899180884835</ele>
      </trkpt>
      <trkpt lat="46.443372" lon="12.955431">
        <ele>874.2834370177663</ele>
      </trkpt>
      <trkpt lat="46.443344" lon="12.955533">
        <ele>875.4391447080733</ele>
      </trkpt>
      <trkpt lat="46.443276" lon="12.955687">
        <ele>877.1050642200756</ele>
      </trkpt>
      <trkpt lat="46.443153" lon="12.955844">
        <ele>880.066436288424</ele>
      </trkpt>
      <trkpt lat="46.442997" lon="12.955913">
        <ele>882.1817436730402</ele>
      </trkpt>
      <trkpt lat="46.442727" lon="12.955958">
        <ele>883.4090373067893</ele>
      </trkpt>
      <trkpt lat="46.442479" lon="12.955946">
        <ele>884.573146268571</ele>
      </trkpt>
      <trkpt lat="46.442268" lon="12.955898">
        <ele>887.4273861683407</ele>
      </trkpt>
      <trkpt lat="46.441987" lon="12.955926">
        <ele>890.1931218250548</ele>
      </trkpt>
      <trkpt lat="46.441832" lon="12.955977">
        <ele>891.588080289776</ele>
      </trkpt>
      <trkpt lat="46.441419" lon="12.956496">
        <ele>898.8385806959873</ele>
      </trkpt>
      <trkpt lat="46.441212" lon="12.956755">
        <ele>900.7553465873609</ele>
      </trkpt>
      <trkpt lat="46.441155" lon="12.95688">
        <ele>902.2313406945042</ele>
      </trkpt>
      <trkpt lat="46.441143" lon="12.956966">
        <ele>903.8486921478393</ele>
      </trkpt>
      <trkpt lat="46.441184" lon="12.957029">
        <ele>908.0720697748212</ele>
      </trkpt>
      <trkpt lat="46.441247" lon="12.957035">
        <ele>910.7764347205492</ele>
      </trkpt>
      <trkpt lat="46.441517" lon="12.956705">
        <ele>909.7776758209721</ele>
      </trkpt>
      <trkpt lat="46.441734" lon="12.956587">
        <ele>913.9529384515049</ele>
      </trkpt>
      <trkpt lat="46.442042" lon="12.956479">
        <ele>915.478098279506</ele>
      </trkpt>
      <trkpt lat="46.4423" lon="12.956461">
        <ele>918.2154035526507</ele>
      </trkpt>
      <trkpt lat="46.442392" lon="12.956468">
        <ele>918.2594825205335</ele>
      </trkpt>
      <trkpt lat="46.442423" lon="12.95652">
        <ele>920.0682170548639</ele>
      </trkpt>
      <trkpt lat="46.442423" lon="12.956654">
        <ele>924.4174157314502</ele>
      </trkpt>
      <trkpt lat="46.442392" lon="12.956713">
        <ele>927.6348842167008</ele>
      </trkpt>
      <trkpt lat="46.442259" lon="12.956658">
        <ele>924.4035550893584</ele>
      </trkpt>
      <trkpt lat="46.442164" lon="12.956635">
        <ele>922.9022042632857</ele>
      </trkpt>
      <trkpt lat="46.442036" lon="12.956654">
        <ele>921.8790580487528</ele>
      </trkpt>
      <trkpt lat="46.44188" lon="12.956739">
        <ele>923.607963191168</ele>
      </trkpt>
      <trkpt lat="46.441737" lon="12.95687">
        <ele>927.4974775300723</ele>
      </trkpt>
      <trkpt lat="46.441586" lon="12.957029">
        <ele>929.5160933457344</ele>
      </trkpt>
      <trkpt lat="46.441391" lon="12.957312">
        <ele>933.2739659924632</ele>
      </trkpt>
      <trkpt lat="46.441166" lon="12.957613">
        <ele>935.4232951481437</ele>
      </trkpt>
      <trkpt lat="46.441153" lon="12.957713">
        <ele>936.8340430365173</ele>
      </trkpt>
      <trkpt lat="46.441178" lon="12.957767">
        <ele>938.720077822424</ele>
      </trkpt>
      <trkpt lat="46.441233" lon="12.957815">
        <ele>940.9518071132889</ele>
      </trkpt>
      <trkpt lat="46.441282" lon="12.957799">
        <ele>941.7160633769062</ele>
      </trkpt>
      <trkpt lat="46.441334" lon="12.957711">
        <ele>940.5038751529263</ele>
      </trkpt>
      <trkpt lat="46.44143" lon="12.957492">
        <ele>938.6978163516565</ele>
      </trkpt>
      <trkpt lat="46.441454" lon="12.957467">
        <ele>938.951165376185</ele>
      </trkpt>
      <trkpt lat="46.441483" lon="12.957466">
        <ele>939.7863303432264</ele>
      </trkpt>
      <trkpt lat="46.441524" lon="12.957483">
        <ele>941.2397319166945</ele>
      </trkpt>
      <trkpt lat="46.441548" lon="12.957551">
        <ele>942.8438803338059</ele>
      </trkpt>
      <trkpt lat="46.441544" lon="12.957599">
        <ele>943.4449593490112</ele>
      </trkpt>
      <trkpt lat="46.441502" lon="12.957679">
        <ele>943.5890237123433</ele>
      </trkpt>
      <trkpt lat="46.441305" lon="12.95801">
        <ele>946.0076135190403</ele>
      </trkpt>
      <trkpt lat="46.441176" lon="12.958357">
        <ele>949.051582876534</ele>
      </trkpt>
      <trkpt lat="46.441113" lon="12.958461">
        <ele>950.6932142446162</ele>
      </trkpt>
      <trkpt lat="46.441026" lon="12.95853">
        <ele>951.7473886467833</ele>
      </trkpt>
      <trkpt lat="46.440917" lon="12.958563">
        <ele>952.4607668425706</ele>
      </trkpt>
      <trkpt lat="46.44083" lon="12.958563">
        <ele>953.5629814902708</ele>
      </trkpt>
      <trkpt lat="46.440676" lon="12.958491">
        <ele>955.8953632173672</ele>
      </trkpt>
      <trkpt lat="46.440146" lon="12.957957">
        <ele>960.3203610411906</ele>
      </trkpt>
      <trkpt lat="46.440051" lon="12.957953">
        <ele>961.4962768183822</ele>
      </trkpt>
      <trkpt lat="46.439947" lon="12.957997">
        <ele>962.966969343188</ele>
      </trkpt>
      <trkpt lat="46.439555" lon="12.958299">
        <ele>968.8588836914168</ele>
      </trkpt>
      <trkpt lat="46.439514" lon="12.958385">
        <ele>969.8822398759874</ele>
      </trkpt>
      <trkpt lat="46.439506" lon="12.958451">
        <ele>970.6455942568421</ele>
      </trkpt>
      <trkpt lat="46.439512" lon="12.958507">
        <ele>971.1047667775412</ele>
      </trkpt>
      <trkpt lat="46.439573" lon="12.958685">
        <ele>973.0774392288521</ele>
      </trkpt>
      <trkpt lat="46.439684" lon="12.95895">
        <ele>976.7469094702063</ele>
      </trkpt>
      <trkpt lat="46.439846" lon="12.959336">
        <ele>982.7863025991169</ele>
      </trkpt>
      <trkpt lat="46.439961" lon="12.959506">
        <ele>985.1867328159979</ele>
      </trkpt>
      <trkpt lat="46.440083" lon="12.959616">
        <ele>985.8581801300602</ele>
      </trkpt>
      <trkpt lat="46.440176" lon="12.959675">
        <ele>986.3271371641817</ele>
      </trkpt>
      <trkpt lat="46.440296" lon="12.959753">
        <ele>987.2138315048097</ele>
      </trkpt>
      <trkpt lat="46.440552" lon="12.959842">
        <ele>988.0739147282027</ele>
      </trkpt>
      <trkpt lat="46.441097" lon="12.959927">
        <ele>994.4008512118008</ele>
      </trkpt>
      <trkpt lat="46.441271" lon="12.959935">
        <ele>995.9973723166812</ele>
      </trkpt>
      <trkpt lat="46.441415" lon="12.959912">
        <ele>997.6257037052487</ele>
      </trkpt>
      <trkpt lat="46.441463" lon="12.95994">
        <ele>999.2980586496112</ele>
      </trkpt>
      <trkpt lat="46.441499" lon="12.960015">
        <ele>1001.3840424088584</ele>
      </trkpt>
      <trkpt lat="46.441496" lon="12.960085">
        <ele>1002.4651072766269</ele>
      </trkpt>
      <trkpt lat="46.441451" lon="12.960167">
        <ele>1002.4577860770007</ele>
      </trkpt>
      <trkpt lat="46.441219" lon="12.96033">
        <ele>1001.7967267909397</ele>
      </trkpt>
      <trkpt lat="46.440986" lon="12.960494">
        <ele>1004.6671260149058</ele>
      </trkpt>
      <trkpt lat="46.440752" lon="12.960641">
        <ele>1006.4679742222556</ele>
      </trkpt>
      <trkpt lat="46.440627" lon="12.960701">
        <ele>1007.5943682392973</ele>
      </trkpt>
      <trkpt lat="46.440577" lon="12.960699">
        <ele>1007.4818258551136</ele>
      </trkpt>
      <trkpt lat="46.440486" lon="12.960697">
        <ele>1008.11816049669</ele>
      </trkpt>
      <trkpt lat="46.440302" lon="12.960689">
        <ele>1009.8111666051947</ele>
      </trkpt>
      <trkpt lat="46.44022" lon="12.960726">
        <ele>1010.5794489732428</ele>
      </trkpt>
      <trkpt lat="46.440177" lon="12.960785">
        <ele>1010.986108405491</ele>
      </trkpt>
      <trkpt lat="46.440162" lon="12.960913">
        <ele>1011.3672748654093</ele>
      </trkpt>
      <trkpt lat="46.440297" lon="12.961447">
        <ele>1012.2812774478341</ele>
      </trkpt>
      <trkpt lat="46.440316" lon="12.961626">
        <ele>1011.9656833455463</ele>
      </trkpt>
      <trkpt lat="46.440309" lon="12.961709">
        <ele>1011.8118315695059</ele>
      </trkpt>
      <trkpt lat="46.440276" lon="12.961896">
        <ele>1011.4014962876063</ele>
      </trkpt>
      <trkpt lat="46.440171" lon="12.962247">
        <ele>1009.4843438795978</ele>
      </trkpt>
      <trkpt lat="46.440168" lon="12.962626">
        <ele>1007.0365068493559</ele>
      </trkpt>
      <trkpt lat="46.440172" lon="12.962696">
        <ele>1006.2089549201282</ele>
      </trkpt>
      <trkpt lat="46.440181" lon="12.962882">
        <ele>1002.7873123664699</ele>
      </trkpt>
      <trkpt lat="46.440234" lon="12.963075">
        <ele>999.3109761652545</ele>
      </trkpt>
      <trkpt lat="46.440299" lon="12.963237">
        <ele>997.03113892996</ele>
      </trkpt>
      <trkpt lat="46.440343" lon="12.963277">
        <ele>996.888561059556</ele>
      </trkpt>
      <trkpt lat="46.440421" lon="12.963307">
        <ele>998.538390415905</ele>
      </trkpt>
      <trkpt lat="46.440511" lon="12.963314">
        <ele>1001.8339346978423</ele>
      </trkpt>
      <trkpt lat="46.440542" lon="12.963337">
        <ele>1002.7250265206342</ele>
      </trkpt>
      <trkpt lat="46.44056" lon="12.963385">
        <ele>1002.4813154762322</ele>
      </trkpt>
      <trkpt lat="46.440558" lon="12.963434">
        <ele>1001.2653261103839</ele>
      </trkpt>
      <trkpt lat="46.440548" lon="12.963476">
        <ele>999.8250432684142</ele>
      </trkpt>
      <trkpt lat="46.440527" lon="12.963512">
        <ele>997.9811203511841</ele>
      </trkpt>
      <trkpt lat="46.44049" lon="12.963534">
        <ele>995.677627275217</ele>
      </trkpt>
      <trkpt lat="46.44043" lon="12.963521">
        <ele>993.5866929705144</ele>
      </trkpt>
      <trkpt lat="46.440179" lon="12.96341">
        <ele>990.4649098378889</ele>
      </trkpt>
      <trkpt lat="46.439962" lon="12.96332">
        <ele>988.6168708972773</ele>
      </trkpt>
      <trkpt lat="46.439688" lon="12.963278">
        <ele>986.1007056696893</ele>
      </trkpt>
      <trkpt lat="46.439496" lon="12.963154">
        <ele>983.495719149543</ele>
      </trkpt>
      <trkpt lat="46.439187" lon="12.962934">
        <ele>980.822563537618</ele>
      </trkpt>
      <trkpt lat="46.439016" lon="12.962921">
        <ele>979.0064223499595</ele>
      </trkpt>
      <trkpt lat="46.438827" lon="12.962934">
        <ele>978.1979211964656</ele>
      </trkpt>
      <trkpt lat="46.438667" lon="12.963019">
        <ele>976.636816368064</ele>
      </trkpt>
      <trkpt lat="46.438205" lon="12.963434">
        <ele>971.5540208515997</ele>
      </trkpt>
      <trkpt lat="46.438239" lon="12.963488">
        <ele>969.9815859735431</ele>
      </trkpt>
      <trkpt lat="46.438282" lon="12.963502">
        <ele>969.2590995229721</ele>
      </trkpt>
      <trkpt lat="46.43832" lon="12.963491">
        <ele>969.1900546405802</ele>
      </trkpt>
      <trkpt lat="46.43842" lon="12.963401">
        <ele>969.9122529245284</ele>
      </trkpt>
      <trkpt lat="46.438469" lon="12.963372">
        <ele>969.7891804581063</ele>
      </trkpt>
      <trkpt lat="46.438505" lon="12.963362">
        <ele>969.2989796641681</ele>
      </trkpt>
      <trkpt lat="46.438528" lon="12.96337">
        <ele>968.5692710369498</ele>
      </trkpt>
      <trkpt lat="46.438542" lon="12.963433">
        <ele>966.3285890381444</ele>
      </trkpt>
      <trkpt lat="46.438529" lon="12.963484">
        <ele>965.1074778644033</ele>
      </trkpt>
      <trkpt lat="46.438471" lon="12.963578">
        <ele>963.8198546125433</ele>
      </trkpt>
      <trkpt lat="46.438251" lon="12.963844">
        <ele>959.8556972576878</ele>
      </trkpt>
      <trkpt lat="46.438083" lon="12.964056">
        <ele>955.6143640062778</ele>
      </trkpt>
      <trkpt lat="46.438021" lon="12.964123">
        <ele>953.7380007641206</ele>
      </trkpt>
      <trkpt lat="46.437931" lon="12.964141">
        <ele>953.4946219335088</ele>
      </trkpt>
      <trkpt lat="46.437748" lon="12.964119">
        <ele>950.7839480316516</ele>
      </trkpt>
      <trkpt lat="46.437666" lon="12.964119">
        <ele>949.9952695004306</ele>
      </trkpt>
      <trkpt lat="46.437589" lon="12.96416">
        <ele>948.9994608668749</ele>
      </trkpt>
      <trkpt lat="46.43745" lon="12.964283">
        <ele>947.4547431292353</ele>
      </trkpt>
      <trkpt lat="46.437348" lon="12.964391">
        <ele>945.9892250159354</ele>
      </trkpt>
      <trkpt lat="46.437314" lon="12.964483">
        <ele>944.7735713208831</ele>
      </trkpt>
      <trkpt lat="46.437321" lon="12.964541">
        <ele>943.7587829589621</ele>
      </trkpt>
      <trkpt lat="46.437367" lon="12.96462">
        <ele>942.397600615745</ele>
      </trkpt>
      <trkpt lat="46.437437" lon="12.964648">
        <ele>941.9687905629349</ele>
      </trkpt>
      <trkpt lat="46.437723" lon="12.964705">
        <ele>937.9346492217668</ele>
      </trkpt>
      <trkpt lat="46.437848" lon="12.964703">
        <ele>936.6997557036598</ele>
      </trkpt>
      <trkpt lat="46.43807" lon="12.964733">
        <ele>935.6813021439692</ele>
      </trkpt>
      <trkpt lat="46.438287" lon="12.964805">
        <ele>933.0576629689375</ele>
      </trkpt>
      <trkpt lat="46.43843" lon="12.964826">
        <ele>931.2215630328683</ele>
      </trkpt>
      <trkpt lat="46.438531" lon="12.964818">
        <ele>930.4089859572034</ele>
      </trkpt>
      <trkpt lat="46.438613" lon="12.964844">
        <ele>929.4569456376248</ele>
      </trkpt>
      <trkpt lat="46.438645" lon="12.964904">
        <ele>928.389875905417</ele>
      </trkpt>
      <trkpt lat="46.438675" lon="12.96505">
        <ele>926.4820440422377</ele>
      </trkpt>
      <trkpt lat="46.438687" lon="12.965226">
        <ele>924.5875792149974</ele>
      </trkpt>
      <trkpt lat="46.438682" lon="12.965732">
        <ele>920.0263666841857</ele>
      </trkpt>
      <trkpt lat="46.438663" lon="12.965833">
        <ele>919.1405978150786</ele>
      </trkpt>
      <trkpt lat="46.438693" lon="12.965995">
        <ele>918.0548435173268</ele>
      </trkpt>
      <trkpt lat="46.438708" lon="12.966559">
        <ele>913.1607628335371</ele>
      </trkpt>
      <trkpt lat="46.43871" lon="12.967185">
        <ele>908.7333446769231</ele>
      </trkpt>
      <trkpt lat="46.438763" lon="12.967291">
        <ele>907.4477288120942</ele>
      </trkpt>
      <trkpt lat="46.438833" lon="12.967357">
        <ele>906.6747644883693</ele>
      </trkpt>
      <trkpt lat="46.438917" lon="12.967405">
        <ele>906.2930350671197</ele>
      </trkpt>
      <trkpt lat="46.439147" lon="12.967649">
        <ele>903.8250507448204</ele>
      </trkpt>
      <trkpt lat="46.439449" lon="12.968209">
        <ele>896.5622599189461</ele>
      </trkpt>
      <trkpt lat="46.43947" lon="12.968256">
        <ele>895.8488618205239</ele>
      </trkpt>
      <trkpt lat="46.439471" lon="12.968298">
        <ele>895.1611562435938</ele>
      </trkpt>
      <trkpt lat="46.439458" lon="12.96833">
        <ele>894.6024989267733</ele>
      </trkpt>
      <trkpt lat="46.439422" lon="12.968355">
        <ele>893.9963711350414</ele>
      </trkpt>
      <trkpt lat="46.439349" lon="12.968355">
        <ele>893.8694288468151</ele>
      </trkpt>
      <trkpt lat="46.439277" lon="12.968368">
        <ele>893.4949207033123</ele>
      </trkpt>
      <trkpt lat="46.43908" lon="12.968447">
        <ele>890.9608646658646</ele>
      </trkpt>
      <trkpt lat="46.438955" lon="12.968462">
        <ele>888.647366457297</ele>
      </trkpt>
      <trkpt lat="46.438759" lon="12.968395">
        <ele>886.6751742950539</ele>
      </trkpt>
      <trkpt lat="46.438583" lon="12.968353">
        <ele>885.4096983962248</ele>
      </trkpt>
      <trkpt lat="46.438483" lon="12.968398">
        <ele>884.1541552001668</ele>
      </trkpt>
      <trkpt lat="46.438297" lon="12.968481">
        <ele>881.5287313111457</ele>
      </trkpt>
      <trkpt lat="46.438208" lon="12.968487">
        <ele>880.4725330221828</ele>
      </trkpt>
      <trkpt lat="46.437959" lon="12.968405">
        <ele>879.3093876666571</ele>
      </trkpt>
      <trkpt lat="46.437919" lon="12.968421">
        <ele>879.0658121999159</ele>
      </trkpt>
      <trkpt lat="46.437896" lon="12.968462">
        <ele>878.4416500666575</ele>
      </trkpt>
      <trkpt lat="46.437896" lon="12.968496">
        <ele>877.9240521997563</ele>
      </trkpt>
      <trkpt lat="46.437916" lon="12.968554">
        <ele>876.991435699696</ele>
      </trkpt>
      <trkpt lat="46.438157" lon="12.969054">
        <ele>869.5015742373519</ele>
      </trkpt>
      <trkpt lat="46.438283" lon="12.969319">
        <ele>863.788638141159</ele>
      </trkpt>
      <trkpt lat="46.438508" lon="12.969647">
        <ele>860.7525388578445</ele>
      </trkpt>
      <trkpt lat="46.438776" lon="12.969971">
        <ele>856.6366942870867</ele>
      </trkpt>
      <trkpt lat="46.438926" lon="12.970116">
        <ele>853.6785969836318</ele>
      </trkpt>
      <trkpt lat="46.439202" lon="12.970322">
        <ele>849.0598581121981</ele>
      </trkpt>
      <trkpt lat="46.439286" lon="12.970479">
        <ele>845.7259959244318</ele>
      </trkpt>
      <trkpt lat="46.439377" lon="12.970757">
        <ele>841.8758774648649</ele>
      </trkpt>
      <trkpt lat="46.439485" lon="12.970967">
        <ele>839.8290121442653</ele>
      </trkpt>
      <trkpt lat="46.43965" lon="12.97136">
        <ele>835.8345763450163</ele>
      </trkpt>
      <trkpt lat="46.439815" lon="12.971518">
        <ele>835.3136749475816</ele>
      </trkpt>
      <trkpt lat="46.439865" lon="12.971629">
        <ele>833.4741842009529</ele>
      </trkpt>
      <trkpt lat="46.439892" lon="12.971755">
        <ele>830.99020956089</ele>
      </trkpt>
      <trkpt lat="46.439936" lon="12.971867">
        <ele>828.8290047794502</ele>
      </trkpt>
      <trkpt lat="46.44003" lon="12.971984">
        <ele>827.7460486588695</ele>
      </trkpt>
      <trkpt lat="46.44011" lon="12.972219">
        <ele>825.964067715961</ele>
      </trkpt>
      <trkpt lat="46.440137" lon="12.972265">
        <ele>825.6474076590439</ele>
      </trkpt>
      <trkpt lat="46.440223" lon="12.972316">
        <ele>825.0976994383258</ele>
      </trkpt>
      <trkpt lat="46.44036" lon="12.972359">
        <ele>823.0583053477676</ele>
      </trkpt>
      <trkpt lat="46.440504" lon="12.972458">
        <ele>821.1616326366939</ele>
      </trkpt>
      <trkpt lat="46.440771" lon="12.972521">
        <ele>818.4357459023958</ele>
      </trkpt>
      <trkpt lat="46.440858" lon="12.972571">
        <ele>816.5963077655556</ele>
      </trkpt>
      <trkpt lat="46.44088" lon="12.972598">
        <ele>815.7658850904545</ele>
      </trkpt>
      <trkpt lat="46.440878" lon="12.972684">
        <ele>813.1143822690303</ele>
      </trkpt>
      <trkpt lat="46.440855" lon="12.972711">
        <ele>812.3793106668152</ele>
      </trkpt>
      <trkpt lat="46.44062" lon="12.972781">
        <ele>812.5824833594618</ele>
      </trkpt>
      <trkpt lat="46.440555" lon="12.972866">
        <ele>811.383651436475</ele>
      </trkpt>
      <trkpt lat="46.440451" lon="12.97304">
        <ele>807.9279282656491</ele>
      </trkpt>
      <trkpt lat="46.440332" lon="12.973155">
        <ele>805.3685922366093</ele>
      </trkpt>
      <trkpt lat="46.440041" lon="12.97341">
        <ele>798.4976676730073</ele>
      </trkpt>
      <trkpt lat="46.439839" lon="12.973684">
        <ele>804.9753591700671</ele>
      </trkpt>
      <trkpt lat="46.439786" lon="12.973708">
        <ele>807.2801475500063</ele>
      </trkpt>
      <trkpt lat="46.439695" lon="12.97369">
        <ele>809.1236460500644</ele>
      </trkpt>
      <trkpt lat="46.439369" lon="12.97338">
        <ele>810.1703974061073</ele>
      </trkpt>
      <trkpt lat="46.439142" lon="12.97322">
        <ele>812.7913165673391</ele>
      </trkpt>
      <trkpt lat="46.439046" lon="12.973186">
        <ele>815.5168262948407</ele>
      </trkpt>
      <trkpt lat="46.438957" lon="12.973189">
        <ele>820.1012354155581</ele>
      </trkpt>
      <trkpt lat="46.43887" lon="12.973164">
        <ele>824.1532416312227</ele>
      </trkpt>
      <trkpt lat="46.438823" lon="12.973088">
        <ele>823.3972143812941</ele>
      </trkpt>
      <trkpt lat="46.438799" lon="12.972962">
        <ele>819.03091478512</ele>
      </trkpt>
      <trkpt lat="46.438788" lon="12.972905">
        <ele>818.4095111880283</ele>
      </trkpt>
      <trkpt lat="46.438559" lon="12.972629">
        <ele>823.6368311861763</ele>
      </trkpt>
      <trkpt lat="46.438283" lon="12.972255">
        <ele>831.3055613754125</ele>
      </trkpt>
      <trkpt lat="46.438108" lon="12.972112">
        <ele>837.2826705188303</ele>
      </trkpt>
      <trkpt lat="46.437869" lon="12.971892">
        <ele>837.392261799565</ele>
      </trkpt>
      <trkpt lat="46.437583" lon="12.971582">
        <ele>844.7301355620527</ele>
      </trkpt>
      <trkpt lat="46.43735" lon="12.971393">
        <ele>846.7985332182878</ele>
      </trkpt>
      <trkpt lat="46.437021" lon="12.971182">
        <ele>850.8203451857854</ele>
      </trkpt>
      <trkpt lat="46.436844" lon="12.971126">
        <ele>854.0992806255564</ele>
      </trkpt>
      <trkpt lat="46.43665" lon="12.971129">
        <ele>857.4846265433752</ele>
      </trkpt>
      <trkpt lat="46.436297" lon="12.971281">
        <ele>865.0039394755322</ele>
      </trkpt>
      <trkpt lat="46.435939" lon="12.971429">
        <ele>873.9542238095225</ele>
      </trkpt>
      <trkpt lat="46.435725" lon="12.971452">
        <ele>882.7029824436611</ele>
      </trkpt>
      <trkpt lat="46.43545" lon="12.971353">
        <ele>893.1888949720515</ele>
      </trkpt>
      <trkpt lat="46.435281" lon="12.971256">
        <ele>897.3946093462838</ele>
      </trkpt>
      <trkpt lat="46.435179" lon="12.971135">
        <ele>897.6453237210587</ele>
      </trkpt>
      <trkpt lat="46.435131" lon="12.971026">
        <ele>896.1339425338712</ele>
      </trkpt>
      <trkpt lat="46.435059" lon="12.970669">
        <ele>891.5732593993175</ele>
      </trkpt>
      <trkpt lat="46.434991" lon="12.970476">
        <ele>892.1143471328448</ele>
      </trkpt>
      <trkpt lat="46.434781" lon="12.970042">
        <ele>895.5067673163181</ele>
      </trkpt>
      <trkpt lat="46.43474" lon="12.969925">
        <ele>894.4539894319349</ele>
      </trkpt>
      <trkpt lat="46.43472" lon="12.969808">
        <ele>893.0056217243286</ele>
      </trkpt>
      <trkpt lat="46.434747" lon="12.969378">
        <ele>887.5406999728386</ele>
      </trkpt>
      <trkpt lat="46.434735" lon="12.969312">
        <ele>887.0539393008393</ele>
      </trkpt>
      <trkpt lat="46.434659" lon="12.96921">
        <ele>888.2951445323224</ele>
      </trkpt>
      <trkpt lat="46.43459" lon="12.969221">
        <ele>891.4170341376714</ele>
      </trkpt>
      <trkpt lat="46.434574" lon="12.969271">
        <ele>893.0864840717236</ele>
      </trkpt>
      <trkpt lat="46.434574" lon="12.969425">
        <ele>895.565612114578</ele>
      </trkpt>
      <trkpt lat="46.434487" lon="12.969755">
        <ele>905.2773108690512</ele>
      </trkpt>
      <trkpt lat="46.4345" lon="12.969885">
        <ele>907.3022695765794</ele>
      </trkpt>
      <trkpt lat="46.434524" lon="12.969971">
        <ele>908.3440271817329</ele>
      </trkpt>
      <trkpt lat="46.434657" lon="12.970248">
        <ele>908.0017768774682</ele>
      </trkpt>
      <trkpt lat="46.434672" lon="12.970341">
        <ele>909.4856154108445</ele>
      </trkpt>
      <trkpt lat="46.434643" lon="12.970389">
        <ele>912.808872949669</ele>
      </trkpt>
      <trkpt lat="46.434588" lon="12.970326">
        <ele>914.975203685999</ele>
      </trkpt>
      <trkpt lat="46.434478" lon="12.970126">
        <ele>916.483030711262</ele>
      </trkpt>
      <trkpt lat="46.434303" lon="12.969766">
        <ele>917.0443554187632</ele>
      </trkpt>
      <trkpt lat="46.43406" lon="12.969383">
        <ele>917.8775803568317</ele>
      </trkpt>
      <trkpt lat="46.433974" lon="12.96927">
        <ele>916.5411737482161</ele>
      </trkpt>
      <trkpt lat="46.433891" lon="12.969259">
        <ele>917.554361759095</ele>
      </trkpt>
      <trkpt lat="46.433696" lon="12.969303">
        <ele>921.9669141226843</ele>
      </trkpt>
      <trkpt lat="46.433523" lon="12.969283">
        <ele>920.5885784885377</ele>
      </trkpt>
      <trkpt lat="46.433372" lon="12.969296">
        <ele>922.1178284833704</ele>
      </trkpt>
      <trkpt lat="46.433019" lon="12.969415">
        <ele>930.6115637674088</ele>
      </trkpt>
      <trkpt lat="46.432846" lon="12.969499">
        <ele>931.8408490705306</ele>
      </trkpt>
      <trkpt lat="46.432794" lon="12.969551">
        <ele>932.7201060407966</ele>
      </trkpt>
      <trkpt lat="46.432413" lon="12.97017">
        <ele>937.1383703778841</ele>
      </trkpt>
      <trkpt lat="46.432242" lon="12.970354">
        <ele>938.624577409779</ele>
      </trkpt>
      <trkpt lat="46.43207" lon="12.970537">
        <ele>938.8200926261953</ele>
      </trkpt>
      <trkpt lat="46.431732" lon="12.970856">
        <ele>940.9928762509517</ele>
      </trkpt>
      <trkpt lat="46.431339" lon="12.971176">
        <ele>942.3216786777988</ele>
      </trkpt>
      <trkpt lat="46.431255" lon="12.971278">
        <ele>942.5609497989909</ele>
      </trkpt>
      <trkpt lat="46.431142" lon="12.971523">
        <ele>942.9898622684977</ele>
      </trkpt>
      <trkpt lat="46.430952" lon="12.972091">
        <ele>941.6014274501185</ele>
      </trkpt>
      <trkpt lat="46.431044" lon="12.972015">
        <ele>943.121394077534</ele>
      </trkpt>
      <trkpt lat="46.431184" lon="12.971858">
        <ele>944.5020823862932</ele>
      </trkpt>
      <trkpt lat="46.431287" lon="12.971828">
        <ele>945.750497438116</ele>
      </trkpt>
      <trkpt lat="46.431378" lon="12.971856">
        <ele>947.1049936063646</ele>
      </trkpt>
      <trkpt lat="46.431485" lon="12.971961">
        <ele>948.9410598758249</ele>
      </trkpt>
      <trkpt lat="46.431578" lon="12.972032">
        <ele>950.64613872507</ele>
      </trkpt>
      <trkpt lat="46.431671" lon="12.972024">
        <ele>952.4359025187075</ele>
      </trkpt>
      <trkpt lat="46.431884" lon="12.971922">
        <ele>954.4904500412804</ele>
      </trkpt>
      <trkpt lat="46.432077" lon="12.97187">
        <ele>955.6592580523156</ele>
      </trkpt>
      <trkpt lat="46.432197" lon="12.971867">
        <ele>956.8505825238512</ele>
      </trkpt>
      <trkpt lat="46.432277" lon="12.971922">
        <ele>958.0296944019287</ele>
      </trkpt>
      <trkpt lat="46.432307" lon="12.972032">
        <ele>959.4008104788184</ele>
      </trkpt>
      <trkpt lat="46.4323" lon="12.972131">
        <ele>960.3697033053512</ele>
      </trkpt>
      <trkpt lat="46.432207" lon="12.972352">
        <ele>961.6373054285593</ele>
      </trkpt>
      <trkpt lat="46.432175" lon="12.972525">
        <ele>962.8898442668651</ele>
      </trkpt>
      <trkpt lat="46.432098" lon="12.972939">
        <ele>966.516785326204</ele>
      </trkpt>
      <trkpt lat="46.432038" lon="12.97332">
        <ele>968.4396723604873</ele>
      </trkpt>
      <trkpt lat="46.43202" lon="12.973976">
        <ele>969.2658524015574</ele>
      </trkpt>
      <trkpt lat="46.432056" lon="12.974123">
        <ele>970.8068297225191</ele>
      </trkpt>
      <trkpt lat="46.432113" lon="12.974258">
        <ele>972.8520553454632</ele>
      </trkpt>
      <trkpt lat="46.432217" lon="12.974457">
        <ele>976.3514266969919</ele>
      </trkpt>
      <trkpt lat="46.432296" lon="12.974709">
        <ele>978.805135070083</ele>
      </trkpt>
      <trkpt lat="46.432415" lon="12.975052">
        <ele>983.3028192364997</ele>
      </trkpt>
      <trkpt lat="46.43246" lon="12.975135">
        <ele>984.4855528176046</ele>
      </trkpt>
      <trkpt lat="46.432501" lon="12.975185">
        <ele>985.2894535796572</ele>
      </trkpt>
      <trkpt lat="46.432552" lon="12.975207">
        <ele>986.0629202752543</ele>
      </trkpt>
      <trkpt lat="46.43263" lon="12.975204">
        <ele>986.9467640896291</ele>
      </trkpt>
      <trkpt lat="46.432672" lon="12.975187">
        <ele>987.3372907150599</ele>
      </trkpt>
      <trkpt lat="46.432798" lon="12.975103">
        <ele>988.4361142227501</ele>
      </trkpt>
      <trkpt lat="46.432976" lon="12.975037">
        <ele>989.8420933495213</ele>
      </trkpt>
      <trkpt lat="46.433605" lon="12.974895">
        <ele>994.2333442106886</ele>
      </trkpt>
      <trkpt lat="46.433806" lon="12.974862">
        <ele>995.7921696246417</ele>
      </trkpt>
      <trkpt lat="46.434047" lon="12.974788">
        <ele>997.3731496397568</ele>
      </trkpt>
      <trkpt lat="46.43419" lon="12.974764">
        <ele>998.5433757823218</ele>
      </trkpt>
      <trkpt lat="46.434387" lon="12.974753">
        <ele>1000.0489800269538</ele>
      </trkpt>
      <trkpt lat="46.434747" lon="12.974699">
        <ele>1001.8931285893876</ele>
      </trkpt>
      <trkpt lat="46.434813" lon="12.974675">
        <ele>1001.9136903980818</ele>
      </trkpt>
      <trkpt lat="46.435221" lon="12.974471">
        <ele>1003.769201037748</ele>
      </trkpt>
      <trkpt lat="46.435581" lon="12.974343">
        <ele>1006.2629069742378</ele>
      </trkpt>
      <trkpt lat="46.435745" lon="12.974288">
        <ele>1006.4473640296435</ele>
      </trkpt>
      <trkpt lat="46.435892" lon="12.974249">
        <ele>1006.6157650646642</ele>
      </trkpt>
      <trkpt lat="46.436072" lon="12.974222">
        <ele>1006.7864974407192</ele>
      </trkpt>
      <trkpt lat="46.436286" lon="12.974245">
        <ele>1007.5712990997575</ele>
      </trkpt>
      <trkpt lat="46.436459" lon="12.974326">
        <ele>1008.770396345607</ele>
      </trkpt>
      <trkpt lat="46.436616" lon="12.974446">
        <ele>1010.4080172675183</ele>
      </trkpt>
      <trkpt lat="46.436787" lon="12.974602">
        <ele>1012.2916118278948</ele>
      </trkpt>
      <trkpt lat="46.436954" lon="12.974725">
        <ele>1011.674995573986</ele>
      </trkpt>
      <trkpt lat="46.437057" lon="12.974841">
        <ele>1011.9889112634573</ele>
      </trkpt>
      <trkpt lat="46.437187" lon="12.975081">
        <ele>1013.2006047415744</ele>
      </trkpt>
      <trkpt lat="46.437274" lon="12.975267">
        <ele>1013.93550334209</ele>
      </trkpt>
      <trkpt lat="46.437314" lon="12.975396">
        <ele>1014.974301872908</ele>
      </trkpt>
      <trkpt lat="46.43747" lon="12.97594">
        <ele>1018.347681573303</ele>
      </trkpt>
      <trkpt lat="46.437509" lon="12.976617">
        <ele>1027.4979983209037</ele>
      </trkpt>
      <trkpt lat="46.437538" lon="12.976797">
        <ele>1029.8249163333928</ele>
      </trkpt>
      <trkpt lat="46.437583" lon="12.976962">
        <ele>1030.892389588931</ele>
      </trkpt>
      <trkpt lat="46.437738" lon="12.977294">
        <ele>1028.7199657458623</ele>
      </trkpt>
      <trkpt lat="46.437767" lon="12.977393">
        <ele>1028.7289756529603</ele>
      </trkpt>
      <trkpt lat="46.437773" lon="12.977513">
        <ele>1030.0004550787867</ele>
      </trkpt>
      <trkpt lat="46.437787" lon="12.977596">
        <ele>1030.372210814814</ele>
      </trkpt>
      <trkpt lat="46.437848" lon="12.977706">
        <ele>1028.8724341976047</ele>
      </trkpt>
      <trkpt lat="46.437919" lon="12.977817">
        <ele>1024.419039283588</ele>
      </trkpt>
      <trkpt lat="46.437965" lon="12.977887">
        <ele>1025.5388401724204</ele>
      </trkpt>
      <trkpt lat="46.437946" lon="12.977977">
        <ele>1026.8112414053903</ele>
      </trkpt>
      <trkpt lat="46.437953" lon="12.978149">
        <ele>1028.5774724832445</ele>
      </trkpt>
      <trkpt lat="46.437979" lon="12.978369">
        <ele>1029.9438426372674</ele>
      </trkpt>
      <trkpt lat="46.438025" lon="12.978475">
        <ele>1028.6662804192922</ele>
      </trkpt>
      <trkpt lat="46.438068" lon="12.978531">
        <ele>1027.1989411706488</ele>
      </trkpt>
      <trkpt lat="46.438149" lon="12.978583">
        <ele>1026.090917616129</ele>
      </trkpt>
      <trkpt lat="46.438215" lon="12.978601">
        <ele>1026.033324377825</ele>
      </trkpt>
      <trkpt lat="46.438352" lon="12.978594">
        <ele>1029.1519044051777</ele>
      </trkpt>
      <trkpt lat="46.438636" lon="12.978528">
        <ele>1033.7482599370576</ele>
      </trkpt>
      <trkpt lat="46.438931" lon="12.978266">
        <ele>1034.513127372304</ele>
      </trkpt>
      <trkpt lat="46.439267" lon="12.978073">
        <ele>1036.5579678481247</ele>
      </trkpt>
      <trkpt lat="46.439459" lon="12.978022">
        <ele>1036.7790477119775</ele>
      </trkpt>
      <trkpt lat="46.43966" lon="12.978073">
        <ele>1038.9673353407084</ele>
      </trkpt>
      <trkpt lat="46.439976" lon="12.978269">
        <ele>1044.7087572839828</ele>
      </trkpt>
      <trkpt lat="46.440297" lon="12.978342">
        <ele>1043.9104808390812</ele>
      </trkpt>
      <trkpt lat="46.440689" lon="12.978418">
        <ele>1045.6140480270667</ele>
      </trkpt>
      <trkpt lat="46.441211" lon="12.978562">
        <ele>1047.0634477633992</ele>
      </trkpt>
      <trkpt lat="46.441411" lon="12.97871">
        <ele>1050.9755808082546</ele>
      </trkpt>
      <trkpt lat="46.441727" lon="12.978953">
        <ele>1048.4200466723387</ele>
      </trkpt>
      <trkpt lat="46.441781" lon="12.979037">
        <ele>1048.9285499171392</ele>
      </trkpt>
      <trkpt lat="46.441843" lon="12.97919">
        <ele>1051.1290231010316</ele>
      </trkpt>
      <trkpt lat="46.441954" lon="12.979615">
        <ele>1053.761955746124</ele>
      </trkpt>
      <trkpt lat="46.442018" lon="12.979904">
        <ele>1053.4378097336569</ele>
      </trkpt>
      <trkpt lat="46.442039" lon="12.980082">
        <ele>1053.6667046284692</ele>
      </trkpt>
      <trkpt lat="46.442031" lon="12.980684">
        <ele>1056.8193967730133</ele>
      </trkpt>
      <trkpt lat="46.442045" lon="12.980897">
        <ele>1056.9235787689904</ele>
      </trkpt>
      <trkpt lat="46.44207" lon="12.981037">
        <ele>1056.3692837371805</ele>
      </trkpt>
      <trkpt lat="46.442144" lon="12.981229">
        <ele>1053.6493412792026</ele>
      </trkpt>
      <trkpt lat="46.442134" lon="12.981382">
        <ele>1054.0705529657741</ele>
      </trkpt>
      <trkpt lat="46.442109" lon="12.981531">
        <ele>1055.4200193258978</ele>
      </trkpt>
      <trkpt lat="46.442105" lon="12.981798">
        <ele>1057.441243585974</ele>
      </trkpt>
      <trkpt lat="46.442111" lon="12.98199">
        <ele>1059.7474803977755</ele>
      </trkpt>
      <trkpt lat="46.442206" lon="12.982334">
        <ele>1059.6907432253038</ele>
      </trkpt>
      <trkpt lat="46.442456" lon="12.982813">
        <ele>1057.222525415413</ele>
      </trkpt>
      <trkpt lat="46.442503" lon="12.982966">
        <ele>1058.3562619452405</ele>
      </trkpt>
      <trkpt lat="46.442569" lon="12.983041">
        <ele>1058.329356368852</ele>
      </trkpt>
      <trkpt lat="46.442757" lon="12.98322">
        <ele>1059.4760130063958</ele>
      </trkpt>
      <trkpt lat="46.442933" lon="12.983529">
        <ele>1062.1433843497607</ele>
      </trkpt>
      <trkpt lat="46.443116" lon="12.984053">
        <ele>1064.3813775991912</ele>
      </trkpt>
      <trkpt lat="46.443308" lon="12.984673">
        <ele>1064.8867482616997</ele>
      </trkpt>
      <trkpt lat="46.443424" lon="12.984966">
        <ele>1059.902036415293</ele>
      </trkpt>
      <trkpt lat="46.44346" lon="12.985097">
        <ele>1059.8080586923718</ele>
      </trkpt>
      <trkpt lat="46.443475" lon="12.985793">
        <ele>1067.5138700981956</ele>
      </trkpt>
      <trkpt lat="46.44349" lon="12.985915">
        <ele>1069.1609116377651</ele>
      </trkpt>
      <trkpt lat="46.443514" lon="12.985994">
        <ele>1070.2427794972148</ele>
      </trkpt>
      <trkpt lat="46.443545" lon="12.986043">
        <ele>1071.0443792425585</ele>
      </trkpt>
      <trkpt lat="46.443604" lon="12.986103">
        <ele>1071.6403163696734</ele>
      </trkpt>
      <trkpt lat="46.443686" lon="12.986149">
        <ele>1071.6062786687091</ele>
      </trkpt>
      <trkpt lat="46.443828" lon="12.986124">
        <ele>1071.1036203081173</ele>
      </trkpt>
      <trkpt lat="46.444096" lon="12.985924">
        <ele>1071.9258903883763</ele>
      </trkpt>
      <trkpt lat="46.444268" lon="12.985736">
        <ele>1072.6510125181421</ele>
      </trkpt>
      <trkpt lat="46.444557" lon="12.985287">
        <ele>1074.8572424402516</ele>
      </trkpt>
      <trkpt lat="46.444609" lon="12.985132">
        <ele>1075.1111331847464</ele>
      </trkpt>
      <trkpt lat="46.444725" lon="12.984963">
        <ele>1077.6909839277369</ele>
      </trkpt>
      <trkpt lat="46.444869" lon="12.984823">
        <ele>1079.8015005902437</ele>
      </trkpt>
      <trkpt lat="46.444978" lon="12.984675">
        <ele>1079.2967473997824</ele>
      </trkpt>
      <trkpt lat="46.445021" lon="12.984542">
        <ele>1078.4759321985719</ele>
      </trkpt>
      <trkpt lat="46.445034" lon="12.984351">
        <ele>1077.7489546269992</ele>
      </trkpt>
      <trkpt lat="46.445039" lon="12.984145">
        <ele>1078.380187699411</ele>
      </trkpt>
      <trkpt lat="46.445063" lon="12.983989">
        <ele>1079.820678203275</ele>
      </trkpt>
      <trkpt lat="46.445123" lon="12.983874">
        <ele>1081.7294723842244</ele>
      </trkpt>
      <trkpt lat="46.445239" lon="12.983769">
        <ele>1084.6932653518456</ele>
      </trkpt>
      <trkpt lat="46.445522" lon="12.98356">
        <ele>1089.6646230878655</ele>
      </trkpt>
      <trkpt lat="46.445659" lon="12.983474">
        <ele>1090.15706700803</ele>
      </trkpt>
      <trkpt lat="46.445814" lon="12.983461">
        <ele>1092.0454823175742</ele>
      </trkpt>
      <trkpt lat="46.445882" lon="12.983478">
        <ele>1093.6736381952758</ele>
      </trkpt>
      <trkpt lat="46.445923" lon="12.983489">
        <ele>1094.554838891247</ele>
      </trkpt>
      <trkpt lat="46.446613" lon="12.983812">
        <ele>1106.8676762555604</ele>
      </trkpt>
      <trkpt lat="46.446843" lon="12.98392">
        <ele>1111.3217778455132</ele>
      </trkpt>
      <trkpt lat="46.447049" lon="12.984056">
        <ele>1115.1584337038266</ele>
      </trkpt>
      <trkpt lat="46.447462" lon="12.984327">
        <ele>1117.215534375074</ele>
      </trkpt>
      <trkpt lat="46.447584" lon="12.984467">
        <ele>1119.4037509606287</ele>
      </trkpt>
      <trkpt lat="46.447823" lon="12.984732">
        <ele>1118.6220500299119</ele>
      </trkpt>
      <trkpt lat="46.447982" lon="12.985027">
        <ele>1121.355680975774</ele>
      </trkpt>
      <trkpt lat="46.448056" lon="12.985352">
        <ele>1129.1951581372807</ele>
      </trkpt>
      <trkpt lat="46.448118" lon="12.985448">
        <ele>1129.4779030079349</ele>
      </trkpt>
      <trkpt lat="46.448181" lon="12.985505">
        <ele>1128.4561375298194</ele>
      </trkpt>
      <trkpt lat="46.448311" lon="12.985582">
        <ele>1125.1820713412235</ele>
      </trkpt>
      <trkpt lat="46.448416" lon="12.98566">
        <ele>1123.4744275747357</ele>
      </trkpt>
      <trkpt lat="46.448538" lon="12.985808">
        <ele>1124.0641607766968</ele>
      </trkpt>
      <trkpt lat="46.448682" lon="12.986068">
        <ele>1126.3144817255209</ele>
      </trkpt>
      <trkpt lat="46.448919" lon="12.986701">
        <ele>1134.1178088105842</ele>
      </trkpt>
      <trkpt lat="46.449006" lon="12.986843">
        <ele>1135.5548802351332</ele>
      </trkpt>
      <trkpt lat="46.449327" lon="12.987111">
        <ele>1135.598343144868</ele>
      </trkpt>
      <trkpt lat="46.44944" lon="12.987261">
        <ele>1139.4980055951823</ele>
      </trkpt>
      <trkpt lat="46.449549" lon="12.987388">
        <ele>1141.5303537058112</ele>
      </trkpt>
      <trkpt lat="46.449809" lon="12.987565">
        <ele>1142.9700180298626</ele>
      </trkpt>
      <trkpt lat="46.45019" lon="12.987881">
        <ele>1146.5558429676453</ele>
      </trkpt>
      <trkpt lat="46.450281" lon="12.987913">
        <ele>1146.2222200689382</ele>
      </trkpt>
      <trkpt lat="46.450329" lon="12.987943">
        <ele>1146.3319041054099</ele>
      </trkpt>
      <trkpt lat="46.450355" lon="12.987959">
        <ele>1146.3067914457652</ele>
      </trkpt>
      <trkpt lat="46.450395" lon="12.988007">
        <ele>1146.6711119746458</ele>
      </trkpt>
      <trkpt lat="46.450502" lon="12.988254">
        <ele>1147.8590033783187</ele>
      </trkpt>
      <trkpt lat="46.450556" lon="12.988318">
        <ele>1147.4310347978928</ele>
      </trkpt>
      <trkpt lat="46.450681" lon="12.98839">
        <ele>1146.6802366890295</ele>
      </trkpt>
      <trkpt lat="46.451253" lon="12.988471">
        <ele>1148.7310199808337</ele>
      </trkpt>
      <trkpt lat="46.451347" lon="12.988455">
        <ele>1148.503468815191</ele>
      </trkpt>
      <trkpt lat="46.451408" lon="12.988401">
        <ele>1148.2676859196856</ele>
      </trkpt>
      <trkpt lat="46.451461" lon="12.988337">
        <ele>1147.9297847215312</ele>
      </trkpt>
      <trkpt lat="46.451616" lon="12.987958">
        <ele>1146.0749367327485</ele>
      </trkpt>
      <trkpt lat="46.451881" lon="12.987444">
        <ele>1143.7329874050963</ele>
      </trkpt>
      <trkpt lat="46.451994" lon="12.987275">
        <ele>1144.0913918401052</ele>
      </trkpt>
      <trkpt lat="46.45213" lon="12.987197">
        <ele>1144.0595032562646</ele>
      </trkpt>
      <trkpt lat="46.452299" lon="12.98708">
        <ele>1139.6588096512633</ele>
      </trkpt>
      <trkpt lat="46.452544" lon="12.987039">
        <ele>1138.0385989464303</ele>
      </trkpt>
      <trkpt lat="46.452713" lon="12.986958">
        <ele>1137.0342858538197</ele>
      </trkpt>
      <trkpt lat="46.452827" lon="12.986964">
        <ele>1138.3309984489958</ele>
      </trkpt>
      <trkpt lat="46.452908" lon="12.986991">
        <ele>1139.8686903196426</ele>
      </trkpt>
      <trkpt lat="46.452955" lon="12.986983">
        <ele>1140.2381344249682</ele>
      </trkpt>
      <trkpt lat="46.452975" lon="12.986946">
        <ele>1139.5455764707674</ele>
      </trkpt>
      <trkpt lat="46.452979" lon="12.986905">
        <ele>1138.5558815147476</ele>
      </trkpt>
      <trkpt lat="46.452964" lon="12.986827">
        <ele>1137.47628860436</ele>
      </trkpt>
      <trkpt lat="46.452819" lon="12.98651">
        <ele>1136.4785526757637</ele>
      </trkpt>
      <trkpt lat="46.452637" lon="12.98635">
        <ele>1135.3919743472898</ele>
      </trkpt>
      <trkpt lat="46.452543" lon="12.98625">
        <ele>1134.7205709671196</ele>
      </trkpt>
      <trkpt lat="46.452429" lon="12.985863">
        <ele>1139.6119253318357</ele>
      </trkpt>
      <trkpt lat="46.452374" lon="12.985756">
        <ele>1139.6211200763532</ele>
      </trkpt>
      <trkpt lat="46.452257" lon="12.985588">
        <ele>1139.056296554825</ele>
      </trkpt>
      <trkpt lat="46.452243" lon="12.985545">
        <ele>1139.5434979294432</ele>
      </trkpt>
      <trkpt lat="46.45224" lon="12.985482">
        <ele>1140.854436782454</ele>
      </trkpt>
      <trkpt lat="46.452251" lon="12.985425">
        <ele>1142.0396675874165</ele>
      </trkpt>
      <trkpt lat="46.452294" lon="12.985344">
        <ele>1145.2770599081814</ele>
      </trkpt>
      <trkpt lat="46.452496" lon="12.985106">
        <ele>1148.350185748543</ele>
      </trkpt>
      <trkpt lat="46.452512" lon="12.985064">
        <ele>1147.813065574332</ele>
      </trkpt>
      <trkpt lat="46.452527" lon="12.98493">
        <ele>1145.6515886290372</ele>
      </trkpt>
      <trkpt lat="46.452553" lon="12.984794">
        <ele>1145.4351345212003</ele>
      </trkpt>
      <trkpt lat="46.452616" lon="12.984606">
        <ele>1147.6282551659167</ele>
      </trkpt>
      <trkpt lat="46.452765" lon="12.984258">
        <ele>1151.39169126888</ele>
      </trkpt>
      <trkpt lat="46.452827" lon="12.98394">
        <ele>1152.156497659995</ele>
      </trkpt>
      <trkpt lat="46.452931" lon="12.983257">
        <ele>1154.1148587317623</ele>
      </trkpt>
      <trkpt lat="46.452998" lon="12.982578">
        <ele>1155.2154607602615</ele>
      </trkpt>
      <trkpt lat="46.453025" lon="12.982437">
        <ele>1156.5057008412025</ele>
      </trkpt>
      <trkpt lat="46.453059" lon="12.982317">
        <ele>1157.9030393370167</ele>
      </trkpt>
      <trkpt lat="46.453119" lon="12.982202">
        <ele>1160.5483528462576</ele>
      </trkpt>
      <trkpt lat="46.453134" lon="12.982174">
        <ele>1160.8977760751836</ele>
      </trkpt>
      <trkpt lat="46.45327" lon="12.982005">
        <ele>1163.947917942561</ele>
      </trkpt>
      <trkpt lat="46.453559" lon="12.981794">
        <ele>1167.5249226153223</ele>
      </trkpt>
      <trkpt lat="46.453845" lon="12.981644">
        <ele>1168.2144555872292</ele>
      </trkpt>
      <trkpt lat="46.454112" lon="12.981536">
        <ele>1170.9730420229698</ele>
      </trkpt>
      <trkpt lat="46.45438" lon="12.981428">
        <ele>1172.9477458508368</ele>
      </trkpt>
      <trkpt lat="46.454631" lon="12.981482">
        <ele>1176.8898319449481</ele>
      </trkpt>
      <trkpt lat="46.454883" lon="12.981536">
        <ele>1177.4384863118896</ele>
      </trkpt>
      <trkpt lat="46.45523" lon="12.981649">
        <ele>1178.4939469455219</ele>
      </trkpt>
      <trkpt lat="46.455705" lon="12.981737">
        <ele>1181.3595435358136</ele>
      </trkpt>
      <trkpt lat="46.456013" lon="12.981916">
        <ele>1184.1473107781428</ele>
      </trkpt>
      <trkpt lat="46.456465" lon="12.981881">
        <ele>1183.6666252546454</ele>
      </trkpt>
      <trkpt lat="46.456682" lon="12.981966">
        <ele>1186.113763124412</ele>
      </trkpt>
      <trkpt lat="46.457032" lon="12.98224">
        <ele>1190.3073686567288</ele>
      </trkpt>
      <trkpt lat="46.457161" lon="12.982292">
        <ele>1190.8148746748657</ele>
      </trkpt>
      <trkpt lat="46.45733" lon="12.982277">
        <ele>1190.0654769863963</ele>
      </trkpt>
      <trkpt lat="46.457424" lon="12.982344">
        <ele>1191.8194334262425</ele>
      </trkpt>
      <trkpt lat="46.457609" lon="12.982594">
        <ele>1195.3482669895272</ele>
      </trkpt>
      <trkpt lat="46.457709" lon="12.982759">
        <ele>1196.3040049572835</ele>
      </trkpt>
      <trkpt lat="46.457761" lon="12.9829">
        <ele>1197.7769601912546</ele>
      </trkpt>
      <trkpt lat="46.457787" lon="12.983132">
        <ele>1200.9563164057108</ele>
      </trkpt>
      <trkpt lat="46.457914" lon="12.983468">
        <ele>1203.1324446365643</ele>
      </trkpt>
      <trkpt lat="46.457965" lon="12.983556">
        <ele>1204.2688235237033</ele>
      </trkpt>
      <trkpt lat="46.458068" lon="12.983617">
        <ele>1206.6818913513362</ele>
      </trkpt>
      <trkpt lat="46.458193" lon="12.983603">
        <ele>1208.1552666799412</ele>
      </trkpt>
      <trkpt lat="46.45843" lon="12.98355">
        <ele>1208.5552478670484</ele>
      </trkpt>
      <trkpt lat="46.45857" lon="12.983526">
        <ele>1208.3522787506818</ele>
      </trkpt>
      <trkpt lat="46.458725" lon="12.983579">
        <ele>1209.0423668397088</ele>
      </trkpt>
      <trkpt lat="46.458869" lon="12.983659">
        <ele>1209.3338665046442</ele>
      </trkpt>
      <trkpt lat="46.45908" lon="12.983848">
        <ele>1209.9933419426616</ele>
      </trkpt>
      <trkpt lat="46.459363" lon="12.984007">
        <ele>1209.1151997795325</ele>
      </trkpt>
      <trkpt lat="46.459457" lon="12.98402">
        <ele>1208.929962563759</ele>
      </trkpt>
      <trkpt lat="46.45961" lon="12.983992">
        <ele>1208.3599601729989</ele>
      </trkpt>
      <trkpt lat="46.460046" lon="12.983802">
        <ele>1207.992378741298</ele>
      </trkpt>
      <trkpt lat="46.460324" lon="12.98372">
        <ele>1208.2131447719912</ele>
      </trkpt>
      <trkpt lat="46.460601" lon="12.983638">
        <ele>1208.0637102488156</ele>
      </trkpt>
      <trkpt lat="46.4611" lon="12.983756">
        <ele>1210.2970472402294</ele>
      </trkpt>
      <trkpt lat="46.461459" lon="12.98393">
        <ele>1212.7443603630986</ele>
      </trkpt>
      <trkpt lat="46.461657" lon="12.983951">
        <ele>1213.1717689594918</ele>
      </trkpt>
      <trkpt lat="46.461713" lon="12.983883">
        <ele>1212.5987250855726</ele>
      </trkpt>
      <trkpt lat="46.461717" lon="12.983828">
        <ele>1212.2217599761361</ele>
      </trkpt>
      <trkpt lat="46.461706" lon="12.983778">
        <ele>1211.7430377616656</ele>
      </trkpt>
      <trkpt lat="46.461583" lon="12.983532">
        <ele>1209.7642124365743</ele>
      </trkpt>
      <trkpt lat="46.461409" lon="12.983112">
        <ele>1208.8530261258754</ele>
      </trkpt>
      <trkpt lat="46.461361" lon="12.982996">
        <ele>1208.1847789460337</ele>
      </trkpt>
      <trkpt lat="46.461345" lon="12.982703">
        <ele>1210.8671647261795</ele>
      </trkpt>
      <trkpt lat="46.461571" lon="12.982457">
        <ele>1218.0263245461229</ele>
      </trkpt>
      <trkpt lat="46.461741" lon="12.982298">
        <ele>1216.4943366830053</ele>
      </trkpt>
      <trkpt lat="46.461946" lon="12.982292">
        <ele>1217.218034126168</ele>
      </trkpt>
      <trkpt lat="46.462175" lon="12.982367">
        <ele>1219.865574518879</ele>
      </trkpt>
      <trkpt lat="46.462518" lon="12.982472">
        <ele>1221.7356426232238</ele>
      </trkpt>
      <trkpt lat="46.462692" lon="12.982344">
        <ele>1219.7360642153328</ele>
      </trkpt>
      <trkpt lat="46.462815" lon="12.982082">
        <ele>1220.24499377186</ele>
      </trkpt>
      <trkpt lat="46.463165" lon="12.981373">
        <ele>1224.0136473909915</ele>
      </trkpt>
      <trkpt lat="46.463252" lon="12.980993">
        <ele>1224.3080331052543</ele>
      </trkpt>
      <trkpt lat="46.463201" lon="12.980633">
        <ele>1224.465176937912</ele>
      </trkpt>
      <trkpt lat="46.463134" lon="12.98033">
        <ele>1224.7606550837922</ele>
      </trkpt>
      <trkpt lat="46.463232" lon="12.980052">
        <ele>1230.5740987827403</ele>
      </trkpt>
      <trkpt lat="46.463559" lon="12.979673">
        <ele>1232.8341164154278</ele>
      </trkpt>
      <trkpt lat="46.463527" lon="12.979375">
        <ele>1232.1015181079124</ele>
      </trkpt>
      <trkpt lat="46.463414" lon="12.979098">
        <ele>1232.570935680321</ele>
      </trkpt>
      <trkpt lat="46.463305" lon="12.978935">
        <ele>1232.7777379550155</ele>
      </trkpt>
      <trkpt lat="46.46312" lon="12.97866">
        <ele>1235.0681287605637</ele>
      </trkpt>
      <trkpt lat="46.462938" lon="12.978424">
        <ele>1240.4110446895143</ele>
      </trkpt>
      <trkpt lat="46.462848" lon="12.97825">
        <ele>1243.4475582545267</ele>
      </trkpt>
      <trkpt lat="46.462802" lon="12.978038">
        <ele>1245.9926475171974</ele>
      </trkpt>
      <trkpt lat="46.462808" lon="12.977833">
        <ele>1246.8866829052333</ele>
      </trkpt>
      <trkpt lat="46.462827" lon="12.977728">
        <ele>1246.711577202104</ele>
      </trkpt>
      <trkpt lat="46.463007" lon="12.977291">
        <ele>1245.728411280258</ele>
      </trkpt>
      <trkpt lat="46.463321" lon="12.976817">
        <ele>1245.8300345744665</ele>
      </trkpt>
      <trkpt lat="46.463477" lon="12.976579">
        <ele>1245.6725839526011</ele>
      </trkpt>
      <trkpt lat="46.463667" lon="12.976199">
        <ele>1246.4863153350418</ele>
      </trkpt>
      <trkpt lat="46.463971" lon="12.975876">
        <ele>1247.823002550532</ele>
      </trkpt>
      <trkpt lat="46.464269" lon="12.975398">
        <ele>1249.3639289685611</ele>
      </trkpt>
      <trkpt lat="46.464643" lon="12.974941">
        <ele>1254.2562020205323</ele>
      </trkpt>
      <trkpt lat="46.464875" lon="12.974658">
        <ele>1258.904047056574</ele>
      </trkpt>
      <trkpt lat="46.465155" lon="12.974463">
        <ele>1263.756812076522</ele>
      </trkpt>
      <trkpt lat="46.465435" lon="12.974268">
        <ele>1264.4988728698418</ele>
      </trkpt>
      <trkpt lat="46.465666" lon="12.97418">
        <ele>1269.2529651725142</ele>
      </trkpt>
      <trkpt lat="46.465815" lon="12.974026">
        <ele>1272.9362500087768</ele>
      </trkpt>
      <trkpt lat="46.465825" lon="12.973851">
        <ele>1271.7561231825075</ele>
      </trkpt>
      <trkpt lat="46.465774" lon="12.973507">
        <ele>1271.7534500027327</ele>
      </trkpt>
      <trkpt lat="46.465753" lon="12.973271">
        <ele>1271.5420194507856</ele>
      </trkpt>
      <trkpt lat="46.465805" lon="12.972993">
        <ele>1273.7723346988246</ele>
      </trkpt>
      <trkpt lat="46.465896" lon="12.972788">
        <ele>1278.334772384456</ele>
      </trkpt>
      <trkpt lat="46.465909" lon="12.972724">
        <ele>1279.026010074545</ele>
      </trkpt>
      <trkpt lat="46.465909" lon="12.972654">
        <ele>1278.9195573135626</ele>
      </trkpt>
      <trkpt lat="46.465883" lon="12.972598">
        <ele>1277.72290729865</ele>
      </trkpt>
      <trkpt lat="46.465479" lon="12.972557">
        <ele>1260.1052980682944</ele>
      </trkpt>
      <trkpt lat="46.46524" lon="12.972264">
        <ele>1260.3214217911031</ele>
      </trkpt>
      <trkpt lat="46.465163" lon="12.972047">
        <ele>1259.4651866911333</ele>
      </trkpt>
      <trkpt lat="46.465099" lon="12.971805">
        <ele>1256.9192944408878</ele>
      </trkpt>
      <trkpt lat="46.465121" lon="12.971352">
        <ele>1255.7298670414157</ele>
      </trkpt>
      <trkpt lat="46.465161" lon="12.9711">
        <ele>1256.602813144262</ele>
      </trkpt>
      <trkpt lat="46.465169" lon="12.970827">
        <ele>1254.438978336436</ele>
      </trkpt>
      <trkpt lat="46.465118" lon="12.970591">
        <ele>1249.4341609353753</ele>
      </trkpt>
      <trkpt lat="46.465051" lon="12.970412">
        <ele>1244.659236866756</ele>
      </trkpt>
      <trkpt lat="46.465023" lon="12.970167">
        <ele>1243.0171024223323</ele>
      </trkpt>
      <trkpt lat="46.465049" lon="12.970063">
        <ele>1244.9907606874028</ele>
      </trkpt>
      <trkpt lat="46.465051" lon="12.969928">
        <ele>1244.6786744325343</ele>
      </trkpt>
      <trkpt lat="46.464979" lon="12.969816">
        <ele>1240.161832767114</ele>
      </trkpt>
      <trkpt lat="46.464917" lon="12.969632">
        <ele>1237.022313805276</ele>
      </trkpt>
      <trkpt lat="46.464968" lon="12.969379">
        <ele>1240.9257764921035</ele>
      </trkpt>
      <trkpt lat="46.464887" lon="12.969175">
        <ele>1235.1499182106459</ele>
      </trkpt>
      <trkpt lat="46.4649" lon="12.969023">
        <ele>1237.3198165441547</ele>
      </trkpt>
      <trkpt lat="46.464998" lon="12.968852">
        <ele>1242.3732274125987</ele>
      </trkpt>
      <trkpt lat="46.465158" lon="12.968648">
        <ele>1245.0006208814527</ele>
      </trkpt>
      <trkpt lat="46.465148" lon="12.968494">
        <ele>1241.210871360652</ele>
      </trkpt>
      <trkpt lat="46.465118" lon="12.968394">
        <ele>1241.792925167407</ele>
      </trkpt>
      <trkpt lat="46.464906" lon="12.968425">
        <ele>1236.530709158867</ele>
      </trkpt>
      <trkpt lat="46.464778" lon="12.968254">
        <ele>1242.3563702471063</ele>
      </trkpt>
      <trkpt lat="46.464725" lon="12.968258">
        <ele>1242.5083921181024</ele>
      </trkpt>
      <trkpt lat="46.464649" lon="12.96837">
        <ele>1240.2685427965891</ele>
      </trkpt>
      <trkpt lat="46.46453" lon="12.968524">
        <ele>1239.2375109716713</ele>
      </trkpt>
      <trkpt lat="46.464423" lon="12.968577">
        <ele>1240.8641794679006</ele>
      </trkpt>
      <trkpt lat="46.464354" lon="12.968681">
        <ele>1238.421729542463</ele>
      </trkpt>
      <trkpt lat="46.46423" lon="12.968644">
        <ele>1240.0308929206526</ele>
      </trkpt>
      <trkpt lat="46.464122" lon="12.968521">
        <ele>1241.6624425189973</ele>
      </trkpt>
      <trkpt lat="46.463983" lon="12.968182">
        <ele>1246.020167037281</ele>
      </trkpt>
      <trkpt lat="46.463934" lon="12.968093">
        <ele>1247.0058908398855</ele>
      </trkpt>
      <trkpt lat="46.463852" lon="12.967942">
        <ele>1248.4236970419174</ele>
      </trkpt>
      <trkpt lat="46.463787" lon="12.967326">
        <ele>1256.7588338663584</ele>
      </trkpt>
      <trkpt lat="46.463761" lon="12.967136">
        <ele>1257.9369570537706</ele>
      </trkpt>
      <trkpt lat="46.463784" lon="12.96698">
        <ele>1259.6569755100197</ele>
      </trkpt>
      <trkpt lat="46.463798" lon="12.966738">
        <ele>1260.6263297441585</ele>
      </trkpt>
      <trkpt lat="46.463794" lon="12.966438">
        <ele>1260.172306932689</ele>
      </trkpt>
      <trkpt lat="46.463815" lon="12.96611">
        <ele>1259.7434477405511</ele>
      </trkpt>
      <trkpt lat="46.463852" lon="12.965935">
        <ele>1260.6115366799913</ele>
      </trkpt>
      <trkpt lat="46.463905" lon="12.965812">
        <ele>1262.907545182286</ele>
      </trkpt>
      <trkpt lat="46.463953" lon="12.96577">
        <ele>1264.6670834257966</ele>
      </trkpt>
      <trkpt lat="46.463979" lon="12.965708">
        <ele>1266.17546556205</ele>
      </trkpt>
      <trkpt lat="46.463969" lon="12.965655">
        <ele>1266.5746951993963</ele>
      </trkpt>
      <trkpt lat="46.463945" lon="12.96559">
        <ele>1266.8572951989424</ele>
      </trkpt>
      <trkpt lat="46.463835" lon="12.965509">
        <ele>1266.698191819742</ele>
      </trkpt>
      <trkpt lat="46.463806" lon="12.965437">
        <ele>1268.0583504084261</ele>
      </trkpt>
      <trkpt lat="46.463833" lon="12.965273">
        <ele>1273.4857583304067</ele>
      </trkpt>
      <trkpt lat="46.463889" lon="12.965166">
        <ele>1277.0671457125447</ele>
      </trkpt>
      <trkpt lat="46.463895" lon="12.96509">
        <ele>1277.6233470335085</ele>
      </trkpt>
      <trkpt lat="46.463754" lon="12.96486">
        <ele>1275.729530513944</ele>
      </trkpt>
      <trkpt lat="46.463644" lon="12.964634">
        <ele>1280.9443821552331</ele>
      </trkpt>
      <trkpt lat="46.463493" lon="12.964478">
        <ele>1284.1031944465049</ele>
      </trkpt>
      <trkpt lat="46.463276" lon="12.964208">
        <ele>1282.257599718252</ele>
      </trkpt>
      <trkpt lat="46.463144" lon="12.963919">
        <ele>1279.885242447398</ele>
      </trkpt>
      <trkpt lat="46.463086" lon="12.963607">
        <ele>1284.36880857305</ele>
      </trkpt>
      <trkpt lat="46.463055" lon="12.962823">
        <ele>1299.2133379331517</ele>
      </trkpt>
      <trkpt lat="46.46308" lon="12.962548">
        <ele>1303.5066517104306</ele>
      </trkpt>
      <trkpt lat="46.463104" lon="12.962395">
        <ele>1305.6222844492206</ele>
      </trkpt>
      <trkpt lat="46.463111" lon="12.962351">
        <ele>1306.210981329916</ele>
      </trkpt>
      <trkpt lat="46.463258" lon="12.962014">
        <ele>1310.6061029006862</ele>
      </trkpt>
      <trkpt lat="46.463269" lon="12.961852">
        <ele>1310.3165929200904</ele>
      </trkpt>
      <trkpt lat="46.463308" lon="12.96167">
        <ele>1307.5692559666484</ele>
      </trkpt>
      <trkpt lat="46.463283" lon="12.961347">
        <ele>1303.4955489427236</ele>
      </trkpt>
      <trkpt lat="46.463236" lon="12.961002">
        <ele>1297.8600962439243</ele>
      </trkpt>
      <trkpt lat="46.46323" lon="12.960828">
        <ele>1294.2088254120772</ele>
      </trkpt>
      <trkpt lat="46.463482" lon="12.960327">
        <ele>1281.0964626593998</ele>
      </trkpt>
      <trkpt lat="46.46342" lon="12.960266">
        <ele>1281.4670661694852</ele>
      </trkpt>
      <trkpt lat="46.463369" lon="12.960156">
        <ele>1280.5298689657075</ele>
      </trkpt>
      <trkpt lat="46.463443" lon="12.959896">
        <ele>1273.1272290796478</ele>
      </trkpt>
      <trkpt lat="46.463554" lon="12.959353">
        <ele>1263.104381170595</ele>
      </trkpt>
      <trkpt lat="46.46367" lon="12.958601">
        <ele>1254.234380301725</ele>
      </trkpt>
      <trkpt lat="46.463734" lon="12.958521">
        <ele>1253.142641210608</ele>
      </trkpt>
      <trkpt lat="46.46376" lon="12.958444">
        <ele>1252.0106982564857</ele>
      </trkpt>
      <trkpt lat="46.463827" lon="12.958511">
        <ele>1251.5040684986743</ele>
      </trkpt>
      <trkpt lat="46.463909" lon="12.9585">
        <ele>1250.2253066608614</ele>
      </trkpt>
      <trkpt lat="46.464007" lon="12.958377">
        <ele>1249.1574462460649</ele>
      </trkpt>
      <trkpt lat="46.464058" lon="12.958038">
        <ele>1247.3788892881846</ele>
      </trkpt>
      <trkpt lat="46.464068" lon="12.95774">
        <ele>1245.4949904388666</ele>
      </trkpt>
      <trkpt lat="46.464058" lon="12.957437">
        <ele>1242.3750943530301</ele>
      </trkpt>
      <trkpt lat="46.46412" lon="12.957041">
        <ele>1242.0704465134859</ele>
      </trkpt>
      <trkpt lat="46.463945" lon="12.956676">
        <ele>1239.828723981597</ele>
      </trkpt>
      <trkpt lat="46.463652" lon="12.956363">
        <ele>1233.5224599490339</ele>
      </trkpt>
      <trkpt lat="46.463642" lon="12.956147">
        <ele>1231.102343697772</ele>
      </trkpt>
      <trkpt lat="46.463704" lon="12.955895">
        <ele>1227.7853877679038</ele>
      </trkpt>
      <trkpt lat="46.463654" lon="12.955487">
        <ele>1220.8374907174268</ele>
      </trkpt>
      <trkpt lat="46.463789" lon="12.955166">
        <ele>1216.119290689849</ele>
      </trkpt>
      <trkpt lat="46.463889" lon="12.954854">
        <ele>1212.4492472501452</ele>
      </trkpt>
      <trkpt lat="46.464036" lon="12.955126">
        <ele>1217.5202163848674</ele>
      </trkpt>
      <trkpt lat="46.464294" lon="12.955464">
        <ele>1220.573665092712</ele>
      </trkpt>
      <trkpt lat="46.464504" lon="12.955726">
        <ele>1214.7775196640753</ele>
      </trkpt>
      <trkpt lat="46.464726" lon="12.955931">
        <ele>1208.552920110575</ele>
      </trkpt>
      <trkpt lat="46.464942" lon="12.955967">
        <ele>1206.6713586951764</ele>
      </trkpt>
      <trkpt lat="46.465281" lon="12.955942">
        <ele>1202.7648292591052</ele>
      </trkpt>
      <trkpt lat="46.465706" lon="12.955865">
        <ele>1195.78813544617</ele>
      </trkpt>
      <trkpt lat="46.465922" lon="12.955966">
        <ele>1192.3702396590147</ele>
      </trkpt>
      <trkpt lat="46.465982" lon="12.95609">
        <ele>1192.8643697020414</ele>
      </trkpt>
      <trkpt lat="46.466162" lon="12.95628">
        <ele>1192.3555324437734</ele>
      </trkpt>
      <trkpt lat="46.466301" lon="12.956332">
        <ele>1189.863076612409</ele>
      </trkpt>
      <trkpt lat="46.466252" lon="12.956219">
        <ele>1188.3721326570749</ele>
      </trkpt>
      <trkpt lat="46.466457" lon="12.956265">
        <ele>1184.230065285315</ele>
      </trkpt>
      <trkpt lat="46.466899" lon="12.956368">
        <ele>1183.5088410904964</ele>
      </trkpt>
      <trkpt lat="46.467171" lon="12.956368">
        <ele>1179.974272714548</ele>
      </trkpt>
      <trkpt lat="46.467372" lon="12.956306">
        <ele>1177.9819247671862</ele>
      </trkpt>
      <trkpt lat="46.467582" lon="12.956286">
        <ele>1177.5495733521138</ele>
      </trkpt>
      <trkpt lat="46.467942" lon="12.956327">
        <ele>1177.3268025432117</ele>
      </trkpt>
      <trkpt lat="46.468214" lon="12.956342">
        <ele>1175.1900645470646</ele>
      </trkpt>
      <trkpt lat="46.468466" lon="12.956198">
        <ele>1174.7493997557608</ele>
      </trkpt>
      <trkpt lat="46.468713" lon="12.95608">
        <ele>1175.5336999483338</ele>
      </trkpt>
      <trkpt lat="46.468898" lon="12.955926">
        <ele>1172.6721622879818</ele>
      </trkpt>
      <trkpt lat="46.469108" lon="12.955751">
        <ele>1164.6497698890375</ele>
      </trkpt>
      <trkpt lat="46.46917" lon="12.95572">
        <ele>1162.3884855684366</ele>
      </trkpt>
      <trkpt lat="46.469373" lon="12.955582">
        <ele>1157.9594840632055</ele>
      </trkpt>
      <trkpt lat="46.469406" lon="12.95553">
        <ele>1157.5057730404428</ele>
      </trkpt>
      <trkpt lat="46.469581" lon="12.955253">
        <ele>1156.840438663738</ele>
      </trkpt>
      <trkpt lat="46.469791" lon="12.955171">
        <ele>1158.6521331111264</ele>
      </trkpt>
      <trkpt lat="46.469971" lon="12.955269">
        <ele>1162.308754050259</ele>
      </trkpt>
      <trkpt lat="46.470197" lon="12.955464">
        <ele>1163.107581941681</ele>
      </trkpt>
      <trkpt lat="46.470331" lon="12.955644">
        <ele>1162.7827120440481</ele>
      </trkpt>
      <trkpt lat="46.470531" lon="12.95586">
        <ele>1166.9575593684226</ele>
      </trkpt>
      <trkpt lat="46.470716" lon="12.95589">
        <ele>1165.474638069037</ele>
      </trkpt>
      <trkpt lat="46.47105" lon="12.956019">
        <ele>1170.947884920247</ele>
      </trkpt>
      <trkpt lat="46.471184" lon="12.956034">
        <ele>1173.238561240453</ele>
      </trkpt>
      <trkpt lat="46.471312" lon="12.956096">
        <ele>1174.9561490837832</ele>
      </trkpt>
      <trkpt lat="46.471456" lon="12.956204">
        <ele>1178.4326587365904</ele>
      </trkpt>
      <trkpt lat="46.471533" lon="12.956332">
        <ele>1182.221002864189</ele>
      </trkpt>
      <trkpt lat="46.471718" lon="12.95642">
        <ele>1186.003556537383</ele>
      </trkpt>
      <trkpt lat="46.471836" lon="12.956502">
        <ele>1188.3354472317542</ele>
      </trkpt>
      <trkpt lat="46.471908" lon="12.956599">
        <ele>1190.1882281773226</ele>
      </trkpt>
      <trkpt lat="46.472006" lon="12.956764">
        <ele>1192.2372368885076</ele>
      </trkpt>
      <trkpt lat="46.472093" lon="12.956723">
        <ele>1187.5582343956094</ele>
      </trkpt>
      <trkpt lat="46.472119" lon="12.95663">
        <ele>1184.5546079090038</ele>
      </trkpt>
      <trkpt lat="46.472232" lon="12.956507">
        <ele>1185.9991831308153</ele>
      </trkpt>
      <trkpt lat="46.472463" lon="12.956466">
        <ele>1193.1175362606295</ele>
      </trkpt>
      <trkpt lat="46.472525" lon="12.956512">
        <ele>1194.852799347892</ele>
      </trkpt>
      <trkpt lat="46.472669" lon="12.956589">
        <ele>1196.8405759099337</ele>
      </trkpt>
      <trkpt lat="46.472782" lon="12.956569">
        <ele>1196.7529184849884</ele>
      </trkpt>
      <trkpt lat="46.472931" lon="12.956481">
        <ele>1196.8555085150156</ele>
      </trkpt>
      <trkpt lat="46.473059" lon="12.956455">
        <ele>1198.3800076174452</ele>
      </trkpt>
      <trkpt lat="46.47328" lon="12.956476">
        <ele>1200.3362043069096</ele>
      </trkpt>
      <trkpt lat="46.473568" lon="12.956481">
        <ele>1198.3333436033854</ele>
      </trkpt>
      <trkpt lat="46.473714" lon="12.956438">
        <ele>1200.8107420328238</ele>
      </trkpt>
      <trkpt lat="46.473753" lon="12.956409">
        <ele>1201.6021564437442</ele>
      </trkpt>
      <trkpt lat="46.473773" lon="12.956371">
        <ele>1201.4350133700418</ele>
      </trkpt>
      <trkpt lat="46.473791" lon="12.956294">
        <ele>1200.6872419101276</ele>
      </trkpt>
      <trkpt lat="46.473776" lon="12.956188">
        <ele>1200.4912428392902</ele>
      </trkpt>
      <trkpt lat="46.473724" lon="12.956074">
        <ele>1200.4743439568258</ele>
      </trkpt>
      <trkpt lat="46.473632" lon="12.95584">
        <ele>1201.9009406434884</ele>
      </trkpt>
      <trkpt lat="46.473594" lon="12.955851">
        <ele>1200.3494569446482</ele>
      </trkpt>
      <trkpt lat="46.473559" lon="12.955837">
        <ele>1199.3074068537644</ele>
      </trkpt>
      <trkpt lat="46.473289" lon="12.955681">
        <ele>1191.759261125092</ele>
      </trkpt>
      <trkpt lat="46.473216" lon="12.95569">
        <ele>1189.0819079047512</ele>
      </trkpt>
      <trkpt lat="46.473184" lon="12.955661">
        <ele>1188.3694337468519</ele>
      </trkpt>
      <trkpt lat="46.473171" lon="12.955621">
        <ele>1188.449264806812</ele>
      </trkpt>
      <trkpt lat="46.473102" lon="12.955552">
        <ele>1186.6410394762943</ele>
      </trkpt>
      <trkpt lat="46.473046" lon="12.955474">
        <ele>1186.0487505079857</ele>
      </trkpt>
      <trkpt lat="46.47302" lon="12.955391">
        <ele>1185.9258576908153</ele>
      </trkpt>
      <trkpt lat="46.472995" lon="12.95531">
        <ele>1185.7648955623076</ele>
      </trkpt>
      <trkpt lat="46.472955" lon="12.955235">
        <ele>1184.790857390348</ele>
      </trkpt>
      <trkpt lat="46.472886" lon="12.955206">
        <ele>1182.768840266631</ele>
      </trkpt>
      <trkpt lat="46.472792" lon="12.955203">
        <ele>1180.2715609214824</ele>
      </trkpt>
      <trkpt lat="46.472743" lon="12.955151">
        <ele>1178.8956802804353</ele>
      </trkpt>
      <trkpt lat="46.472705" lon="12.955059">
        <ele>1177.7330798814066</ele>
      </trkpt>
      <trkpt lat="46.472659" lon="12.954819">
        <ele>1174.8975417298789</ele>
      </trkpt>
      <trkpt lat="46.472635" lon="12.954732">
        <ele>1173.7400193599312</ele>
      </trkpt>
      <trkpt lat="46.472532" lon="12.954514">
        <ele>1170.3408963330564</ele>
      </trkpt>
      <trkpt lat="46.472396" lon="12.95417">
        <ele>1166.969246824763</ele>
      </trkpt>
      <trkpt lat="46.472347" lon="12.953999">
        <ele>1169.441885353493</ele>
      </trkpt>
      <trkpt lat="46.472128" lon="12.953964">
        <ele>1166.8842759768536</ele>
      </trkpt>
      <trkpt lat="46.472005" lon="12.953909">
        <ele>1165.4634304306815</ele>
      </trkpt>
      <trkpt lat="46.471882" lon="12.953841">
        <ele>1164.8323700018107</ele>
      </trkpt>
      <trkpt lat="46.471699" lon="12.953782">
        <ele>1164.1341115108282</ele>
      </trkpt>
      <trkpt lat="46.4716" lon="12.953673">
        <ele>1164.4334039502182</ele>
      </trkpt>
      <trkpt lat="46.47151" lon="12.953528">
        <ele>1164.4111311163224</ele>
      </trkpt>
      <trkpt lat="46.471401" lon="12.953108">
        <ele>1162.9466856052177</ele>
      </trkpt>
      <trkpt lat="46.47133" lon="12.952973">
        <ele>1161.1257959168752</ele>
      </trkpt>
      <trkpt lat="46.471267" lon="12.952869">
        <ele>1159.5252114852194</ele>
      </trkpt>
      <trkpt lat="46.471075" lon="12.952737">
        <ele>1154.4349838363682</ele>
      </trkpt>
      <trkpt lat="46.471041" lon="12.952659">
        <ele>1153.6949690895708</ele>
      </trkpt>
      <trkpt lat="46.470995" lon="12.952505">
        <ele>1152.3070162111599</ele>
      </trkpt>
      <trkpt lat="46.470973" lon="12.9524">
        <ele>1151.0408954279715</ele>
      </trkpt>
      <trkpt lat="46.470938" lon="12.952342">
        <ele>1149.7712573851322</ele>
      </trkpt>
      <trkpt lat="46.470922" lon="12.952265">
        <ele>1148.670679195886</ele>
      </trkpt>
      <trkpt lat="46.471001" lon="12.952092">
        <ele>1148.8478610042737</ele>
      </trkpt>
      <trkpt lat="46.471025" lon="12.951955">
        <ele>1148.3993948958632</ele>
      </trkpt>
      <trkpt lat="46.471007" lon="12.951718">
        <ele>1147.038264072926</ele>
      </trkpt>
      <trkpt lat="46.470983" lon="12.951601">
        <ele>1146.302017189702</ele>
      </trkpt>
      <trkpt lat="46.470902" lon="12.951385">
        <ele>1144.2198937387325</ele>
      </trkpt>
      <trkpt lat="46.470672" lon="12.950929">
        <ele>1138.8047621364121</ele>
      </trkpt>
      <trkpt lat="46.470543" lon="12.950607">
        <ele>1137.6570482001484</ele>
      </trkpt>
      <trkpt lat="46.470445" lon="12.950331">
        <ele>1137.6897339950929</ele>
      </trkpt>
      <trkpt lat="46.470368" lon="12.95006">
        <ele>1138.2707100758016</ele>
      </trkpt>
      <trkpt lat="46.47032" lon="12.949818">
        <ele>1138.7749405806287</ele>
      </trkpt>
      <trkpt lat="46.470288" lon="12.94957">
        <ele>1140.2205133190619</ele>
      </trkpt>
      <trkpt lat="46.470265" lon="12.94949">
        <ele>1140.2372503205713</ele>
      </trkpt>
      <trkpt lat="46.470241" lon="12.949236">
        <ele>1142.6519941279967</ele>
      </trkpt>
      <trkpt lat="46.47015" lon="12.948752">
        <ele>1143.84957352448</ele>
      </trkpt>
      <trkpt lat="46.470154" lon="12.948332">
        <ele>1147.8516939672527</ele>
      </trkpt>
      <trkpt lat="46.470162" lon="12.948248">
        <ele>1148.4524793992907</ele>
      </trkpt>
      <trkpt lat="46.470189" lon="12.947992">
        <ele>1149.1597305257492</ele>
      </trkpt>
      <trkpt lat="46.470253" lon="12.947664">
        <ele>1150.107885037725</ele>
      </trkpt>
      <trkpt lat="46.470276" lon="12.947589">
        <ele>1150.4196040784147</ele>
      </trkpt>
      <trkpt lat="46.470292" lon="12.947509">
        <ele>1150.2484931589038</ele>
      </trkpt>
      <trkpt lat="46.470304" lon="12.947347">
        <ele>1148.960364196742</ele>
      </trkpt>
      <trkpt lat="46.470372" lon="12.946938">
        <ele>1148.7722696670985</ele>
      </trkpt>
      <trkpt lat="46.470384" lon="12.946772">
        <ele>1148.51250628346</ele>
      </trkpt>
      <trkpt lat="46.47039" lon="12.946232">
        <ele>1149.8071575798622</ele>
      </trkpt>
      <trkpt lat="46.470384" lon="12.94608">
        <ele>1150.7039047737253</ele>
      </trkpt>
      <trkpt lat="46.470405" lon="12.945703">
        <ele>1153.7327300647426</ele>
      </trkpt>
      <trkpt lat="46.470432" lon="12.945587">
        <ele>1154.884736672594</ele>
      </trkpt>
      <trkpt lat="46.47048" lon="12.945436">
        <ele>1157.2957546391376</ele>
      </trkpt>
      <trkpt lat="46.470608" lon="12.945134">
        <ele>1161.842094829735</ele>
      </trkpt>
      <trkpt lat="46.470733" lon="12.944952">
        <ele>1162.4779263124274</ele>
      </trkpt>
      <trkpt lat="46.47077" lon="12.944776">
        <ele>1159.5019680473265</ele>
      </trkpt>
      <trkpt lat="46.470765" lon="12.944721">
        <ele>1158.4652502045237</ele>
      </trkpt>
      <trkpt lat="46.470752" lon="12.944586">
        <ele>1158.4110889759593</ele>
      </trkpt>
      <trkpt lat="46.470736" lon="12.944582">
        <ele>1158.1192968172618</ele>
      </trkpt>
      <trkpt lat="46.470638" lon="12.944639">
        <ele>1154.3301823450313</ele>
      </trkpt>
      <trkpt lat="46.47057" lon="12.944629">
        <ele>1154.1664268264335</ele>
      </trkpt>
      <trkpt lat="46.470494" lon="12.944598">
        <ele>1155.191941442543</ele>
      </trkpt>
      <trkpt lat="46.470425" lon="12.944551">
        <ele>1156.911529351158</ele>
      </trkpt>
      <trkpt lat="46.47031" lon="12.944455">
        <ele>1158.3483801441457</ele>
      </trkpt>
      <trkpt lat="46.470235" lon="12.944417">
        <ele>1157.5357809631173</ele>
      </trkpt>
      <trkpt lat="46.470077" lon="12.944367">
        <ele>1155.8406005016336</ele>
      </trkpt>
      <trkpt lat="46.469625" lon="12.944105">
        <ele>1155.544798535494</ele>
      </trkpt>
      <trkpt lat="46.469524" lon="12.944022">
        <ele>1155.5954304133531</ele>
      </trkpt>
      <trkpt lat="46.469319" lon="12.943816">
        <ele>1155.8355124509521</ele>
      </trkpt>
      <trkpt lat="46.469296" lon="12.943777">
        <ele>1155.7568049939925</ele>
      </trkpt>
      <trkpt lat="46.469215" lon="12.943591">
        <ele>1155.5321231037383</ele>
      </trkpt>
      <trkpt lat="46.469023" lon="12.943116">
        <ele>1152.0845360439828</ele>
      </trkpt>
      <trkpt lat="46.468981" lon="12.942966">
        <ele>1150.4565033284418</ele>
      </trkpt>
      <trkpt lat="46.468977" lon="12.942887">
        <ele>1149.7352445695074</ele>
      </trkpt>
      <trkpt lat="46.469002" lon="12.942699">
        <ele>1147.8862620036932</ele>
      </trkpt>
      <trkpt lat="46.469033" lon="12.942633">
        <ele>1147.7428395571476</ele>
      </trkpt>
      <trkpt lat="46.469147" lon="12.942523">
        <ele>1148.9829279221722</ele>
      </trkpt>
      <trkpt lat="46.46921" lon="12.94249">
        <ele>1149.6988593181327</ele>
      </trkpt>
      <trkpt lat="46.4692" lon="12.942329">
        <ele>1144.5904514812205</ele>
      </trkpt>
      <trkpt lat="46.46909" lon="12.942203">
        <ele>1144.2067232159793</ele>
      </trkpt>
      <trkpt lat="46.469023" lon="12.94216">
        <ele>1146.4581832394724</ele>
      </trkpt>
      <trkpt lat="46.468921" lon="12.942143">
        <ele>1147.9029412599787</ele>
      </trkpt>
      <trkpt lat="46.46867" lon="12.942183">
        <ele>1151.5851300091733</ele>
      </trkpt>
      <trkpt lat="46.468441" lon="12.942278">
        <ele>1155.0914088193138</ele>
      </trkpt>
      <trkpt lat="46.467949" lon="12.942484">
        <ele>1158.7664612727729</ele>
      </trkpt>
      <trkpt lat="46.467856" lon="12.942597">
        <ele>1157.545924533102</ele>
      </trkpt>
      <trkpt lat="46.467808" lon="12.942755">
        <ele>1154.1953013566524</ele>
      </trkpt>
      <trkpt lat="46.467768" lon="12.942826">
        <ele>1153.3663357060161</ele>
      </trkpt>
      <trkpt lat="46.467707" lon="12.942873">
        <ele>1153.4412149741543</ele>
      </trkpt>
      <trkpt lat="46.467547" lon="12.943046">
        <ele>1152.4371239846832</ele>
      </trkpt>
      <trkpt lat="46.467346" lon="12.943193">
        <ele>1151.1207157181964</ele>
      </trkpt>
      <trkpt lat="46.4671" lon="12.943231">
        <ele>1152.0281080472205</ele>
      </trkpt>
      <trkpt lat="46.466995" lon="12.943312">
        <ele>1151.1520545769358</ele>
      </trkpt>
      <trkpt lat="46.46683" lon="12.943405">
        <ele>1149.8995945193722</ele>
      </trkpt>
      <trkpt lat="46.466693" lon="12.943422">
        <ele>1149.3545470999388</ele>
      </trkpt>
      <trkpt lat="46.466485" lon="12.943369">
        <ele>1149.6811354547608</ele>
      </trkpt>
      <trkpt lat="46.465837" lon="12.94308">
        <ele>1150.4113676236907</ele>
      </trkpt>
      <trkpt lat="46.465563" lon="12.94294">
        <ele>1152.4078997339184</ele>
      </trkpt>
      <trkpt lat="46.465423" lon="12.942805">
        <ele>1154.4163577666875</ele>
      </trkpt>
      <trkpt lat="46.465333" lon="12.942579">
        <ele>1154.7796877628978</ele>
      </trkpt>
      <trkpt lat="46.465231" lon="12.942013">
        <ele>1150.6524906761858</ele>
      </trkpt>
      <trkpt lat="46.465162" lon="12.941787">
        <ele>1149.3265039971923</ele>
      </trkpt>
      <trkpt lat="46.465036" lon="12.941534">
        <ele>1148.1577589712367</ele>
      </trkpt>
      <trkpt lat="46.4647" lon="12.941014">
        <ele>1146.1875624016209</ele>
      </trkpt>
      <trkpt lat="46.464644" lon="12.9409">
        <ele>1146.1139163168084</ele>
      </trkpt>
      <trkpt lat="46.464556" lon="12.94052">
        <ele>1145.5306114417222</ele>
      </trkpt>
      <trkpt lat="46.464502" lon="12.940328">
        <ele>1145.1056352314747</ele>
      </trkpt>
      <trkpt lat="46.464395" lon="12.940094">
        <ele>1145.6509154413613</ele>
      </trkpt>
      <trkpt lat="46.464337" lon="12.940006">
        <ele>1146.019931419527</ele>
      </trkpt>
      <trkpt lat="46.464287" lon="12.939955">
        <ele>1146.1876430789198</ele>
      </trkpt>
      <trkpt lat="46.464087" lon="12.939823">
        <ele>1146.4647730481693</ele>
      </trkpt>
      <trkpt lat="46.463935" lon="12.939663">
        <ele>1148.8657261642336</ele>
      </trkpt>
      <trkpt lat="46.463786" lon="12.939463">
        <ele>1151.6979403234582</ele>
      </trkpt>
      <trkpt lat="46.463307" lon="12.938626">
        <ele>1163.443855059119</ele>
      </trkpt>
      <trkpt lat="46.463223" lon="12.938519">
        <ele>1165.275118502865</ele>
      </trkpt>
      <trkpt lat="46.463169" lon="12.938464">
        <ele>1166.2154606952095</ele>
      </trkpt>
      <trkpt lat="46.462966" lon="12.938314">
        <ele>1169.3739536148116</ele>
      </trkpt>
      <trkpt lat="46.462854" lon="12.938197">
        <ele>1171.3093967785376</ele>
      </trkpt>
      <trkpt lat="46.46278" lon="12.938086">
        <ele>1172.2590477237632</ele>
      </trkpt>
      <trkpt lat="46.462749" lon="12.938019">
        <ele>1172.4843651509395</ele>
      </trkpt>
      <trkpt lat="46.462727" lon="12.937889">
        <ele>1173.5981495970618</ele>
      </trkpt>
      <trkpt lat="46.462735" lon="12.937815">
        <ele>1174.68783081589</ele>
      </trkpt>
      <trkpt lat="46.462807" lon="12.937402">
        <ele>1177.7873163334173</ele>
      </trkpt>
      <trkpt lat="46.46281" lon="12.937262">
        <ele>1177.5116944967165</ele>
      </trkpt>
      <trkpt lat="46.46278" lon="12.937144">
        <ele>1177.7528422902033</ele>
      </trkpt>
      <trkpt lat="46.462726" lon="12.936966">
        <ele>1179.7213086216552</ele>
      </trkpt>
      <trkpt lat="46.462679" lon="12.936813">
        <ele>1181.3941582082423</ele>
      </trkpt>
      <trkpt lat="46.462658" lon="12.936624">
        <ele>1182.4041565456039</ele>
      </trkpt>
      <trkpt lat="46.462646" lon="12.936307">
        <ele>1182.949861693799</ele>
      </trkpt>
      <trkpt lat="46.462628" lon="12.936209">
        <ele>1183.3837460528434</ele>
      </trkpt>
      <trkpt lat="46.462595" lon="12.93613">
        <ele>1183.8494804413158</ele>
      </trkpt>
      <trkpt lat="46.462244" lon="12.935673">
        <ele>1185.583544827915</ele>
      </trkpt>
      <trkpt lat="46.462177" lon="12.935566">
        <ele>1187.6505988312588</ele>
      </trkpt>
      <trkpt lat="46.462144" lon="12.93548">
        <ele>1189.2007679701317</ele>
      </trkpt>
      <trkpt lat="46.462111" lon="12.935212">
        <ele>1192.5198134505029</ele>
      </trkpt>
      <trkpt lat="46.462095" lon="12.935131">
        <ele>1192.3229450171762</ele>
      </trkpt>
      <trkpt lat="46.462045" lon="12.934965">
        <ele>1190.97993034106</ele>
      </trkpt>
      <trkpt lat="46.461867" lon="12.934534">
        <ele>1186.6177999914319</ele>
      </trkpt>
      <trkpt lat="46.46171" lon="12.934007">
        <ele>1182.366238293615</ele>
      </trkpt>
      <trkpt lat="46.461498" lon="12.933208">
        <ele>1183.1658759599895</ele>
      </trkpt>
      <trkpt lat="46.461435" lon="12.93294">
        <ele>1183.613769999186</ele>
      </trkpt>
      <trkpt lat="46.46128" lon="12.932357">
        <ele>1181.8028764195685</ele>
      </trkpt>
      <trkpt lat="46.461239" lon="12.932231">
        <ele>1181.0599068724578</ele>
      </trkpt>
      <trkpt lat="46.461115" lon="12.931943">
        <ele>1180.4713538352344</ele>
      </trkpt>
      <trkpt lat="46.460879" lon="12.931285">
        <ele>1181.426322748302</ele>
      </trkpt>
      <trkpt lat="46.460791" lon="12.930988">
        <ele>1183.4310792740887</ele>
      </trkpt>
      <trkpt lat="46.460741" lon="12.93067">
        <ele>1183.2927485034297</ele>
      </trkpt>
      <trkpt lat="46.460734" lon="12.930505">
        <ele>1183.201400393658</ele>
      </trkpt>
      <trkpt lat="46.460694" lon="12.930085">
        <ele>1184.7901496264956</ele>
      </trkpt>
      <trkpt lat="46.460652" lon="12.929936">
        <ele>1185.918682028427</ele>
      </trkpt>
      <trkpt lat="46.460574" lon="12.929774">
        <ele>1187.6291205748098</ele>
      </trkpt>
      <trkpt lat="46.460408" lon="12.929458">
        <ele>1187.7806866551628</ele>
      </trkpt>
      <trkpt lat="46.460333" lon="12.929383">
        <ele>1187.7554753870265</ele>
      </trkpt>
      <trkpt lat="46.460256" lon="12.929325">
        <ele>1187.1409699041724</ele>
      </trkpt>
      <trkpt lat="46.460181" lon="12.9293">
        <ele>1186.7811780416341</ele>
      </trkpt>
      <trkpt lat="46.460129" lon="12.929298">
        <ele>1186.4433399172917</ele>
      </trkpt>
      <trkpt lat="46.460018" lon="12.929348">
        <ele>1186.0786780623523</ele>
      </trkpt>
      <trkpt lat="46.459944" lon="12.929404">
        <ele>1186.2941866099832</ele>
      </trkpt>
      <trkpt lat="46.459844" lon="12.929534">
        <ele>1189.1478846030018</ele>
      </trkpt>
      <trkpt lat="46.459812" lon="12.929545">
        <ele>1189.5243018451818</ele>
      </trkpt>
      <trkpt lat="46.45975" lon="12.929537">
        <ele>1189.3157810419025</ele>
      </trkpt>
      <trkpt lat="46.459576" lon="12.929463">
        <ele>1189.850949375537</ele>
      </trkpt>
      <trkpt lat="46.45921" lon="12.929203">
        <ele>1189.971725874082</ele>
      </trkpt>
      <trkpt lat="46.459055" lon="12.929075">
        <ele>1189.4445470089684</ele>
      </trkpt>
      <trkpt lat="46.458875" lon="12.928965">
        <ele>1190.973957402814</ele>
      </trkpt>
      <trkpt lat="46.458751" lon="12.928844">
        <ele>1192.1248622100557</ele>
      </trkpt>
      <trkpt lat="46.458698" lon="12.92867">
        <ele>1189.6984489770034</ele>
      </trkpt>
      <trkpt lat="46.458643" lon="12.928552">
        <ele>1189.2123361457973</ele>
      </trkpt>
      <trkpt lat="46.458591" lon="12.928441">
        <ele>1188.5946791980782</ele>
      </trkpt>
      <trkpt lat="46.458523" lon="12.928353">
        <ele>1188.6096508994515</ele>
      </trkpt>
      <trkpt lat="46.458408" lon="12.928228">
        <ele>1188.0960257936474</ele>
      </trkpt>
      <trkpt lat="46.458323" lon="12.928173">
        <ele>1188.2265097138438</ele>
      </trkpt>
      <trkpt lat="46.458288" lon="12.928136">
        <ele>1187.935322883337</ele>
      </trkpt>
      <trkpt lat="46.458135" lon="12.928016">
        <ele>1187.3635222549722</ele>
      </trkpt>
      <trkpt lat="46.458033" lon="12.927955">
        <ele>1186.9633495521555</ele>
      </trkpt>
      <trkpt lat="46.457903" lon="12.927913">
        <ele>1186.7022842465985</ele>
      </trkpt>
      <trkpt lat="46.4577" lon="12.927893">
        <ele>1186.325589817434</ele>
      </trkpt>
      <trkpt lat="46.457478" lon="12.927933">
        <ele>1185.9146529584305</ele>
      </trkpt>
      <trkpt lat="46.457383" lon="12.927961">
        <ele>1185.6404786471917</ele>
      </trkpt>
      <trkpt lat="46.457213" lon="12.928036">
        <ele>1185.4698707035718</ele>
      </trkpt>
      <trkpt lat="46.457143" lon="12.928055">
        <ele>1184.9433803309212</ele>
      </trkpt>
      <trkpt lat="46.45705" lon="12.928068">
        <ele>1183.9616546849807</ele>
      </trkpt>
      <trkpt lat="46.456848" lon="12.928125">
        <ele>1182.9222003592229</ele>
      </trkpt>
      <trkpt lat="46.456776" lon="12.928133">
        <ele>1181.737811587681</ele>
      </trkpt>
      <trkpt lat="46.456728" lon="12.928125">
        <ele>1180.4003235704095</ele>
      </trkpt>
      <trkpt lat="46.45659" lon="12.92816">
        <ele>1179.4840851846259</ele>
      </trkpt>
      <trkpt lat="46.456411" lon="12.928288">
        <ele>1182.2139231511626</ele>
      </trkpt>
      <trkpt lat="46.456246" lon="12.928335">
        <ele>1182.9919353444498</ele>
      </trkpt>
      <trkpt lat="46.45614" lon="12.928341">
        <ele>1182.9895929303634</ele>
      </trkpt>
      <trkpt lat="46.455828" lon="12.928303">
        <ele>1182.3841035230162</ele>
      </trkpt>
      <trkpt lat="46.455765" lon="12.928275">
        <ele>1182.0296624595262</ele>
      </trkpt>
      <trkpt lat="46.455645" lon="12.928176">
        <ele>1180.3673854804279</ele>
      </trkpt>
      <trkpt lat="46.455595" lon="12.928146">
        <ele>1179.9862216848198</ele>
      </trkpt>
      <trkpt lat="46.455418" lon="12.928116">
        <ele>1182.216224363808</ele>
      </trkpt>
      <trkpt lat="46.455313" lon="12.928121">
        <ele>1184.3508956948494</ele>
      </trkpt>
      <trkpt lat="46.455218" lon="12.92809">
        <ele>1184.4415386822413</ele>
      </trkpt>
      <trkpt lat="46.455126" lon="12.928038">
        <ele>1183.6160695733756</ele>
      </trkpt>
      <trkpt lat="46.455023" lon="12.927961">
        <ele>1180.393036480406</ele>
      </trkpt>
      <trkpt lat="46.454908" lon="12.927893">
        <ele>1176.1062093589544</ele>
      </trkpt>
      <trkpt lat="46.454773" lon="12.927871">
        <ele>1172.8309344222196</ele>
      </trkpt>
      <trkpt lat="46.454635" lon="12.927878">
        <ele>1169.6306298794016</ele>
      </trkpt>
      <trkpt lat="46.454505" lon="12.927956">
        <ele>1168.1577941164414</ele>
      </trkpt>
      <trkpt lat="46.454308" lon="12.92815">
        <ele>1167.64964785007</ele>
      </trkpt>
      <trkpt lat="46.453901" lon="12.928445">
        <ele>1163.6997541231344</ele>
      </trkpt>
      <trkpt lat="46.453613" lon="12.928676">
        <ele>1159.0574696088793</ele>
      </trkpt>
      <trkpt lat="46.453471" lon="12.928806">
        <ele>1156.8564456419806</ele>
      </trkpt>
      <trkpt lat="46.453213" lon="12.92908">
        <ele>1153.5477525133952</ele>
      </trkpt>
      <trkpt lat="46.452956" lon="12.929278">
        <ele>1146.1620436179917</ele>
      </trkpt>
      <trkpt lat="46.452903" lon="12.929378">
        <ele>1144.2905031124933</ele>
      </trkpt>
      <trkpt lat="46.452808" lon="12.929695">
        <ele>1143.8202555151545</ele>
      </trkpt>
      <trkpt lat="46.45279" lon="12.929723">
        <ele>1144.0717050836458</ele>
      </trkpt>
      <trkpt lat="46.452761" lon="12.929738">
        <ele>1144.0765552570524</ele>
      </trkpt>
      <trkpt lat="46.452695" lon="12.929726">
        <ele>1144.204000547008</ele>
      </trkpt>
      <trkpt lat="46.452478" lon="12.929633">
        <ele>1143.623199343891</ele>
      </trkpt>
      <trkpt lat="46.45236" lon="12.929575">
        <ele>1142.9172254177483</ele>
      </trkpt>
      <trkpt lat="46.452171" lon="12.929465">
        <ele>1139.9808201126166</ele>
      </trkpt>
      <trkpt lat="46.451926" lon="12.929348">
        <ele>1136.1913527050635</ele>
      </trkpt>
      <trkpt lat="46.451898" lon="12.9293">
        <ele>1135.0558273259876</ele>
      </trkpt>
      <trkpt lat="46.451903" lon="12.929261">
        <ele>1133.5774796482704</ele>
      </trkpt>
      <trkpt lat="46.451918" lon="12.929233">
        <ele>1132.2973754879965</ele>
      </trkpt>
      <trkpt lat="46.451945" lon="12.929215">
        <ele>1131.3056068699277</ele>
      </trkpt>
      <trkpt lat="46.451971" lon="12.929213">
        <ele>1131.0748938263478</ele>
      </trkpt>
      <trkpt lat="46.452006" lon="12.929228">
        <ele>1131.3922219522701</ele>
      </trkpt>
      <trkpt lat="46.452071" lon="12.929293">
        <ele>1133.429314457731</ele>
      </trkpt>
      <trkpt lat="46.452135" lon="12.929323">
        <ele>1134.4972928740863</ele>
      </trkpt>
      <trkpt lat="46.452163" lon="12.929321">
        <ele>1134.415413637546</ele>
      </trkpt>
      <trkpt lat="46.4522" lon="12.929261">
        <ele>1132.1129918326142</ele>
      </trkpt>
      <trkpt lat="46.452195" lon="12.929225">
        <ele>1130.7516444570772</ele>
      </trkpt>
      <trkpt lat="46.452178" lon="12.92919">
        <ele>1129.4585057280685</ele>
      </trkpt>
      <trkpt lat="46.452123" lon="12.929146">
        <ele>1128.0174442394605</ele>
      </trkpt>
      <trkpt lat="46.451966" lon="12.929076">
        <ele>1126.2515940132043</ele>
      </trkpt>
      <trkpt lat="46.451868" lon="12.928988">
        <ele>1124.6790474211823</ele>
      </trkpt>
      <trkpt lat="46.451796" lon="12.928898">
        <ele>1123.0710452867904</ele>
      </trkpt>
      <trkpt lat="46.451717" lon="12.928843">
        <ele>1122.971240080452</ele>
      </trkpt>
      <trkpt lat="46.451639" lon="12.92874">
        <ele>1121.1092235921492</ele>
      </trkpt>
      <trkpt lat="46.451506" lon="12.928565">
        <ele>1117.6683700029148</ele>
      </trkpt>
      <trkpt lat="46.451405" lon="12.928445">
        <ele>1114.8241579803216</ele>
      </trkpt>
      <trkpt lat="46.451345" lon="12.928393">
        <ele>1113.6414200862569</ele>
      </trkpt>
      <trkpt lat="46.451287" lon="12.92838">
        <ele>1112.2953556652171</ele>
      </trkpt>
      <trkpt lat="46.451251" lon="12.92839">
        <ele>1111.9146387109117</ele>
      </trkpt>
      <trkpt lat="46.451213" lon="12.928422">
        <ele>1111.7375930657513</ele>
      </trkpt>
      <trkpt lat="46.451175" lon="12.928473">
        <ele>1111.1021101666856</ele>
      </trkpt>
      <trkpt lat="46.451139" lon="12.928548">
        <ele>1111.4329895664844</ele>
      </trkpt>
      <trkpt lat="46.450986" lon="12.928773">
        <ele>1109.2053746237073</ele>
      </trkpt>
      <trkpt lat="46.45087" lon="12.928913">
        <ele>1106.7644656655452</ele>
      </trkpt>
      <trkpt lat="46.450801" lon="12.928978">
        <ele>1105.0708197308966</ele>
      </trkpt>
      <trkpt lat="46.45065" lon="12.929206">
        <ele>1103.8811954854455</ele>
      </trkpt>
      <trkpt lat="46.450567" lon="12.929415">
        <ele>1105.5951374675576</ele>
      </trkpt>
      <trkpt lat="46.45051" lon="12.929528">
        <ele>1105.5577242898398</ele>
      </trkpt>
      <trkpt lat="46.450351" lon="12.92974">
        <ele>1102.5575222155276</ele>
      </trkpt>
      <trkpt lat="46.450235" lon="12.929943">
        <ele>1101.0640315198289</ele>
      </trkpt>
      <trkpt lat="46.4501" lon="12.930121">
        <ele>1098.811138857329</ele>
      </trkpt>
      <trkpt lat="46.450008" lon="12.930215">
        <ele>1097.0647903986883</ele>
      </trkpt>
      <trkpt lat="46.4498" lon="12.930458">
        <ele>1093.969042582873</ele>
      </trkpt>
      <trkpt lat="46.449591" lon="12.930748">
        <ele>1091.084704522873</ele>
      </trkpt>
      <trkpt lat="46.449546" lon="12.930796">
        <ele>1090.3972656585902</ele>
      </trkpt>
      <trkpt lat="46.449286" lon="12.931177">
        <ele>1088.213501511606</ele>
      </trkpt>
      <trkpt lat="46.449213" lon="12.93133">
        <ele>1087.5930734999731</ele>
      </trkpt>
      <trkpt lat="46.44917" lon="12.931481">
        <ele>1089.5988430880466</ele>
      </trkpt>
      <trkpt lat="46.44914" lon="12.931533">
        <ele>1090.3714171196789</ele>
      </trkpt>
      <trkpt lat="46.449095" lon="12.931556">
        <ele>1090.1000118106508</ele>
      </trkpt>
      <trkpt lat="46.449049" lon="12.931552">
        <ele>1089.020609613354</ele>
      </trkpt>
      <trkpt lat="46.448992" lon="12.931577">
        <ele>1088.882236915964</ele>
      </trkpt>
      <trkpt lat="46.448948" lon="12.931641">
        <ele>1091.300862933259</ele>
      </trkpt>
      <trkpt lat="46.448919" lon="12.931706">
        <ele>1094.1964514648362</ele>
      </trkpt>
      <trkpt lat="46.44889" lon="12.931739">
        <ele>1095.7400027655285</ele>
      </trkpt>
      <trkpt lat="46.44885" lon="12.931729">
        <ele>1095.4707051745054</ele>
      </trkpt>
      <trkpt lat="46.448745" lon="12.931609">
        <ele>1091.267407510151</ele>
      </trkpt>
      <trkpt lat="46.448344" lon="12.931356">
        <ele>1080.9325950089533</ele>
      </trkpt>
      <trkpt lat="46.448293" lon="12.93134">
        <ele>1079.4953806606422</ele>
      </trkpt>
      <trkpt lat="46.448173" lon="12.931331">
        <ele>1075.9827227390444</ele>
      </trkpt>
      <trkpt lat="46.448038" lon="12.931398">
        <ele>1072.8308062648246</ele>
      </trkpt>
      <trkpt lat="46.447968" lon="12.931456">
        <ele>1071.4361394700315</ele>
      </trkpt>
      <trkpt lat="46.447833" lon="12.931595">
        <ele>1068.8371528591229</ele>
      </trkpt>
      <trkpt lat="46.447708" lon="12.931738">
        <ele>1067.2075393458877</ele>
      </trkpt>
      <trkpt lat="46.447551" lon="12.931948">
        <ele>1063.8103265604873</ele>
      </trkpt>
      <trkpt lat="46.447453" lon="12.932143">
        <ele>1063.3008149202283</ele>
      </trkpt>
      <trkpt lat="46.447425" lon="12.932188">
        <ele>1063.3757530065793</ele>
      </trkpt>
      <trkpt lat="46.447391" lon="12.932216">
        <ele>1062.705878535371</ele>
      </trkpt>
      <trkpt lat="46.447356" lon="12.932211">
        <ele>1060.8061178937455</ele>
      </trkpt>
      <trkpt lat="46.447325" lon="12.932186">
        <ele>1058.4718263665036</ele>
      </trkpt>
      <trkpt lat="46.447315" lon="12.932145">
        <ele>1056.6842110113378</ele>
      </trkpt>
      <trkpt lat="46.447325" lon="12.932096">
        <ele>1055.660391005427</ele>
      </trkpt>
      <trkpt lat="46.447346" lon="12.932055">
        <ele>1055.557258250382</ele>
      </trkpt>
      <trkpt lat="46.447513" lon="12.931828">
        <ele>1058.2841425511579</ele>
      </trkpt>
      <trkpt lat="46.447528" lon="12.931788">
        <ele>1058.0377011816747</ele>
      </trkpt>
      <trkpt lat="46.447521" lon="12.931758">
        <ele>1056.7989854426894</ele>
      </trkpt>
      <trkpt lat="46.447501" lon="12.93174">
        <ele>1055.168955634074</ele>
      </trkpt>
      <trkpt lat="46.447471" lon="12.931735">
        <ele>1053.4341674895013</ele>
      </trkpt>
      <trkpt lat="46.447436" lon="12.931746">
        <ele>1051.887282510945</ele>
      </trkpt>
      <trkpt lat="46.447375" lon="12.931841">
        <ele>1051.2495819798612</ele>
      </trkpt>
      <trkpt lat="46.447298" lon="12.931996">
        <ele>1051.852900376714</ele>
      </trkpt>
      <trkpt lat="46.44719" lon="12.932143">
        <ele>1050.7518222787855</ele>
      </trkpt>
      <trkpt lat="46.446908" lon="12.932391">
        <ele>1043.1870238504991</ele>
      </trkpt>
      <trkpt lat="46.446779" lon="12.932593">
        <ele>1042.6058229192183</ele>
      </trkpt>
      <trkpt lat="46.4465" lon="12.932877">
        <ele>1035.697026733849</ele>
      </trkpt>
      <trkpt lat="46.446346" lon="12.933016">
        <ele>1029.6024475049005</ele>
      </trkpt>
      <trkpt lat="46.446276" lon="12.933165">
        <ele>1026.9838851330492</ele>
      </trkpt>
      <trkpt lat="46.446248" lon="12.933245">
        <ele>1025.3028689423215</ele>
      </trkpt>
      <trkpt lat="46.446206" lon="12.933533">
        <ele>1021.1579093080558</ele>
      </trkpt>
      <trkpt lat="46.446206" lon="12.933674">
        <ele>1021.0114292449088</ele>
      </trkpt>
      <trkpt lat="46.446177" lon="12.934019">
        <ele>1023.3202097801912</ele>
      </trkpt>
      <trkpt lat="46.446152" lon="12.934059">
        <ele>1023.2550019102553</ele>
      </trkpt>
      <trkpt lat="46.446119" lon="12.934074">
        <ele>1022.4103228592707</ele>
      </trkpt>
      <trkpt lat="46.446049" lon="12.934063">
        <ele>1019.8036702799184</ele>
      </trkpt>
      <trkpt lat="46.445981" lon="12.934078">
        <ele>1017.0992824659384</ele>
      </trkpt>
      <trkpt lat="46.445944" lon="12.934102">
        <ele>1015.5190048492918</ele>
      </trkpt>
      <trkpt lat="46.445908" lon="12.934151">
        <ele>1014.1069723960761</ele>
      </trkpt>
      <trkpt lat="46.445885" lon="12.934206">
        <ele>1013.3956135307553</ele>
      </trkpt>
      <trkpt lat="46.445872" lon="12.934319">
        <ele>1014.2485984345263</ele>
      </trkpt>
      <trkpt lat="46.445861" lon="12.934432">
        <ele>1016.7790513721955</ele>
      </trkpt>
      <trkpt lat="46.445872" lon="12.934503">
        <ele>1019.0135524539612</ele>
      </trkpt>
      <trkpt lat="46.445843" lon="12.934544">
        <ele>1020.6882031760049</ele>
      </trkpt>
      <trkpt lat="46.4458" lon="12.934567">
        <ele>1021.7133666198447</ele>
      </trkpt>
      <trkpt lat="46.445692" lon="12.934568">
        <ele>1022.3966152463211</ele>
      </trkpt>
      <trkpt lat="46.445486" lon="12.93447">
        <ele>1019.0343084861954</ele>
      </trkpt>
      <trkpt lat="46.445353" lon="12.934424">
        <ele>1018.755754965447</ele>
      </trkpt>
      <trkpt lat="46.445185" lon="12.934306">
        <ele>1014.6231369625115</ele>
      </trkpt>
      <trkpt lat="46.44511" lon="12.934268">
        <ele>1012.1069237919291</ele>
      </trkpt>
      <trkpt lat="46.445081" lon="12.934265">
        <ele>1011.5858467357783</ele>
      </trkpt>
      <trkpt lat="46.445049" lon="12.934272">
        <ele>1010.7962791119583</ele>
      </trkpt>
      <trkpt lat="46.445011" lon="12.93431">
        <ele>1010.1160084370049</ele>
      </trkpt>
      <trkpt lat="46.444975" lon="12.934367">
        <ele>1009.3101207439526</ele>
      </trkpt>
      <trkpt lat="46.444922" lon="12.934491">
        <ele>1006.9074905951782</ele>
      </trkpt>
      <trkpt lat="46.444929" lon="12.934358">
        <ele>1006.862294448738</ele>
      </trkpt>
      <trkpt lat="46.444958" lon="12.934218">
        <ele>1006.9697831602809</ele>
      </trkpt>
      <trkpt lat="46.445036" lon="12.934095">
        <ele>1006.4684393648847</ele>
      </trkpt>
      <trkpt lat="46.444954" lon="12.934105">
        <ele>1005.2981613424176</ele>
      </trkpt>
      <trkpt lat="46.44475" lon="12.934276">
        <ele>995.3884526581473</ele>
      </trkpt>
      <trkpt lat="46.444808" lon="12.933707">
        <ele>993.2574352504679</ele>
      </trkpt>
      <trkpt lat="46.444511" lon="12.933734">
        <ele>978.8400140705644</ele>
      </trkpt>
      <trkpt lat="46.444559" lon="12.933385">
        <ele>976.3204846116894</ele>
      </trkpt>
      <trkpt lat="46.444332" lon="12.933442">
        <ele>966.2711056834994</ele>
      </trkpt>
      <trkpt lat="46.444105" lon="12.933499">
        <ele>946.7266932166063</ele>
      </trkpt>
      <trkpt lat="46.444145" lon="12.933172">
        <ele>953.3694375602995</ele>
      </trkpt>
      <trkpt lat="46.444189" lon="12.933001">
        <ele>953.0996112437465</ele>
      </trkpt>
      <trkpt lat="46.444223" lon="12.932872">
        <ele>950.9220607962138</ele>
      </trkpt>
      <trkpt lat="46.444301" lon="12.932572">
        <ele>940.377639409717</ele>
      </trkpt>
      <trkpt lat="46.444156" lon="12.932657">
        <ele>939.1947939814831</ele>
      </trkpt>
      <trkpt lat="46.443984" lon="12.932706">
        <ele>930.3458006094226</ele>
      </trkpt>
      <trkpt lat="46.444061" lon="12.932053">
        <ele>910.7477190943865</ele>
      </trkpt>
      <trkpt lat="46.443816" lon="12.932164">
        <ele>898.728431498002</ele>
      </trkpt>
      <trkpt lat="46.443827" lon="12.931816">
        <ele>888.8880422159648</ele>
      </trkpt>
      <trkpt lat="46.444097" lon="12.931264">
        <ele>882.1337585738615</ele>
      </trkpt>
      <trkpt lat="46.444138" lon="12.931053">
        <ele>877.3144446451777</ele>
      </trkpt>
      <trkpt lat="46.444121" lon="12.930942">
        <ele>874.5259224966143</ele>
      </trkpt>
      <trkpt lat="46.444038" lon="12.930753">
        <ele>873.1192317247311</ele>
      </trkpt>
      <trkpt lat="46.443846" lon="12.930731">
        <ele>874.1339833696925</ele>
      </trkpt>
      <trkpt lat="46.44367" lon="12.930628">
        <ele>877.930983622051</ele>
      </trkpt>
      <trkpt lat="46.443613" lon="12.930522">
        <ele>881.3819101581153</ele>
      </trkpt>
      <trkpt lat="46.443447" lon="12.930539">
        <ele>884.1129619554874</ele>
      </trkpt>
      <trkpt lat="46.443264" lon="12.930675">
        <ele>885.956717754193</ele>
      </trkpt>
      <trkpt lat="46.44308" lon="12.930812">
        <ele>890.3578715049834</ele>
      </trkpt>
      <trkpt lat="46.443029" lon="12.931099">
        <ele>886.9124718894325</ele>
      </trkpt>
      <trkpt lat="46.442854" lon="12.931317">
        <ele>891.3357878313981</ele>
      </trkpt>
      <trkpt lat="46.442667" lon="12.931552">
        <ele>898.8658989130273</ele>
      </trkpt>
      <trkpt lat="46.442411" lon="12.93182">
        <ele>906.1769463522073</ele>
      </trkpt>
      <trkpt lat="46.442128" lon="12.931954">
        <ele>909.1818492097932</ele>
      </trkpt>
      <trkpt lat="46.441916" lon="12.931879">
        <ele>920.3485263840857</ele>
      </trkpt>
      <trkpt lat="46.441842" lon="12.931978">
        <ele>925.2082284088041</ele>
      </trkpt>
      <trkpt lat="46.441781" lon="12.932394">
        <ele>924.6480835413067</ele>
      </trkpt>
      <trkpt lat="46.441475" lon="12.932737">
        <ele>935.8746737913903</ele>
      </trkpt>
      <trkpt lat="46.441343" lon="12.933163">
        <ele>934.158019786825</ele>
      </trkpt>
      <trkpt lat="46.440837" lon="12.933427">
        <ele>943.6478519964539</ele>
      </trkpt>
      <trkpt lat="46.440664" lon="12.933715">
        <ele>948.85234193677</ele>
      </trkpt>
      <trkpt lat="46.440652" lon="12.934238">
        <ele>949.4951525517688</ele>
      </trkpt>
      <trkpt lat="46.440517" lon="12.934748">
        <ele>949.4003804419932</ele>
      </trkpt>
      <trkpt lat="46.440345" lon="12.93483">
        <ele>950.7877319678836</ele>
      </trkpt>
      <trkpt lat="46.440046" lon="12.934552">
        <ele>954.3300881352742</ele>
      </trkpt>
      <trkpt lat="46.439818" lon="12.934433">
        <ele>954.116505640473</ele>
      </trkpt>
      <trkpt lat="46.43936" lon="12.934195">
        <ele>956.2312857504976</ele>
      </trkpt>
      <trkpt lat="46.439131" lon="12.934076">
        <ele>959.233677243644</ele>
      </trkpt>
      <trkpt lat="46.438879" lon="12.933925">
        <ele>962.8221683182583</ele>
      </trkpt>
      <trkpt lat="46.438626" lon="12.933775">
        <ele>965.1498717411309</ele>
      </trkpt>
      <trkpt lat="46.438091" lon="12.933769">
        <ele>963.8518107109602</ele>
      </trkpt>
      <trkpt lat="46.437825" lon="12.933854">
        <ele>963.3162126428942</ele>
      </trkpt>
      <trkpt lat="46.437425" lon="12.933982">
        <ele>963.4382222899326</ele>
      </trkpt>
      <trkpt lat="46.436899" lon="12.934541">
        <ele>963.4937731108661</ele>
      </trkpt>
      <trkpt lat="46.436712" lon="12.9347">
        <ele>963.7832625388479</ele>
      </trkpt>
      <trkpt lat="46.436665" lon="12.935565">
        <ele>961.4976107471302</ele>
      </trkpt>
      <trkpt lat="46.436526" lon="12.936256">
        <ele>965.9293360275598</ele>
      </trkpt>
      <trkpt lat="46.43639" lon="12.936624">
        <ele>965.6502925748414</ele>
      </trkpt>
      <trkpt lat="46.436271" lon="12.936917">
        <ele>964.24574880008</ele>
      </trkpt>
      <trkpt lat="46.436226" lon="12.937254">
        <ele>961.9292490700889</ele>
      </trkpt>
      <trkpt lat="46.436261" lon="12.937499">
        <ele>960.2339515849637</ele>
      </trkpt>
      <trkpt lat="46.436212" lon="12.937805">
        <ele>958.4339948826664</ele>
      </trkpt>
      <trkpt lat="46.436199" lon="12.938336">
        <ele>957.34568096891</ele>
      </trkpt>
      <trkpt lat="46.436114" lon="12.938619">
        <ele>956.067895610786</ele>
      </trkpt>
      <trkpt lat="46.436065" lon="12.938853">
        <ele>955.3330079133755</ele>
      </trkpt>
      <trkpt lat="46.435751" lon="12.939665">
        <ele>950.4885764787894</ele>
      </trkpt>
      <trkpt lat="46.435643" lon="12.940442">
        <ele>951.0941154200473</ele>
      </trkpt>
      <trkpt lat="46.435443" lon="12.940898">
        <ele>952.8893383262014</ele>
      </trkpt>
      <trkpt lat="46.435315" lon="12.940974">
        <ele>951.0514741619661</ele>
      </trkpt>
      <trkpt lat="46.435168" lon="12.941095">
        <ele>948.5999312475099</ele>
      </trkpt>
      <trkpt lat="46.434883" lon="12.941602">
        <ele>940.6625558706522</ele>
      </trkpt>
      <trkpt lat="46.434754" lon="12.941913">
        <ele>934.9926736071424</ele>
      </trkpt>
      <trkpt lat="46.43465" lon="12.942076">
        <ele>931.1309224568536</ele>
      </trkpt>
      <trkpt lat="46.434596" lon="12.942243">
        <ele>929.4080056233543</ele>
      </trkpt>
      <trkpt lat="46.434492" lon="12.942414">
        <ele>926.6109146981945</ele>
      </trkpt>
      <trkpt lat="46.434274" lon="12.942673">
        <ele>924.9181870195133</ele>
      </trkpt>
      <trkpt lat="46.434177" lon="12.942722">
        <ele>923.1048832813999</ele>
      </trkpt>
      <trkpt lat="46.434099" lon="12.942747">
        <ele>921.087753022942</ele>
      </trkpt>
      <trkpt lat="46.434035" lon="12.942767">
        <ele>919.580878420067</ele>
      </trkpt>
      <trkpt lat="46.433906" lon="12.942773">
        <ele>916.5045260039519</ele>
      </trkpt>
      <trkpt lat="46.433825" lon="12.942757">
        <ele>914.6108523948358</ele>
      </trkpt>
      <trkpt lat="46.433812" lon="12.942619">
        <ele>913.6362710385259</ele>
      </trkpt>
      <trkpt lat="46.433867" lon="12.942346">
        <ele>912.9101079824475</ele>
      </trkpt>
      <trkpt lat="46.433858" lon="12.942255">
        <ele>911.9534139970799</ele>
      </trkpt>
      <trkpt lat="46.433803" lon="12.942171">
        <ele>910.0578069763106</ele>
      </trkpt>
      <trkpt lat="46.433717" lon="12.942139">
        <ele>907.9260575129947</ele>
      </trkpt>
      <trkpt lat="46.433666" lon="12.942155">
        <ele>906.996303968571</ele>
      </trkpt>
      <trkpt lat="46.433469" lon="12.942302">
        <ele>903.6203432550433</ele>
      </trkpt>
      <trkpt lat="46.433304" lon="12.94236">
        <ele>899.3327787726973</ele>
      </trkpt>
      <trkpt lat="46.43298" lon="12.942068">
        <ele>893.0933054399806</ele>
      </trkpt>
      <trkpt lat="46.432484" lon="12.941802">
        <ele>890.3253722079417</ele>
      </trkpt>
      <trkpt lat="46.432236" lon="12.94167">
        <ele>887.5165114806478</ele>
      </trkpt>
      <trkpt lat="46.43202" lon="12.941629">
        <ele>885.224990537412</ele>
      </trkpt>
      <trkpt lat="46.431803" lon="12.941588">
        <ele>881.208446271531</ele>
      </trkpt>
      <trkpt lat="46.431457" lon="12.941507">
        <ele>873.7750640386</ele>
      </trkpt>
      <trkpt lat="46.431433" lon="12.941489">
        <ele>872.7047173934377</ele>
      </trkpt>
      <trkpt lat="46.431366" lon="12.941438">
        <ele>869.670302103644</ele>
      </trkpt>
      <trkpt lat="46.431419" lon="12.941123">
        <ele>859.5014050493802</ele>
      </trkpt>
      <trkpt lat="46.43137" lon="12.94093">
        <ele>851.741858185534</ele>
      </trkpt>
      <trkpt lat="46.430924" lon="12.94083">
        <ele>848.3603189484497</ele>
      </trkpt>
      <trkpt lat="46.430754" lon="12.940815">
        <ele>847.657525662572</ele>
      </trkpt>
      <trkpt lat="46.430629" lon="12.940817">
        <ele>847.1172921066802</ele>
      </trkpt>
      <trkpt lat="46.430443" lon="12.940748">
        <ele>843.167702664076</ele>
      </trkpt>
      <trkpt lat="46.430381" lon="12.940683">
        <ele>840.9065365895351</ele>
      </trkpt>
      <trkpt lat="46.430306" lon="12.940628">
        <ele>839.6233072861203</ele>
      </trkpt>
      <trkpt lat="46.430248" lon="12.94057">
        <ele>838.78104043247</ele>
      </trkpt>
      <trkpt lat="46.430197" lon="12.940519">
        <ele>838.1733457597137</ele>
      </trkpt>
      <trkpt lat="46.430106" lon="12.940358">
        <ele>838.4898054745133</ele>
      </trkpt>
      <trkpt lat="46.429866" lon="12.940359">
        <ele>836.3995235742212</ele>
      </trkpt>
      <trkpt lat="46.429685" lon="12.940323">
        <ele>835.0717222945752</ele>
      </trkpt>
      <trkpt lat="46.429454" lon="12.940197">
        <ele>833.5540546160129</ele>
      </trkpt>
      <trkpt lat="46.429381" lon="12.940137">
        <ele>831.9960958376043</ele>
      </trkpt>
      <trkpt lat="46.429353" lon="12.940096">
        <ele>831.623954886225</ele>
      </trkpt>
      <trkpt lat="46.4289" lon="12.939003">
        <ele>825.4104141415737</ele>
      </trkpt>
      <trkpt lat="46.428827" lon="12.938786">
        <ele>823.5810199832575</ele>
      </trkpt>
      <trkpt lat="46.428646" lon="12.938215">
        <ele>818.4406275620797</ele>
      </trkpt>
      <trkpt lat="46.428625" lon="12.938124">
        <ele>817.8714045603134</ele>
      </trkpt>
      <trkpt lat="46.428575" lon="12.937701">
        <ele>814.7752188507135</ele>
      </trkpt>
      <trkpt lat="46.428537" lon="12.937721">
        <ele>814.7137821558762</ele>
      </trkpt>
      <trkpt lat="46.428463" lon="12.937734">
        <ele>814.1845782767184</ele>
      </trkpt>
      <trkpt lat="46.428412" lon="12.937729">
        <ele>813.6215242470864</ele>
      </trkpt>
      <trkpt lat="46.428223" lon="12.937676">
        <ele>811.0455317544893</ele>
      </trkpt>
      <trkpt lat="46.428147" lon="12.937665">
        <ele>810.1620019082663</ele>
      </trkpt>
      <trkpt lat="46.428044" lon="12.937675">
        <ele>809.2749271163284</ele>
      </trkpt>
      <trkpt lat="46.428003" lon="12.937689">
        <ele>808.9072615963411</ele>
      </trkpt>
      <trkpt lat="46.42794" lon="12.937648">
        <ele>807.8477168530437</ele>
      </trkpt>
      <trkpt lat="46.427884" lon="12.937593">
        <ele>806.6522708816276</ele>
      </trkpt>
      <trkpt lat="46.427776" lon="12.93742">
        <ele>803.8792889769596</ele>
      </trkpt>
      <trkpt lat="46.42771" lon="12.937227">
        <ele>801.4176939854806</ele>
      </trkpt>
      <trkpt lat="46.427687" lon="12.937134">
        <ele>800.2571094383893</ele>
      </trkpt>
      <trkpt lat="46.427574" lon="12.936804">
        <ele>794.1947315697239</ele>
      </trkpt>
      <trkpt lat="46.427461" lon="12.936609">
        <ele>788.8941156509474</ele>
      </trkpt>
      <trkpt lat="46.427362" lon="12.936484">
        <ele>784.978297290852</ele>
      </trkpt>
      <trkpt lat="46.427238" lon="12.936355">
        <ele>781.5196839917793</ele>
      </trkpt>
      <trkpt lat="46.427099" lon="12.936256">
        <ele>778.8201193884216</ele>
      </trkpt>
      <trkpt lat="46.426834" lon="12.936089">
        <ele>774.4261721981065</ele>
      </trkpt>
      <trkpt lat="46.426616" lon="12.935983">
        <ele>770.9155389086837</ele>
      </trkpt>
      <trkpt lat="46.426456" lon="12.935935">
        <ele>767.7571305610309</ele>
      </trkpt>
      <trkpt lat="46.426396" lon="12.93585">
        <ele>765.6234356476857</ele>
      </trkpt>
      <trkpt lat="46.426418" lon="12.935787">
        <ele>765.1313080429151</ele>
      </trkpt>
      <trkpt lat="46.426288" lon="12.9357">
        <ele>761.6481689498391</ele>
      </trkpt>
      <trkpt lat="46.42561" lon="12.935981">
        <ele>751.3248986643522</ele>
      </trkpt>
      <trkpt lat="46.425397" lon="12.936205">
        <ele>745.7757211305404</ele>
      </trkpt>
      <trkpt lat="46.425206" lon="12.936186">
        <ele>740.5018463236203</ele>
      </trkpt>
      <trkpt lat="46.425125" lon="12.936256">
        <ele>738.6139637359331</ele>
      </trkpt>
      <trkpt lat="46.425043" lon="12.936405">
        <ele>736.401466386084</ele>
      </trkpt>
      <trkpt lat="46.424981" lon="12.936591">
        <ele>737.6860328579417</ele>
      </trkpt>
      <trkpt lat="46.424798" lon="12.936724">
        <ele>738.1527782850478</ele>
      </trkpt>
      <trkpt lat="46.42464" lon="12.936781">
        <ele>738.0424762671082</ele>
      </trkpt>
      <trkpt lat="46.42422" lon="12.937108">
        <ele>740.9032830371187</ele>
      </trkpt>
      <trkpt lat="46.423939" lon="12.937029">
        <ele>738.0063458269005</ele>
      </trkpt>
      <trkpt lat="46.423811" lon="12.936993">
        <ele>736.8334380460689</ele>
      </trkpt>
      <trkpt lat="46.423639" lon="12.93685">
        <ele>733.9999743407627</ele>
      </trkpt>
      <trkpt lat="46.423394" lon="12.93677">
        <ele>730.550246790021</ele>
      </trkpt>
      <trkpt lat="46.423073" lon="12.936599">
        <ele>725.5535516858771</ele>
      </trkpt>
      <trkpt lat="46.422844" lon="12.936692">
        <ele>727.8376530680719</ele>
      </trkpt>
      <trkpt lat="46.422684" lon="12.936603">
        <ele>726.3939080902221</ele>
      </trkpt>
      <trkpt lat="46.422302" lon="12.936027">
        <ele>721.4090706345665</ele>
      </trkpt>
      <trkpt lat="46.422081" lon="12.935927">
        <ele>720.7535802059691</ele>
      </trkpt>
      <trkpt lat="46.421786" lon="12.935854">
        <ele>718.9529373000555</ele>
      </trkpt>
      <trkpt lat="46.421832" lon="12.935794">
        <ele>717.9103101964316</ele>
      </trkpt>
      <trkpt lat="46.421857" lon="12.935715">
        <ele>716.1601553568124</ele>
      </trkpt>
      <trkpt lat="46.421851" lon="12.935591">
        <ele>715.5089805217791</ele>
      </trkpt>
      <trkpt lat="46.421797" lon="12.935318">
        <ele>716.0888997922671</ele>
      </trkpt>
      <trkpt lat="46.421766" lon="12.935267">
        <ele>716.1423069092887</ele>
      </trkpt>
      <trkpt lat="46.42171" lon="12.935205">
        <ele>715.3260823389954</ele>
      </trkpt>
      <trkpt lat="46.421694" lon="12.935162">
        <ele>715.1823625195752</ele>
      </trkpt>
      <trkpt lat="46.421694" lon="12.935084">
        <ele>715.6853520031602</ele>
      </trkpt>
      <trkpt lat="46.421709" lon="12.935004">
        <ele>716.6216117905421</ele>
      </trkpt>
      <trkpt lat="46.421784" lon="12.934795">
        <ele>719.027090225788</ele>
      </trkpt>
      <trkpt lat="46.421808" lon="12.934706">
        <ele>719.5785682707796</ele>
      </trkpt>
      <trkpt lat="46.42188" lon="12.934348">
        <ele>720.5201216635099</ele>
      </trkpt>
      <trkpt lat="46.421988" lon="12.933912">
        <ele>722.2980792456973</ele>
      </trkpt>
      <trkpt lat="46.422117" lon="12.933537">
        <ele>721.7639549749803</ele>
      </trkpt>
      <trkpt lat="46.42219" lon="12.933313">
        <ele>721.1699807195255</ele>
      </trkpt>
      <trkpt lat="46.422343" lon="12.932845">
        <ele>719.5756409428834</ele>
      </trkpt>
      <trkpt lat="46.422478" lon="12.932581">
        <ele>719.2149725872366</ele>
      </trkpt>
      <trkpt lat="46.422531" lon="12.932448">
        <ele>719.0635371736126</ele>
      </trkpt>
      <trkpt lat="46.42269" lon="12.931716">
        <ele>718.8828460344466</ele>
      </trkpt>
    </trkseg>
  </trk>
</gpx>
